relative_path,filename,class_name,class_index,original_split,is_pre_generated_augmented,file_size_bytes,raw_sha256,corrupted,error,width,height,aspect_ratio,decoded_format,original_mode,pixel_sha256,phash256,has_exif,exif_tags,mean_intensity,std_intensity,border_mean,center_mean,border_to_center_ratio,dark_border_fraction,bright_border_fraction,status,exclusion_reason,duplicate_of,final_split,duplicate_component
data/Testing/glioma/Te-gl_160.jpg,Te-gl_160.jpg,glioma,0,Testing,False,50747,1b2c885fd4d1c4df023f0cfde39fdf707f1e81e8d59fe716080223e0a4f5b834,False,,557,641,0.8689547581903276,JPEG,RGB,485d9743af45df28b52a36c9f9344057ff77f8ce8684857939d85b5eac6cf060,40ed64cc3b926f123c0bb0ed70fd4e9033cac38fcd259c3e62618b797d269c62,False,,0.19810768961906433,0.19925916194915771,0.058936890214681625,0.3320293426513672,0.17750506103038788,0.0010416666666666667,0.0,excluded,perceptual_duplicate_group_with_label_conflict,,excluded,dup_01539
data/Testing/glioma/Te-gl_178.jpg,Te-gl_178.jpg,glioma,0,Testing,False,37700,36d2f03fd5b0ffd8a3ac1d2fe9f2c3cf4967f82751629676198f774e0ee21a9c,False,,620,415,1.4939759036144578,JPEG,RGB,e6c736923b7e90a0e430594f0eaedd6f797e0aa0e81c3a2061440520c434c45f,1a1a31c76d694cd96ce6998498d969a6679accc96dcd92c631996738e1966699,False,,0.20025083422660828,0.2751440107822418,0.07191278040409088,0.4552150368690491,0.15797540545463562,0.8494791666666667,0.00390625,excluded,redundant_exact_decoded_rgb_duplicate,data/Testing/glioma/Te-gl_170.jpg,excluded,dup_04999
data/Testing/glioma/Te-gl_225.jpg,Te-gl_225.jpg,glioma,0,Testing,False,16385,6864a3e2f7406bdef32f33aecfeeb19b0a5fe0ac92a6f7b09be01c2ddc255278,False,,512,512,1.0,JPEG,RGB,fc4647597b2e9849c104cddbddba722b6ee16ec8210219a6dc4669e61a83bc5f,4e906c6e392b939164e4ce1b33c61969c61d6da49c79649219e3cccf6d863679,False,,0.07928204536437988,0.12178955227136612,0.001072303974069655,0.21895776689052582,0.0048973094671964645,1.0,0.0,excluded,redundant_exact_decoded_rgb_duplicate,data/Testing/glioma/Te-gl_216.jpg,excluded,dup_05049
data/Testing/glioma/Te-gl_228.jpg,Te-gl_228.jpg,glioma,0,Testing,False,28239,177abe5e79819aaca240e172e350d26a7b6e4d12c1c4c9f5a16c6cbb2e2a650d,False,,310,380,0.8157894736842105,JPEG,RGB,1f8a4e2eda3f917d1a1cd1bbf501a047ed0c43664e557f49b6875945d1c2aa99,0665876d052e3f1c1affb4038b55b07f394a99ff292b8fe02c6d992034bc0f83,False,,0.36140352487564087,0.2513187527656555,0.2345210611820221,0.4858025312423706,0.4827497601509094,0.05911458333333333,0.06354166666666666,excluded,redundant_exact_decoded_rgb_duplicate,data/Testing/glioma/Te-gl_171.jpg,excluded,dup_05000
data/Testing/glioma/Te-gl_238.jpg,Te-gl_238.jpg,glioma,0,Testing,False,52874,75a94d8802948910edc24b520257853ad379e8be91af1393bd6b5092b23e05b1,False,,510,602,0.8471760797342193,JPEG,RGB,bb2fb0461438c218399d425e3f0f7b3a805525dac8e48292548b5c04fff0d414,1105d10b4bef92fd0e782f582c4065686c7ab3a113371b1739379e1679a76d36,False,,0.27574628591537476,0.21591323614120483,0.09914420545101166,0.33128640055656433,0.299270361661911,0.615625,0.002864583333333333,excluded,redundant_exact_decoded_rgb_duplicate,data/Testing/glioma/Te-gl_140.jpg,excluded,dup_04968
data/Testing/glioma/Te-gl_259.jpg,Te-gl_259.jpg,glioma,0,Testing,False,13125,9c20281ccdd53888d2ebcecc9c71521ed2431500eb4448e1b63465c050a0e59f,False,,256,256,1.0,JPEG,RGB,3e97b7df773e1be7506700a66667e2bad93e97fbdbcb8efeb0f6ea6e0f58808c,136a1b186e8164e6685f99b9397ac3d66de9861274e1ce4b6587c92d33969c34,False,,0.14806243777275085,0.15630821883678436,0.027216097339987755,0.2664349675178528,0.1021491214632988,0.9330729166666667,0.0,excluded,redundant_exact_decoded_rgb_duplicate,data/Testing/glioma/Te-gl_204.jpg,excluded,dup_05036
data/Testing/glioma/Te-gl_272.jpg,Te-gl_272.jpg,glioma,0,Testing,False,47089,c711a606ec66e74a2bbe5721727a3deeb2fd9e4b20aa50c99afd65d7dea42541,False,,524,581,0.9018932874354562,JPEG,RGB,6e2bd7f28abfad33b6114c6169fca0c83254251b02232c246c1c04aba3ab5c36,54400abd11fa55b22bfdc6aa0ed57f4076071852292ff51b3cba287b64a96cf1,False,,0.2551535367965698,0.18370682001113892,0.14034315943717957,0.3001962900161743,0.4675046503543854,0.5921875,0.0,excluded,redundant_exact_decoded_rgb_duplicate,data/Testing/glioma/Te-gl_212.jpg,excluded,dup_05045
data/Testing/glioma/Te-gl_278.jpg,Te-gl_278.jpg,glioma,0,Testing,False,36100,c3e0dfa4276ce9ec6db117fa83397c51ba751c0031b7ee044b682e34b5a82100,False,,442,426,1.0375586854460095,JPEG,RGB,0b5de6b626ac5ecf8f0bdc89048c7347c5f1e794a57e62683cf9024fb8aeea0e,1540c51e5abf0ce16b503e4e6d2370f96cb68fe564e175b267033394c4ddc613,False,,0.19018052518367767,0.22906865179538727,0.018628472462296486,0.27238914370536804,0.06838918477296829,0.9440104166666666,0.0013020833333333333,excluded,redundant_exact_decoded_rgb_duplicate,data/Testing/glioma/Te-gl_166.jpg,excluded,dup_04995
data/Testing/glioma/Te-gl_29.jpg,Te-gl_29.jpg,glioma,0,Testing,False,38977,c2bd43b2b8cdb63dc5b6d86fa972dbc4d8395278a5e7fac7f1c972f01921a206,False,,512,512,1.0,JPEG,RGB,1761a03fdd33175ca63c261565f4dacb00455026b2038e02dd0d47c95db5f586,14a96b2c3a567bc7653e594b25e167ace387b494861e9a589879c8631bc8c9c7,False,,0.20179970562458038,0.18304216861724854,0.05850183963775635,0.3476552963256836,0.16827541589736938,0.5283854166666667,0.0,excluded,redundant_exact_decoded_rgb_duplicate,data/Testing/glioma/Te-gl_270.jpg,excluded,dup_05104
data/Testing/glioma/Te-gl_303.jpg,Te-gl_303.jpg,glioma,0,Testing,False,14885,917cadd5aad4a8288a4f759d4f4a261e66c3187dbace1293b76aa8434b691b37,False,,200,249,0.8032128514056225,JPEG,RGB,53c0c4b07fbb50ad1873afbb75227d37a263a68a312813e4343f109f71162fd4,502748e36fd8b30c3d9d99193c4b66f630a460e931639b35b13ae0d76d1e999a,False,,0.34689822793006897,0.28032490611076355,0.07873673737049103,0.5975787043571472,0.1317596137523651,0.7177083333333333,0.0,excluded,redundant_exact_decoded_rgb_duplicate,data/Testing/glioma/Te-gl_129.jpg,excluded,dup_04955
data/Testing/glioma/Te-gl_338.jpg,Te-gl_338.jpg,glioma,0,Testing,False,47089,c711a606ec66e74a2bbe5721727a3deeb2fd9e4b20aa50c99afd65d7dea42541,False,,524,581,0.9018932874354562,JPEG,RGB,6e2bd7f28abfad33b6114c6169fca0c83254251b02232c246c1c04aba3ab5c36,54400abd11fa55b22bfdc6aa0ed57f4076071852292ff51b3cba287b64a96cf1,False,,0.2551535367965698,0.18370682001113892,0.14034315943717957,0.3001962900161743,0.4675046503543854,0.5921875,0.0,excluded,redundant_exact_decoded_rgb_duplicate,data/Testing/glioma/Te-gl_212.jpg,excluded,dup_05045
data/Testing/glioma/Te-gl_359.jpg,Te-gl_359.jpg,glioma,0,Testing,False,22382,d9f4b45dbd6b4583a3a2a7f3e080221f0e80be285de21fe7e37bd32b5f5d220e,False,,512,512,1.0,JPEG,RGB,4c17e68323bb98f8e3dc314826f73749444e1210c50490e3904d3783b133e69d,06a5695a390f24216cdcb1e573d3c68fcb4e9919ce2ccc742c9026e378cb33cf,False,,0.13827528059482574,0.17307148873806,0.0307710412889719,0.2755782902240753,0.11165989190340042,0.8682291666666667,0.0,excluded,redundant_exact_decoded_rgb_duplicate,data/Testing/glioma/Te-gl_162.jpg,excluded,dup_04991
data/Testing/glioma/Te-gl_36.jpg,Te-gl_36.jpg,glioma,0,Testing,False,25760,192cb19f45e0c2f320174ae32077f828514d07d101a3042b1064776e6bc28cd6,False,,512,512,1.0,JPEG,RGB,351f97c9974186d111117fa00b6d7fb8f7b55a8b45bc6016126a68dd60aa6df3,16f0d3a5391f6c5b61e9c5b466944962c61eb297986b635a69d4a669258ec966,False,,0.10947003215551376,0.15117940306663513,0.0024336196947842836,0.26728326082229614,0.009105021134018898,1.0,0.0,excluded,redundant_exact_decoded_rgb_duplicate,data/Testing/glioma/Te-gl_177.jpg,excluded,dup_05006
data/Testing/glioma/Te-gl_364.jpg,Te-gl_364.jpg,glioma,0,Testing,False,33913,8872585c004347ea73fad063e407998e62786cc8d7a0938ad85792f19a55eb0a,False,,512,512,1.0,JPEG,RGB,2af2685978b4e53eccf5839e513711d80b3348b0931e212d7cc413cf910c0183,06a5495e3e1a272139186c6ff0f835b567e036da31c3e31a670f9e1a6a6cd32c,False,,0.1431669443845749,0.15097790956497192,0.01937704160809517,0.2771580219268799,0.0699133351445198,0.87109375,0.0,excluded,redundant_exact_decoded_rgb_duplicate,data/Testing/glioma/Te-gl_299.jpg,excluded,dup_00693
data/Testing/glioma/Te-gl_389.jpg,Te-gl_389.jpg,glioma,0,Testing,False,17778,04aa41d8514362877d7f8fd81e543bc8584e4a6ba1ac025c2f37515f32abd9b0,False,,249,238,1.046218487394958,JPEG,RGB,425ece7276d86e0212b70e8b067cae42c95f7595a00865de80eb8034590bdd7b,00401fdd157f7ea05be89a159a62985f5968d85e99e9986859e1e9e629a52df4,False,,0.28172439336776733,0.2261812537908554,0.19258782267570496,0.35262811183929443,0.5461499691009521,0.6018229166666667,0.042708333333333334,excluded,redundant_exact_decoded_rgb_duplicate,data/Testing/glioma/Te-gl_32.jpg,excluded,dup_05153
data/Testing/glioma/Te-gl_59.jpg,Te-gl_59.jpg,glioma,0,Testing,False,48294,9240553fcd8fe826ed548984db69d2d0178a14adb7aba345b6e7ba539e15d71f,False,,544,564,0.9645390070921985,JPEG,RGB,3c984232d33e4a965dc6936fd824bc97f51d32741305f62bff224344bc6feea1,150ed33d4afd4bc06b429d2b2d2b87ad2db51c9634f07cd234d230d366c671e1,False,,0.25510039925575256,0.26693105697631836,0.014287173748016357,0.4274720549583435,0.033422473818063736,0.9734375,0.00859375,excluded,redundant_exact_decoded_rgb_duplicate,data/Testing/glioma/Te-gl_144.jpg,excluded,dup_04972
data/Testing/glioma/Te-gl_68.jpg,Te-gl_68.jpg,glioma,0,Testing,False,12469,7731e42be9ba3453360086cd91b77036dd5cacd848cb1c407887159c71222a7b,False,,236,236,1.0,JPEG,RGB,f682d089d087a7a0744eacc63a953f198fad4a113d5584838fd24f54d83232ca,10631a637f86611c6d95e463367ba6c86c848d85797ed399259ac59365b86673,False,,0.2553519606590271,0.2045750468969345,0.058805156499147415,0.45556357502937317,0.12908221781253815,0.7489583333333333,0.0,excluded,perceptual_duplicate_group_with_label_conflict,,excluded,dup_02099
data/Testing/glioma/Te-gl_72.jpg,Te-gl_72.jpg,glioma,0,Testing,False,14413,8854fba4d018533127553c10ffebacf8d730192cb6f07d957ea5d3fb48421eea,False,,236,298,0.7919463087248322,JPEG,RGB,29219df52d5d6b11c07bdcb65cfe0699516b10c9631fe0b37771da749fc4285b,453370b33afc875e6b009f08313bdc27edbd3cd324e168f416c333c2b296c349,False,,0.398805171251297,0.15411376953125,0.24592933058738708,0.5427370667457581,0.4531279504299164,0.0,0.0,excluded,redundant_exact_decoded_rgb_duplicate,data/Testing/glioma/Te-gl_143.jpg,excluded,dup_04971
data/Testing/glioma/Te-gl_76.jpg,Te-gl_76.jpg,glioma,0,Testing,False,71896,a146b63360e81168b723239f8c7395404d81c5cfdddb1a85feb9df8dfb46f535,False,,564,665,0.8481203007518797,JPEG,RGB,d488183060bbb24b11c71538a5d2bd390288043a5dffe3e8382f8edbea88a3c5,1105d10b4bef92fd0e782f582c4065686c7ab3a113371b1739379e1679a76d36,False,,0.2757556438446045,0.2159547060728073,0.09909927845001221,0.33128735423088074,0.29913389682769775,0.6114583333333333,0.002864583333333333,excluded,redundant_high_similarity_perceptual_duplicate,data/Testing/glioma/Te-gl_140.jpg,excluded,dup_04968
data/Testing/glioma/Te-gl_85.jpg,Te-gl_85.jpg,glioma,0,Testing,False,31080,dfe3ba072de070d1d78c367f8facb4680032ff69735adda54f57511090770be2,False,,512,512,1.0,JPEG,RGB,478f7f43fd5d34e9bb5e036b21ea310b08ae94d8fb5b595c202c8fcec1b4feba,05e83e1e7a97616869caa1e1672fe687461c961e3478d25a983999e769659987,False,,0.1270555704832077,0.1441981941461563,0.011526756919920444,0.23650334775447845,0.04873824119567871,0.89453125,0.0,excluded,redundant_exact_decoded_rgb_duplicate,data/Testing/glioma/Te-gl_253.jpg,excluded,dup_05086
data/Training/glioma/Tr-gl_1057.jpg,Tr-gl_1057.jpg,glioma,0,Training,False,26019,dcb8d6cb4496603b7d8757bef29fa39cf1d84a4e5d953b3135d19dbd788b7dff,False,,512,512,1.0,JPEG,RGB,2314bb199100ff44b969547b1c9eef91fee679a04a0aa613091f8ae22bed1952,06a548583f470f03387ea5ad347c38f561f4b782739360e7278f334a7249c71d,False,,0.1324247419834137,0.13491328060626984,0.01888582482933998,0.2449362576007843,0.07710506021976471,0.8536458333333333,0.0,excluded,redundant_exact_decoded_rgb_duplicate,data/Testing/glioma/Te-gl_311.jpg,excluded,dup_00066
data/Training/glioma/Tr-gl_1271.jpg,Tr-gl_1271.jpg,glioma,0,Training,False,25499,598cc0afe5393e23bd2088621622ade0ba7561a309aeb24167bf888dbe41b87e,False,,512,512,1.0,JPEG,RGB,7caf5a6e2821a1575f96000aa4d7cf416e8958092b89f411253b6c7ce6a06ab1,13b4684b2e4a713c68c8a4e5739772c4371fcb1cda589e65cc2379b31c8c9d8e,False,,0.1435149610042572,0.1565171480178833,0.029007356613874435,0.2621802091598511,0.11063899844884872,0.8510416666666667,0.0,excluded,redundant_exact_decoded_rgb_duplicate,data/Testing/glioma/Te-gl_169.jpg,excluded,dup_00304
data/Training/glioma/Tr-gl_361.jpg,Tr-gl_361.jpg,glioma,0,Training,False,25981,90551aa3ecdd39de63e7e0bd299a90ab0f8d542e5b69e57b129cd1742999efa3,False,,512,512,1.0,JPEG,RGB,2af2685978b4e53eccf5839e513711d80b3348b0931e212d7cc413cf910c0183,06a5495e3e1a272139186c6ff0f835b567e036da31c3e31a670f9e1a6a6cd32c,False,,0.1431669443845749,0.15097790956497192,0.01937704160809517,0.2771580219268799,0.0699133351445198,0.87109375,0.0,excluded,redundant_exact_decoded_rgb_duplicate,data/Testing/glioma/Te-gl_299.jpg,excluded,dup_00693
data/Training/glioma/Tr-gl_420.jpg,Tr-gl_420.jpg,glioma,0,Training,False,27448,37914bc658c50ba2ca1ae4f1a57a8ee9421edcd49159dba28d60212abd3a229b,False,,512,512,1.0,JPEG,RGB,ed45e3b02da5940f195284af654bad3374e5ae5c1738855a78e15a4abdf79382,16e5495a3e162da1393a662d38f834e46390b6d339e36398661f9a4e636d931d,False,,0.15559369325637817,0.1591540277004242,0.023637665435671806,0.2828747630119324,0.08356229960918427,0.8630208333333333,0.0,excluded,redundant_exact_decoded_rgb_duplicate,data/Testing/glioma/Te-gl_233.jpg,excluded,dup_00759
data/Testing/meningioma/Te-aug-me_1.jpg,Te-aug-me_1.jpg,meningioma,1,Testing,True,18697,19119b197100eb343eef9eb1899e80a111d35b63e51060c53967a54d3bfacfb8,False,,512,512,1.0,JPEG,RGB,80f8c3e4fe532c45e323f10d4ab230be245a685cfaa8c962a9c8b5f9be8ecd69,15a8949f7a17ca7461696b4b73a56d9da61a64346c7136c3988d32cb98d29b2e,False,,0.134115070104599,0.17705059051513672,4.901961438008584e-05,0.28148937225341797,0.00017414374451618642,1.0,0.0,excluded,pre_generated_augmentation_unknown_provenance,,excluded,
data/Testing/meningioma/Te-aug-me_10.jpg,Te-aug-me_10.jpg,meningioma,1,Testing,True,27636,32731608a68560799cfe317e31dd84f6392c2f74df4748d8b680a535b348645d,False,,512,512,1.0,JPEG,RGB,c00791553dd4daff975b17b096866a2c436ea83ba82c715b441d92b6b77c3f90,113b63371ec429d8784e27223b37319d3c7a36e5c8e9cc9e3a62361a1da5c636,False,,0.1869329810142517,0.16145609319210052,0.06720997393131256,0.2636488974094391,0.2549222707748413,0.7674479166666667,0.0,excluded,pre_generated_augmentation_unknown_provenance,,excluded,
data/Testing/meningioma/Te-aug-me_100.jpg,Te-aug-me_100.jpg,meningioma,1,Testing,True,24646,37530c613f63863babf9b3a728adc4f9c30e20bafaa4f2434a87de241923d892,False,,512,512,1.0,JPEG,RGB,5cbb90e953a189d46c1c1d54c84ec9f8967afbbb4eeb34d6f4183c187a98aa05,00557faa6faa3a557c032f67707e3dda60e13785c2c783121e4ace2dd9388c6a,False,,0.17825785279273987,0.16717444360256195,0.04893484339118004,0.26815927028656006,0.18248425424098969,0.7614583333333333,0.0,excluded,pre_generated_augmentation_unknown_provenance,,excluded,
data/Testing/meningioma/Te-aug-me_101.jpg,Te-aug-me_101.jpg,meningioma,1,Testing,True,24605,1c51a1110caf7112f7bf084401e96112cef04ac6f20cfa2db12e6cbc11d924dd,False,,512,512,1.0,JPEG,RGB,b0aef7fae04ca1c48b3da650046d8a55ae4e5dc9630bf560bec338c6820f91c0,55023efd7aae6d0168d73422e54a71af25e0d2909797ca4f9b1ad9e80c6c7929,False,,0.18146352469921112,0.16789625585079193,0.05271957069635391,0.26462069153785706,0.19922694563865662,0.7658854166666667,0.0,excluded,pre_generated_augmentation_unknown_provenance,,excluded,
data/Testing/meningioma/Te-aug-me_102.jpg,Te-aug-me_102.jpg,meningioma,1,Testing,True,23225,a929c878a157ede326e77ceea993dec51a4b09d2b287bf5e38d27c8906fe6b06,False,,512,512,1.0,JPEG,RGB,0f2beebd763eb0ebca8311f466c840e9d8a6781f2209fab7ae35ded489586c8e,42e5781a2f0234ed6c3fb2c430f8c2d633c18b1ace479b396d349cf09cf2ccf2,False,,0.13812686502933502,0.1702307015657425,0.006035539321601391,0.26952457427978516,0.022393280640244484,0.9830729166666666,0.0,excluded,pre_generated_augmentation_unknown_provenance,,excluded,
data/Testing/meningioma/Te-aug-me_103.jpg,Te-aug-me_103.jpg,meningioma,1,Testing,True,21011,c8f3aa0429df2a19db59a5fc1c56d888b65804f491b64f9df22e04a4c2ed0b24,False,,512,512,1.0,JPEG,RGB,db8ab16a71452aae5edd425e246f6921e3a9ad2bd0681c5403284f841201aba4,15ea6e167b85396b691ee5682ca1e7a592d72e07f25ac65b1c60d96999c50d24,False,,0.15056896209716797,0.15666446089744568,0.024780433624982834,0.2651386559009552,0.09346216917037964,0.8486979166666667,0.0,excluded,pre_generated_augmentation_unknown_provenance,,excluded,
data/Testing/meningioma/Te-aug-me_11.jpg,Te-aug-me_11.jpg,meningioma,1,Testing,True,21141,d8b43953ead6d6c9ac08b831a87f4db63d060f53ceeacb637c2646c08099746c,False,,512,512,1.0,JPEG,RGB,d429d635fcb447427310af97adf38a5c636c8c8968f7529fed6fc59c506a6a89,406f359a6ed03c973d23f0da34b5d2f13392c7c1230acb27cd3d6c3c0cb4f0f0,False,,0.15824741125106812,0.17136329412460327,0.034271858632564545,0.2791121006011963,0.12278886884450912,0.8815104166666666,0.0,excluded,pre_generated_augmentation_unknown_provenance,,excluded,
data/Testing/meningioma/Te-aug-me_12.jpg,Te-aug-me_12.jpg,meningioma,1,Testing,True,23004,6455527badfcd9880d3f0e9bf9f5973872b064d3b0e4a4d5c3b1f67423970408,False,,512,512,1.0,JPEG,RGB,f86ee2855f411022af9320f6e3d5ca1e0fc488366b42f186aaafa853938d7fbe,17a53d2f7a1e58f069e961e23727e58d6495e61626129e5a8663c66999399865,False,,0.14934036135673523,0.1741448938846588,0.014207515865564346,0.3018353581428528,0.04707041755318642,0.928125,0.0,excluded,pre_generated_augmentation_unknown_provenance,,excluded,
data/Testing/meningioma/Te-aug-me_13.jpg,Te-aug-me_13.jpg,meningioma,1,Testing,True,23491,60efc97e1d2c65cdb3a49f1f2d9a6493eb4af0c8d9979347e81c0af91d6b131b,False,,512,512,1.0,JPEG,RGB,b4a0952963a77ca969a1b5e5da25c2cb10a1e96ec381cc02dcd34c588c91fec5,06f5ae157f08d43e7c3752f03878c9a361a34b5e62c54c6ca7463978531669b5,False,,0.1814558506011963,0.1649666279554367,0.054664015769958496,0.2888030409812927,0.18927784264087677,0.7744791666666667,0.0,excluded,pre_generated_augmentation_unknown_provenance,,excluded,
data/Testing/meningioma/Te-aug-me_14.jpg,Te-aug-me_14.jpg,meningioma,1,Testing,True,27439,b0a10ba2593af992f30c613f998fba0f8e9c0b24250f431869339c05b19ac04a,False,,512,512,1.0,JPEG,RGB,29d77175f37a17035eb4f6bb2f4e8a455f38f14e95ece0f202e0937908bf9670,145b70eb1ef02b547a0b616aca4d958d367f372149186d85366e16979c69e8b6,False,,0.1800975203514099,0.14232705533504486,0.062363151460886,0.2542145252227783,0.2453170269727707,0.7109375,0.0,excluded,pre_generated_augmentation_unknown_provenance,,excluded,
data/Testing/meningioma/Te-aug-me_15.jpg,Te-aug-me_15.jpg,meningioma,1,Testing,True,22009,fa58dc38c7ec467ea51799728947635d8ac89ad8a733e9e5b64b90529684dc1b,False,,512,512,1.0,JPEG,RGB,d1222f4d0f9f7f1f92b450d9c1d2a3e6ee79accc9f609bef08c075ec289b4992,05c87af07e8f2d437c7c952eb2c1b0b0cbc6c395664adb0a8d1d6c751d3c34b4,False,,0.18797704577445984,0.20003235340118408,0.029441386461257935,0.3418581485748291,0.08612164855003357,0.8690104166666667,0.0,excluded,pre_generated_augmentation_unknown_provenance,,excluded,
data/Testing/meningioma/Te-aug-me_16.jpg,Te-aug-me_16.jpg,meningioma,1,Testing,True,19092,2575cc82469af937942bb5a8b8fe04f7f73e332eb04b046d224754df6defe24f,False,,512,512,1.0,JPEG,RGB,fa79a9dea7d25b13195636409797d28589b952f4e2cd276dc55ee9cde2d8d116,15e89d327e1fc2a569729a5a65e925e3a78d31b56616669cc63866321c69c663,False,,0.11900539696216583,0.1532730907201767,0.00061070267111063,0.20728403329849243,0.0029462117236107588,1.0,0.0,excluded,pre_generated_augmentation_unknown_provenance,,excluded,
data/Testing/meningioma/Te-aug-me_17.jpg,Te-aug-me_17.jpg,meningioma,1,Testing,True,22368,d60bdea3426927d35e394040085a47ac87994698c49821c0e73645480d431304,False,,512,512,1.0,JPEG,RGB,36c780f8fb415812dad65dd2319f65ec13617135a0121f3e424fd078b751b5d2,40bd3e436b703fa46c033d0b703f343534f031e070d2b6c3e34b9b4fcf0fc30d,False,,0.16739599406719208,0.1688050478696823,0.03518178313970566,0.28937268257141113,0.12157949060201645,0.8473958333333333,0.0,excluded,pre_generated_augmentation_unknown_provenance,,excluded,
data/Testing/meningioma/Te-aug-me_18.jpg,Te-aug-me_18.jpg,meningioma,1,Testing,True,16293,519c39acab614c8a9f1114d748bc5e74c4d5a62b091561088cfa834df9f192fd,False,,512,512,1.0,JPEG,RGB,ab6a1b5bbfd3c96df632fdbd13bb0c40c58727571ce233868244313d40f283c2,53b4c2e06c4b1f0f35ad2c3c727430d093f133cb93c3d36d630dcb34632ccdb4,False,,0.12491359561681747,0.17692331969738007,0.0013694853987544775,0.3083917498588562,0.004440732765942812,1.0,0.0,excluded,pre_generated_augmentation_unknown_provenance,,excluded,
data/Testing/meningioma/Te-aug-me_19.jpg,Te-aug-me_19.jpg,meningioma,1,Testing,True,22780,5856f824f11de63dfdbbca3840187fc0a8aa8915f5e242ae8e3d1883e2bc2e1f,False,,512,512,1.0,JPEG,RGB,103fdb8bd3144a15d1dfa3265c97ab33cc2f404b384831d4fb8ed70b838a5e24,540ff4056bf41bf22f5a52de303fcb4934ed8d0f32d224b41b6134f8cd0d7258,False,,0.18545474112033844,0.18142321705818176,0.022957516834139824,0.31172066926956177,0.07364772260189056,0.83515625,0.0,excluded,pre_generated_augmentation_unknown_provenance,,excluded,
data/Testing/meningioma/Te-aug-me_2.jpg,Te-aug-me_2.jpg,meningioma,1,Testing,True,15276,4d4da9c014ca7248c6c22070c3b1531dde3ab383801796ac3e481343f6027b5a,False,,512,512,1.0,JPEG,RGB,cb782945aafb1e36dd902fa28cfc4a29b1f286564b3f02afa6b1180062afc144,168596c5687a693a65e131e1b20e6786cf38b65a9873c96949c399e732cd9996,False,,0.11365919560194016,0.17040903866291046,0.0007679739501327276,0.31220895051956177,0.0024598075542598963,1.0,0.0,excluded,pre_generated_augmentation_unknown_provenance,,excluded,
data/Testing/meningioma/Te-aug-me_20.jpg,Te-aug-me_20.jpg,meningioma,1,Testing,True,21254,55dfbf1c8e7455e4b89d284cf14814bcb117cd2cfecba9ab7cfde32b10edd35f,False,,512,512,1.0,JPEG,RGB,c55e7b9d08053e8fe6fc279be7bbaaf20f3a1982c26f91b9f8509c10252e6368,45b8c1b06e159ad7305aca5232f0492dc9c564e9971e32d3cc3571a7ccb47b1f,False,,0.17269575595855713,0.18285927176475525,0.03968954458832741,0.3216107487678528,0.12340863794088364,0.8205729166666667,0.0,excluded,pre_generated_augmentation_unknown_provenance,,excluded,
data/Testing/meningioma/Te-aug-me_21.jpg,Te-aug-me_21.jpg,meningioma,1,Testing,True,16806,46537646d88f7a47d4cf642b153dbae9f49a07dbba40ed68c9f52ac37e0da94e,False,,512,512,1.0,JPEG,RGB,f4ea58a0cf35ccef8854bdce6b245ba37778c7d27511ac554510a4c69a2a42bf,12e49e673b03c0d861794fc367916c1d661e64b09e7866c3d961924f99e7996c,False,,0.12781457602977753,0.172628715634346,0.0011948529863730073,0.29279643297195435,0.004080832004547119,1.0,0.0,excluded,pre_generated_augmentation_unknown_provenance,,excluded,
data/Testing/meningioma/Te-aug-me_22.jpg,Te-aug-me_22.jpg,meningioma,1,Testing,True,22805,c0c90242c4c2c73506a1f3cac9894decfbb6ed0a6b7427856d4d9c50e69adb11,False,,512,512,1.0,JPEG,RGB,8472232e5f66a224d00e1af978a41eb5656e450c806a656b061c320ab24588f0,055e1ff07eaf600e3ad4e261694ae30b35ab64acb63596969ed0d872984e9b4a,False,,0.1686425507068634,0.17497770488262177,0.0240318663418293,0.26860830187797546,0.08946806937456131,0.8434895833333333,0.0,excluded,pre_generated_augmentation_unknown_provenance,,excluded,
data/Testing/meningioma/Te-aug-me_23.jpg,Te-aug-me_23.jpg,meningioma,1,Testing,True,24552,88fea43052845ab304d61c5f9a08d4202cbd91588fef3d0f0b756323162fba3d,False,,512,512,1.0,JPEG,RGB,2111d90f52c16820487651fa158168a3ecdd91301e55fb2f2c547bbc54ae4e08,40b4386e6f413cb4304b2c8370bc36fd3361d3d233cdb30b6d1a9a4fc53ccd36,False,,0.16387343406677246,0.16356272995471954,0.04238562658429146,0.2910645008087158,0.14562278985977173,0.8072916666666666,0.0,excluded,pre_generated_augmentation_unknown_provenance,,excluded,
data/Testing/meningioma/Te-aug-me_24.jpg,Te-aug-me_24.jpg,meningioma,1,Testing,True,20756,b766883f4832a428fb54c0d1a9473bf5aaa32fb9610d7c9491c849685af071c5,False,,512,512,1.0,JPEG,RGB,f9a30c62efde33e6585f4d440965b64a714f75dbcd65c75ba76acbf208e4914b,157a32a57a81c75a685e49e965e84c9735a53c1e46977368931ec3a1da78338e,False,,0.13939449191093445,0.15644066035747528,0.0018423203146085143,0.2616172730922699,0.0070420438423752785,0.9994791666666667,0.0,excluded,pre_generated_augmentation_unknown_provenance,,excluded,
data/Testing/meningioma/Te-aug-me_25.jpg,Te-aug-me_25.jpg,meningioma,1,Testing,True,19847,c5d47cc5e47f19c36625167b84ce6a1efb3a6230edec7348be14f3ae0cc47412,False,,512,512,1.0,JPEG,RGB,f320a6b719fe9120f05e91bce46b1503877ec8d65ead478440237df857eb2cbb,40b42f023a5b783f3de8e0bd67823694d34b63163e69c269cb3c9cb0c8e749b6,False,,0.14219516515731812,0.15466949343681335,0.029354577884078026,0.24274377524852753,0.12092824280261993,0.8453125,0.0,excluded,pre_generated_augmentation_unknown_provenance,,excluded,
data/Testing/meningioma/Te-aug-me_26.jpg,Te-aug-me_26.jpg,meningioma,1,Testing,True,18076,1d25e50395cd4b9ca1039a90abe4f1f342d7c3d715c7d14b77d30ed931057683,False,,512,512,1.0,JPEG,RGB,b35d90f39c8b59eb5859f365e5ed6003ed07b2c2b3119f50f22c9323598f485c,42b78ba22f40dc19342f4bf632f43cc933c230b6c34f33cacd1cb34d9c789b34,False,,0.1493520736694336,0.18936368823051453,0.0007843138300813735,0.32312440872192383,0.0024272813461720943,1.0,0.0,excluded,pre_generated_augmentation_unknown_provenance,,excluded,
data/Testing/meningioma/Te-aug-me_27.jpg,Te-aug-me_27.jpg,meningioma,1,Testing,True,20782,46b3d12854f645613496378e8df81aed5b97b0e667029d0212e70bd451e8e531,False,,512,512,1.0,JPEG,RGB,7a34f2632b71b0bb1f4cfc7418b6ce93bc97a80cea23ecc0b7f4908d6187b8e2,17e186e57a179e96611a691e65896978961a96c9c279678649657a5e19969a79,False,,0.16506540775299072,0.1840418577194214,0.030334969982504845,0.3155742585659027,0.0961262509226799,0.85859375,0.0,excluded,pre_generated_augmentation_unknown_provenance,,excluded,
data/Testing/meningioma/Te-aug-me_28.jpg,Te-aug-me_28.jpg,meningioma,1,Testing,True,20488,7a19f1b05d9a3970a5390dd74ce74e22788b8ef9d8ec9254a9cbbed9affcc902,False,,512,512,1.0,JPEG,RGB,68190323ca800c23d9391a41fd453169b7ba6f386ce26d6ee7c85146f5f9dcf8,17a197a56a16c65664783d3e31a71872c61ac5e1c67837865967331a399798f9,False,,0.14852534234523773,0.1739194095134735,0.019591504707932472,0.293256938457489,0.0668066218495369,0.8893229166666666,0.0,excluded,pre_generated_augmentation_unknown_provenance,,excluded,
data/Testing/meningioma/Te-aug-me_29.jpg,Te-aug-me_29.jpg,meningioma,1,Testing,True,21591,61fe2f26d852e706e9b50c85681a15a15fe188f6ca64ad65231a35e85a29a535,False,,512,512,1.0,JPEG,RGB,dacbf77c11e42a0257dfdaabc8f7680a7d51880238355cb865d2139fb9ca78ec,13e436a16e1b685a3938b3e465e1c64936e7cd3467860c96338e99b2da6d99e1,False,,0.13870348036289215,0.1806737184524536,0.0003370098420418799,0.26958295702934265,0.001250115572474897,1.0,0.0,excluded,pre_generated_augmentation_unknown_provenance,,excluded,
data/Testing/meningioma/Te-aug-me_3.jpg,Te-aug-me_3.jpg,meningioma,1,Testing,True,20507,d18fd68225036788c1ca0d579fbd6fe5af06242bb66519ae3087d88febdd5659,False,,512,512,1.0,JPEG,RGB,802403dc2fb8e1ed80eb5a96b9b0caf213099c47042f2f5592cf047e35facc10,17a59d69785e5a956178619a39e133cd65a76639339e363426b066589e5a9661,False,,0.15864092111587524,0.18904195725917816,0.01117953471839428,0.33121171593666077,0.03375343978404999,0.9463541666666667,0.0,excluded,pre_generated_augmentation_unknown_provenance,,excluded,
data/Testing/meningioma/Te-aug-me_30.jpg,Te-aug-me_30.jpg,meningioma,1,Testing,True,23001,1db4e043ec80d0a50450cf987ee17dd2c3baf24c3320faf24c82d21ed9ae5cf9,False,,512,512,1.0,JPEG,RGB,57648862664026d0110fc5c5fd4f3dda49117e88beb0f901a0f63082103787b8,15a187b17a1696ce793ace9669b4de5e268d19696c9659a6c258e48d32694cd6,False,,0.20272912085056305,0.2058809995651245,0.04054126515984535,0.3401338756084442,0.11919208616018295,0.8390625,0.0,excluded,pre_generated_augmentation_unknown_provenance,,excluded,
data/Testing/meningioma/Te-aug-me_31.jpg,Te-aug-me_31.jpg,meningioma,1,Testing,True,21479,a34179724980010ad88724da6bad536a1c917fb75f166c5c44c32d2635b85fbe,False,,512,512,1.0,JPEG,RGB,b56fcf93b09796c14567e844cd0b90ba24da053be8468cdfe42e92e96473aa56,42d66db42f4b3c233c3cb2d0643c61d2b3c3324b78ca970db30d4b728f3ccd3c,False,,0.1556595265865326,0.17459657788276672,0.025393182411789894,0.30413317680358887,0.08349362760782242,0.89296875,0.0,excluded,pre_generated_augmentation_unknown_provenance,,excluded,
data/Testing/meningioma/Te-aug-me_32.jpg,Te-aug-me_32.jpg,meningioma,1,Testing,True,16009,d8592922386cc7eee0080197ab5897ae9a632272ed4a3e23f9e1cb8016b367fa,False,,512,512,1.0,JPEG,RGB,535dc132b2cc4f4514d3ba4ce30a6170b8348ad6af7cd22781eb8af3c317e3ff,42bd2f463d52b0bd24adc3d032949f0be2cacc2d9b6b0cf0cd3d30c28cb633cf,False,,0.1368233561515808,0.1793883591890335,0.0016441994812339544,0.3169988989830017,0.005186767317354679,1.0,0.0,excluded,pre_generated_augmentation_unknown_provenance,,excluded,
data/Testing/meningioma/Te-aug-me_33.jpg,Te-aug-me_33.jpg,meningioma,1,Testing,True,22963,1c1daf09a0dbf5b937ea70018bb2b75d9672ebb41fa8dce16699e1b897a59fc7,False,,512,512,1.0,JPEG,RGB,622c6f9e76ef8fa98a04d8713333bf989c93e665487cb422055aad779e95ce43,01f4553a7e832af5751ea5e963f0858395a9da16ca5f9d5858ea39e961416685,False,,0.20380285382270813,0.20116327702999115,0.04992034286260605,0.35008329153060913,0.14259561896324158,0.725,0.0,excluded,pre_generated_augmentation_unknown_provenance,,excluded,
data/Testing/meningioma/Te-aug-me_34.jpg,Te-aug-me_34.jpg,meningioma,1,Testing,True,13283,5c365ac5f5213cb64db8770f219c10776134981e4792afe466cc87c762e3e55c,False,,512,512,1.0,JPEG,RGB,72c169b4e03a91c25c19540de3d836909dcc14f17d4ff6903fb012043f54db6c,1ce585817b1e7a1e6ce96ce927a727a56695c69ece4e327899389961892199a5,False,,0.0830068588256836,0.13434575498104095,0.001389910001307726,0.2065219283103943,0.006730084307491779,1.0,0.0,excluded,pre_generated_augmentation_unknown_provenance,,excluded,
data/Testing/meningioma/Te-aug-me_35.jpg,Te-aug-me_35.jpg,meningioma,1,Testing,True,22165,37f02017709d8caa4f29c290424a252a780a36358fa4947141862e078ddda8b3,False,,512,512,1.0,JPEG,RGB,f647994975fa6b5f3ccfb2af725567e08073e6ab2646c53e96bc9f6e4b5b38de,42f43d0f3b4af4f469e16990372f664234bcd39a0e58b66fd371c8499c253326,False,,0.14012163877487183,0.16601936519145966,0.024065563455224037,0.254602313041687,0.09452217072248459,0.8846354166666667,0.0,excluded,pre_generated_augmentation_unknown_provenance,,excluded,
data/Testing/meningioma/Te-aug-me_36.jpg,Te-aug-me_36.jpg,meningioma,1,Testing,True,15972,358f76bf98e73a7923ef4f7bcc6358c03f7a45da574cfec6732599b5ed0235dc,False,,512,512,1.0,JPEG,RGB,c5438d754e4d0e6d99ceae15c9bdb9550feecc295b4166d77e880d6ee605b352,42f4394b3d0be4b530b4c3c266c21e0f9319cd34ce6939f3d9a6679b38d2324d,False,,0.11906188726425171,0.16864266991615295,0.000812908576335758,0.2919788062572479,0.0027841355185955763,1.0,0.0,excluded,pre_generated_augmentation_unknown_provenance,,excluded,
data/Testing/meningioma/Te-aug-me_37.jpg,Te-aug-me_37.jpg,meningioma,1,Testing,True,16335,028078b5676735d87c1cfaa0767dce89841d1a0b4aa79a19a9bb25b13a5a90b2,False,,512,512,1.0,JPEG,RGB,7fc59b82fbddd1f4b9316b2f0d78ffc3053d14849036195a3d3773f9825d304b,50ad87c12f52781e702f25e992f0f687cf0ada5ac92d8f693cb4783561c36392,False,,0.12531045079231262,0.17977912724018097,0.000522875867318362,0.3051116466522217,0.0017137198010459542,1.0,0.0,excluded,pre_generated_augmentation_unknown_provenance,,excluded,
data/Testing/meningioma/Te-aug-me_38.jpg,Te-aug-me_38.jpg,meningioma,1,Testing,True,20579,212a09b46cebc025890a5dbcbb10abcd404a36c9080dbac7468c0ec29e566426,False,,512,512,1.0,JPEG,RGB,134df0103dc882a24a1cd388014aa28bf2150d829d2c79605c6b58a5753457d2,42bd97b12f02cb163c1f6b4e3a7c3d34c1e136d8ce1f736034b4c1a531694d1b,False,,0.179912269115448,0.20184390246868134,0.04001021385192871,0.33667948842048645,0.11883769184350967,0.8533854166666667,0.0,excluded,pre_generated_augmentation_unknown_provenance,,excluded,
data/Testing/meningioma/Te-aug-me_39.jpg,Te-aug-me_39.jpg,meningioma,1,Testing,True,21588,a2af2df3416a134a6659416dc22273f09e3a6dd23543a187da2097d502d51def,False,,512,512,1.0,JPEG,RGB,816fc11dcbdd5ed17392826c8a48b6062e3dad5aae508eabd2660fe90b8a8330,40b92f0b6ad03db4780f2dc2792f36b5e4b561f0339292d0794b933bcb09c96d,False,,0.16521261632442474,0.16177712380886078,0.03481005132198334,0.27332359552383423,0.12735837697982788,0.8338541666666667,0.0,excluded,pre_generated_augmentation_unknown_provenance,,excluded,
data/Testing/meningioma/Te-aug-me_4.jpg,Te-aug-me_4.jpg,meningioma,1,Testing,True,19897,34fccd5b29787d40ef027f1527f2c457b17b273ea2098f664b89e1ebb3e5ec88,False,,512,512,1.0,JPEG,RGB,36a94635fcb1f9fd20537f3a4a26d1b23c9bc0c1e71001e2d6eb68eabc630edb,52f073312f4f1ccc71bdc6b2e6b01929c6c398b51b4d64d29d3c330c59f2732c,False,,0.13406002521514893,0.200447216629982,0.0008823529933579266,0.295778751373291,0.0029831521678715944,1.0,0.0,excluded,pre_generated_augmentation_unknown_provenance,,excluded,
data/Testing/meningioma/Te-aug-me_40.jpg,Te-aug-me_40.jpg,meningioma,1,Testing,True,22549,4d647fdf6242576a73cc33e8e031945c808e61708dc1c1e7581e8f61fca46108,False,,512,512,1.0,JPEG,RGB,3cda22366b27662397ecfe43e50233329a4f39f6bc17f0088e6342206b34a0ea,56b097a52f0f4a5a3636c33b625acc6c30e17871cb2d0cc5ce3473e3d8f09b8c,False,,0.15216663479804993,0.1759793609380722,0.029881536960601807,0.2859748601913452,0.10449008643627167,0.88203125,0.0,excluded,pre_generated_augmentation_unknown_provenance,,excluded,
data/Testing/meningioma/Te-aug-me_41.jpg,Te-aug-me_41.jpg,meningioma,1,Testing,True,22820,23ee7778dcb4b34604e99f37157b58f25fc4ceaa2c99fc19af2bf360ef5a9bcc,False,,512,512,1.0,JPEG,RGB,600443b454e5d15f5dcc7bec9491e290ba5fd5b2251a3e9f3180d794714129f3,502be46b0fd599063f5683ff6c0bc790787f62d62d7d87036080985f31c29f68,False,,0.18440277874469757,0.15191800892353058,0.03878268226981163,0.28197479248046875,0.13753953576087952,0.76875,0.0,excluded,pre_generated_augmentation_unknown_provenance,,excluded,
data/Testing/meningioma/Te-aug-me_42.jpg,Te-aug-me_42.jpg,meningioma,1,Testing,True,25172,001dc464513126e112dfc62417b4aadc2bc1dac869764352a3ac880a3875c58d,False,,512,512,1.0,JPEG,RGB,c1a66037217c8d5b8d97f08904c996b9106a70177e494b8ae6066fa21f4aa8b7,150af4093ea1977b2a578fa6696a9e1e318b1a7a06271963ce9469a19ef8278f,False,,0.2149229794740677,0.18790274858474731,0.047477539628744125,0.3212957978248596,0.14776894450187683,0.7955729166666666,0.0,excluded,pre_generated_augmentation_unknown_provenance,,excluded,
data/Testing/meningioma/Te-aug-me_43.jpg,Te-aug-me_43.jpg,meningioma,1,Testing,True,27164,bd233e8d3d1b9f8f5973f5ea5ddf16ee8cea504473087489fb6127dcc91f4801,False,,512,512,1.0,JPEG,RGB,f042b7bf857d8c23c88b061c05b89df7f66230b6ae1038cf6d4a4b103ebe39c7,154a0b761ea96a883857625d697861e225ab67856607a63f67b4ee10965ecdf2,False,,0.2198692262172699,0.18764358758926392,0.04275531321763992,0.32038241624832153,0.13345088064670563,0.8067708333333333,0.0,excluded,pre_generated_augmentation_unknown_provenance,,excluded,
data/Testing/meningioma/Te-aug-me_44.jpg,Te-aug-me_44.jpg,meningioma,1,Testing,True,17358,68184c494f15511ea52dfe0d9f6bde09c7e0cbadd605b50b673f1ae705a9194e,False,,512,512,1.0,JPEG,RGB,be40dab105589622aa1293a165396b9b78e1826d5bf1d63db82bc00b3bc9029d,16a56b4e385e25a964f0c697730a9618652dc4f23f3598436ce599cf64b69b0e,False,,0.14103765785694122,0.18281729519367218,0.007893179543316364,0.3118528127670288,0.025310592725872993,0.9877604166666667,0.0,excluded,pre_generated_augmentation_unknown_provenance,,excluded,
data/Testing/meningioma/Te-aug-me_45.jpg,Te-aug-me_45.jpg,meningioma,1,Testing,True,20753,cd449722d02d8e4deaaa0965337b7e85d01f83c4e99b92627e5b136e86db1115,False,,512,512,1.0,JPEG,RGB,d64c2750d83bcfa1e116f1f417437595f42e33920317baedde9ab3f7ba370815,42b47c0b2f4334e46c1fb6b330d8b3e2834b2dcbcb2f9a6dcc34ccb039321cd3,False,,0.15086215734481812,0.17239978909492493,0.031480804085731506,0.2876752018928528,0.10943175852298737,0.8729166666666667,0.0,excluded,pre_generated_augmentation_unknown_provenance,,excluded,
data/Testing/meningioma/Te-aug-me_46.jpg,Te-aug-me_46.jpg,meningioma,1,Testing,True,18184,13a95819dc4bbb28501e9a56c2595dc3d545359cb991adbfeb33111cb5c16bc2,False,,512,512,1.0,JPEG,RGB,7ad75e71190fa2d5fe583aab97ea57ee3b34f096222913602391fec5cdf07021,43fc3f016e4b303f35e0d0f0660f935a331af3cb4c24992538d8cd87b678cd96,False,,0.1450599879026413,0.1751541644334793,0.02260519005358219,0.2999502122402191,0.0753631442785263,0.9596354166666666,0.003125,excluded,pre_generated_augmentation_unknown_provenance,,excluded,
data/Testing/meningioma/Te-aug-me_47.jpg,Te-aug-me_47.jpg,meningioma,1,Testing,True,16906,cbd0992085bed5e0eccd05df7dc40036ba3826421c9f85fd2298c05855b6f2c0,False,,512,512,1.0,JPEG,RGB,6b6438ec722b0abc97863871efb2be21520b5205c67d55bee9e28ca7af455d59,17e894ec7e174a953078d94a33e1e5a167873687960e325ace3c67589c789369,False,,0.13083377480506897,0.1617826372385025,0.0012408088659867644,0.2916073203086853,0.004255067557096481,1.0,0.0,excluded,pre_generated_augmentation_unknown_provenance,,excluded,
data/Testing/meningioma/Te-aug-me_48.jpg,Te-aug-me_48.jpg,meningioma,1,Testing,True,25907,2bcb4e6b8912f1513bde43cbeb14cfecef0cb044957cf1fae205dd6481384ba8,False,,512,512,1.0,JPEG,RGB,387620ea380f4de8964e4de387c4b0dfaac8e1d788a5e4834572b598c082eee6,056a7a053b90685f6e47a17878aea5f976853326169fc65e1b6ad1b8c9318ce4,False,,0.20366379618644714,0.19318673014640808,0.04552594572305679,0.31037071347236633,0.1466824859380722,0.8135416666666667,0.0,excluded,pre_generated_augmentation_unknown_provenance,,excluded,
data/Testing/meningioma/Te-aug-me_49.jpg,Te-aug-me_49.jpg,meningioma,1,Testing,True,23061,f992ba2a5a4d99f7c4d769c53a62e78fefd85050459ad213559b91bc08c61ec6,False,,512,512,1.0,JPEG,RGB,2b9da1774e445a709a72313127603a1f8f5161a94eee400a92c9acefc61425a5,43b09cc52f0b73123c6c6b2b70746c6c34f1b6b46cc3309233c3639b339bd9cb,False,,0.15188348293304443,0.16164247691631317,0.023590687662363052,0.2983388900756836,0.0790734589099884,0.8807291666666667,0.0,excluded,pre_generated_augmentation_unknown_provenance,,excluded,
data/Testing/meningioma/Te-aug-me_5.jpg,Te-aug-me_5.jpg,meningioma,1,Testing,True,22177,e80ac7785ec816cdd94c7b85bbe53b5fc6cec17ce5e1eff380ecc5535d0a4178,False,,512,512,1.0,JPEG,RGB,846950a89ac00265cd14dbc25728b8a9459f4c85758b4c5af727285437b2aa32,514a4aad2ff739483c20a47f610fd2bd90f6cb40c7829d0f4b2dac2f7c9c34d4,False,,0.1736275553703308,0.17222915589809418,0.024922389537096024,0.2792815566062927,0.0892375037074089,0.82421875,0.0,excluded,pre_generated_augmentation_unknown_provenance,,excluded,
data/Testing/meningioma/Te-aug-me_50.jpg,Te-aug-me_50.jpg,meningioma,1,Testing,True,19208,50486885c6f91cb15e490d1fcd0777cd6f0a7e8c6774f7ae456ef9469721ef7a,False,,512,512,1.0,JPEG,RGB,47cc8b26cd6f8824c763fdec02828eead0e16cb11380581d145e8d817014819f,42f06ccc2f0bb0f1342c931330f06ccdd343cdcdcf0d9f348cddccb0d3d370c3,False,,0.09812682867050171,0.13883724808692932,0.0019301471766084433,0.22112822532653809,0.008728633634746075,1.0,0.0,excluded,pre_generated_augmentation_unknown_provenance,,excluded,
data/Testing/meningioma/Te-aug-me_51.jpg,Te-aug-me_51.jpg,meningioma,1,Testing,True,20727,bb370d5932c0154e0f3889f27d9809eff076f9e8acd8f9fced0385583869fd91,False,,512,512,1.0,JPEG,RGB,e267a97eaa0dba2a76e4f3f1055f749891a654600d707657b06184ece6a9af73,40af3ad06bd0340f3c03b12f74bd69b293d0c8d0eb4b934d678dcd3d9b368cb0,False,,0.1579587608575821,0.16205371916294098,0.022449959069490433,0.28357362747192383,0.07916800677776337,0.8505208333333333,0.0,excluded,pre_generated_augmentation_unknown_provenance,,excluded,
data/Testing/meningioma/Te-aug-me_52.jpg,Te-aug-me_52.jpg,meningioma,1,Testing,True,19874,df64ac44e05d2e0bdc797196ea3c535606142b334c8f2398bb0b47480c88c5a8,False,,512,512,1.0,JPEG,RGB,16d3c9e64b2690976e04d9454750b6dfb48831c0d9eafe6f42c74882ac6f3f26,44fb97333f00ce4f7c0f7b2edcbc3c1a63c868f84f0d63e41834930b34d0693c,False,,0.13337929546833038,0.1544671356678009,0.03152880072593689,0.23792606592178345,0.13251511752605438,0.8489583333333334,0.0,excluded,pre_generated_augmentation_unknown_provenance,,excluded,
data/Testing/meningioma/Te-aug-me_53.jpg,Te-aug-me_53.jpg,meningioma,1,Testing,True,22671,8e10bc0c3be5983045fa623eeb4cd9b391eaf39dde181816177b41a6841c607b,False,,512,512,1.0,JPEG,RGB,78337a622a333163f6a8cfee17103f57d71220ce942a36a779189adb7ee99f7e,0751c3d178aa9e0e6a956ca88c5672c79da9ef3c92856cc362569cb46e7a9394,False,,0.18952733278274536,0.19993510842323303,0.04153492674231529,0.36275947093963623,0.11449715495109558,0.81953125,0.0,excluded,pre_generated_augmentation_unknown_provenance,,excluded,
data/Testing/meningioma/Te-aug-me_54.jpg,Te-aug-me_54.jpg,meningioma,1,Testing,True,22637,ed48ae6911b56dae3fbcb07670bfcbb4d66053bae2a9db580f084460a1782411,False,,512,512,1.0,JPEG,RGB,a71d3c27911d4153cb3bc9867dc39bd369072d644c6a3d4f1999485d019ba631,157dc02f7f8b97a92af51ee16952381e254a89c2a63f390bdad1670d98572634,False,,0.17368116974830627,0.16317492723464966,0.03625408932566643,0.2686792016029358,0.13493448495864868,0.7888020833333333,0.0,excluded,pre_generated_augmentation_unknown_provenance,,excluded,
data/Testing/meningioma/Te-aug-me_55.jpg,Te-aug-me_55.jpg,meningioma,1,Testing,True,19161,f787d266ce5f0e59f7c68184047ac141e862e3b0486cb3af3d0665135b03d422,False,,512,512,1.0,JPEG,RGB,c0c5338a5555ca1104256a57553338cef1e5c8e2251c70c5b9889fcb1e5ae67a,16b4c3306b1b19cb2ced643ce39639f0925ac7c3cf29631f99b4966d8c87c870,False,,0.12342673540115356,0.18089424073696136,0.00031454249983653426,0.2872884273529053,0.001094866544008255,1.0,0.0,excluded,pre_generated_augmentation_unknown_provenance,,excluded,
data/Testing/meningioma/Te-aug-me_56.jpg,Te-aug-me_56.jpg,meningioma,1,Testing,True,14601,f0856bfa9d611e17ed9cab94a6f314ad1c5cc280df82df302cbcc70e23632c5c,False,,512,512,1.0,JPEG,RGB,1a9e25a1d29aecb4cb7bcdb669c3541b2a20aadad60ce2ae577d2a43c98412ee,42f02d0b3d4bd0fc342d87d262f0cf0f3313cc3c968fc8f0cb6b35838c2c739b,False,,0.09206950664520264,0.13565438985824585,0.0010937501210719347,0.22191809117794037,0.004928620997816324,1.0,0.0,excluded,pre_generated_augmentation_unknown_provenance,,excluded,
data/Testing/meningioma/Te-aug-me_57.jpg,Te-aug-me_57.jpg,meningioma,1,Testing,True,14845,9f40f7a4bb386a847b922308fa24ed325b5d5f5e1395ae8d93541837b99f8160,False,,512,512,1.0,JPEG,RGB,2ad1ca8980fb23864a352dfd38238a285d8119ff3de99d9afd0415d854d4e185,52e46b423f1bb53960ec9ac663e09b1b371bc86dce6e6da59938319288e1665a,False,,0.11124172061681747,0.15466877818107605,0.000484068674268201,0.26817649602890015,0.0018050376093015075,1.0,0.0,excluded,pre_generated_augmentation_unknown_provenance,,excluded,
data/Testing/meningioma/Te-aug-me_58.jpg,Te-aug-me_58.jpg,meningioma,1,Testing,True,22053,d7e23cf6212f9bf8dd7d12b640d50841ac1aa8f656e20ed515a7e7f3847fe02d,False,,512,512,1.0,JPEG,RGB,30724ffbba470d2c41d4ec8089d6c6fbbcfc4b5b9b6b5950d641163fdf4b142f,116e8e964e91d69a790e9b0725fa2c5e33a47822669a25b09b7eb287cde9c28b,False,,0.15208670496940613,0.1540653258562088,0.03738255798816681,0.25975701212882996,0.14391356706619263,0.8669270833333333,0.0,excluded,pre_generated_augmentation_unknown_provenance,,excluded,
data/Testing/meningioma/Te-aug-me_59.jpg,Te-aug-me_59.jpg,meningioma,1,Testing,True,20879,3aae945e9baaea413b27f9b26f9c091343cfc8ea526cd2a99c25e45767b28854,False,,512,512,1.0,JPEG,RGB,e93489c5faa3f5f0753ecf3d6a0c17ac0118fcd907f17a314c1e822763b5504f,14b52b0b7a5e64f465c8b5a9c3a79385331fce120cd899b8ce691e6198e1cde3,False,,0.1628209799528122,0.18493391573429108,0.012780842371284962,0.34488165378570557,0.03705863282084465,0.9130208333333333,0.0,excluded,pre_generated_augmentation_unknown_provenance,,excluded,
data/Testing/meningioma/Te-aug-me_6.jpg,Te-aug-me_6.jpg,meningioma,1,Testing,True,23014,671f9a1dc502cad76d673f8cef8be068771e191c28d2881c78df959144ef4364,False,,512,512,1.0,JPEG,RGB,41d8a16ee0d92f160769bc8fa584351c1278e8c536d20430a547642c2bf50969,44a4d99b3e52a4e1683d487635e030d073d367cf731ed369932c2734cc35d996,False,,0.13481038808822632,0.17577219009399414,0.0005770016578026116,0.2560604214668274,0.00225338083691895,0.9989583333333333,0.0,excluded,pre_generated_augmentation_unknown_provenance,,excluded,
data/Testing/meningioma/Te-aug-me_60.jpg,Te-aug-me_60.jpg,meningioma,1,Testing,True,21487,0b7665f24b1d3744429f17db15f866a5fe5ec07fec30ab496d28fe599c21dfc2,False,,512,512,1.0,JPEG,RGB,83d266d5f35561660c8af289bc1213541aaef15fcdf78d1782fd192ace8c9b81,11e890cc7e878e4b397a4933e5e1793e333731696c1c64874db1673666678638,False,,0.12397892773151398,0.15489377081394196,0.00479268841445446,0.2523792088031769,0.018990028649568558,0.9765625,0.0,excluded,pre_generated_augmentation_unknown_provenance,,excluded,
data/Testing/meningioma/Te-aug-me_61.jpg,Te-aug-me_61.jpg,meningioma,1,Testing,True,20239,bafb24418ee1b0ab4144dcb37222bb9269970b6c66f1df241f97c4de63c7d1b8,False,,512,512,1.0,JPEG,RGB,6a899267c63bdac4a85fe32a8ce343417b64cf7af5747c2054587d79a4d69859,17ad49f02f061e436978743e30f161a4269273c737cbc35ae60cce699a6ccdb4,False,,0.15216064453125,0.1711382120847702,0.015209355391561985,0.29312387108802795,0.05188712477684021,0.8703125,0.0,excluded,pre_generated_augmentation_unknown_provenance,,excluded,
data/Testing/meningioma/Te-aug-me_62.jpg,Te-aug-me_62.jpg,meningioma,1,Testing,True,19718,2534361844e089963ed95cf50018fb322b10ecc32a67b6bf85ec23a29cdf9104,False,,512,512,1.0,JPEG,RGB,2e97e1087b0cfb0a533f6e6ed48db95b3acb4ac6872ba0ba14b66c3103fabec4,16a578583b5e703d79b927b434e5cdc62653f29e3319926dc92c9c6198654993,False,,0.15206299722194672,0.1802072674036026,0.020208334550261497,0.29637524485588074,0.06818496435880661,0.84453125,0.0,excluded,pre_generated_augmentation_unknown_provenance,,excluded,
data/Testing/meningioma/Te-aug-me_63.jpg,Te-aug-me_63.jpg,meningioma,1,Testing,True,16878,46efdd53960c4f4d37694599e0fae5125f448e0548e57f3ee93d66c54d78bdd4,False,,512,512,1.0,JPEG,RGB,d08c17569d4daedb7762664b67100834eec69ae8431a5dbcee0416ddd2f31ccb,16956961785a7b1e61e1e1b165846786b69fc65ac65a996998699861d9a799a5,False,,0.1459956169128418,0.18375509977340698,0.0250367633998394,0.3132984936237335,0.07991345226764679,0.8565104166666667,0.0,excluded,pre_generated_augmentation_unknown_provenance,,excluded,
data/Testing/meningioma/Te-aug-me_64.jpg,Te-aug-me_64.jpg,meningioma,1,Testing,True,22626,aa85391048254b973546d38437e406cd3df3af3471cac2a31c49ab92c20a14f0,False,,512,512,1.0,JPEG,RGB,45f32a6467eabc28627d563d85d2fba2db2f8e600224e9e8e8cd85db4c4bb06d,150dc4017ea393b762d583dc6a563e1761cad8dae53f7870c67c654a9872612e,False,,0.20620548725128174,0.18875771760940552,0.0579707957804203,0.29867303371429443,0.19409450888633728,0.7815104166666667,0.0,excluded,pre_generated_augmentation_unknown_provenance,,excluded,
data/Testing/meningioma/Te-aug-me_65.jpg,Te-aug-me_65.jpg,meningioma,1,Testing,True,24396,087d8a8da82064e119684b4aef2d90b9aab02d3746c02b55ff756a6a192ba70a,False,,512,512,1.0,JPEG,RGB,163bb7e3f5502343b531100bb0fc3ca1fe8ec65200a7a92f8b7cc9404c4fe198,1140e1007ba0b6ad285d88bd2d4aa742a47fb95fb785c9f9725f66a50e6b2596,False,,0.16787733137607574,0.1527148187160492,0.056350089609622955,0.22691293060779572,0.24833352863788605,0.73203125,0.0,excluded,pre_generated_augmentation_unknown_provenance,,excluded,
data/Testing/meningioma/Te-aug-me_66.jpg,Te-aug-me_66.jpg,meningioma,1,Testing,True,24502,b409c52e25695d68240d11244cab0d7a6841827626fdf2fc30176da4b6908282,False,,512,512,1.0,JPEG,RGB,9bbf3b662b0aa147e7de9856da8c533c465c0ffb00f0d70ea7efb192f0b37811,005fc06e5fa0abd16c465f40294a3caf650c38bf36b5645c7cb6ba6072d171f3,False,,0.15771055221557617,0.15198475122451782,0.032592933624982834,0.23479436337947845,0.1388148069381714,0.8080729166666667,0.0,excluded,pre_generated_augmentation_unknown_provenance,,excluded,
data/Testing/meningioma/Te-aug-me_67.jpg,Te-aug-me_67.jpg,meningioma,1,Testing,True,24070,83fc0e469851eaf9ac54451f7433c67bd7af72910d659e9deccbcd87a39d96fe,False,,512,512,1.0,JPEG,RGB,e50e8056ff845c06c4d0ae3c0e606c67dcc4efd9efa77ecdc9a49af408bf0b56,057a85506e81d6a77c1f5ae97178c95ab0b434bc4a1b79614b4f72d74cb5830b,False,,0.2329333871603012,0.2171381562948227,0.04806066304445267,0.36962318420410156,0.13002610206604004,0.8057291666666667,0.0,excluded,pre_generated_augmentation_unknown_provenance,,excluded,
data/Testing/meningioma/Te-aug-me_68.jpg,Te-aug-me_68.jpg,meningioma,1,Testing,True,23734,c66d7e736fbfda9a0b44527d466fc8d127294ed9699df46c8977251df371d4bc,False,,512,512,1.0,JPEG,RGB,f983e020d75ae085d0e654addd5044d2c5a24119522c2175da3e355b953dbd19,1548f0893ead8f722956f9026d4a1e3d24bdd850f38569c88cfc31af985e679c,False,,0.18781453371047974,0.18497304618358612,0.02752859704196453,0.3136958181858063,0.0877557024359703,0.84765625,0.0,excluded,pre_generated_augmentation_unknown_provenance,,excluded,
data/Testing/meningioma/Te-aug-me_69.jpg,Te-aug-me_69.jpg,meningioma,1,Testing,True,21341,4b27e614433bb752cc585e1123793967e8c9c2f17b32367fac0388b4c987c1d3,False,,512,512,1.0,JPEG,RGB,f990c638b8162c42748d94b050f519c5ac5587d8874501561f56d0dea2d3bd18,15e897ea6e07c685613c5a163d91397b361b64f1c278628cd9e1365a39873b33,False,,0.16023021936416626,0.17094293236732483,0.03782067075371742,0.2873266935348511,0.13162951171398163,0.8484375,0.0,excluded,pre_generated_augmentation_unknown_provenance,,excluded,
data/Testing/meningioma/Te-aug-me_7.jpg,Te-aug-me_7.jpg,meningioma,1,Testing,True,23533,5cc599d240c887430115be897b8c56e8c3414a45c5c1d4b87eacbdbf74bfe4ea,False,,512,512,1.0,JPEG,RGB,815984c4c231084d02efd8989c7ded0a7f77b68b80d747683a287dccb24a8774,15eaa54a7a95ed146b5687816c6bcc9c61e99a1a6da7186066bcd96b4c1a718f,False,,0.203596293926239,0.19689349830150604,0.024698734283447266,0.36530429124832153,0.06761139631271362,0.8395833333333333,0.0,excluded,pre_generated_augmentation_unknown_provenance,,excluded,
data/Testing/meningioma/Te-aug-me_70.jpg,Te-aug-me_70.jpg,meningioma,1,Testing,True,19421,116d82e64050494a151d60e9c77e393ed64bc5ac9d4e259dee6db4590697ecd1,False,,512,512,1.0,JPEG,RGB,7c03527a36c34babd6d54ada2fd0d9faf051b530ad04cac92ec5aaf19c9af056,17a596e53a56da1a7c5a191931b96c2dd30266644f6e79926c68738e3cb1662d,False,,0.14507266879081726,0.16531714797019958,0.01702716574072838,0.2957988679409027,0.05756332352757454,0.8786458333333333,0.0,excluded,pre_generated_augmentation_unknown_provenance,,excluded,
data/Testing/meningioma/Te-aug-me_71.jpg,Te-aug-me_71.jpg,meningioma,1,Testing,True,23781,911be68322bdb02c311bd69ae585ad06b540cce2061a89610f924208f812dea9,False,,512,512,1.0,JPEG,RGB,9a31da88247ca8b823154aab0b1bd3e24488657d9cc776f388d49a6a53f39581,42b5d2352b42cbca3c0f6c1f70f039b935c934f4c26d73d3393432479cd2962e,False,,0.13227754831314087,0.165009543299675,0.005930351559072733,0.2415192425251007,0.024554364383220673,0.9846354166666667,0.0,excluded,pre_generated_augmentation_unknown_provenance,,excluded,
data/Testing/meningioma/Te-aug-me_72.jpg,Te-aug-me_72.jpg,meningioma,1,Testing,True,21445,9876d54fe742e4b05b5c73e67d1cef118ddb4b9c34e0b9d9764338241d2d3174,False,,512,512,1.0,JPEG,RGB,83e073dcf0f1e2750712f564f892d7b97a1d064e61a5409868e0132df5072403,05e895e02f52ce97781f1e1966f0e86a665a69bc639b39969a6c66464c646799,False,,0.1650591790676117,0.17562061548233032,0.02135314606130123,0.30402594804763794,0.07023461908102036,0.88828125,0.0,excluded,pre_generated_augmentation_unknown_provenance,,excluded,
data/Testing/meningioma/Te-aug-me_73.jpg,Te-aug-me_73.jpg,meningioma,1,Testing,True,13820,ce23ac0fb3e2ed20ba5eaf23075ecb91eafaf5956d9c037bcdc3f514b51627c8,False,,512,512,1.0,JPEG,RGB,ad71cfa7416bb78702220e20e7925d85c82e1b9c077af0888a1066a9af3dbc59,16857a7a685ac5a165a19e1e86d29879964779a5993e659e1971665a6cc59e61,False,,0.11114071309566498,0.1712392419576645,0.0006168300751596689,0.30233034491539,0.0020402518566697836,1.0,0.0,excluded,pre_generated_augmentation_unknown_provenance,,excluded,
data/Testing/meningioma/Te-aug-me_74.jpg,Te-aug-me_74.jpg,meningioma,1,Testing,True,16367,f3580fca487c8943b440ed7e2e23eb87bda76b2aab89698739479bfdff1ca703,False,,512,512,1.0,JPEG,RGB,20a3a582caaca57510292a669d486fa9657f5b4c39344f05386cec245ce85416,17a1685a785ea7a165e19e16276a9878cda599e5669e698e3658679c9261663c,False,,0.12924063205718994,0.18568696081638336,0.0018770425813272595,0.32640358805656433,0.00575067987665534,1.0,0.0,excluded,pre_generated_augmentation_unknown_provenance,,excluded,
data/Testing/meningioma/Te-aug-me_75.jpg,Te-aug-me_75.jpg,meningioma,1,Testing,True,25875,cdb5ae7f4614402d3db2fec2b04abfab0a8a8bc5e1613f8e345d07e4324ff59b,False,,512,512,1.0,JPEG,RGB,e434a01a6a78a5154f1490bf764c3cfeb003964206e20ddbfdf1713b355c320f,43fcc3d66b52d3332c1b486c74fc934332686c1b3191ccbc33479e647b2d3cc1,False,,0.166223406791687,0.16129165887832642,0.03672896325588226,0.2825070917606354,0.13001076877117157,0.7796875,0.0,excluded,pre_generated_augmentation_unknown_provenance,,excluded,
data/Testing/meningioma/Te-aug-me_76.jpg,Te-aug-me_76.jpg,meningioma,1,Testing,True,17936,31e53866284f80e087bc5f5fe282a9393be49514e2eac1fc42846e987f213b17,False,,512,512,1.0,JPEG,RGB,1e938ad5ee6038a9de0cceeb6db8e18a293ef59f5036e9caf4038053727c9db0,13a53d38685e666564e9a78761939196c30e96926e6cce61cc7199a5c9e73d86,False,,0.14566674828529358,0.18327496945858002,0.018965482711791992,0.3086990714073181,0.06143679842352867,0.8515625,0.0,excluded,pre_generated_augmentation_unknown_provenance,,excluded,
data/Testing/meningioma/Te-aug-me_77.jpg,Te-aug-me_77.jpg,meningioma,1,Testing,True,24136,9177faf6b56471e3c94dbd939523b787a22e48fd7fdaef5fc6e27c353f4724f9,False,,512,512,1.0,JPEG,RGB,fc61b4d1ac8359e9c311de705ea86c14018670286438375f119d565cd7d8958a,40ef4e042bd027c87d0ba42724ed3cb434d433d13393b34a9b67cb27cf0fcb34,False,,0.15462958812713623,0.1636217087507248,0.022808415815234184,0.24354800581932068,0.09365059435367584,0.84921875,0.0,excluded,pre_generated_augmentation_unknown_provenance,,excluded,
data/Testing/meningioma/Te-aug-me_78.jpg,Te-aug-me_78.jpg,meningioma,1,Testing,True,18007,0696f1968b3c49a56bf359140b88adc3f8902237db8d9b4ac4cf123295239779,False,,512,512,1.0,JPEG,RGB,f3f9b68cd6f29a45f091a31610a8a81f0acd5a80ba0bc8080cc22e3ef0003608,13a1c9a96a5e36d664ec686a31c1b1a5938fc396ca3c665b8c319469dcf3cb25,False,,0.12149849534034729,0.17224246263504028,0.0005514706135727465,0.2809829115867615,0.0019626482389867306,1.0,0.0,excluded,pre_generated_augmentation_unknown_provenance,,excluded,
data/Testing/meningioma/Te-aug-me_79.jpg,Te-aug-me_79.jpg,meningioma,1,Testing,True,23148,570248a1e2567358fd76253e2d1b75052012c4023cf43b5904df1355093e07aa,False,,512,512,1.0,JPEG,RGB,d62bacfaee3510a3fe330440cf935cf19dd2591c9845f43d54a7179680b539a4,04551ff65f28f8c528b7655e614097eacd2a87a5909f56dc9e719874d9c0f842,False,,0.1633715033531189,0.1561383455991745,0.045010216534137726,0.23413950204849243,0.1922367513179779,0.771875,0.0010416666666666667,excluded,pre_generated_augmentation_unknown_provenance,,excluded,
data/Testing/meningioma/Te-aug-me_8.jpg,Te-aug-me_8.jpg,meningioma,1,Testing,True,20368,0fe64f57b8cc5c8e9aa9dfdeb8a0ca1cf1d6ec3bdb3f8c298c852288dbae9313,False,,512,512,1.0,JPEG,RGB,2140754cd75063a8bbc02f1df7e1d4ea3dde74a561732c10517931afef99efd8,17a13cce7a576c6c307aa5b069e9b7b326856296961ac6581e7887694cc599e5,False,,0.14588481187820435,0.16066569089889526,0.022899305447936058,0.27074238657951355,0.08457968384027481,0.8739583333333333,0.0,excluded,pre_generated_augmentation_unknown_provenance,,excluded,
data/Testing/meningioma/Te-aug-me_80.jpg,Te-aug-me_80.jpg,meningioma,1,Testing,True,26131,5bfe4701abefa5f2df5e4192c709b7ac80ccfe630c847bb23b41f13ba689faa0,False,,512,512,1.0,JPEG,RGB,37681683ce69b40d0bf9b4100d2155b7444b540c8c5cc246532e4a82939e88c6,444c5aa30afcad9f4f2049467d8f3d79212f7c2c3cbd21d57cf230b232c02cdb,False,,0.1876254379749298,0.155484139919281,0.059402577579021454,0.2423732578754425,0.2450871765613556,0.7388020833333333,0.0,excluded,pre_generated_augmentation_unknown_provenance,,excluded,
data/Testing/meningioma/Te-aug-me_81.jpg,Te-aug-me_81.jpg,meningioma,1,Testing,True,13180,b0251b7a06ddf9fca0e592d2e0cc3cae2ce56efd84fe4878ab24b9f85d37267a,False,,512,512,1.0,JPEG,RGB,298322038d2e2270ca41a7e4aeca31fba7f483aa7897e258bfd265c26c0db592,49b0d1f02e4b2e4b39bc39bc62f266f0e3c0938b9b0bc63dcc6dcc3498648cf3,False,,0.08284840732812881,0.13563372194766998,0.0008813317981548607,0.20783454179763794,0.004240545444190502,1.0,0.0,excluded,pre_generated_augmentation_unknown_provenance,,excluded,
data/Testing/meningioma/Te-aug-me_82.jpg,Te-aug-me_82.jpg,meningioma,1,Testing,True,20345,be7e0ecae92bb29e25fde33bc9b1305daae57bd808b88040686ed0239afb0d85,False,,512,512,1.0,JPEG,RGB,41923135a3eda584c1db2e7885426fb05dacf97f34f4f31d629b6d63e43a1843,446f68d43f80316b361fcde15a7cc3c3b3686b0f8c971c3e6c7530d8734283c5,False,,0.14410808682441711,0.17426078021526337,0.04363153874874115,0.25670671463012695,0.16996648907661438,0.8408854166666667,0.0,excluded,pre_generated_augmentation_unknown_provenance,,excluded,
data/Testing/meningioma/Te-aug-me_83.jpg,Te-aug-me_83.jpg,meningioma,1,Testing,True,22494,47579f26df36e2f2a4437b6f09f4ea7432a18c17572096c37dccd0aa2b882d4f,False,,512,512,1.0,JPEG,RGB,a137fbeeb5909b21d4198cc5647774ebffaf022b733850dc0ef69ee89bff1126,114a5ea53fb1704a6b17f07a656861e3e4ad2787c6879c1e9a78994a99e1d1e1,False,,0.18791073560714722,0.18352137506008148,0.03274510055780411,0.3054180145263672,0.10721404105424881,0.77890625,0.0,excluded,pre_generated_augmentation_unknown_provenance,,excluded,
data/Testing/meningioma/Te-aug-me_84.jpg,Te-aug-me_84.jpg,meningioma,1,Testing,True,17630,97cdc7b2263117cd739308e7cf0e44eb3b49d9c20e05e70f8e6a54b884615521,False,,512,512,1.0,JPEG,RGB,05a84ca931713612e47aca12e9fa9dbd038bb502cdbb35cac0b0c8c4c22a3eb8,42f41b832f4bcc7c31bd0fe026d2310fc64b63309b2dccdb9934d34dcdb29964,False,,0.11701565980911255,0.16443990170955658,0.0006535947904922068,0.27902787923812866,0.002342399675399065,1.0,0.0,excluded,pre_generated_augmentation_unknown_provenance,,excluded,
data/Testing/meningioma/Te-aug-me_85.jpg,Te-aug-me_85.jpg,meningioma,1,Testing,True,21970,a8be16e3290ee90ebda059c103e2cbed767e3a42a73bee5fd5ba96fadb403143,False,,512,512,1.0,JPEG,RGB,f0cff52f1ee95a61c02f7168e481dd5cf2dc7a78a68dc0b00e092c2210fbdd20,51aad2466a949b98295a6a4bc1a9496b36853dad195e3296cf6d9f5a27b40979,False,,0.13959291577339172,0.15624947845935822,0.04772774130105972,0.22724896669387817,0.21002401411533356,0.8026041666666667,0.0,excluded,pre_generated_augmentation_unknown_provenance,,excluded,
data/Testing/meningioma/Te-aug-me_86.jpg,Te-aug-me_86.jpg,meningioma,1,Testing,True,14143,1791aab487b999852df45c13c211ca8184359beb3e7e60085ddc52476a15b675,False,,512,512,1.0,JPEG,RGB,77b733a84a7f13ac6eddb40016e244c8bfb3d393948b335acef081498f71de45,41b02f4b3e46d0bc39bdc6c26274990b36e0cc6c939399f0664f34c3d93c738f,False,,0.09184260666370392,0.1423712968826294,0.0008895016508176923,0.22408951818943024,0.003969402983784676,1.0,0.0,excluded,pre_generated_augmentation_unknown_provenance,,excluded,
data/Testing/meningioma/Te-aug-me_87.jpg,Te-aug-me_87.jpg,meningioma,1,Testing,True,24960,8091f0242937e2ee9c62209ee6107293ced6d5beeee45a72eb27dc6d4d9d1664,False,,512,512,1.0,JPEG,RGB,a047f7042e259b5a7c1d19a6ddb6634e7f533055acdd79faa4aff3fa30ec7cef,155a1be43eab688c2a5770db69486161319be58d46afa6bcceb49c7698f0d862,False,,0.21167615056037903,0.18691770732402802,0.040844567120075226,0.3198261559009552,0.12770865857601166,0.8174479166666667,0.0,excluded,pre_generated_augmentation_unknown_provenance,,excluded,
data/Testing/meningioma/Te-aug-me_88.jpg,Te-aug-me_88.jpg,meningioma,1,Testing,True,23906,18c84182c0452289fccfd8f27cac45cf256e90d7c121d377c4255533bd7e7b21,False,,512,512,1.0,JPEG,RGB,1c5c11c1608f67062e2040c9a88f8e0ef92020c145665e476be6422b389652f3,14bf0b6a7e95788d2d5ef85b31a869a33581e684263e9692ce1a9e7a9a488e69,False,,0.1531357765197754,0.163463294506073,0.022611316293478012,0.24301472306251526,0.09304504841566086,0.8700520833333333,0.0,excluded,pre_generated_augmentation_unknown_provenance,,excluded,
data/Testing/meningioma/Te-aug-me_89.jpg,Te-aug-me_89.jpg,meningioma,1,Testing,True,23174,9dbc4ef4d2f074de6366f0031d27da36ed55e5945dbd3af46ab9d018f5d97069,False,,512,512,1.0,JPEG,RGB,4a6ad377a1a2c96541b48605355ddcc5dda791143df1395549860d1af24db45c,17a579787a1e39c768d961ad6364a59365853616329ec61aa66a26791b79c863,False,,0.15205270051956177,0.17460498213768005,0.015505516901612282,0.29914218187332153,0.051833268254995346,0.92734375,0.0,excluded,pre_generated_augmentation_unknown_provenance,,excluded,
data/Testing/meningioma/Te-aug-me_9.jpg,Te-aug-me_9.jpg,meningioma,1,Testing,True,27439,9791d9181fb18bff021ba64c72c788ac9d29c9f7eb5d477e50ff6822650ae8e8,False,,512,512,1.0,JPEG,RGB,6ded9d03a434423b3082384509950caad65656fe5292b1ec06216a89f0688a8c,5589dfa202fdac51093b094e2f7a842d4dd99fbe66e63fd457bab84066401649,False,,0.15422363579273224,0.1204627975821495,0.08303309231996536,0.18230605125427246,0.4554598927497864,0.6208333333333333,0.0,excluded,pre_generated_augmentation_unknown_provenance,,excluded,
data/Testing/meningioma/Te-aug-me_90.jpg,Te-aug-me_90.jpg,meningioma,1,Testing,True,24359,81e294df780dcba40242224539d24fba306d44ce1d945541df61cd6edf8f3546,False,,512,512,1.0,JPEG,RGB,48e82190674b2e0aad4305136703a1ab4d9fe5de7f078af0598072d260eb95ba,15152b5357aa784a18b7666f6a54f1e1295a6785252b658b06ade63c9a34d6b5,False,,0.2121402621269226,0.17912831902503967,0.08869995921850204,0.2759976387023926,0.3213794231414795,0.6919270833333333,0.0005208333333333333,excluded,pre_generated_augmentation_unknown_provenance,,excluded,
data/Testing/meningioma/Te-aug-me_91.jpg,Te-aug-me_91.jpg,meningioma,1,Testing,True,22549,1a437246122c0734aab8ae197bbac7a7c413e26dbaf8937a8672541b431b1808,False,,512,512,1.0,JPEG,RGB,55a6907d584ecc6aee4e9428520871b468469bb4e4537a1cd5f652852ed449dd,07a585a53f168f9669b1584f784f7879c61a25b69a69334b19e16e586592da31,False,,0.161458820104599,0.18852868676185608,0.029303517192602158,0.3010426461696625,0.09734008461236954,0.8619791666666666,0.0,excluded,pre_generated_augmentation_unknown_provenance,,excluded,
data/Testing/meningioma/Te-aug-me_92.jpg,Te-aug-me_92.jpg,meningioma,1,Testing,True,17186,cb6e62759c58a6890a70ce2f883b6beca227762137bf3edaa2b897fa9d017b6d,False,,512,512,1.0,JPEG,RGB,cf07c272e3556da86a6bea6b5f990d342fa28fe25064e352d00bc20757f53679,16e09d987a17e66361f8685ee6a13189c7866697325a8e78cc69b163cc6199e7,False,,0.10875269025564194,0.15839725732803345,3.0637256713816896e-05,0.2653856873512268,0.0001154442725237459,1.0,0.0,excluded,pre_generated_augmentation_unknown_provenance,,excluded,
data/Testing/meningioma/Te-aug-me_93.jpg,Te-aug-me_93.jpg,meningioma,1,Testing,True,25746,3b48b20e7bdf4b6932c47fed6d92563395fef8e1dbf34bdad00ddc09e6b78440,False,,512,512,1.0,JPEG,RGB,3692cb3c1e64c705f75b3448ef8645176a807b335bd4f8df539d440cd42cade0,05fc91b45ea59ee8791bce07687a891e466b786869a8d86121e46d7199cd6da5,False,,0.17160359025001526,0.16877010464668274,0.0411192812025547,0.26327359676361084,0.1561845988035202,0.89375,0.0,excluded,pre_generated_augmentation_unknown_provenance,,excluded,
data/Testing/meningioma/Te-aug-me_94.jpg,Te-aug-me_94.jpg,meningioma,1,Testing,True,17053,3530e9bc2542f4d4426043543e0af8d7f25ca4c087aa247399f65ca8a410f2a5,False,,512,512,1.0,JPEG,RGB,c27b6206126fdb6611eaf87d4437769b0dba2e479d4a991f5fb1479b800f2861,17e16667781e399861f896a5e6a7ce76861e9948325ae987cc79cdb48c612638,False,,0.10923521965742111,0.15897145867347717,0.0006944445194676518,0.26810377836227417,0.0025902078486979008,1.0,0.0,excluded,pre_generated_augmentation_unknown_provenance,,excluded,
data/Testing/meningioma/Te-aug-me_95.jpg,Te-aug-me_95.jpg,meningioma,1,Testing,True,20548,7e839fffc6b7402cb20a910e335fe08c81f25fb0f819face41582591e8ea04a0,False,,512,512,1.0,JPEG,RGB,05e6b1959ca06894f51f4823530063e90f5fb0088688e7c757596baa49d6358e,17a985a97e979e97615a3a1e6e2d29619cf061a79968661c630d99c365b091cf,False,,0.1707553118467331,0.19913490116596222,0.04183926060795784,0.31953221559524536,0.13093909621238708,0.8440104166666667,0.0,excluded,pre_generated_augmentation_unknown_provenance,,excluded,
data/Testing/meningioma/Te-aug-me_96.jpg,Te-aug-me_96.jpg,meningioma,1,Testing,True,21300,3086869a02d5ada365c111cda40cb8de0191fa209b72a9f56804c15d56c45aa9,False,,512,512,1.0,JPEG,RGB,01dbad7a5e4eaf244a196ff97dba18d7f4401be4227452b67c757e5f3f3f3ef1,502fc21f6b54cdf825ea0b44b7256c2fc6d165f0db6a32d21d38130334f4cc7d,False,,0.1782863438129425,0.18521013855934143,0.03889399766921997,0.32221490144729614,0.12070824950933456,0.86171875,0.0,excluded,pre_generated_augmentation_unknown_provenance,,excluded,
data/Testing/meningioma/Te-aug-me_97.jpg,Te-aug-me_97.jpg,meningioma,1,Testing,True,16086,8e72e307f764338c460dc204c5266c424b265b367a86e26682798373e152b88d,False,,512,512,1.0,JPEG,RGB,6465df43b92b9e8f4869a41650bd90f027c305e03d29f2ce980c2fa03a2acd5c,17a16c1e785eb1e165e1969733974f5a964c9861db3c6ca698f331864d876618,False,,0.12131084501743317,0.16987356543540955,0.0009415850508958101,0.2932540774345398,0.0032108165323734283,1.0,0.0,excluded,pre_generated_augmentation_unknown_provenance,,excluded,
data/Testing/meningioma/Te-aug-me_98.jpg,Te-aug-me_98.jpg,meningioma,1,Testing,True,19021,8c6fe9225ed2f90e503cb70b2a0ce7e45a7402e424ee39ba49905361de9de77c,False,,512,512,1.0,JPEG,RGB,ae89f86cdcc2215caf81891f7a6f9216a6de81a28e24daa7ff6fa2b4ad56f578,46f03cce2f0be3a139ac9a3f66b2c4c0864b3b239b0dc93cd9343cb2ccf2c4cb,False,,0.131593719124794,0.18608583509922028,0.0012816585367545485,0.29362553358078003,0.004364942200481892,1.0,0.0,excluded,pre_generated_augmentation_unknown_provenance,,excluded,
data/Testing/meningioma/Te-aug-me_99.jpg,Te-aug-me_99.jpg,meningioma,1,Testing,True,22870,686e3d8195a1ccb243316334478b310fde96a0517a32fddd04782e504efc960c,False,,512,512,1.0,JPEG,RGB,af3fc43cab8a5ad34d4f0cbb914bc724f38398048cc2a0bd68827365931fbadc,17e8391b7a1762a4695a60d265e96f0f658fc4b596649e169cdadae09bc31849,False,,0.21839289367198944,0.22726082801818848,0.035165444016456604,0.4098546504974365,0.08579979091882706,0.8341145833333333,0.0,excluded,pre_generated_augmentation_unknown_provenance,,excluded,
data/Testing/meningioma/Te-me_159.jpg,Te-me_159.jpg,meningioma,1,Testing,False,28301,6f41b1588a32f33ec72b5d3a277d2a84a3bbc7b030b50dd54b3733f75653e926,False,,300,345,0.8695652173913043,JPEG,RGB,ab6a0e8a2752f9b561be40352d11a5e3ea2613eb9bf687da31228e0cbcc8db38,40ed64cc3b926f123c0bb0ed70fd4e9033cac38fcd259c3e62618b797d269c62,False,,0.19823023676872253,0.2044707089662552,0.0591360367834568,0.33210211992263794,0.17806582152843475,0.0046875,0.0,excluded,perceptual_duplicate_group_with_label_conflict,,excluded,dup_01539
data/Testing/meningioma/Te-me_198.jpg,Te-me_198.jpg,meningioma,1,Testing,False,28353,f55311fb8ccf1b86450233262bd00b176bd1c404e5849b59c0a3cd5e4440626b,False,,341,395,0.8632911392405064,JPEG,RGB,a7ae7ded29c8dc554439ee5ffc1c678f8b1512e7d1aafb9fdbbb93859e387bae,41140ceb11634b340abb3fc17cf2e2146bc5b9423c0f6c4fe1e3d07e3f3c9d29,False,,0.33340775966644287,0.19935253262519836,0.1506362408399582,0.40135857462882996,0.3753158748149872,0.5236979166666667,0.00026041666666666666,excluded,redundant_exact_decoded_rgb_duplicate,data/Testing/meningioma/Te-me_179.jpg,excluded,dup_02071
data/Testing/meningioma/Te-me_208.jpg,Te-me_208.jpg,meningioma,1,Testing,False,32046,b31d723ab6491c8da12fddc8b756b398e5f35cf08f063f092b1a8c7cbc2d78c3,False,,442,442,1.0,JPEG,RGB,31a9a72bc9a5e909403afffeab3496896713ad0e85e2f16dfb3f58f279a4be6a,42d23f1b2d2df0b470f40f4736cbd83c931999b1c93d6ec3cce466246cc266d2,False,,0.2069295346736908,0.2919772267341614,0.0,0.5040192604064941,0.0,1.0,0.0,excluded,redundant_high_similarity_perceptual_duplicate,data/Testing/meningioma/Te-me_202.jpg,excluded,dup_02059
data/Testing/meningioma/Te-me_235.jpg,Te-me_235.jpg,meningioma,1,Testing,False,37473,86847c6a4729a4b19bf1b3f58905c68812c6f75ea680c0ccb1621b94e165d16f,False,,455,500,0.91,JPEG,RGB,ec5f9c331517a1e1958d68d76c9cde210cdaa45a676af0fa75947e55a042bfd5,447e73a56ee0ad563903cc6a391f84a13cfc319579f8369661e1339a61c3335a,False,,0.29572349786758423,0.24544298648834229,0.06244894117116928,0.4893229603767395,0.12762315571308136,0.46015625,0.0018229166666666667,excluded,redundant_exact_decoded_rgb_duplicate,data/Testing/meningioma/Te-me_116.jpg,excluded,dup_01967
data/Testing/meningioma/Te-me_252.jpg,Te-me_252.jpg,meningioma,1,Testing,False,11881,67783a1aeb696e36c1be2bc1af3c0a02d3f61d32248b5bfa2840b22a72b8484e,False,,213,237,0.8987341772151899,JPEG,RGB,58a0132c74bcf9634b0a41abf9a394a4b7909c8e42a655a6abe1a5e13d13104e,4005e0fd19e83d68c77fe2005de031fae9a0e4701eab3578e38d7de338c7e0e8,False,,0.31761956214904785,0.1973406821489334,0.21643280982971191,0.3932914137840271,0.5503115653991699,0.014322916666666666,0.01171875,excluded,redundant_high_similarity_perceptual_duplicate,data/Testing/meningioma/Te-me_2.jpg,excluded,dup_01479
data/Testing/meningioma/Te-me_262.jpg,Te-me_262.jpg,meningioma,1,Testing,False,62465,d122fa995de9d5266344d97c7e2d6973210911f4c8e549575c873b82aee3ae2a,False,,591,650,0.9092307692307692,JPEG,RGB,e5a8adcd09ecd4f321b10520be3e1a2f4e2d6c399db66307b23707be4101e719,10622d2e4bcdb2816d01da7f3d1fcb783c7a9b607869cdcb30f169c369a43187,False,,0.34414589405059814,0.2984364926815033,0.05110498517751694,0.5269732475280762,0.0969783291220665,0.89375,0.01640625,excluded,redundant_high_similarity_perceptual_duplicate,data/Testing/meningioma/Te-me_214.jpg,excluded,dup_01526
data/Testing/meningioma/Te-me_42.jpg,Te-me_42.jpg,meningioma,1,Testing,False,12668,19f85781d3642a0c0a9d3831265070195500ff2f41feb84cf72bb87b12060e7e,False,,214,235,0.9106382978723404,JPEG,RGB,b6d62b8f07a3b9bb0c4d06a04af01fd1088efdfdd330dab32fdda4fdedcbf8d3,10722d2e4bcdb2816d01da7f3d1fcb783c7a9b607869cdcb30f069c369a43187,False,,0.34394389390945435,0.3004337251186371,0.05092932656407356,0.5289139747619629,0.09629037976264954,0.8950520833333333,0.01640625,excluded,redundant_high_similarity_perceptual_duplicate,data/Testing/meningioma/Te-me_214.jpg,excluded,dup_01526
data/Testing/meningioma/Te-me_45.jpg,Te-me_45.jpg,meningioma,1,Testing,False,7624,f813b3d84d164a5b7e87174946eb5c7acaae34e62b480bb31bcb0d6d518986b1,False,,210,240,0.875,JPEG,RGB,6d7ae6ed2ac98f87521be0a7be24277cdeefb9a7ff33e8069f647cb239910a62,107f1b621ea0f81f6857e4e8697a858169619e0f61a59a5a37977978369e6523,False,,0.17371660470962524,0.18283115327358246,0.009671160951256752,0.24264131486415863,0.03985784947872162,0.9927083333333333,0.0,excluded,redundant_exact_decoded_rgb_duplicate,data/Testing/meningioma/Te-me_182.jpg,excluded,dup_05363
data/Testing/meningioma/Te-me_50.jpg,Te-me_50.jpg,meningioma,1,Testing,False,9781,189c6dfd75947dadad4abd3daff45ce9d5b1909c9eea812d796eca85896f39e2,False,,225,225,1.0,JPEG,RGB,f3460db28c01f246874b3a961fe63ab79809faa5850fc62acbb6a72276335295,10631a637f86611c6d95e463327ba6c86c848d85797ef399259ac59367b86671,False,,0.25521862506866455,0.20473110675811768,0.05856719985604286,0.4555204510688782,0.12857204675674438,0.7528645833333333,0.0,excluded,perceptual_duplicate_group_with_label_conflict,,excluded,dup_02099
data/Testing/meningioma/Te-me_61.jpg,Te-me_61.jpg,meningioma,1,Testing,False,33797,b8a42737f41cb71d02cc8f6ea840c15f91ec938639d089be773149eb7cd878a6,False,,554,554,1.0,JPEG,RGB,b3ef0b2b435691c79679cba23f1548c32ccf9e1f0b99def4ac9ca2ce4ec163d5,10631a637f86611c6d95e463367ba6c86c848d85797ef399249ac59365b86673,False,,0.25532323122024536,0.20449884235858917,0.05870302394032478,0.45551562309265137,0.1288715898990631,0.7489583333333333,0.0,excluded,perceptual_duplicate_group_with_label_conflict,,excluded,dup_02099
data/Testing/meningioma/Te-me_70.jpg,Te-me_70.jpg,meningioma,1,Testing,False,8737,69c1c453795ef46d2c171bafe4d4af47b0f059026d3e231227668cd7c8928068,False,,228,221,1.0316742081447965,JPEG,RGB,dec15790f11c94a6a667563462162343b61dc03d1ce1a271694ae0f73619ea4d,446ef13c3e852fc1785ab18fa56de61c63b192383de55a7265868e4e30da9a61,False,,0.3544502854347229,0.22239218652248383,0.18014298379421234,0.48711514472961426,0.36981600522994995,0.0,0.00078125,excluded,redundant_exact_decoded_rgb_duplicate,data/Testing/meningioma/Te-me_295.jpg,excluded,dup_05439
data/Testing/meningioma/Te-me_96.jpg,Te-me_96.jpg,meningioma,1,Testing,False,34400,ba6bb4c25be87a339ccfda7a83e3d3018a19a9f2d7d53321c9dcf7a41d7134ee,False,,554,554,1.0,JPEG,RGB,588565301607c57cae754933e3f2e24aa81a5b106c24825501f58c1ca404f5b4,10631a637f86611c6d95e46336fba6c86c848d85795ed399259ac59365b86673,False,,0.2553098201751709,0.20451851189136505,0.05861826613545418,0.4554802477359772,0.1286955177783966,0.7520833333333333,0.0,excluded,perceptual_duplicate_group_with_label_conflict,,excluded,dup_02099
data/Training/meningioma/Tr-aug-me_1.jpg,Tr-aug-me_1.jpg,meningioma,1,Training,True,17624,e3f9ed802e33f06f97d6372201b8d7549ebfe8b24ec1c9fac184d6db2eb71880,False,,512,512,1.0,JPEG,RGB,dbd278436b024d1b9313bbc016e68bdc7a20ec86050426242b98c84cb8008c7b,11e062f17e07254a795ad9a965e8c67497a59962269e68c3661ac997ce71673c,False,,0.10818637907505035,0.13864481449127197,0.0010498367482796311,0.2063802182674408,0.005086905788630247,1.0,0.0,excluded,pre_generated_augmentation_unknown_provenance,,excluded,
data/Training/meningioma/Tr-aug-me_10.jpg,Tr-aug-me_10.jpg,meningioma,1,Training,True,22543,7c76187c5483f47479d962553ad0e41e7411fb949752aa1ee23003d38c9fa2ef,False,,512,512,1.0,JPEG,RGB,a20a52105c0244a4cbeff5c8d2fdd44c78d13b8461c5fdebb26d66f7ff7d7123,42f0c2d22f0f878d6c8d9ecd31b49b3c66f34c31329b3074626dccc3993c338f,False,,0.1508779525756836,0.1724804937839508,0.020586194470524788,0.29625746607780457,0.06948751211166382,0.9002604166666667,0.0,excluded,pre_generated_augmentation_unknown_provenance,,excluded,
data/Training/meningioma/Tr-aug-me_100.jpg,Tr-aug-me_100.jpg,meningioma,1,Training,True,23333,bae057adae86b07a451d1dda48ad4d5cc2f3df8231046a56e83a4bc3fbe143ee,False,,512,512,1.0,JPEG,L,0006a9eab966f748d86d7f60c664b5cc8b68cd54312e7fcbbd6f4563e08722c8,500f4f602bf287fe6f012da3342f261d7c9730fe307870d83378336973c1d1c5,False,,0.19844157993793488,0.18469274044036865,0.03137867525219917,0.3310748040676117,0.09477820247411728,0.7830729166666667,0.0,excluded,pre_generated_augmentation_unknown_provenance,,excluded,
data/Training/meningioma/Tr-aug-me_11.jpg,Tr-aug-me_11.jpg,meningioma,1,Training,True,24716,b1737294310774d3ff185e6f5ac909856792beb80406e250c6257ea18ebb2bb4,False,,512,512,1.0,JPEG,RGB,49326f0ed9d24e336f1f8765a785536112f4fb35dab91b6d7551f199f665e09d,150ae41b3eb197732a568fc461e8ba1e31911a7a46f759e54e1c6185dad8679c,False,,0.20555852353572845,0.1861657351255417,0.037428513169288635,0.3195236027240753,0.11713849008083344,0.8028645833333333,0.0,excluded,pre_generated_augmentation_unknown_provenance,,excluded,
data/Training/meningioma/Tr-aug-me_12.jpg,Tr-aug-me_12.jpg,meningioma,1,Training,True,25307,0615336a3a790d004a69464533500c3f751ae1896227fc94050ae92055e123e7,False,,512,512,1.0,JPEG,RGB,e8882a934bf6306b406d827de7a49e15e6cbce355b3639c945be3a99f91070f6,55484abd0a722cdc490a2163273f41200cbd0d9626621ed70dfb66dc3fdbcff9,False,,0.1492099165916443,0.10746416449546814,0.10361724346876144,0.17022250592708588,0.6087164878845215,0.5057291666666667,0.0,excluded,pre_generated_augmentation_unknown_provenance,,excluded,
data/Training/meningioma/Tr-aug-me_13.jpg,Tr-aug-me_13.jpg,meningioma,1,Training,True,23484,be311e134c1ecb5a2b1c54a637be3fdc1f9478c86cf0ff81994af636d501e3be,False,,512,512,1.0,JPEG,RGB,ba6089627a92cb69b2cd15a50382e2d4e2879302945091e3652d619b7a170525,156a1f127e8552ad6b5668d46c6a7b4267c961ad2da3278d661ce4bc96d09e34,False,,0.20861387252807617,0.19619545340538025,0.031239788979291916,0.3654727637767792,0.08547774702310562,0.8223958333333333,0.0,excluded,pre_generated_augmentation_unknown_provenance,,excluded,
data/Training/meningioma/Tr-aug-me_14.jpg,Tr-aug-me_14.jpg,meningioma,1,Training,True,25050,428de1d6127d05e900bba8e224c889cadce08ce1d7855cf90d0443a5bc30e458,False,,512,512,1.0,JPEG,RGB,be011843a4c3e3b5f6571a9dcbcdb399b6adb0311e6105e3ad63462186bf6155,4012584d0fefa9df3d8027787c0fac817c9fb63762dc28d6727032c86be993c1,False,,0.19149529933929443,0.1683347374200821,0.05725898966193199,0.2410118281841278,0.23757751286029816,0.7520833333333333,0.0,excluded,pre_generated_augmentation_unknown_provenance,,excluded,
data/Training/meningioma/Tr-aug-me_15.jpg,Tr-aug-me_15.jpg,meningioma,1,Training,True,23392,b374b2eaaa26536ef3f286950fe83ac53283437477bdb2d0c6127e23f408b440,False,,512,512,1.0,JPEG,RGB,47e8ef7593b141c1602d760221b997fdbb92194c9cbcd1a5fd724975b6c75615,50206ad02bff3d223fd0a42e7a0132b6f05f6969936cd2c14fe4cda6ce93ce1a,False,,0.19070303440093994,0.17882394790649414,0.04839767515659332,0.29385340213775635,0.16470006108283997,0.759375,0.0,excluded,pre_generated_augmentation_unknown_provenance,,excluded,
data/Training/meningioma/Tr-aug-me_16.jpg,Tr-aug-me_16.jpg,meningioma,1,Training,True,23900,3ca50538c2f1e669a4898e99fe4699b8e9884671689ff469b305beeab51a1661,False,,512,512,1.0,JPEG,RGB,0c84f4f0df0604df10126f7c065ccd9a688ad1d74f742917201031998b29b835,508de0036b52c7ca3d6b1ffd64bdd8c3e7809909385b25bcc74b25c2cf2d30c3,False,,0.16884192824363708,0.17241621017456055,0.03363868221640587,0.2755993604660034,0.12205646187067032,0.8338541666666667,0.0,excluded,pre_generated_augmentation_unknown_provenance,,excluded,
data/Training/meningioma/Tr-aug-me_17.jpg,Tr-aug-me_17.jpg,meningioma,1,Training,True,22957,a1859abd8bde50367403f5ec4f3fdb21e6f7bdf69d9b9dc19582d35c07910251,False,,512,512,1.0,JPEG,RGB,77849e849a504ea8e55be94cfc2565336752de5797c9963b54103d796a4b5937,502f60156bd4a5da3d4a36adf02fd68439f81a5f21e1ce6a6785987876969961,False,,0.16340549290180206,0.1634254902601242,0.02168811298906803,0.2634727656841278,0.0823163390159607,0.8260416666666667,0.0,excluded,pre_generated_augmentation_unknown_provenance,,excluded,
data/Training/meningioma/Tr-aug-me_18.jpg,Tr-aug-me_18.jpg,meningioma,1,Training,True,24097,640ec5310f19c9a43f0eaeb5967c76b657dde7341bfef749836f0878d2fc6d9d,False,,512,512,1.0,JPEG,RGB,f6b3c100186351679849c681912b708fd1a1bed20d2b383bf0ebd992dafae046,0562781c6e873977791ce5ea396ba1b0658f67867286e65a669a9a6a9c68c8e1,False,,0.16312257945537567,0.17665733397006989,0.033533498644828796,0.2628370523452759,0.127582848072052,0.8372395833333334,0.0,excluded,pre_generated_augmentation_unknown_provenance,,excluded,
data/Training/meningioma/Tr-aug-me_19.jpg,Tr-aug-me_19.jpg,meningioma,1,Training,True,21665,677f4096ad508cb37e84352be17f1e50637d14de7f6991029d7ece42b6ee9eb9,False,,512,512,1.0,JPEG,RGB,ebca6f144f753aafdafa6aa2a5377f6acc16ab07b3ca4c6b7efd147323a1b59f,16b449d32f1e3e4f69693e3c62e134b469d2f3cb3386270be24f261c6339922c,False,,0.15227507054805756,0.17307209968566895,0.0230412594974041,0.28933823108673096,0.07963433861732483,0.8416666666666667,0.0,excluded,pre_generated_augmentation_unknown_provenance,,excluded,
data/Training/meningioma/Tr-aug-me_2.jpg,Tr-aug-me_2.jpg,meningioma,1,Training,True,18940,a902146245b78be12e1ea3756c9fed28bb76868e64a735331cbf2050ba67fa62,False,,512,512,1.0,JPEG,RGB,cb244e9ac01b434df99268eff0507d24201ebb081b287191fdd2b2920457b538,16a19e153a1ec17869489bc36c6ec6de61e0ce5e71a71c3467979861664ec9e5,False,,0.14555570483207703,0.15737436711788177,0.01883578486740589,0.2705106735229492,0.069630466401577,0.8729166666666667,0.0,excluded,pre_generated_augmentation_unknown_provenance,,excluded,
data/Training/meningioma/Tr-aug-me_20.jpg,Tr-aug-me_20.jpg,meningioma,1,Training,True,26371,51eaab66e0daca0e5e1734d2898e47623fb43a9a5cd200667b506e5c19820745,False,,512,512,1.0,JPEG,RGB,c75c4567f03c7ea060118a27c11dbe2004e72cca1c4cc83809b37691ad731bb6,017f5fa06af139166a47ac5f79aaa47874a123a172876697835a932e4e589b69,False,,0.20096221566200256,0.17326891422271729,0.04991115629673004,0.28769344091415405,0.17348729074001312,0.7828125,0.0,excluded,pre_generated_augmentation_unknown_provenance,,excluded,
data/Training/meningioma/Tr-aug-me_21.jpg,Tr-aug-me_21.jpg,meningioma,1,Training,True,21903,bbc4a70b78085a0bdc003bdb33312c0f204671b2ef39711e90bf0cf81376caef,False,,512,512,1.0,JPEG,RGB,289ee51e3b572e72c66d748048a5b8165f7fe168b86ee2d2148241d6b11c4363,156e7a1e3f8168e12d52701d652a63f031f9e58567c32685661ec60fce761cf8,False,,0.16711163520812988,0.1552991420030594,0.04250817373394966,0.26443976163864136,0.16074803471565247,0.8161458333333333,0.0,excluded,pre_generated_augmentation_unknown_provenance,,excluded,
data/Training/meningioma/Tr-aug-me_22.jpg,Tr-aug-me_22.jpg,meningioma,1,Training,True,22607,00c8c3d53ff580796f5f765216735b7fb18da88eaacf5957b20c6ea1a6e33981,False,,512,512,1.0,JPEG,RGB,9e780a19c92c6bf80b75bbd0c8d08a4817af22add22d2b1ba3e9b2df288f6ea3,05e27a387a872d527c3cad2b30d034a9b1a5e3d766529b2fcb1ecf7a8c2c4825,False,,0.1820286214351654,0.18722529709339142,0.03430658206343651,0.3146781325340271,0.10902117937803268,0.8270833333333333,0.0,excluded,pre_generated_augmentation_unknown_provenance,,excluded,
data/Training/meningioma/Tr-aug-me_23.jpg,Tr-aug-me_23.jpg,meningioma,1,Training,True,23251,a8a34c2891545dba6ee909c7544a1913b595905f80390e441311f1e1e0957530,False,,512,512,1.0,JPEG,RGB,ecb2f58dc2c86ef40ff2e50cbdc5c4f94444520d6124722dc8897b5e7d19edc8,05d13e0f78aa68b06385f2552d47e71e85389ce396e99a2598c7c38f7b366318,False,,0.1978544294834137,0.19840437173843384,0.056425657123327255,0.34745997190475464,0.1623947024345398,0.7721354166666666,0.00078125,excluded,pre_generated_augmentation_unknown_provenance,,excluded,
data/Training/meningioma/Tr-aug-me_24.jpg,Tr-aug-me_24.jpg,meningioma,1,Training,True,22112,a507cd4b83f9e9bfaeaf2fd52ec78be0ea7555ef9425aaddb72c51cfe5fda35d,False,,512,512,1.0,JPEG,RGB,fdb4fe07ce293b51c493c3bcdf25c9c517117dc828333e7e5260296934590c32,056a59373e812a757d0fa0ea607cb5abd3e0aad5c783971ade4e892849799cb0,False,,0.18200397491455078,0.17449772357940674,0.04616217687726021,0.28844308853149414,0.16003911197185516,0.7697916666666667,0.0,excluded,pre_generated_augmentation_unknown_provenance,,excluded,
data/Training/meningioma/Tr-aug-me_25.jpg,Tr-aug-me_25.jpg,meningioma,1,Training,True,26069,33a007635d12454623593e931ab4a71d875c7f815f718042336658d8c7f6c58e,False,,512,512,1.0,JPEG,RGB,d75aeaa677906cf4f51c47649212feb088db96ecdc40b9b06942d9b258a46cf7,05175ae83fa0192678812672787f2dea703a39a5a6f9649373c6a60b539ee65a,False,,0.1642870306968689,0.1497892439365387,0.0550980418920517,0.2196653187274933,0.25082722306251526,0.7075520833333333,0.0,excluded,pre_generated_augmentation_unknown_provenance,,excluded,
data/Training/meningioma/Tr-aug-me_26.jpg,Tr-aug-me_26.jpg,meningioma,1,Training,True,14947,77dcdc83af80b8b1a9114e42a06e69c4e797c35ca57dbc7e92fb8ab20adee9b0,False,,512,512,1.0,JPEG,RGB,a16245b9d721ae79624b2c3df4d2cebd8b4a31dccfcf316964a35e746cd0b513,17e834e868176e953178936a67a5cda5261e9e169a58d8eac86919c3ccb3658f,False,,0.11068140715360641,0.14137443900108337,0.0012500000884756446,0.261106014251709,0.0047873277217149734,1.0,0.0,excluded,pre_generated_augmentation_unknown_provenance,,excluded,
data/Training/meningioma/Tr-aug-me_27.jpg,Tr-aug-me_27.jpg,meningioma,1,Training,True,23645,bf869906a484c9d578d1e85b4b7e5de35d0c0e0c76ee04f2264d8664d2d9fd8a,False,,512,512,1.0,JPEG,RGB,3d6469086cdd01d0a0725978c13a28e65c502ab94a50467f4853c5192958338d,50af9fe92fd04a543c2b394b734461a5613924f4678433863797669e661e965e,False,,0.16185759007930756,0.16538916528224945,0.030885418877005577,0.2758176326751709,0.11197768151760101,0.8078125,0.0,excluded,pre_generated_augmentation_unknown_provenance,,excluded,
data/Training/meningioma/Tr-aug-me_28.jpg,Tr-aug-me_28.jpg,meningioma,1,Training,True,20391,97f6d535a7a8bcc7d12e408745fcedce38b33e9d8ef05539d020d6b0ead67273,False,,512,512,1.0,JPEG,RGB,f2b82f8b0b29800d10ec5e116f0c115b0a7b6953ad4116811645337a9b7fd45f,50bdd0bd2ec21bd06d896c4f1f0f39b56c3d34be38e464f0619230c332d973c6,False,,0.1353343427181244,0.16313673555850983,0.021387869492173195,0.26014000177383423,0.0822167620062828,0.9552083333333333,0.0,excluded,pre_generated_augmentation_unknown_provenance,,excluded,
data/Training/meningioma/Tr-aug-me_29.jpg,Tr-aug-me_29.jpg,meningioma,1,Training,True,18687,3a7905745a9e1e3749f10d3743c19cad39dd25f732c2216267edf23e28ed4a42,False,,512,512,1.0,JPEG,RGB,4987e4befc0a9c14a4272bf03b74c3d1b4d3412ebd868359f80a586469859f63,17a1b49b7a16cbe461696b0b63856c3ca61a24f0cc6764c7996dd2ced8d29b2c,False,,0.13414834439754486,0.18214616179466248,1.4297385860118084e-05,0.29259729385375977,4.8863697884371504e-05,1.0,0.0,excluded,pre_generated_augmentation_unknown_provenance,,excluded,
data/Training/meningioma/Tr-aug-me_3.jpg,Tr-aug-me_3.jpg,meningioma,1,Training,True,16474,3eb113302e8d7aa67d726c0017e18f7df371dd32fd291f6e4bc467a32648b34d,False,,512,512,1.0,JPEG,RGB,58d2acfcaea16f8360420a9867fca0794bc31bcf6469b9b3f544281751d4e863,12b81a536e47e12e713a96d566e1691e271734e3965e33c59869c31ed9a58e38,False,,0.13857781887054443,0.17983455955982208,0.0005473856581375003,0.30980679392814636,0.001766861416399479,1.0,0.0,excluded,pre_generated_augmentation_unknown_provenance,,excluded,
data/Training/meningioma/Tr-aug-me_30.jpg,Tr-aug-me_30.jpg,meningioma,1,Training,True,23999,1cc78b4114c125d8133150cbb52aa59b28dda8aac45cf93acdfdc05a9d1f4c36,False,,512,512,1.0,JPEG,RGB,667a2eea9a78efbfabb8d0714d8c7304a79724c5d4cacc91f5ca996ebd0c16d4,156833217e870cde395a41a96569667c27a5996837872de5661acd968e78cc9e,False,,0.17190779745578766,0.20168927311897278,0.0016533905873075128,0.31608742475509644,0.005230801645666361,1.0,0.0,excluded,pre_generated_augmentation_unknown_provenance,,excluded,
data/Training/meningioma/Tr-aug-me_31.jpg,Tr-aug-me_31.jpg,meningioma,1,Training,True,23257,e008e1912d671fad97f0771a5bd1e0aa57fe4fbbbae07100a1f1f0d9ece5d523,False,,512,512,1.0,JPEG,RGB,1d9ad81b8e0b8017b1baf67ab8fbf98b7654a0ca3d1eacb64f2f70540e181b8a,05553f8178aa68b56385d3562553872e8d3e9cf192e59b9738c761862f38666c,False,,0.1981600970029831,0.19688019156455994,0.05078023299574852,0.34789276123046875,0.14596518874168396,0.7661458333333333,0.00026041666666666666,excluded,pre_generated_augmentation_unknown_provenance,,excluded,
data/Training/meningioma/Tr-aug-me_32.jpg,Tr-aug-me_32.jpg,meningioma,1,Training,True,20693,3c7a6c308708821f348121cf3ee9c4cf447a3afca4138dd3ade473ea0bde8edb,False,,512,512,1.0,JPEG,RGB,3a81c1044c70de85e4c30e9687d95cad16479f66cfade023c94bef6b49752c6f,42f5697c2f0b2fe1306c349668f166d232e1934d6693636db33d9f1ccb646430,False,,0.16226759552955627,0.19095462560653687,0.01718137226998806,0.333047091960907,0.05158841609954834,0.91015625,0.0,excluded,pre_generated_augmentation_unknown_provenance,,excluded,
data/Training/meningioma/Tr-aug-me_33.jpg,Tr-aug-me_33.jpg,meningioma,1,Training,True,24424,632dd2f8bee9a7ed5e977bac76d6bc884c1d77b0ed53da279455777b25286be5,False,,512,512,1.0,JPEG,RGB,14b1882cdd8e84880d2957dc55ecb9f70ff6b8bb64299d5f5328bd87e6a9fb02,523d0d422bd20c332d01b38d3c3ee43534d230fc36d373c033c373cfd32df30f,False,,0.17040082812309265,0.17875893414020538,0.026491016149520874,0.2667222023010254,0.09932062774896622,0.8380208333333333,0.0,excluded,pre_generated_augmentation_unknown_provenance,,excluded,
data/Training/meningioma/Tr-aug-me_34.jpg,Tr-aug-me_34.jpg,meningioma,1,Training,True,19391,c292dda3c100f43386e6100a59bcf440d61a6ba566cfba5eb814e66050475283,False,,512,512,1.0,JPEG,RGB,4e1d3d5581870bc47f0891af7ab59af51952e9b2784579e236fa62bd036b6309,42f52c4c2f42703d35adf2f434d1c3c2e2428b0f9e3bcd3c9db07c9270c4b6d3,False,,0.1507817506790161,0.16955795884132385,0.03634599968791008,0.28826403617858887,0.1260857880115509,0.85390625,0.0,excluded,pre_generated_augmentation_unknown_provenance,,excluded,
data/Training/meningioma/Tr-aug-me_35.jpg,Tr-aug-me_35.jpg,meningioma,1,Training,True,22893,0adaa884f948a8e65a33f7e59784990293e1620d6ddb788a9897b6a6b543498d,False,,512,512,1.0,JPEG,RGB,7bd97828fa131499f47068004dcebb02332ac459c4e305a83bdb42dc676f5543,057fced05e80d3ae6e112a57394e6d3a2c7ecf484ce96d3927a530b524b1e486,False,,0.18352314829826355,0.15196353197097778,0.04083435609936714,0.27955251932144165,0.1460704207420349,0.7799479166666666,0.0,excluded,pre_generated_augmentation_unknown_provenance,,excluded,
data/Training/meningioma/Tr-aug-me_36.jpg,Tr-aug-me_36.jpg,meningioma,1,Training,True,14121,460f6d00369b16c1efb7ea1ec0c9d0ddb54e19fea8a01bef3e3ba8a502fccf9d,False,,512,512,1.0,JPEG,RGB,b149567635a9e82f239651761aca7fa364e722e9a79d5e2e365ac2d34e4c6b4f,42f4c2f03d0b0f0f34b538bc33d272f2d34b334bcc25cb2cccbecc3430ccccd3,False,,0.12338532507419586,0.17967213690280914,0.00037581700598821044,0.31988072395324707,0.0011748661054298282,1.0,0.0,excluded,pre_generated_augmentation_unknown_provenance,,excluded,
data/Training/meningioma/Tr-aug-me_37.jpg,Tr-aug-me_37.jpg,meningioma,1,Training,True,19828,b2992e6b4332d95a1259f81763d990860f0c6d73e1ddcdd0195ec6c25e6d5a06,False,,512,512,1.0,JPEG,RGB,c0810914fa29cd2fb702b6ccdb10287bdc266c4ba0c4b9e164b8dc69f38e7449,42f469193f422c69383db2b46cf0e2d2b3cb4f43c33d930dcc3cd8349db34cd2,False,,0.13738176226615906,0.15696287155151367,0.0271997582167387,0.25507718324661255,0.10663343966007233,0.8583333333333333,0.0,excluded,pre_generated_augmentation_unknown_provenance,,excluded,
data/Training/meningioma/Tr-aug-me_38.jpg,Tr-aug-me_38.jpg,meningioma,1,Training,True,18203,dd67b6cc1d49d341379d94f38c398e821116c2a50cbc2e66771dc0079620eaeb,False,,512,512,1.0,JPEG,RGB,399d8056d11f4dd73f4dc5cd0b9e4265b324977d40bc9b6f6847d976c9378c2c,17a16b527a1fa5ad3c689eb465e1c25a238f9b6b661c892d9c78c9b698732492,False,,0.1286642700433731,0.17188376188278198,0.0005473857163451612,0.28555649518966675,0.0019169086590409279,1.0,0.0,excluded,pre_generated_augmentation_unknown_provenance,,excluded,
data/Training/meningioma/Tr-aug-me_39.jpg,Tr-aug-me_39.jpg,meningioma,1,Training,True,23880,26233e453ea02e7dc9f10bed16e48502ee9ff31c58e32e02105cc43543e0fa5f,False,,512,512,1.0,JPEG,RGB,1a9e9b678f283d6ab4589c62c5932988e9358f067c4b926bee57a4231fd78fdc,54022dfe7add7e852b7af8566d09214a29e461613596e4df67a49386061ee61b,False,,0.18686357140541077,0.16356095671653748,0.04743770882487297,0.29019033908843994,0.1634710133075714,0.7747395833333334,0.0,excluded,pre_generated_augmentation_unknown_provenance,,excluded,
data/Training/meningioma/Tr-aug-me_4.jpg,Tr-aug-me_4.jpg,meningioma,1,Training,True,15770,5664bb02302c9107d551c1cb31903ace78132446362493553414428f58928f3d,False,,512,512,1.0,JPEG,RGB,58a6ffa4814227ae8c2e06db2350725424393198471e7190c8317f511c9676ed,17869696787b784a61c561a1673166c68cd6b319965acc6c9b6999a5c9656d87,False,,0.12188698351383209,0.1875721663236618,0.0007832925184629858,0.333575576543808,0.002348171081393957,1.0,0.0,excluded,pre_generated_augmentation_unknown_provenance,,excluded,
data/Training/meningioma/Tr-aug-me_40.jpg,Tr-aug-me_40.jpg,meningioma,1,Training,True,20724,0d4f1aebe171eafb3015b051a2356c265508385a3f4a3f2503d1626b0be791d5,False,,512,512,1.0,JPEG,RGB,973b72c37466b4aaa9d7d0dcbc6167fc8cc1031a69668e82df6da027818e09d6,542f2fd23e95687a315ae42d25b8c2f51e06c35a99ce992d193964e571b0669e,False,,0.16061198711395264,0.17345164716243744,0.041042689234018326,0.27393728494644165,0.14982512593269348,0.8369791666666667,0.0,excluded,pre_generated_augmentation_unknown_provenance,,excluded,
data/Training/meningioma/Tr-aug-me_41.jpg,Tr-aug-me_41.jpg,meningioma,1,Training,True,22954,90d447f04b72cc2f5ceceef03e463df292bf1651d1c38be5727921f678eec355,False,,512,512,1.0,JPEG,RGB,9ba231dfd8cec67b34b55d7b4fd4cb42a65595a4885fb57a8ac92df874f40276,51084aa32bfd2d907d62344b3495d2bf985ed2f2e5ca0bcdc322cca58c956d3e,False,,0.16041859984397888,0.15687277913093567,0.038623370230197906,0.23552869260311127,0.16398583352565765,0.7796875,0.0005208333333333333,excluded,pre_generated_augmentation_unknown_provenance,,excluded,
data/Training/meningioma/Tr-aug-me_42.jpg,Tr-aug-me_42.jpg,meningioma,1,Training,True,19375,8153d4fe740412b8ef01a30521ddd0c1ce4d982eed5e99ecaab05e989ae794fd,False,,512,512,1.0,JPEG,RGB,352c90e20ddbd7483aebefc3c81575bce1d9ae5615223b2e769807a91f66b422,16a5685a390235e1693ce66776d0499292439b8dcf2c9e6d99b879a634f66cc6,False,,0.13807469606399536,0.16011710464954376,0.025016341358423233,0.27678367495536804,0.09038228541612625,0.86640625,0.0,excluded,pre_generated_augmentation_unknown_provenance,,excluded,
data/Training/meningioma/Tr-aug-me_43.jpg,Tr-aug-me_43.jpg,meningioma,1,Training,True,27038,bba0f61966100c4702d83731f0290ea22c80bfd28d356d4b4c3e87eee597354d,False,,512,512,1.0,JPEG,RGB,5d423aeba7c7d0940a1ee3f44498c05309b4fb7efa2cb90d72700269083a2198,117e5f816a85295e681ba47e71a935e46687b397969e8e5a9a689969c86199e1,False,,0.20946811139583588,0.19522519409656525,0.05333435535430908,0.3193139433860779,0.16702795028686523,0.7932291666666667,0.0,excluded,pre_generated_augmentation_unknown_provenance,,excluded,
data/Training/meningioma/Tr-aug-me_44.jpg,Tr-aug-me_44.jpg,meningioma,1,Training,True,27440,40246c7527e2a2c685ecd1d21b1c06d6f8ee9e986a9b96dff2dfbe26ccf46442,False,,512,512,1.0,JPEG,RGB,aa624c4bc9c294e0c0079d98fc93f8c68ebdca54fce553606cd075ed875b1513,54298bf60bd79acd0f76db406f411d2b082fdd21cdbc883f9c748cb079b439c0,False,,0.19845283031463623,0.16268621385097504,0.06874386966228485,0.2734633684158325,0.25138238072395325,0.6458333333333334,0.0015625,excluded,pre_generated_augmentation_unknown_provenance,,excluded,
data/Training/meningioma/Tr-aug-me_45.jpg,Tr-aug-me_45.jpg,meningioma,1,Training,True,23415,8278fcfb6f3de451852994816c9e808f4ea382dfa951cdac12fd638fe5ed5ebb,False,,512,512,1.0,JPEG,RGB,73b8f16def47e7d40753550079fc8d436e1096f2d4a4c2e85819e1cc4cf0c847,556a0ffb7a8578212a57623c694ae16024a961e3b78d76878636d79e9e128a7a,False,,0.18216097354888916,0.1728324443101883,0.03350592404603958,0.2772374749183655,0.1208564043045044,0.809375,0.0,excluded,pre_generated_augmentation_unknown_provenance,,excluded,
data/Training/meningioma/Tr-aug-me_46.jpg,Tr-aug-me_46.jpg,meningioma,1,Training,True,27417,da95a0203efab6b4a1f6e71cc8140bc62963343fb827cc956bf8e6834bb2211b,False,,512,512,1.0,JPEG,RGB,ad205c4d449ae729cfd211a5129c2a1eae9932c0e35a885a90077973d55fbc88,046e36605e81789f391b72776e6665d0613a63a499bd9587656466cb58f1161f,False,,0.18831884860992432,0.16293741762638092,0.06819547712802887,0.2661353349685669,0.25624361634254456,0.76875,0.0,excluded,pre_generated_augmentation_unknown_provenance,,excluded,
data/Training/meningioma/Tr-aug-me_47.jpg,Tr-aug-me_47.jpg,meningioma,1,Training,True,26431,0b2482a789d5b39a36d7790e0a600397415287f2e6d8050d4b58a29e5b84d5f4,False,,512,512,1.0,JPEG,RGB,3c31a635db7b2aa73680e8b9df72f18f794cce15f5b07e425c03aa8ba24d8430,056a87e81f85919e785ecca16c68ce1771a19a7c67875960669e59a59e5a9987,False,,0.20699632167816162,0.19601064920425415,0.05713643878698349,0.310991108417511,0.18372370302677155,0.8049479166666667,0.0,excluded,pre_generated_augmentation_unknown_provenance,,excluded,
data/Training/meningioma/Tr-aug-me_48.jpg,Tr-aug-me_48.jpg,meningioma,1,Training,True,20898,1349e6fa48787081459a84d8ef53deff37cead2c544640a93eebbac190a07ceb,False,,512,512,1.0,JPEG,RGB,4a2c74d199c22957aa4fb9b82d7e7449847f1129d104818177d213fb35471d37,41ee6e136ac06d8e3c4b343a707d93e0b1d07ad3e703c34bd92ccd1fc49c6c70,False,,0.1517745852470398,0.15644200146198273,0.03216708078980446,0.2616191804409027,0.12295383214950562,0.8247395833333333,0.0,excluded,pre_generated_augmentation_unknown_provenance,,excluded,
data/Training/meningioma/Tr-aug-me_49.jpg,Tr-aug-me_49.jpg,meningioma,1,Training,True,22713,33f7eba584db48b243f1e983ceca28b4950e38f00a02c100b1fbd1ca790fabd3,False,,512,512,1.0,JPEG,RGB,6274e1ce918ba46317ef93cc52e2a6c2a36da803800c6a676e470e5c8a5ed1a8,50230fbd6ed4fce32d4a652c71adf0b206b4c3d032d693038f1bdb098c6dc93d,False,,0.1672997772693634,0.16519294679164886,0.033490605652332306,0.2566167116165161,0.13050827383995056,0.8122395833333333,0.0,excluded,pre_generated_augmentation_unknown_provenance,,excluded,
data/Training/meningioma/Tr-aug-me_5.jpg,Tr-aug-me_5.jpg,meningioma,1,Training,True,17529,2a283e764f0f0f4baf8fb27042b0963604c84c6cc088100c26bb630c1c32c6c5,False,,512,512,1.0,JPEG,RGB,a75f2d525824a7a04290758a83c5aeaf06a00c83f882808fe4e0e4d6f3e672e0,46e839333b0264fc713fc6c266c49b0e66d68c79b35ac861cc4b99a69b2d6c96,False,,0.12012198567390442,0.1632908582687378,0.000782271265052259,0.2717084288597107,0.0028790836222469807,1.0,0.0,excluded,pre_generated_augmentation_unknown_provenance,,excluded,
data/Training/meningioma/Tr-aug-me_50.jpg,Tr-aug-me_50.jpg,meningioma,1,Training,True,22078,ba6a7293bc901c5e75b93805335289387aa0045dda0b5d8ec53312908b95e6ea,False,,512,512,1.0,JPEG,RGB,675ff69d88fbba1ffa98805cf1cc12c9245b77c619700af33fca8d6e8b9cda5e,151a3ae56ea1695e6876e5a903ece485e785875eda13cc78196098e5c965b987,False,,0.15096724033355713,0.1517668515443802,0.03644505888223648,0.25281384587287903,0.14415769279003143,0.8109375,0.0,excluded,pre_generated_augmentation_unknown_provenance,,excluded,
data/Training/meningioma/Tr-aug-me_51.jpg,Tr-aug-me_51.jpg,meningioma,1,Training,True,14144,74325e4603797474d6d0a201630ac230e8db17408ab83696f9e4e8422c0c4029,False,,512,512,1.0,JPEG,RGB,8bbbf387d5f8c921bca97ac4f74ca34e3bbc358c08541cb29a76c3fa61063d16,53916b696c4fa49431b89b5bb2c36d6cc30ea633cc386392c9e2996734c36cdc,False,,0.12090753763914108,0.17913039028644562,0.0,0.32197171449661255,0.0,1.0,0.0,excluded,pre_generated_augmentation_unknown_provenance,,excluded,
data/Training/meningioma/Tr-aug-me_52.jpg,Tr-aug-me_52.jpg,meningioma,1,Training,True,20037,b199420d92fec201701838ebf3550cf2741d56784e7b2e8541680283d21c4cb2,False,,512,512,1.0,JPEG,RGB,62222226f9628b36eb201192caa869be9bd390436f3f4ad525467f12a8b7c242,51bdc1fd6e421b924b906c6f1e0f19334c393c3c78b4ccf564b29cb26cc431d3,False,,0.134868323802948,0.16265836358070374,0.03568015247583389,0.2581198215484619,0.13823096454143524,0.9169270833333333,0.0,excluded,pre_generated_augmentation_unknown_provenance,,excluded,
data/Training/meningioma/Tr-aug-me_53.jpg,Tr-aug-me_53.jpg,meningioma,1,Training,True,19643,b8fd688db80f3b8686b45765fe6d97862cfdbe1f2ee7306af4b3e6247b7000f1,False,,512,512,1.0,JPEG,RGB,9344dcd69219c46f547924aea9eb32b1571f1846d469b55c5ea6739d3e67b0c7,42b4b7262e4bc85a793d198933f1666d6643ccb49b0e3992b5ac33cec934934d,False,,0.13127106428146362,0.1791006326675415,0.000543300760909915,0.28089576959609985,0.0019341721199452877,1.0,0.0,excluded,pre_generated_augmentation_unknown_provenance,,excluded,
data/Training/meningioma/Tr-aug-me_54.jpg,Tr-aug-me_54.jpg,meningioma,1,Training,True,19601,0f5b870568ad6e965007644e39c953746e5d0b2e7d2b15ec723c4e3c5804e149,False,,512,512,1.0,JPEG,RGB,5078330ffb9413ddf62a3c212ee2a2219d705ede15635d5cd1bba954d3522bc6,16e586647a1edb1a697948d961e5366936076865ce5a2d962d3c73969b64b30c,False,,0.12763457000255585,0.1721666008234024,0.00021752451721113175,0.27030009031295776,0.0008047519368119538,1.0,0.0,excluded,pre_generated_augmentation_unknown_provenance,,excluded,
data/Training/meningioma/Tr-aug-me_55.jpg,Tr-aug-me_55.jpg,meningioma,1,Training,True,20334,c111e81603947f8485e08cc77640ab97fdd18674bc81bee226c477406dbda78d,False,,512,512,1.0,JPEG,RGB,9594a9a67cd7b5903641be87e09b4b1a9c341ab27bd42517364ae066279e636a,40bdd0bf2f420bd22dad6c2f3f0b3cbc643d30d670f072d832d332e0334973c3,False,,0.13459569215774536,0.1634034961462021,0.009610907174646854,0.2655714154243469,0.03618953749537468,0.9755208333333333,0.0,excluded,pre_generated_augmentation_unknown_provenance,,excluded,
data/Training/meningioma/Tr-aug-me_56.jpg,Tr-aug-me_56.jpg,meningioma,1,Training,True,21433,1da9be7814f93669ef4a9613a7df5b40e6c55b27d8cda6875eaa7601821e12a5,False,,512,512,1.0,JPEG,RGB,ada634064e7810f035236e820e3c661be71f69ccbc896b965fc484c903d98c60,40b44b1b2f433d862c6ae26d3ca664f0e1dc93927382e3db170f6366c6791e3c,False,,0.16171349585056305,0.16419926285743713,0.026937300339341164,0.2608867883682251,0.1032528355717659,0.8403645833333333,0.0,excluded,pre_generated_augmentation_unknown_provenance,,excluded,
data/Training/meningioma/Tr-aug-me_57.jpg,Tr-aug-me_57.jpg,meningioma,1,Training,True,24436,1b33488a761a5be2311c2eb8ea0061630b3e76719cb6baf2210b8fc41d6b7a65,False,,512,512,1.0,JPEG,RGB,ade317337860cc3cd93a4d5a8a6d1940f0558f25ab6de97c479009f6d75132a4,55094eba0a572d5901ba2d442f6f24b53df837b76642be98f28b2449726b984f,False,,0.12574487924575806,0.09855804592370987,0.05935968458652496,0.15446922183036804,0.38428163528442383,0.6338541666666667,0.0,excluded,pre_generated_augmentation_unknown_provenance,,excluded,
data/Training/meningioma/Tr-aug-me_58.jpg,Tr-aug-me_58.jpg,meningioma,1,Training,True,27870,3fd1ea46215e5b695580fe9e4061e3370659fe5b257a318bed70b22c47bde8b6,False,,512,512,1.0,JPEG,RGB,c6780e4375213e8937a8d10fb905a37f2dd63ab92e01944f7dd4fa3d660683d2,05510ed777aa7c4a78bdb3a90bd4f8152a5ee9326bc2e10e2d3a610f65a8e52c,False,,0.23978033661842346,0.1897372305393219,0.08092423528432846,0.3274720311164856,0.2471180111169815,0.6703125,0.0010416666666666667,excluded,pre_generated_augmentation_unknown_provenance,,excluded,
data/Training/meningioma/Tr-aug-me_59.jpg,Tr-aug-me_59.jpg,meningioma,1,Training,True,26436,86035ce6835610a316297df3e04bfaa1bf65fd781e828a20470b6212157e790c,False,,512,512,1.0,JPEG,RGB,89a4529a5556795f2418c363a394a4b4c8ba48c073abc7c6b3844f87a191c57b,401f6e032bf43d996d02350c3cb734b660fcb2d0d34ad3c99b85cf0fccaf8c34,False,,0.2115885615348816,0.18744604289531708,0.05170547589659691,0.3136776387691498,0.1648363471031189,0.7872395833333333,0.0,excluded,pre_generated_augmentation_unknown_provenance,,excluded,
data/Training/meningioma/Tr-aug-me_6.jpg,Tr-aug-me_6.jpg,meningioma,1,Training,True,14392,5f5ca6ea647c67a5a4ff1f870729ab4edda7de0ff5e791768a4daa55600ff94a,False,,512,512,1.0,JPEG,RGB,f7733e1cb76675ea833117f3b15d525a35b26eaee180e67751f4b467d334ff36,17b5387e685ec1a125a1ce1e36d698799b4934e7c925319e6c96661826db9e31,False,,0.10472340881824493,0.16723738610744476,0.0004227941681165248,0.2772202491760254,0.001525120111182332,1.0,0.0,excluded,pre_generated_augmentation_unknown_provenance,,excluded,
data/Training/meningioma/Tr-aug-me_60.jpg,Tr-aug-me_60.jpg,meningioma,1,Training,True,23960,89eeef171d4086d3d31bb56225e56b32f5a3530387e06834bd1a6d72de9cb9ec,False,,512,512,1.0,JPEG,RGB,0cb3b2c35cde2c75239ef395d850ef033c303c3556b76f71ef0a39158616f22d,154d0ff7562879c65ab5267b6bd4c1fa69c22741730b652fe62d258c8671c4b0,False,,0.20836326479911804,0.17542201280593872,0.08478554338216782,0.27157533168792725,0.3121989965438843,0.6971354166666667,0.00234375,excluded,pre_generated_augmentation_unknown_provenance,,excluded,
data/Training/meningioma/Tr-aug-me_61.jpg,Tr-aug-me_61.jpg,meningioma,1,Training,True,26029,285d3ab2b866d89c534bf7d9ff011266d9fbbdbca23d1d7c8dda62a466e91bb2,False,,512,512,1.0,JPEG,RGB,79bae69830cfb76d915d503560021dca119f79ba3eba824776cc3d499c63149f,502dd0d70bf5833d6d429b503d2d8c0b032d3d2f9ca68c3c3c336c7cdcf43cb2,False,,0.18787795305252075,0.17692308127880096,0.05039011687040329,0.27389323711395264,0.18397721648216248,0.8739583333333333,0.00026041666666666666,excluded,pre_generated_augmentation_unknown_provenance,,excluded,
data/Training/meningioma/Tr-aug-me_62.jpg,Tr-aug-me_62.jpg,meningioma,1,Training,True,25332,a50c46a5fb0ff4ec257f72d8afcc4536ad564a493a18f538309dc790dec298ff,False,,512,512,1.0,JPEG,RGB,71127133d9652fa1346bba25762d1864137adc08931502c2e9d0307fbb5446b0,544e5a814ffc8b557f212d42690f3d6f34b9b43a38f469b570e234d4361a63c1,False,,0.19607701897621155,0.16253724694252014,0.043820466846227646,0.2856062650680542,0.15342964231967926,0.7817708333333333,0.0,excluded,pre_generated_augmentation_unknown_provenance,,excluded,
data/Training/meningioma/Tr-aug-me_63.jpg,Tr-aug-me_63.jpg,meningioma,1,Training,True,20810,b6ba3203b90451bb08bf218e6b0ebf15c72131e1dfebbc0acb79b0a540db3951,False,,512,512,1.0,JPEG,RGB,3674d00eb7852e9f8f3d59248d0ebafc292c6c2c6c66b981ea73c89af894b44f,16e16d3c7a1e6c65797833e12ca5c692b316ce4e86689968ce3999e539a64c96,False,,0.1493149846792221,0.17319835722446442,0.02811785414814949,0.2883147597312927,0.09752485156059265,0.86015625,0.0,excluded,pre_generated_augmentation_unknown_provenance,,excluded,
data/Training/meningioma/Tr-aug-me_64.jpg,Tr-aug-me_64.jpg,meningioma,1,Training,True,23395,9f38fbb03025cb18612d338a12a77cc2e52b4d78f79b8e402c5a9690488c2ee9,False,,512,512,1.0,JPEG,RGB,56899be3150dffcee92c5cd3ced7541deb9235a7974340e1e84030f78455e5ec,500a8b761ebd73cc2f576e107d82486f387bb9a8686f38f931a0652176f26187,False,,0.17087307572364807,0.1422746181488037,0.03241932392120361,0.25196653604507446,0.12866519391536713,0.8122395833333333,0.0,excluded,pre_generated_augmentation_unknown_provenance,,excluded,
data/Training/meningioma/Tr-aug-me_65.jpg,Tr-aug-me_65.jpg,meningioma,1,Training,True,22678,99a472ad4e769a62a4b98a6a614770b0f07a91d64b46d1aebd934c400c3a1f34,False,,512,512,1.0,JPEG,RGB,b7edaeb4ad6520e77ae45ee9bab2ff8ba0874773158790af7f15572e8fa0d5f4,053e0bc67a81253c7c16ad4b703834b4b1e972c332d69b4b8b4bcb3dc93d8d2d,False,,0.18336397409439087,0.1812485009431839,0.026674838736653328,0.30368030071258545,0.0878385528922081,0.8018229166666667,0.0,excluded,pre_generated_augmentation_unknown_provenance,,excluded,
data/Training/meningioma/Tr-aug-me_66.jpg,Tr-aug-me_66.jpg,meningioma,1,Training,True,22623,c6caea871a999f1240f80f498386d069398ebb933ba6333e1e113b98cf58829f,False,,512,512,1.0,JPEG,RGB,9b4d8409ad752814450b7216931d00ad1a936ccbb9a5ce9adf907da8ee89e35e,05443ed07aafe06e6b5032b5254af18634adcf1ac635d87c9ae2da5199ce59c3,False,,0.1495162844657898,0.15363630652427673,0.02269812300801277,0.2353544533252716,0.09644228965044022,0.8458333333333333,0.0,excluded,pre_generated_augmentation_unknown_provenance,,excluded,
data/Training/meningioma/Tr-aug-me_67.jpg,Tr-aug-me_67.jpg,meningioma,1,Training,True,21746,9f998e7c29943e610da04a26a9b8022aa94046c9fed76af00a3f14960135129e,False,,512,512,1.0,JPEG,RGB,bcf975dc698a137d986812ddcc27c72dc148643a88c30119674134fcbb34e05f,05ff78ec3f0131327c0fc0e194fc63c36b509f0f4c2b98bc983825e072e7a753,False,,0.13613474369049072,0.156426340341568,0.04431168735027313,0.22726908326148987,0.19497455656528473,0.8166666666666667,0.0,excluded,pre_generated_augmentation_unknown_provenance,,excluded,
data/Training/meningioma/Tr-aug-me_68.jpg,Tr-aug-me_68.jpg,meningioma,1,Training,True,21509,efdab6944e91c968ab44248a9371d2ce6cccebf9dc20d3dcbf2977d07509658f,False,,512,512,1.0,JPEG,RGB,320284a2ebf3f93ccea4fa7d75ac911caf30140b9245c4d01d446ad74cb96cc6,40bd2f0f6ad03db4780f2dc2792c36b566a5e1f0339292d03bcb933b4b09c96d,False,,0.16299667954444885,0.16132530570030212,0.030612748116254807,0.2734576165676117,0.1119469553232193,0.8432291666666667,0.0,excluded,pre_generated_augmentation_unknown_provenance,,excluded,
data/Training/meningioma/Tr-aug-me_69.jpg,Tr-aug-me_69.jpg,meningioma,1,Training,True,23804,467cb7b1c96929ac3dfe1ae9ee737c43cb83ec29d9f2ee2bf187eb8c6b7e16d5,False,,512,512,1.0,JPEG,RGB,6d44298e31290baf3b1593c52faa76db6054c70dcc4d0fc2255d576f84b45ae4,017e5a236ec02dd97c0fb36c3033716c63c0a6d5c74adb0b9a1dcd1ecca59c74,False,,0.19295966625213623,0.18610894680023193,0.043646860867738724,0.3154143691062927,0.13837942481040955,0.7713541666666667,0.0,excluded,pre_generated_augmentation_unknown_provenance,,excluded,
data/Training/meningioma/Tr-aug-me_7.jpg,Tr-aug-me_7.jpg,meningioma,1,Training,True,22087,0ae59c938f03327a1048e94f17ded2498a6d2e5413038bb40247220a9b24dc7d,False,,512,512,1.0,JPEG,RGB,3c71298d691cf2027aa817aff62b38a43bcdd1582169350a8bfb4c3f260784bd,40af3fcc7a553470296af0a765ad2792f4979e5a9272d8099868d9e569a138e6,False,,0.20135857164859772,0.19683842360973358,0.04847324639558792,0.33562731742858887,0.14442580938339233,0.834375,0.0,excluded,pre_generated_augmentation_unknown_provenance,,excluded,
data/Training/meningioma/Tr-aug-me_70.jpg,Tr-aug-me_70.jpg,meningioma,1,Training,True,25923,97c1d7035e2fcae6184026a6eb62e458ec5448c66955058056d3ea30289904a6,False,,512,512,1.0,JPEG,RGB,ffc22a174009c33306ea0cccdca8863b68972697acbb27d792bfe64f320cc7bd,546bd4297aa597b9295b8ad5e1e47a1e379731e91c1e368599e8425a23e10a79,False,,0.17794358730316162,0.1775219738483429,0.05137459561228752,0.26248371601104736,0.19572488963603973,0.7934895833333333,0.0,excluded,pre_generated_augmentation_unknown_provenance,,excluded,
data/Training/meningioma/Tr-aug-me_71.jpg,Tr-aug-me_71.jpg,meningioma,1,Training,True,22303,cb0e2771e39b5a4ffb79eb805f40e23fbb80dc45c294afdae3c245e038a7a791,False,,512,512,1.0,JPEG,RGB,8a2e2fd6e00ad51da48b082b0a317e693e301a43edfba8e07822e8cc0a190f2b,142b2b707e85784e3952e1cc2d6286b96785c6771a5ec90e9a6bd9f9392599c1,False,,0.1654074341058731,0.17425569891929626,0.032113973051309586,0.27615946531295776,0.11628779023885727,0.8401041666666667,0.0,excluded,pre_generated_augmentation_unknown_provenance,,excluded,
data/Training/meningioma/Tr-aug-me_72.jpg,Tr-aug-me_72.jpg,meningioma,1,Training,True,18132,6ff666663d1efe717c38f5efea7ed7a1bc29210b426758813b9b37a6369449d1,False,,512,512,1.0,JPEG,RGB,78650bf5d0ddc4b0a9454b3bf4e829748ca8e5000bddd0d4730405403e9cca6f,44ed37217b14701e2c4b87e0316d8743c6f5c91f33964cac324b9d719369ccf3,False,,0.11945658177137375,0.1503782868385315,3.982843554695137e-05,0.2264007031917572,0.00017592011136002839,1.0,0.0,excluded,pre_generated_augmentation_unknown_provenance,,excluded,
data/Training/meningioma/Tr-aug-me_73.jpg,Tr-aug-me_73.jpg,meningioma,1,Training,True,25989,9b5d3ca6c088be2d46e36ca210038263cca6221ab5d2ee6ba4e29978908fcea4,False,,512,512,1.0,JPEG,RGB,69780203d88ec20e1056cfc14091c144b6d0cefd17848b008a7b2a9b5e4d7c4a,502dd8ec0bf483bd2d4a9b523d2d8ccf223c3c3f3cd4cc3c30b370dcccd230f2,False,,0.1844671666622162,0.1811601221561432,0.037020016461610794,0.28077322244644165,0.1318502426147461,0.90390625,0.0005208333333333333,excluded,pre_generated_augmentation_unknown_provenance,,excluded,
data/Training/meningioma/Tr-aug-me_74.jpg,Tr-aug-me_74.jpg,meningioma,1,Training,True,26102,aea3562a060993b23568159fda792ee440e601eacf053962faea95d870211448,False,,512,512,1.0,JPEG,RGB,d0646d1552781bd3b124c01c66e8469509b1e560dfc13b2dc5dd6e44c2a58fc5,015b0fcc5eaad9801a651c132d5ce86e397ab17be96838e771e164a5669f1d94,False,,0.18824057281017303,0.15637923777103424,0.05889706686139107,0.2430444061756134,0.24233047664165497,0.7403645833333333,0.0,excluded,pre_generated_augmentation_unknown_provenance,,excluded,
data/Training/meningioma/Tr-aug-me_75.jpg,Tr-aug-me_75.jpg,meningioma,1,Training,True,21936,5cf0a9333dc348e7e3dbb0e782684baa469232173ade3240d30551077121d0e1,False,,512,512,1.0,JPEG,RGB,dafc4ea617e6404bdb58abe5f05259b17d86ae2720fec0cef8f934ac13333e02,057b7aad1fc029717c0f30d8243ec4e193ec87976302860f9e3f997a592cacb5,False,,0.17013561725616455,0.1668759286403656,0.034947920590639114,0.2608906030654907,0.13395622372627258,0.8322916666666667,0.0,excluded,pre_generated_augmentation_unknown_provenance,,excluded,
data/Training/meningioma/Tr-aug-me_76.jpg,Tr-aug-me_76.jpg,meningioma,1,Training,True,16220,ae2bcf6c48b0774df4cd1917d9a5293788471c3baf434b7c0dcd08ac2cfd3b6b,False,,512,512,1.0,JPEG,RGB,8857f2646ced8da29ebad2391d56054af76259091161ecf863db2d32f5f3f029,42f0e0f03d0f2f0770b4b83c73c2d0f1c649cf079f2c2d1cd9b624f06cd3e663,False,,0.12171584367752075,0.17050176858901978,0.000859885651152581,0.3015739917755127,0.0028513255529105663,1.0,0.0,excluded,pre_generated_augmentation_unknown_provenance,,excluded,
data/Training/meningioma/Tr-aug-me_77.jpg,Tr-aug-me_77.jpg,meningioma,1,Training,True,21419,e047ff7a00d96835ca5104495ca2adf138126c3ee3420a02f169ed243d425110,False,,512,512,1.0,JPEG,RGB,49114befb551a45b5cb111bffb889de92ebf324d42eeacc41a22488e7bfd25b6,40fb6d262fc4323d3d0bb1b070bd36d2b0fc3352c3c3c9290d27ce1d4cbce496,False,,0.1895345151424408,0.1872120201587677,0.043039217591285706,0.31578585505485535,0.13629241287708282,0.8565104166666667,0.0,excluded,pre_generated_augmentation_unknown_provenance,,excluded,
data/Training/meningioma/Tr-aug-me_78.jpg,Tr-aug-me_78.jpg,meningioma,1,Training,True,22908,38bc8978fe96bb488124e02ed9065fa4c5282a132b960a8003d62b316aaa5a2c,False,,512,512,1.0,JPEG,RGB,e5b2974eab8e0268d5234c239e6822d4ebcf1b3e1dfe47771971e5bf74fd27c8,41e5781e2f033d616c3e643d30f761e4e39093c37942e71d9e19dc64cb39ccb0,False,,0.19909141957759857,0.20535464584827423,0.0397559255361557,0.3434417247772217,0.11575741320848465,0.8421875,0.0,excluded,pre_generated_augmentation_unknown_provenance,,excluded,
data/Training/meningioma/Tr-aug-me_79.jpg,Tr-aug-me_79.jpg,meningioma,1,Training,True,21839,a54e819cc7bad9efa847e08694fc48607c3cb317e22fb37fd36fab5297d69955,False,,512,512,1.0,JPEG,RGB,2be97f3c6ceb820e2983e3261e9c92acc9e09b66189952907c8cee458e75ec85,05d5c1e378aa9e1c6a157862ac5c6ade996a3e78928d2c636671b18f6d633331,False,,0.18705026805400848,0.19725452363491058,0.03755106031894684,0.34913259744644165,0.10755529999732971,0.8567708333333334,0.0,excluded,pre_generated_augmentation_unknown_provenance,,excluded,
data/Training/meningioma/Tr-aug-me_8.jpg,Tr-aug-me_8.jpg,meningioma,1,Training,True,22603,81de38f2823146b82982a846f791af60a17bfe1592764ba72dd73297bb365234,False,,512,512,1.0,JPEG,RGB,f5cdfe52b0ec7429823b2a745ca30141b58f238336a97dbf6b533c42c7991742,01785c9f6e812b402c0f2d57695a3c2934ad71f033d1b6b37396b343e74a638f,False,,0.16195787489414215,0.15615573525428772,0.024827411398291588,0.2614133358001709,0.09497377276420593,0.8403645833333333,0.0,excluded,pre_generated_augmentation_unknown_provenance,,excluded,
data/Training/meningioma/Tr-aug-me_80.jpg,Tr-aug-me_80.jpg,meningioma,1,Training,True,23085,f7d9e8eb12a78b8793b672c2e13f953bae94fe8723ac1b9ed4fd0578622b26eb,False,,512,512,1.0,JPEG,RGB,fa480fbfdd51a607062aa3c720d3969b8ae5792279329ea689ca37f802056465,50ad1e522fd07027694af07e6f0f65e160e4a48767b4c6c28e1fb21e96689e79,False,,0.18722714483737946,0.18615815043449402,0.02963644079864025,0.3171157240867615,0.09345623105764389,0.8419270833333333,0.0,excluded,pre_generated_augmentation_unknown_provenance,,excluded,
data/Training/meningioma/Tr-aug-me_81.jpg,Tr-aug-me_81.jpg,meningioma,1,Training,True,24486,317b94e7d9ad7788c8fff5a6db0f1f9188da588c5511caea6c2fb94c725c3aef,False,,512,512,1.0,JPEG,RGB,92b1399e04532f96923efbeda18e2622fb256c3c7d23960e6aa1212f37282315,402fb7702bd0f3232d0224ff3c0f93c070bcc74e6cf0cd1f30d3d93d72c34d34,False,,0.1699422299861908,0.1603892594575882,0.03357435017824173,0.2649528980255127,0.1267181783914566,0.84609375,0.0,excluded,pre_generated_augmentation_unknown_provenance,,excluded,
data/Training/meningioma/Tr-aug-me_82.jpg,Tr-aug-me_82.jpg,meningioma,1,Training,True,22195,ba11464d476f7136d4725a6604b0d2682c32aef4eabb9593334b060d8aa646f7,False,,512,512,1.0,JPEG,RGB,e7d42b5e6c609501ff135eb6a230c658ea8a01a27996bc0b875c7b4a29a10df0,14bf690a3e915ac5394a6a1f61a82d683961648565a563e03397e797e61e36de,False,,0.1434331089258194,0.14249129593372345,0.023261848837137222,0.23627357184886932,0.09845302999019623,0.8453125,0.0,excluded,pre_generated_augmentation_unknown_provenance,,excluded,
data/Training/meningioma/Tr-aug-me_83.jpg,Tr-aug-me_83.jpg,meningioma,1,Training,True,23658,efdab62f269fe158a5603afd5438666aaad69f1de7955d10b3851b191365509f,False,,512,512,1.0,JPEG,RGB,03f4efac619fa2b1ea7c544326cf48ec97b3ee6c6175c361d1faca57f4008b12,04ed58927b16256b693ed38d31f0c8b436c7331ac64eda4b1f1ccf249a39cce4,False,,0.14134448766708374,0.17049451172351837,0.003068831516429782,0.2632496953010559,0.011657493188977242,1.0,0.0,excluded,pre_generated_augmentation_unknown_provenance,,excluded,
data/Training/meningioma/Tr-aug-me_84.jpg,Tr-aug-me_84.jpg,meningioma,1,Training,True,26254,0ba0ee3fff4061497f5cac111a2cfbc380a0a80f49682934ecef0163e17cab9c,False,,512,512,1.0,JPEG,RGB,a810613bea9c7987d8a67f5f6f8e7ab6cd30c29a072c4dbcb2385a56f6601ead,056a5a1d1a856ea5785eb95a60e9a1e871a565856786a796669e627a9e5a6659,False,,0.1926880031824112,0.1890445053577423,0.035233866423368454,0.2941511869430542,0.1197814866900444,0.8619791666666666,0.0,excluded,pre_generated_augmentation_unknown_provenance,,excluded,
data/Training/meningioma/Tr-aug-me_85.jpg,Tr-aug-me_85.jpg,meningioma,1,Training,True,22179,52a18b71c9df3b6ae1f80f0e8e6bb249d48865f146d6c4c4611bce632180535d,False,,512,512,1.0,JPEG,RGB,e6d4096ef2075e54b693a9ef3bcd7db523f5fd8be354a002fd080fd9863e6860,413b6e872bd02d48748fb1b0393fd2b592d04b48cf0596a2cb1f8d3d34be7a58,False,,0.2021465301513672,0.20049503445625305,0.04086397588253021,0.3522394001483917,0.11601193994283676,0.8036458333333333,0.0,excluded,pre_generated_augmentation_unknown_provenance,,excluded,
data/Training/meningioma/Tr-aug-me_86.jpg,Tr-aug-me_86.jpg,meningioma,1,Training,True,23881,12fd103c3274c0834b0b67fc5e3cb7499aa5a8a0d2128260f40ccd03f3511e4c,False,,512,512,1.0,JPEG,RGB,be9e9fb0a5f4f89224dcb1259dca5c7aac24ab9c9f6672d08122b9fbc0f04e0d,400f4ee12bf435dc6f00b52a3c8f34b574f6b05a12f8d3e93360c921cba5cd97,False,,0.1921611726284027,0.17230969667434692,0.025375816971063614,0.29788124561309814,0.08518769592046738,0.8440104166666667,0.0,excluded,pre_generated_augmentation_unknown_provenance,,excluded,
data/Training/meningioma/Tr-aug-me_87.jpg,Tr-aug-me_87.jpg,meningioma,1,Training,True,21777,0ae021e221cf0803074d8359da04af9e76e9879fc056d6205ee35caa2826557c,False,,512,512,1.0,JPEG,RGB,1133ac545df0233e002f129cb8a839bd8f56bafc476967dca37d472b8b230742,05787e876ba0383f6817b5f864adc6a1b3c79217430f99585a3ecd2d4d34ccb0,False,,0.16563482582569122,0.15890707075595856,0.03513786941766739,0.2779526710510254,0.12641674280166626,0.8268229166666666,0.0,excluded,pre_generated_augmentation_unknown_provenance,,excluded,
data/Training/meningioma/Tr-aug-me_88.jpg,Tr-aug-me_88.jpg,meningioma,1,Training,True,24220,8aa9836a326072bf49f4d604a9d247d9b75e7ebfa1ce14790233d5dbafa24297,False,,512,512,1.0,JPEG,RGB,a02703f15f2903b1a444449029b2a8654550791f9154231dcf9e94bf88ac196a,15af1b503ee47a852d4ef83b39b869a17181e68426e6b783c61a8e3a9a4b9e78,False,,0.15494409203529358,0.1631278246641159,0.019403597339987755,0.24319183826446533,0.07978720963001251,0.86328125,0.0,excluded,pre_generated_augmentation_unknown_provenance,,excluded,
data/Training/meningioma/Tr-aug-me_89.jpg,Tr-aug-me_89.jpg,meningioma,1,Training,True,14066,0f673459b5dba7f9dab9a6a32309e2c89ddf4bb9b799d3350f56c33e8cc8b2d3,False,,512,512,1.0,JPEG,L,c14e8412bcce5886870eef44e11298a39c31be08ea7c08664d9aa5265e1f033c,16876d38697896c731e5cb1a930e9869cc306d8798f336da69cd6338339e9a61,False,,0.1259947568178177,0.19152458012104034,0.002983047626912594,0.3619456887245178,0.008241700008511543,1.0,0.0,excluded,pre_generated_augmentation_unknown_provenance,,excluded,
data/Training/meningioma/Tr-aug-me_9.jpg,Tr-aug-me_9.jpg,meningioma,1,Training,True,21985,41c35977c6660def7fac02f008ff10cc05bea3e9f5e5c068ea07dc514ed1e091,False,,512,512,1.0,JPEG,RGB,de20b7778142f3141cbaf9905aaf8c4187b926ccc5e515c620ce00b0bdd1caea,54284a952bdf394a3ca0a43b610fd2dc92facb60cfc99f834b24aca77c9e30da,False,,0.1706545501947403,0.17302082479000092,0.02504289522767067,0.2813543677330017,0.0890083760023117,0.8252604166666667,0.0,excluded,pre_generated_augmentation_unknown_provenance,,excluded,
data/Training/meningioma/Tr-aug-me_90.jpg,Tr-aug-me_90.jpg,meningioma,1,Training,True,13954,e50960c499e99a17df350e4f261d140bb10d74d9a3d81d91c4878542e2b32538,False,,512,512,1.0,JPEG,L,bdfa954d8b8c64b8185d51a3fbbb6b8e72e265c7f31d4123c7a7d85fecb3ba33,43a94f176c1791683078669533e11b4a670f616d9b1e27b4cc7ce612ccf19a6b,False,,0.11183890700340271,0.14145778119564056,0.0017013889737427235,0.2642233669757843,0.006439207121729851,1.0,0.0,excluded,pre_generated_augmentation_unknown_provenance,,excluded,
data/Training/meningioma/Tr-aug-me_91.jpg,Tr-aug-me_91.jpg,meningioma,1,Training,True,16670,5c32bc4af148302670ffb8a5aa58fc239cea60fbbfc08ba34a65230a0de6f6f4,False,,512,512,1.0,JPEG,L,b90e2bc31dfcc2aa7903962ef269fe8001e7277dd49fb0f27b4a562de092b7ed,13e14f1f6c0e90f830f866c733c79b5bc34e692ccf3c25b69871649b4cc39249,False,,0.14281484484672546,0.18861378729343414,0.002828839933499694,0.3491613268852234,0.00810181349515915,1.0,0.0,excluded,pre_generated_augmentation_unknown_provenance,,excluded,
data/Training/meningioma/Tr-aug-me_92.jpg,Tr-aug-me_92.jpg,meningioma,1,Training,True,25891,8f9c305ee1ad7c0f9e616d2f95e5536f5858b575e81d7a56e98b574bb8a20666,False,,512,512,1.0,JPEG,L,fdea18d7b3096202ad15274ea0487e14129d28bd9c2c4e4dd47bde9f08e7841e,153eda394a858dfc2f52cb819f1a3f26621b9d991c2eca3e21359cb1c9b86664,False,,0.17624488472938538,0.13419094681739807,0.07194546610116959,0.24620863795280457,0.29221341013908386,0.5940104166666667,0.0,excluded,pre_generated_augmentation_unknown_provenance,,excluded,
data/Training/meningioma/Tr-aug-me_93.jpg,Tr-aug-me_93.jpg,meningioma,1,Training,True,23977,77d1a53171807f4ac1df61651a8f2fc8f631ef6632810bd69abc454f60068cef,False,,512,512,1.0,JPEG,L,d0b3199134680d3b776682acd139e741a4defe12a72ba6c9a4f1c564bc6c962f,45af5a952fc03c626eadb51d38b665a634d8b2f863c331893307c667c96e813c,False,,0.1739485263824463,0.18200251460075378,0.03445363789796829,0.2653636336326599,0.1298355609178543,0.81328125,0.0,excluded,pre_generated_augmentation_unknown_provenance,,excluded,
data/Training/meningioma/Tr-aug-me_94.jpg,Tr-aug-me_94.jpg,meningioma,1,Training,True,18849,b8a72a6ed1229b7b33dc11c8641ebf15e55e9db20fd933e6372234013b8707b8,False,,512,512,1.0,JPEG,L,4907ad6a021f9412346542ef4cd2487f2b1911c44bc5816e05ed0829c1ceb9bc,15e17a576a16296a6939a5e9729771c1a69e16166a38c7189e794a6599a59da3,False,,0.1429646909236908,0.1486603021621704,0.025813931599259377,0.2419615536928177,0.10668608546257019,0.8520833333333333,0.0,excluded,pre_generated_augmentation_unknown_provenance,,excluded,
data/Training/meningioma/Tr-aug-me_95.jpg,Tr-aug-me_95.jpg,meningioma,1,Training,True,19648,ef0e11d139ea444dbd4e266a8ccd3f79d22d82c5b16189481ec4047b605fb9c8,False,,512,512,1.0,JPEG,L,b72659b2075f12d9bb3a729b068d9b00fcd0369ee0c8efdae2c1d366bcd213e8,17a1591a7a572f81681e665b38fa69e12669b1c731a7678d33963606671c965a,False,,0.1639406830072403,0.16037972271442413,0.02405024692416191,0.29353171586990356,0.08193406462669373,0.8557291666666667,0.0,excluded,pre_generated_augmentation_unknown_provenance,,excluded,
data/Training/meningioma/Tr-aug-me_96.jpg,Tr-aug-me_96.jpg,meningioma,1,Training,True,19612,0e611156f0581371a53bdf68f60e17132a31b9d7e651f774f66fa5a772dc75d4,False,,512,512,1.0,JPEG,L,ccd6ab8f29f83667568e030c3e1a7b4fc623ab0dd4aefd8e04c9811a9cf4ee2d,15a45a7b3e1769846c49a68e387e60e9b78830e361e1a79f368663c5271e965e,False,,0.15738454461097717,0.15347011387348175,0.027605189010500908,0.27267444133758545,0.10123863816261292,0.8403645833333333,0.0,excluded,pre_generated_augmentation_unknown_provenance,,excluded,
data/Training/meningioma/Tr-aug-me_97.jpg,Tr-aug-me_97.jpg,meningioma,1,Training,True,26954,089a7ad8107e9ef50fc7c35e7407b18fcda170be3707749807a059a5cb46b3a8,False,,512,512,1.0,JPEG,L,c562b8b49bfaa31b621242364e87106aabe7a50884a6b0d34556316dc7f6e4f6,017d5e034ea88bf85e038e053a574c5f4d2acc7c38ed4d696db83ce564b56ca2,False,,0.20250797271728516,0.16008764505386353,0.07856924831867218,0.2748841643333435,0.28582674264907837,0.5770833333333333,0.0005208333333333333,excluded,pre_generated_augmentation_unknown_provenance,,excluded,
data/Training/meningioma/Tr-aug-me_98.jpg,Tr-aug-me_98.jpg,meningioma,1,Training,True,25839,47659f0b7a3739148ba3a036ec2204283a0a233876b0a0458bf251bfae9c2da8,False,,512,512,1.0,JPEG,L,67812cfabb8cf746b28c705a3ba81c81eaaea058998d0a3b60571a5312d96228,50006e800bff291f37e866fd1e9235207a273416725bb06d68feb7f0f1c4db21,False,,0.2303699105978012,0.18745115399360657,0.07762255519628525,0.3214116394519806,0.24150511622428894,0.68125,0.0,excluded,pre_generated_augmentation_unknown_provenance,,excluded,
data/Training/meningioma/Tr-aug-me_99.jpg,Tr-aug-me_99.jpg,meningioma,1,Training,True,23620,fde0dcb9f7a9aeb206a5f7fc9cadc37231f528162eabd29589c21b348e2315a1,False,,512,512,1.0,JPEG,L,706bc85dd5c1c7c3c1a49924607e18dfaffdf05518754e9eba3a830a0944d31b,40bf2f402bf429c62d0b346f30bdf0bd32c6d091674bc34f9b27cf0fcc349c30,False,,0.18998783826828003,0.18199270963668823,0.045494284480810165,0.29385820031166077,0.154817134141922,0.8138020833333334,0.0,excluded,pre_generated_augmentation_unknown_provenance,,excluded,
data/Training/meningioma/Tr-me_1044.jpg,Tr-me_1044.jpg,meningioma,1,Training,False,19476,45938b1b529e1075b171d940aabb0388b4f863984ab96af7879025f0b31a668c,False,,366,395,0.9265822784810127,JPEG,RGB,26be41f88d246f14d432a33f13369220f7afc1dd356663b0f347aea614db7915,51051bfa53ef6e8564d16e266c1bb5bb383db0d930f062c623d27307a34a338b,False,,0.3406010866165161,0.26121610403060913,0.13632965087890625,0.4216366112232208,0.3233344852924347,0.67265625,0.00234375,excluded,redundant_exact_decoded_rgb_duplicate,data/Testing/meningioma/Te-me_157.jpg,excluded,dup_01452
data/Training/meningioma/Tr-me_1057.jpg,Tr-me_1057.jpg,meningioma,1,Training,False,11372,141138c436ee1cfc6ca00fbef0a6bebb18fd9fa799992f6ddd1b99d315c107df,False,,210,240,0.875,JPEG,RGB,110939c6bb8e3012f413d50e064d96f27b6cd8858f106d7f7b3672872ce6d74e,440a6cfd0ffd36c07b40632b380b91fd8c7bccc14c694e077875be5e39b4581c,False,,0.2877867519855499,0.26925554871559143,0.06496323645114899,0.4227079749107361,0.15368348360061646,0.8768229166666667,0.009895833333333333,excluded,redundant_exact_decoded_rgb_duplicate,data/Testing/meningioma/Te-me_270.jpg,excluded,dup_01466
data/Training/meningioma/Tr-me_1069.jpg,Tr-me_1069.jpg,meningioma,1,Training,False,14912,8fa0f1b0bad36d5bd71216ede76d56161464a390dd2600b0b1cbb81038188c39,False,,318,354,0.8983050847457628,JPEG,RGB,bdf7db311934b1321dce0ee2dfe3db1bb6a3b250383a8d3af0257fd0a7e6cc7a,4005e0fd19e83d68c77fe2005de031fae9a0e4701eab3578e38d7de338c7e0e8,False,,0.31782156229019165,0.19706596434116364,0.21681681275367737,0.39340725541114807,0.5511255860328674,0.00078125,0.01171875,excluded,redundant_exact_decoded_rgb_duplicate,data/Testing/meningioma/Te-me_2.jpg,excluded,dup_01479
data/Training/meningioma/Tr-me_1083.jpg,Tr-me_1083.jpg,meningioma,1,Training,False,14166,3dda830ebaa3389847012b51952891707f147df53645461c849dda635a9bb3dc,False,,257,248,1.0362903225806452,JPEG,RGB,19cea66c2f42d5bc508aaf40f34f6d88a24c939a9cc2b164eb4f10009641d6c3,017c5e0b5f812af4705fc97847baa1e56da1ec955f9664d6268e939a62586658,False,,0.27060019969940186,0.22475609183311462,0.1063837930560112,0.37283623218536377,0.28533652424812317,0.6846354166666667,0.0,excluded,redundant_exact_decoded_rgb_duplicate,data/Testing/meningioma/Te-me_5.jpg,excluded,dup_01495
data/Training/meningioma/Tr-me_109.jpg,Tr-me_109.jpg,meningioma,1,Training,False,19823,c22c1029b1f5d3b96679b64527073e0b5f575d492094578a9eff022649af84ec,False,,369,395,0.9341772151898734,JPEG,RGB,5efda4cbdae7da1d0070997867a6c39440d1d122253a8a2bc2030a76b8beca48,00571faf5fa8fa00295f6c5f7dfa212931a164a5249191976306661f979be71a,False,,0.388286292552948,0.29585012793540955,0.11525122821331024,0.4976409375667572,0.23159515857696533,0.69296875,0.015104166666666667,excluded,redundant_exact_decoded_rgb_duplicate,data/Testing/meningioma/Te-me_30.jpg,excluded,dup_01502
data/Training/meningioma/Tr-me_1091.jpg,Tr-me_1091.jpg,meningioma,1,Training,False,10078,4c3af3bbaa0e4fef239bd973509aeda877af2ba720a3d469a1d5438a9e55a910,False,,208,243,0.8559670781893004,JPEG,RGB,cb1b9f8d2cfb729e107a92d02f61eab37919387f7e33502eb09f4540b9a1143d,01df1e6a1fa8e80f7a87a1743874c5c26947868f61e8c78f61ab5e3465a9be14,False,,0.25710737705230713,0.19290579855442047,0.09538092464208603,0.4029488265514374,0.23670728504657745,0.7015625,0.0,excluded,redundant_exact_decoded_rgb_duplicate,data/Testing/meningioma/Te-me_95.jpg,excluded,dup_01504
data/Training/meningioma/Tr-me_110.jpg,Tr-me_110.jpg,meningioma,1,Training,False,20927,7e93bc227b48e72c38365bbc077e3ac58b5be977cce4a752e09df9f1402c22fb,False,,290,339,0.855457227138643,JPEG,RGB,7324f0931349eab46a1116da3a175e4d97e74ea6471baad3370f84b8c36c4c83,015d1fa663e8e8571ea7b5680fd3f93e2625c0fa780487ab2b51e0a50f1fc5e0,False,,0.33963167667388916,0.30252429842948914,0.06747446954250336,0.4788459539413452,0.14091059565544128,0.8200520833333333,0.00234375,excluded,redundant_exact_decoded_rgb_duplicate,data/Testing/meningioma/Te-me_174.jpg,excluded,dup_01514
data/Training/meningioma/Tr-me_1110.jpg,Tr-me_1110.jpg,meningioma,1,Training,False,9233,6b436fb29f9dd27c8e6a2f30c8d516947c3b856bad43c45b7722e8360e517cbf,False,,214,235,0.9106382978723404,JPEG,RGB,b6d62b8f07a3b9bb0c4d06a04af01fd1088efdfdd330dab32fdda4fdedcbf8d3,10722d2e4bcdb2816d01da7f3d1fcb783c7a9b607869cdcb30f069c369a43187,False,,0.34394389390945435,0.3004337251186371,0.05092932656407356,0.5289139747619629,0.09629037976264954,0.8950520833333333,0.01640625,excluded,redundant_high_similarity_perceptual_duplicate,data/Testing/meningioma/Te-me_214.jpg,excluded,dup_01526
data/Training/meningioma/Tr-me_1112.jpg,Tr-me_1112.jpg,meningioma,1,Training,False,23295,fad1650afc5dc5512c9215f9f48dc1008498bba45510289e6df9922b120dcae7,False,,402,396,1.0151515151515151,JPEG,RGB,e990ee3ba366aeb475550e0abf54ef1469c6cf89577df8148b3c9f30ff679960,451d0a771fa8dd8a2a041eb52a57f85429fe697a43d0a5ea7908218765efe70e,False,,0.3367134928703308,0.25835493206977844,0.135426864027977,0.4118891954421997,0.3287944197654724,0.5986979166666667,0.018489583333333334,excluded,redundant_exact_decoded_rgb_duplicate,data/Testing/meningioma/Te-me_165.jpg,excluded,dup_01528
data/Training/meningioma/Tr-me_1121.jpg,Tr-me_1121.jpg,meningioma,1,Training,False,12755,887770a828d268a2487b833f31281d0291951557c1ecd96ed38f3e8966d0def0,False,,256,256,1.0,JPEG,RGB,f5c147933f85a87c0117d15e39e7b2421c620ad5de62664717ba707e656bffc5,41031bf416bb60c42e713689617650f93daad9a1939589ec8e56f69f217a3e78,False,,0.21405412256717682,0.22054094076156616,0.08120302110910416,0.24775105714797974,0.3277605473995209,0.7700520833333333,0.0,excluded,redundant_exact_decoded_rgb_duplicate,data/Testing/meningioma/Te-me_86.jpg,excluded,dup_01538
data/Training/meningioma/Tr-me_1122.jpg,Tr-me_1122.jpg,meningioma,1,Training,False,24340,faf979dc936e8bdda191a2af8b4790136ff54f4e9a3319ffaa9f06a3c8216b17,False,,300,345,0.8695652173913043,JPEG,RGB,ab6a0e8a2752f9b561be40352d11a5e3ea2613eb9bf687da31228e0cbcc8db38,40ed64cc3b926f123c0bb0ed70fd4e9033cac38fcd259c3e62618b797d269c62,False,,0.19823023676872253,0.2044707089662552,0.0591360367834568,0.33210211992263794,0.17806582152843475,0.0046875,0.0,excluded,perceptual_duplicate_group_with_label_conflict,,excluded,dup_01539
data/Training/meningioma/Tr-me_1127.jpg,Tr-me_1127.jpg,meningioma,1,Training,False,59684,fd96f61075f420f133b29b587e13aee2367858cf827052cafcc2e2bc93cc1725,False,,534,674,0.7922848664688428,JPEG,RGB,67f034a5fd072e557840ae7edc427757b633be3c998de9809596f08c93c3177e,45514d6a1faa3ea56bb52d133811b1fa7a5eb0a4287e67a52d681685b0e9d656,False,,0.3334920406341553,0.2427786886692047,0.08269200474023819,0.4695016145706177,0.17612719535827637,0.8088541666666667,0.0010416666666666667,excluded,redundant_high_similarity_perceptual_duplicate,data/Testing/meningioma/Te-me_272.jpg,excluded,dup_01544
data/Training/meningioma/Tr-me_1146.jpg,Tr-me_1146.jpg,meningioma,1,Training,False,11824,a47bcad5ac91f50b2fb3590b03fd0e575cc10f3a0c06c1d35a61f397b6efaf39,False,,206,249,0.8273092369477911,JPEG,RGB,a9f3ff926cf7cfbd9891889b34f3d64ea46f57676507cc64281e1b447292d5fb,4450ccf94eabe5023b95332f390293fe386f9a486cfdcd6961f04d2971c46ca5,False,,0.3625919222831726,0.27317994832992554,0.11136846244335175,0.41769206523895264,0.2666281461715698,0.17317708333333334,0.02734375,excluded,redundant_exact_decoded_rgb_duplicate,data/Testing/meningioma/Te-me_241.jpg,excluded,dup_01565
data/Training/meningioma/Tr-me_1163.jpg,Tr-me_1163.jpg,meningioma,1,Training,False,9501,f3d00bbb942117c2fb62466414d3c466ca283b678200fe87424e4128b80b2dba,False,,201,251,0.8007968127490039,JPEG,RGB,8577f362d42e2a3b0004f1f9ba1c166397773392f75156256c3d2b60cd91339c,4633d2b52fcd8dc23402372b616fb09c34b4e3537383364e86c3cccdc30fa637,False,,0.2868911027908325,0.3168902099132538,0.0007118055946193635,0.5828555822372437,0.0012212384026497602,0.9927083333333333,0.0,excluded,redundant_exact_decoded_rgb_duplicate,data/Testing/meningioma/Te-me_274.jpg,excluded,dup_01584
data/Training/meningioma/Tr-me_1166.jpg,Tr-me_1166.jpg,meningioma,1,Training,False,10992,c70dc85daacdc0227c689b1945a83b0e026425721769070db8eb664bb274b569,False,,225,225,1.0,JPEG,RGB,f1f82049140ff8ec8b2c55a03513b594398c5594eba136d983162cf63a1a62c2,178a3e117a31e16f685eb4d86962cda561ed96973496639a6127361a33993669,False,,0.29564809799194336,0.27431565523147583,0.06614379584789276,0.5375277996063232,0.12305185943841934,0.0005208333333333333,0.004427083333333333,excluded,redundant_exact_decoded_rgb_duplicate,data/Testing/meningioma/Te-me_31.jpg,excluded,dup_01587
data/Training/meningioma/Tr-me_1168.jpg,Tr-me_1168.jpg,meningioma,1,Training,False,24412,989297d05b6c7b2c798c7efeccfff51fdf412e9e774b87cbe25d9f3909d49111,False,,273,326,0.8374233128834356,JPEG,RGB,f7d2308729770274fcfb77fb0fd22b7827e4490a91ce8e53d79b7a7e2d1b3c83,454239bd10adc6542fde646a6f4087a53d019bc46c3fcf1224f4ce1b36d09c7f,False,,0.3957715928554535,0.29456812143325806,0.20458537340164185,0.490853875875473,0.41679486632347107,0.0,0.06666666666666667,excluded,redundant_exact_decoded_rgb_duplicate,data/Testing/meningioma/Te-me_71.jpg,excluded,dup_01589
data/Training/meningioma/Tr-me_1194.jpg,Tr-me_1194.jpg,meningioma,1,Training,False,8803,49e13da805572838ee86f2e79b5bd620bf5d1284c62b70cc96599aeb01f115ff,False,,215,220,0.9772727272727273,JPEG,RGB,6b14153d10b45266a38f48ff02fe83a0f15a4784d6dc2cdf03e67eccee5287df,12646d6945f993b169eaa456b3aa4b5825a99d9a1264896ea69793de6d172ca6,False,,0.24325266480445862,0.20765012502670288,0.15368056297302246,0.318326860666275,0.4827759861946106,0.16276041666666666,0.0,excluded,redundant_exact_decoded_rgb_duplicate,data/Testing/meningioma/Te-me_158.jpg,excluded,dup_01618
data/Training/meningioma/Tr-me_1198.jpg,Tr-me_1198.jpg,meningioma,1,Training,False,15883,556f561ec1c7743e7a8dfec5de7d34c0ab28e60352c21c677b2bb7354baeff1f,False,,278,306,0.9084967320261438,JPEG,RGB,a12929a1a354590a29263a8c1dfa5442b0334b5697a99c52a63dded988dca7b1,450037ef2abdccd033d6b00b0d6bf0afe5214bf03cb58f503436e58932d26f87,False,,0.19931091368198395,0.23495064675807953,0.015295137651264668,0.35358649492263794,0.043257132172584534,0.9388020833333334,0.0,excluded,redundant_exact_decoded_rgb_duplicate,data/Testing/meningioma/Te-me_66.jpg,excluded,dup_01622
data/Training/meningioma/Tr-me_1225.jpg,Tr-me_1225.jpg,meningioma,1,Training,False,16260,32e43c129cf6fef5fecb82419213685e652d4dbc524f7c7f9d11c42b91c28fa9,False,,286,356,0.8033707865168539,JPEG,RGB,ed1f593d8bf46015862bfef8323f88db930e1d1bc8ef45f23266032dba2a4ffa,015e5a695fa0281766599d76688593783e5719ea4cbcc069bd3565e135b4edc1,False,,0.24684101343154907,0.2204815149307251,0.045042894780635834,0.3527678847312927,0.12768422067165375,0.825,0.0,excluded,redundant_exact_decoded_rgb_duplicate,data/Testing/meningioma/Te-me_39.jpg,excluded,dup_01653
data/Training/meningioma/Tr-me_1249.jpg,Tr-me_1249.jpg,meningioma,1,Training,False,10902,2e27f1fa36558c2356b50a6f437d33f07c9187b3adcba56977e04aa6f30b3d68,False,,211,239,0.8828451882845189,JPEG,RGB,aa616a3d8e4051b3ad74f08e54061b60cc63497b2f70aa7456b08a10e66ad330,045f4ea85fa8ba175a15b07a685e85a9396a6d8539e94eb561a53656658736e4,False,,0.294576495885849,0.2576403021812439,0.08774101734161377,0.41216301918029785,0.21287940442562103,0.04244791666666667,0.0203125,excluded,redundant_exact_decoded_rgb_duplicate,data/Testing/meningioma/Te-me_266.jpg,excluded,dup_01679
data/Training/meningioma/Tr-me_126.jpg,Tr-me_126.jpg,meningioma,1,Training,False,5237,deaee0ac0187be63718484cd3a6bdc76a6bbdfedc10ea56e36045feb624bb24d,False,,225,225,1.0,JPEG,RGB,86004ff7b5b9af3a4703e1debe2ec6f7642071043c93944d96a39d252a7cc1ab,52f02e1f6d0fe1e430b092d366c34e4fb30dd964cf2c71b08c7464d3c8f3370d,False,,0.10181982070207596,0.15191340446472168,0.002265114337205887,0.23585708439350128,0.009603758342564106,1.0,0.0,excluded,redundant_exact_decoded_rgb_duplicate,data/Testing/meningioma/Te-me_265.jpg,excluded,dup_01691
data/Training/meningioma/Tr-me_1262.jpg,Tr-me_1262.jpg,meningioma,1,Training,False,9737,9ef07d315f8bb789b47f544050569f2b3403ccfe603daf97f037b46f691a28d1,False,,200,223,0.8968609865470852,JPEG,RGB,c56a3491336d7127b6b3bb9b34bf3ef938b1cd92095d7fcfa80922dbf226ed8f,05046d2f47ae63b56eb53cd01e50b03b3e5334cf585a92c8fa5e63c469786785,False,,0.2850971221923828,0.22156758606433868,0.14641033113002777,0.3145613372325897,0.46544286608695984,0.6765625,0.007291666666666667,excluded,redundant_exact_decoded_rgb_duplicate,data/Testing/meningioma/Te-me_207.jpg,excluded,dup_01694
data/Training/meningioma/Tr-me_1282.jpg,Tr-me_1282.jpg,meningioma,1,Training,False,33754,5186f1029b7a4afa09dd8160cc196617d6950e8230e164e73598263736be95b2,False,,480,480,1.0,JPEG,RGB,c12188497d4890440ba0f1d89c755ac534f9912e6dc1d42fc34740812f507e28,4378b8222fb9c2993894e7766dfa9b88cd689011c325307fcd8599fbcd96c162,False,,0.4528641104698181,0.22705727815628052,0.27694445848464966,0.6416839361190796,0.43159013986587524,0.02265625,0.0,excluded,redundant_high_similarity_perceptual_duplicate,data/Testing/meningioma/Te-me_125.jpg,excluded,dup_01716
data/Training/meningioma/Tr-me_1286.jpg,Tr-me_1286.jpg,meningioma,1,Training,False,13439,8014da7bd1038ca29824ab595a45f36d1bf1316872250c8c3110a05c74ac0d3b,False,,201,207,0.9710144927536232,JPEG,RGB,60a0c1929abeef25affbd380277f06f8b2fa1dc44b07393a544b2747252e35c1,67f54007308a9bb463fbc6bf1b7466d58cd25b40e3c28c1bdb0630c24d0ffa4b,False,,0.42809224128723145,0.2435099482536316,0.40018075704574585,0.45916056632995605,0.871548593044281,0.01953125,0.10052083333333334,excluded,redundant_exact_decoded_rgb_duplicate,data/Testing/meningioma/Te-me_4.jpg,excluded,dup_01720
data/Training/meningioma/Tr-me_1289.jpg,Tr-me_1289.jpg,meningioma,1,Training,False,102858,0fb56074c33854864a2e00a4ffff662efcff4cbdd2970cbcb29963d05a1c1ad7,False,,1149,1019,1.1275760549558391,JPEG,RGB,6d2ce26bd0dd26ec868326c0ba4537d4e484075c038f169be908067da5f000b2,542bccd44bf43f423303390b193dfd3d6cb424f47cf060f234d361c330cb32cf,False,,0.20640867948532104,0.23519301414489746,0.04493770748376846,0.3221631646156311,0.13948741555213928,0.83515625,0.0018229166666666667,excluded,redundant_exact_decoded_rgb_duplicate,data/Testing/meningioma/Te-me_285.jpg,excluded,dup_01723
data/Training/meningioma/Tr-me_1290.jpg,Tr-me_1290.jpg,meningioma,1,Training,False,37460,a70f40c8cfc4a3811c80f6f00cc80d890c602ccdd5cb610c4e77db115e2195c1,False,,630,423,1.4893617021276595,JPEG,RGB,0f80120751f8af300edda0cdd4ec2a83f9fedc1836bbf9774961c51d667aa68f,01461f395e8470a62c1b6bdd4c3e19fcccdb260d63f16c3d03fc6ce5242d66f0,False,,0.2845025956630707,0.24449831247329712,0.1521129608154297,0.33320602774620056,0.4565132260322571,0.6046875,0.0,excluded,redundant_exact_decoded_rgb_duplicate,data/Testing/meningioma/Te-me_37.jpg,excluded,dup_01725
data/Training/meningioma/Tr-me_131.jpg,Tr-me_131.jpg,meningioma,1,Training,False,26509,37f56b108bf51b46843a02ee76d310daebdf2d9fcbbd0d8554514689203b7d90,False,,491,624,0.7868589743589743,JPEG,RGB,632bd141e37a6ea8b2704c89b42172434b66c2e5bf525de00a750ea12caf6074,5400692a0aff1ef56fd0f442370be12f920f87e44dda3f907c3a6c33c8b4929b,False,,0.15055721998214722,0.1334993839263916,0.03732128441333771,0.2186925709247589,0.17065638303756714,0.8770833333333333,0.0,excluded,redundant_exact_decoded_rgb_duplicate,data/Testing/meningioma/Te-me_93.jpg,excluded,dup_01738
data/Training/meningioma/Tr-me_145.jpg,Tr-me_145.jpg,meningioma,1,Training,False,23516,fcfe7634ac373c6839916f9cce74ce6369249bd96bd55aa3ae3d0050d2119410,False,,315,315,1.0,JPEG,RGB,14eb9efbd7bc7db9d8659054bc736cd5f9f0ddeb1c1e0289d00249d0285e34b0,422b0d052ff440f774403caca0ff72fcb4ff74e093f571c0f3c003c277c59383,False,,0.5402770042419434,0.2911895513534546,0.4628084599971771,0.6318818926811218,0.7324287295341492,0.29296875,0.11770833333333333,excluded,redundant_exact_decoded_rgb_duplicate,data/Testing/meningioma/Te-me_296.jpg,excluded,dup_01753
data/Training/meningioma/Tr-me_154.jpg,Tr-me_154.jpg,meningioma,1,Training,False,33098,820dbfd9b7449559802740a08ded8d506dbbad2abdda7293d3595bd9dcf4e746,False,,351,398,0.8819095477386935,JPEG,RGB,a74cbca554aeedc02d6151ee09e96ceb8dd017e5b29a58af3019c69943a9a63d,09fdfcb554414cca02abd23fc3ab1a5457c5f67e3a85b82887149b681a9779c1,False,,0.41268908977508545,0.2990833520889282,0.36866119503974915,0.48535919189453125,0.7595636248588562,0.11640625,0.14765625,excluded,redundant_exact_decoded_rgb_duplicate,data/Testing/meningioma/Te-me_52.jpg,excluded,dup_01763
data/Training/meningioma/Tr-me_158.jpg,Tr-me_158.jpg,meningioma,1,Training,False,33946,f17a463d83cc7fa4f2608f3791009e6bc87d73118755ed6043adaa054d94b695,False,,645,439,1.469248291571754,JPEG,RGB,88985660b93ee49486294a5f7dca3e5ebee80923325c3607287632926b235610,172c0f0778d49cb94b4a38e66dabe1ce6187712c643c63b167bc669266333671,False,,0.15151679515838623,0.19167445600032806,0.01688419096171856,0.294397234916687,0.0573517307639122,0.93515625,0.0,excluded,redundant_exact_decoded_rgb_duplicate,data/Testing/meningioma/Te-me_231.jpg,excluded,dup_01767
data/Training/meningioma/Tr-me_167.jpg,Tr-me_167.jpg,meningioma,1,Training,False,30960,44c5b942e58c6d70f1c96fdc7c9b3a0b960c2d41bb74546d96006f8d588c9b03,False,,416,395,1.0531645569620254,JPEG,RGB,cca9bf3ba5576bd6e8eff77c27a9204e28827f325ed58b4226a484ec28bd0a5d,055418d71faa6f4062b5360b6e1521fc61fa69c03d6a61e72729f2ed35279738,False,,0.32769155502319336,0.25761449337005615,0.09611519426107407,0.4544864594936371,0.21148087084293365,0.69765625,0.0,excluded,redundant_exact_decoded_rgb_duplicate,data/Testing/meningioma/Te-me_276.jpg,excluded,dup_01777
data/Training/meningioma/Tr-me_19.jpg,Tr-me_19.jpg,meningioma,1,Training,False,24585,9c8572b3fb29d4a2467cdd2a8ef06efadb3430358234296b9e3e9fd6d8b31a0f,False,,374,370,1.0108108108108107,JPEG,RGB,a507fb03ffe97459b7783ff47cb9c3da657275767ed45e6f9b2a790c2f856c0c,475044af1bbb3b144c8bc35d6d02712fcdbb31b449afb0d476a485c37292cc8f,False,,0.31543809175491333,0.20257247984409332,0.20114992558956146,0.3793792128562927,0.5302081108093262,0.0,0.0,excluded,redundant_exact_decoded_rgb_duplicate,data/Testing/meningioma/Te-me_184.jpg,excluded,dup_01802
data/Training/meningioma/Tr-me_200.jpg,Tr-me_200.jpg,meningioma,1,Training,False,23965,7ae82ad05ee2fd7dc4d6ee5f4793ac4fc8c416bba68b698a2df7d59d76b1cd2b,False,,312,401,0.7780548628428927,JPEG,RGB,75f82575f4b2748cb62bf2a1e3df7ad814d91c58be69a37dd3e61b64052d4b47,1655c6584baa69873c15b87b617ac5f8d3a8960597a5c85ecec3c968cd0735e1,False,,0.2571758031845093,0.3200640082359314,0.007701183669269085,0.38810989260673523,0.01984279230237007,0.9869791666666666,0.0036458333333333334,excluded,redundant_exact_decoded_rgb_duplicate,data/Testing/meningioma/Te-me_54.jpg,excluded,dup_01815
data/Training/meningioma/Tr-me_205.jpg,Tr-me_205.jpg,meningioma,1,Training,False,16515,c4d0ad53156cd1b77ce696394ebcf92492e1b19990e350438eac561f282a7405,False,,338,345,0.9797101449275363,JPEG,RGB,1b339bc8e072f831d814558ea1c7f4862c113a63c49fa1fcd90bb40f97b92458,52fd7b126f40e5a93c0f92d468bdcf0634f49a4a70e19e1933d3486967879c61,False,,0.22769153118133545,0.2367575466632843,0.011803514324128628,0.45366308093070984,0.026018239557743073,0.9627604166666667,0.0,excluded,redundant_exact_decoded_rgb_duplicate,data/Testing/meningioma/Te-me_232.jpg,excluded,dup_01820
data/Training/meningioma/Tr-me_219.jpg,Tr-me_219.jpg,meningioma,1,Training,False,28082,451f339dbf4d33864e0dd8940f533bbeddda6492cf60bb15615342bd467cc721,False,,512,512,1.0,JPEG,RGB,65891cbba559ab78e568b2445965efaa4938fe6805121c2b8c72737873d4526f,143f95c87ad01a273f426817787f287a61c2e56b6c3961e52587250de3f4e636,False,,0.18385249376296997,0.1771683543920517,0.025040851905941963,0.3244839906692505,0.07717130333185196,0.8328125,0.0,excluded,redundant_exact_decoded_rgb_duplicate,data/Training/meningioma/Tr-me_1094.jpg,excluded,dup_01507
data/Training/meningioma/Tr-me_238.jpg,Tr-me_238.jpg,meningioma,1,Training,False,19460,ad80fb721b5d5ee5b77ff2e29e3473a54db92a5004c7de810fe1353e89a65d33,False,,367,395,0.9291139240506329,JPEG,RGB,b685c9a93786df849b2df0184743cca94d98176b05e3bbbdfd25feac92b2de6e,51041bfa53ef6e0564d16e2e6c0bb5bb383db0d930f062c623d27307e74a338b,False,,0.33966904878616333,0.2614317536354065,0.13334457576274872,0.42141735553741455,0.3164192736148834,0.6747395833333333,0.00234375,excluded,redundant_exact_decoded_rgb_duplicate,data/Testing/meningioma/Te-me_230.jpg,excluded,dup_01855
data/Training/meningioma/Tr-me_239.jpg,Tr-me_239.jpg,meningioma,1,Training,False,9268,96c69ebadfc6c5a736937c6bdf11983ebf111d0cd9f738b1c1aafa96dc61f551,False,,200,223,0.8968609865470852,JPEG,RGB,3f04113452e2e59e214ffc787cd997b943639fde74ee48caddf97c256637f2d7,001736935faa698d3a15b05e745e65e868499fa59164dc9769a1ce9c83cd9e78,False,,0.1240856796503067,0.14252328872680664,0.05242238938808441,0.1347857415676117,0.3889312744140625,0.8419270833333333,0.00078125,excluded,redundant_exact_decoded_rgb_duplicate,data/Testing/meningioma/Te-me_167.jpg,excluded,dup_01856
data/Training/meningioma/Tr-me_3.jpg,Tr-me_3.jpg,meningioma,1,Training,False,8445,2f8546e485b635df17caf0595ffc29c1db3d87aaddc2681b8d6b6caa85ffd515,False,,238,212,1.1226415094339623,JPEG,RGB,ca320c87bd08d8c1274781aad0fad33344b6cd7516450d3064b4817dbf9789e2,55405bf5402b47d030ffcbd2c3fd8f408bd4cf42c3409b0bcf0a3d2b9b0bcd0f,False,,0.41348281502723694,0.24821524322032928,0.29692503809928894,0.47427335381507874,0.6260631084442139,0.028385416666666666,0.07682291666666667,excluded,redundant_exact_decoded_rgb_duplicate,data/Testing/meningioma/Te-me_195.jpg,excluded,dup_01923
data/Training/meningioma/Tr-me_330.jpg,Tr-me_330.jpg,meningioma,1,Training,False,24073,3f485834e521c740f298d16190f0afa1209a0e2d01080015ca6a8b5f3febe1fe,False,,300,412,0.7281553398058253,JPEG,RGB,3001107fd6603619f0f86a727a013eabb2f5dcab54b75d9ee7b6ee2a8a7c5f1c,1155364b4fea69c43805b9376c5ec7e873ba9785a6e59856c383497a9e1e2921,False,,0.288883239030838,0.32160866260528564,0.017519403249025345,0.4329197406768799,0.040468014776706696,0.9708333333333333,0.00234375,excluded,redundant_exact_decoded_rgb_duplicate,data/Testing/meningioma/Te-me_216.jpg,excluded,dup_01958
data/Training/meningioma/Tr-me_331.jpg,Tr-me_331.jpg,meningioma,1,Training,False,11006,7cfaba22355b770b309b9e019fb8a86ad4e3f22f16c00b6c003940435bb8a913,False,,204,249,0.8192771084337349,JPEG,RGB,107c5780b70e675c0ac40f95a2578ce28fb5dbb9d5385a223e480fced6e91de0,04514ef946abef003b94311e3b56b1fe386acee06de9cf8161a1cf0765854c4f,False,,0.3659115433692932,0.27240070700645447,0.11876226216554642,0.4221976399421692,0.28129541873931885,0.16744791666666667,0.023697916666666666,excluded,redundant_exact_decoded_rgb_duplicate,data/Testing/meningioma/Te-me_18.jpg,excluded,dup_01959
data/Training/meningioma/Tr-me_339.jpg,Tr-me_339.jpg,meningioma,1,Training,False,26281,24f09f91af40e42f2798bbc29df353ce17e6a0c0b533fb923b2fa8f75df6b496,False,,455,500,0.91,JPEG,RGB,ec5f9c331517a1e1958d68d76c9cde210cdaa45a676af0fa75947e55a042bfd5,447e73a56ee0ad563903cc6a391f84a13cfc319579f8369661e1339a61c3335a,False,,0.29572349786758423,0.24544298648834229,0.06244894117116928,0.4893229603767395,0.12762315571308136,0.46015625,0.0018229166666666667,excluded,redundant_exact_decoded_rgb_duplicate,data/Testing/meningioma/Te-me_116.jpg,excluded,dup_01967
data/Training/meningioma/Tr-me_36.jpg,Tr-me_36.jpg,meningioma,1,Training,False,24945,e43e01934b68943651419d25cae4ccea04db2678db91b0e6a257c54732f920f8,False,,442,442,1.0,JPEG,RGB,054caced050d580d2b2b31f55a9574d7b68c9aab7fc8115577314f6103959604,511b4bb13ff96c5666e0644e6e54f46733da1a71b07903d0d81529c0f1869b7b,False,,0.18183404207229614,0.12872666120529175,0.06506025791168213,0.26392847299575806,0.24650715291500092,0.13619791666666667,0.0,excluded,redundant_exact_decoded_rgb_duplicate,data/Testing/meningioma/Te-me_1.jpg,excluded,dup_01990
data/Training/meningioma/Tr-me_373.jpg,Tr-me_373.jpg,meningioma,1,Training,False,18020,0393684019b077c8ca1612bffafae672b08a84ed5e66d5290eb93d541a9face9,False,,289,354,0.8163841807909604,JPEG,RGB,71039ba5d0f6759a5787d609032687fe40ffd720e4da6c03055d4773754cf22e,015e5a695fa0281666599d76688793793e5f19ae4cbcc0699d3565e135b46dc1,False,,0.24569690227508545,0.2205723375082016,0.04722324758768082,0.35226142406463623,0.13405738770961761,0.8080729166666667,0.0,excluded,redundant_exact_decoded_rgb_duplicate,data/Testing/meningioma/Te-me_20.jpg,excluded,dup_02005
data/Training/meningioma/Tr-me_404.jpg,Tr-me_404.jpg,meningioma,1,Training,False,16642,6dd5943d1831c3b133d5e8cbe5a3f87087256db4ac6af3e8878df2a0255efc87,False,,305,337,0.9050445103857567,JPEG,RGB,088f8fcdaa5858b83c234ac57999d0a0e743ba53d6b82d6b22812e5d294514fc,1166d9e41bef61126f10653a6c1be4a96c7e86e52c68664764e9ce5e4da19c5a,False,,0.24210399389266968,0.208110973238945,0.04416666552424431,0.36339330673217773,0.12153957039117813,0.8666666666666667,0.0,excluded,redundant_exact_decoded_rgb_duplicate,data/Testing/meningioma/Te-me_101.jpg,excluded,dup_02040
data/Training/meningioma/Tr-me_421.jpg,Tr-me_421.jpg,meningioma,1,Training,False,23728,f260fc621e5ae555a5eaaab2dcb29d491386a3849191b0ff9556bdf18a5ada76,False,,442,442,1.0,JPEG,RGB,31a9a72bc9a5e909403afffeab3496896713ad0e85e2f16dfb3f58f279a4be6a,42d23f1b2d2df0b470f40f4736cbd83c931999b1c93d6ec3cce466246cc266d2,False,,0.2069295346736908,0.2919772267341614,0.0,0.5040192604064941,0.0,1.0,0.0,excluded,redundant_high_similarity_perceptual_duplicate,data/Testing/meningioma/Te-me_202.jpg,excluded,dup_02059
data/Training/meningioma/Tr-me_424.jpg,Tr-me_424.jpg,meningioma,1,Training,False,33124,09efecdd6ab7be71c5bce1f0b9d293ca126d1b49c5f1c7c6baff17a65fbbf8c9,False,,343,367,0.9346049046321526,JPEG,RGB,68ff23efe675e3a0bba89a156ec5fbda46d0f180b3465759d284ff07cdc36590,140092ff1e2f6b5879e94e486abde9c2783525ff21c46738305a47e1678a703f,False,,0.32270270586013794,0.24260397255420685,0.16527779400348663,0.36205482482910156,0.4564993679523468,0.0,0.015104166666666667,excluded,redundant_exact_decoded_rgb_duplicate,data/Testing/meningioma/Te-me_49.jpg,excluded,dup_02062
data/Training/meningioma/Tr-me_432.jpg,Tr-me_432.jpg,meningioma,1,Training,False,25923,e2c7bc9c2d735e5b584b329f5cda1aec1f2415b2972c4aa8efc8d0a61e61b280,False,,341,395,0.8632911392405064,JPEG,RGB,a7ae7ded29c8dc554439ee5ffc1c678f8b1512e7d1aafb9fdbbb93859e387bae,41140ceb11634b340abb3fc17cf2e2146bc5b9423c0f6c4fe1e3d07e3f3c9d29,False,,0.33340775966644287,0.19935253262519836,0.1506362408399582,0.40135857462882996,0.3753158748149872,0.5236979166666667,0.00026041666666666666,excluded,redundant_exact_decoded_rgb_duplicate,data/Testing/meningioma/Te-me_179.jpg,excluded,dup_02071
data/Training/meningioma/Tr-me_437.jpg,Tr-me_437.jpg,meningioma,1,Training,False,26037,edaff90338db46c64d17412392dc68cd9493db0ebc3211c51a93021baa25ef09,False,,442,442,1.0,JPEG,RGB,2695d20b7792de1e275ea82239b08dcb39f3a1a671c753d4b62b156c3604d9ca,157e3b916aaa3c4725cde43e70c48fa09b0b982f830fe4e83c74e7ac6ed2d803,False,,0.18117603659629822,0.14259818196296692,0.0808844044804573,0.26854798197746277,0.30119162797927856,0.15885416666666666,0.0,excluded,redundant_exact_decoded_rgb_duplicate,data/Testing/meningioma/Te-me_197.jpg,excluded,dup_02076
data/Training/meningioma/Tr-me_450.jpg,Tr-me_450.jpg,meningioma,1,Training,False,8540,df42fa96f4e750ec67b95889f912770e0408328899912b9497691c99e3fb63c3,False,,205,251,0.8167330677290837,JPEG,RGB,2272f4c4e9c6e5036ef85e4cd9d9271e78b15007ca22afa4c5280a2982c8112c,4501cf933abf38482f55d12f6d02cf26648fc1d030fd8e0333e5665ae6f271ac,False,,0.35527870059013367,0.30454692244529724,0.035622961819171906,0.6130983829498291,0.05810317397117615,0.8486979166666667,0.0,excluded,redundant_exact_decoded_rgb_duplicate,data/Testing/meningioma/Te-me_251.jpg,excluded,dup_02091
data/Training/meningioma/Tr-me_453.jpg,Tr-me_453.jpg,meningioma,1,Training,False,18781,80dc72314701e8e722242e0e012c4c67f3a6d38b61138a9a01e251ae779190a4,False,,306,306,1.0,JPEG,RGB,b4515fa275b42d4acc7e73c5ceaae5d85c9a72d768badb836b48704765b85696,445539d559ae4f603abd6a03ca95397fda44646e2d5a71e05b9885a531ec8787,False,,0.3586440086364746,0.2746867537498474,0.18589869141578674,0.460572749376297,0.4036250412464142,0.7020833333333333,0.08229166666666667,excluded,redundant_exact_decoded_rgb_duplicate,data/Testing/meningioma/Te-me_171.jpg,excluded,dup_02094
data/Training/meningioma/Tr-me_458.jpg,Tr-me_458.jpg,meningioma,1,Training,False,24063,ce8b974baddb2dc8bac4115b3f5c9c3006cd7a0134c3722906ef5c08d3294150,False,,554,554,1.0,JPEG,RGB,588565301607c57cae754933e3f2e24aa81a5b106c24825501f58c1ca404f5b4,10631a637f86611c6d95e46336fba6c86c848d85795ed399259ac59365b86673,False,,0.2553098201751709,0.20451851189136505,0.05861826613545418,0.4554802477359772,0.1286955177783966,0.7520833333333333,0.0,excluded,perceptual_duplicate_group_with_label_conflict,,excluded,dup_02099
data/Training/meningioma/Tr-me_464.jpg,Tr-me_464.jpg,meningioma,1,Training,False,56293,eca47283498dca90a78adbac146a0c95a7352e944d7364f3d3f46adf4c60357d,False,,591,650,0.9092307692307692,JPEG,RGB,feafca23c5be5f714572ccd3f3584663e24180ed17f529bdb4fd2f66c29a5bee,10622d2e4bcdb2816d01da7f3d1fcb783c7a9b607869cdcb30f169c369a43187,False,,0.34422874450683594,0.3007906377315521,0.050601519644260406,0.5291227102279663,0.09563286602497101,0.89609375,0.016927083333333332,excluded,redundant_high_similarity_perceptual_duplicate,data/Testing/meningioma/Te-me_214.jpg,excluded,dup_01526
data/Training/meningioma/Tr-me_465.jpg,Tr-me_465.jpg,meningioma,1,Training,False,8899,e465760e8b0ca460951cfa70174020194061c32793bc236212be4280a8b25a6e,False,,225,225,1.0,JPEG,RGB,75fdccf52ad46c5f66f84ec8035a26e31237b9660af5a40fa1edebbb9fc878bb,42d23f1b2d0df0b470f44f4736cbd83c931999b1c93d6fc3cc6466246cc266d2,False,,0.2077830582857132,0.2913261950016022,0.0,0.5038765668869019,0.0,1.0,0.0,excluded,redundant_exact_decoded_rgb_duplicate,data/Testing/meningioma/Te-me_202.jpg,excluded,dup_02059
data/Training/meningioma/Tr-me_468.jpg,Tr-me_468.jpg,meningioma,1,Training,False,7007,e6ca19cc14a4c5dfaee656165c5b8c93608ab5adb96c354b15fec32fd3249857,False,,225,225,1.0,JPEG,RGB,f3460db28c01f246874b3a961fe63ab79809faa5850fc62acbb6a72276335295,10631a637f86611c6d95e463327ba6c86c848d85797ef399259ac59367b86671,False,,0.25521862506866455,0.20473110675811768,0.05856719985604286,0.4555204510688782,0.12857204675674438,0.7528645833333333,0.0,excluded,perceptual_duplicate_group_with_label_conflict,,excluded,dup_02099
data/Training/meningioma/Tr-me_472.jpg,Tr-me_472.jpg,meningioma,1,Training,False,8791,bd694839a7b18d8a031c43a2e76ea7603925ba43ac1349cf094d88e8c76ded6a,False,,212,237,0.8945147679324894,JPEG,RGB,ba30a7a5274550732693eb1c029050fe19db39b774af5072cd126a4abcec1f3c,10eb66174fa569da32438cb26da6326998de64b6652599c9c6da6592c61933cf,False,,0.2782662510871887,0.18534134328365326,0.1350347399711609,0.39537668228149414,0.34153440594673157,0.0,0.0,excluded,redundant_exact_decoded_rgb_duplicate,data/Testing/meningioma/Te-me_190.jpg,excluded,dup_02112
data/Training/meningioma/Tr-me_479.jpg,Tr-me_479.jpg,meningioma,1,Training,False,24592,b7e81c22bf6e933905cee1abef434f59f4f597b36e290ed1952c8adf3e23652b,False,,530,526,1.0076045627376427,JPEG,RGB,06c1042264d1a49465971aa14957ef6b8e2842f2ca388c24b7201f7f75274ef7,14175aa44fe869573e01356a787f65a530f067977242b61e9b4bca1dc96d8c34,False,,0.34441229701042175,0.2985723614692688,0.14371731877326965,0.29859739542007446,0.4813080132007599,0.08463541666666667,0.0,excluded,redundant_exact_decoded_rgb_duplicate,data/Testing/meningioma/Te-me_278.jpg,excluded,dup_02119
data/Training/meningioma/Tr-me_486.jpg,Tr-me_486.jpg,meningioma,1,Training,False,7925,f3fec5bf88028bff924a9866b3efc5711b6a4f4f1bce52692ddef89db1d2996b,False,,214,216,0.9907407407407407,JPEG,RGB,b4770428f6eb25d2bae1c68136da1a088c1efede7a9c42c925d505e9cbf9e990,14177aa44be869573e05356a787e65a531f0269573c2b61eb34bda58c96d8c34,False,,0.3441552519798279,0.2993440628051758,0.13780739903450012,0.2981148660182953,0.46226274967193604,0.08515625,0.0,excluded,redundant_exact_decoded_rgb_duplicate,data/Testing/meningioma/Te-me_8.jpg,excluded,dup_02127
data/Training/meningioma/Tr-me_489.jpg,Tr-me_489.jpg,meningioma,1,Training,False,23804,29f768db76550147701feec1b895611e5bf285b3d7908187ce65e1c7d1609ddc,False,,295,394,0.748730964467005,JPEG,RGB,46b45a09eca0b9f96a63eb909ab38cb5b54a5813c623cebcb7ecc51fb29bf941,1714d34c4aaa6df13fd5bc0b640ac0aff3af93f4c104ce4380f8cd0f8fa13c39,False,,0.2768157422542572,0.32396218180656433,0.03758068010210991,0.40036672353744507,0.09386564046144485,0.94375,0.016927083333333332,excluded,redundant_exact_decoded_rgb_duplicate,data/Testing/meningioma/Te-me_213.jpg,excluded,dup_02130
data/Training/meningioma/Tr-me_497.jpg,Tr-me_497.jpg,meningioma,1,Training,False,14560,995eefcf311b352e0f1e8855db68f9c40e8aa033f422663b715860c76aa4b1db,False,,219,234,0.9358974358974359,JPEG,RGB,199df238d4e287d04601254ce2a32e8d2007f2a54adeebe6bca5ada30f436528,10c056cc4fba9b133b2125ae3c54da61790b3da56ccec8c68de9e712c971cece,False,,0.36783328652381897,0.2949415147304535,0.09944853186607361,0.5385808944702148,0.18464919924736023,0.73984375,0.020833333333333332,excluded,redundant_exact_decoded_rgb_duplicate,data/Testing/meningioma/Te-me_228.jpg,excluded,dup_02139
data/Training/meningioma/Tr-me_50.jpg,Tr-me_50.jpg,meningioma,1,Training,False,47179,9caa6d599f0ac5f111c5d81e3ac9c67be237310a05cad476d63e111b31725152,False,,472,546,0.8644688644688645,JPEG,RGB,3965da66127d96d892920d0199c1fba4fe9eff1da1b13165b69704d6ae23cfef,151d4a454aa692ea16af4ffd7b95db40801594024b7fcb291a5a9d2d9c7acd2d,False,,0.4633195698261261,0.23711779713630676,0.29329660534858704,0.5733532905578613,0.5115460157394409,0.0,0.05625,excluded,redundant_exact_decoded_rgb_duplicate,data/Testing/meningioma/Te-me_277.jpg,excluded,dup_02143
data/Training/meningioma/Tr-me_52.jpg,Tr-me_52.jpg,meningioma,1,Training,False,24297,ac3b5057b4ed5d49532b1a442243bdb6cc9e5ccf417421c0a0fbf7478a50c504,False,,304,410,0.7414634146341463,JPEG,RGB,e59d8c247df0dcddafa97493589e15aeefd1a513150278a15165e0e12089853a,1100b32c4eef4cf73d509d136c0be46d70bd138193d43c66d3526cb9cf4f93b0,False,,0.2864762842655182,0.32132771611213684,0.013142361305654049,0.4358724057674408,0.0301518552005291,0.9760416666666667,0.0013020833333333333,excluded,redundant_exact_decoded_rgb_duplicate,data/Testing/meningioma/Te-me_187.jpg,excluded,dup_02165
data/Training/meningioma/Tr-me_530.jpg,Tr-me_530.jpg,meningioma,1,Training,False,15821,c4eae93e7fb065a8f96e0c916bced76f23e218331d5c540451200114f1dc4084,False,,323,342,0.9444444444444444,JPEG,RGB,a1ebfc36be0a08a0c7cf225d9efa3e6e01fdffb3f66ee068a3e83d4a4fa37118,10fb7b166b40e56b3c0696bd783fc78434fc9a4670e1961a33f1486a63879c69,False,,0.24020949006080627,0.2372054159641266,0.01854575239121914,0.45105409622192383,0.041116468608379364,0.9544270833333334,0.0,excluded,redundant_exact_decoded_rgb_duplicate,data/Testing/meningioma/Te-me_105.jpg,excluded,dup_02177
data/Training/meningioma/Tr-me_534.jpg,Tr-me_534.jpg,meningioma,1,Training,False,26281,24f09f91af40e42f2798bbc29df353ce17e6a0c0b533fb923b2fa8f75df6b496,False,,455,500,0.91,JPEG,RGB,ec5f9c331517a1e1958d68d76c9cde210cdaa45a676af0fa75947e55a042bfd5,447e73a56ee0ad563903cc6a391f84a13cfc319579f8369661e1339a61c3335a,False,,0.29572349786758423,0.24544298648834229,0.06244894117116928,0.4893229603767395,0.12762315571308136,0.46015625,0.0018229166666666667,excluded,redundant_exact_decoded_rgb_duplicate,data/Testing/meningioma/Te-me_116.jpg,excluded,dup_01967
data/Training/meningioma/Tr-me_543.jpg,Tr-me_543.jpg,meningioma,1,Training,False,8707,4951f7ba2e002020c835b3f50136c3249f3ae004624b35a262e65dd431d70e56,False,,213,237,0.8987341772151899,JPEG,RGB,58a0132c74bcf9634b0a41abf9a394a4b7909c8e42a655a6abe1a5e13d13104e,4005e0fd19e83d68c77fe2005de031fae9a0e4701eab3578e38d7de338c7e0e8,False,,0.31761956214904785,0.1973406821489334,0.21643280982971191,0.3932914137840271,0.5503115653991699,0.014322916666666666,0.01171875,excluded,redundant_high_similarity_perceptual_duplicate,data/Testing/meningioma/Te-me_2.jpg,excluded,dup_01479
data/Training/meningioma/Tr-me_553.jpg,Tr-me_553.jpg,meningioma,1,Training,False,10523,e06cbd846ceb5fc12ef5b7407d421fe2ed2641de68cdfc6ba64ea4bfa85d8fcc,False,,217,232,0.9353448275862069,JPEG,RGB,d4a97314fa8c88a32a4780a4e7b0417e05cc408a4385e979aee5e598e7de3e22,045f1a7457e079d67aaf942a685552ed2956695563c36946305e652b6f0ee463,False,,0.2925640344619751,0.19068920612335205,0.19382354617118835,0.32676833868026733,0.5931527614593506,0.0,0.022395833333333334,excluded,redundant_exact_decoded_rgb_duplicate,data/Testing/meningioma/Te-me_259.jpg,excluded,dup_02200
data/Training/meningioma/Tr-me_557.jpg,Tr-me_557.jpg,meningioma,1,Training,False,7285,c8f4e6c756ce13736de8efe827079034e0265bd4dc9379f194c819c90dee49e1,False,,226,214,1.0560747663551402,JPEG,RGB,47e1eea079bae0a22ffed92945b5b37c63729b00afe88465dcf5a09a96dcd1da,15520af576a879164aabe0546bd535dacd44f7a3252a8e3d96b098349af5db90,False,,0.34286320209503174,0.18265454471111298,0.21268586814403534,0.44886070489883423,0.47383490204811096,0.0,0.005989583333333334,excluded,redundant_exact_decoded_rgb_duplicate,data/Testing/meningioma/Te-me_138.jpg,excluded,dup_02204
data/Training/meningioma/Tr-me_561.jpg,Tr-me_561.jpg,meningioma,1,Training,False,25923,e2c7bc9c2d735e5b584b329f5cda1aec1f2415b2972c4aa8efc8d0a61e61b280,False,,341,395,0.8632911392405064,JPEG,RGB,a7ae7ded29c8dc554439ee5ffc1c678f8b1512e7d1aafb9fdbbb93859e387bae,41140ceb11634b340abb3fc17cf2e2146bc5b9423c0f6c4fe1e3d07e3f3c9d29,False,,0.33340775966644287,0.19935253262519836,0.1506362408399582,0.40135857462882996,0.3753158748149872,0.5236979166666667,0.00026041666666666666,excluded,redundant_exact_decoded_rgb_duplicate,data/Testing/meningioma/Te-me_179.jpg,excluded,dup_02071
data/Training/meningioma/Tr-me_583.jpg,Tr-me_583.jpg,meningioma,1,Training,False,4919,8a78218d3ea57c7e537c14609d48154a1cee9748243fff43f287db8c1957d11f,False,,225,225,1.0,JPEG,RGB,d5b7e814acda37826e493195aed2e6f248316bf39bfbd32efe336c419c88b170,1bcb6c646c34939331d3666cc34e99b1cc3c64c699b2639b64cf932c3333cc72,False,,0.09062547981739044,0.18976983428001404,0.0,0.29757392406463623,0.0,1.0,0.0,excluded,redundant_exact_decoded_rgb_duplicate,data/Testing/meningioma/Te-me_82.jpg,excluded,dup_02232
data/Training/meningioma/Tr-me_597.jpg,Tr-me_597.jpg,meningioma,1,Training,False,10811,6340faba2fff3a8e99b8a8a08805383f95adf276c2468136af37199cdbd87f33,False,,213,236,0.902542372881356,JPEG,RGB,a8f6a153fdedd8acdc40d03d999ef6b4140ce19db5a97f7c794c3e94e4a09aa9,53e84b152e17a46b3864e5e5659b9391665c664693649b1a65b3997966d3cc61,False,,0.23194174468517303,0.2565549612045288,0.007068014703691006,0.4106426239013672,0.01721208170056343,0.9625,0.0,excluded,redundant_exact_decoded_rgb_duplicate,data/Testing/meningioma/Te-me_290.jpg,excluded,dup_02247
data/Training/meningioma/Tr-me_616.jpg,Tr-me_616.jpg,meningioma,1,Training,False,13746,e29bcad3a9669e308de687b578cb0b414b4fd17020fc63b1f350b06026337139,False,,200,235,0.851063829787234,JPEG,RGB,4762a3d2e5cb33207ea22d25c156fed03bb72b628ac3c3f92e77ff9e900a1d13,15534a1c4ac597fa16ea5f207fb15a005ad5943fda56c83f4b521a343b4bb4b8,False,,0.4568103551864624,0.24111098051071167,0.28447404503822327,0.5575463771820068,0.5102248787879944,0.0,0.052083333333333336,excluded,redundant_exact_decoded_rgb_duplicate,data/Testing/meningioma/Te-me_180.jpg,excluded,dup_02269
data/Training/meningioma/Tr-me_639.jpg,Tr-me_639.jpg,meningioma,1,Training,False,29787,7145b21317f3aaaf1d5d68132cbaaca5b7cdf4042e1b7ecf3c4c95b405a06655,False,,528,581,0.9087779690189329,JPEG,RGB,d67187349e77a7567bf147d0bdc5f0002f648e83a4bd9dcb5eb363fbea1b45ca,10622d2e4bcdb2816d01da7f3d1fcb783c7a9b607869cdcb30f169c369a43187,False,,0.3442232310771942,0.3006252348423004,0.050629086792469025,0.5290747880935669,0.09569363296031952,0.8958333333333334,0.016145833333333335,excluded,redundant_exact_decoded_rgb_duplicate,data/Testing/meningioma/Te-me_214.jpg,excluded,dup_01526
data/Training/meningioma/Tr-me_661.jpg,Tr-me_661.jpg,meningioma,1,Training,False,7865,43d69187c66f53cf5bbfaad79bdeda18678b2bde8f1c144c051e4a8ae1f53fe5,False,,225,225,1.0,JPEG,RGB,92e7cad20faeab4958d20e2459d7d63b3c35cbe60a16ca62a32a007b5173cf84,150a4a9147ef3b52b6e06d1b7823937e6cbd2ce4e4b438f0d2d235e0689278db,False,,0.2625522017478943,0.18869192898273468,0.13634294271469116,0.302365779876709,0.45092055201530457,0.004427083333333333,0.0020833333333333333,excluded,redundant_exact_decoded_rgb_duplicate,data/Testing/meningioma/Te-me_205.jpg,excluded,dup_02318
data/Training/meningioma/Tr-me_666.jpg,Tr-me_666.jpg,meningioma,1,Training,False,9272,5cb7df105e6f8ded5c798d540089ec9e5170b068992d8451881f872bcd46c41c,False,,212,237,0.8945147679324894,JPEG,RGB,d6aa75aa13661c40bd81ea106e151c8220b9c7865a45f927f15cdffced84cff4,1164c3e91ebe9f346ec0cb524b469c7a983e9829c87b19a51c2f3c979ca93c96,False,,0.30767226219177246,0.2636564373970032,0.09844567626714706,0.43673980236053467,0.2254103571176529,0.8122395833333333,0.0375,excluded,redundant_exact_decoded_rgb_duplicate,data/Testing/meningioma/Te-me_137.jpg,excluded,dup_02323
data/Training/meningioma/Tr-me_678.jpg,Tr-me_678.jpg,meningioma,1,Training,False,13337,51354c7bdca6dd0d7a03ed215d768df8ab0db7f7831226e3b90af30e5863bc8d,False,,206,245,0.8408163265306122,JPEG,RGB,928d0e3e00b14c27e24d4dfca8cce42fab89a3a7bcc8e714db1d2d1f629e1296,441ace333be769c62f10b778384af0afb135463b7831b0d473c80ed0d26b7b0e,False,,0.23843133449554443,0.2341247797012329,0.0015277777565643191,0.40022116899490356,0.0038173336070030928,0.9859375,0.0,excluded,redundant_exact_decoded_rgb_duplicate,data/Testing/meningioma/Te-me_62.jpg,excluded,dup_02336
data/Training/meningioma/Tr-me_684.jpg,Tr-me_684.jpg,meningioma,1,Training,False,26580,7efcd87636c28a674f2abf3bc6255eb1e786c12f40e794e4a3292c7381be4f66,False,,313,393,0.7964376590330788,JPEG,RGB,d4031a8123b620444ca5050e46f07485b0c58059ef83e1ff59855439b2b4ad09,4551c72d4aab3d2c3ad138353b423c3c610bc4be65abe4f4a4bd34d09ed536ca,False,,0.31264936923980713,0.2470034956932068,0.13185356557369232,0.38929420709609985,0.33869901299476624,0.0,0.005208333333333333,excluded,redundant_exact_decoded_rgb_duplicate,data/Testing/meningioma/Te-me_29.jpg,excluded,dup_02343
data/Training/meningioma/Tr-me_688.jpg,Tr-me_688.jpg,meningioma,1,Training,False,32429,ae8aa3c5ee2590c27b3ce8b795ee1d76d399da54bb4682fe01ea50f8fd15aac7,False,,441,427,1.0327868852459017,JPEG,RGB,8fe068eddb9b99be137b179ffb3097e7adab79fdde065f961b78e946595adfb1,47c33c991b9dc9403c56e13e63c63c25699bb1f0434f6e31316d33c24e2f3cc6,False,,0.24667394161224365,0.1936701238155365,0.08689849078655243,0.370037704706192,0.2348368614912033,0.06484375,0.0,excluded,redundant_exact_decoded_rgb_duplicate,data/Testing/meningioma/Te-me_229.jpg,excluded,dup_02347
data/Training/meningioma/Tr-me_706.jpg,Tr-me_706.jpg,meningioma,1,Training,False,8563,8ae6b462e807908c4ee9ed56dfedef1c5e0151e543d820be29803cd56e4c38ba,False,,216,216,1.0,JPEG,RGB,e788e96fb110d48bb94544b339bf75c423ab0badea69ce5bb9f500c4755f6e6b,41723fac1e89e1556a553c3a7b52e1e1396a26c5696b868469e1e3863ca5e3da,False,,0.2850126624107361,0.2233809381723404,0.10945159941911697,0.39824315905570984,0.27483609318733215,0.0015625,0.0067708333333333336,excluded,redundant_exact_decoded_rgb_duplicate,data/Testing/meningioma/Te-me_121.jpg,excluded,dup_02368
data/Training/meningioma/Tr-me_714.jpg,Tr-me_714.jpg,meningioma,1,Training,False,23698,1db9c81ca21c0ec3f145865ef84c439d9e3fd951b8478cef6a3a2d31a6e7c5d1,False,,554,554,1.0,JPEG,RGB,b3ef0b2b435691c79679cba23f1548c32ccf9e1f0b99def4ac9ca2ce4ec163d5,10631a637f86611c6d95e463367ba6c86c848d85797ef399249ac59365b86673,False,,0.25532323122024536,0.20449884235858917,0.05870302394032478,0.45551562309265137,0.1288715898990631,0.7489583333333333,0.0,excluded,perceptual_duplicate_group_with_label_conflict,,excluded,dup_02099
data/Training/meningioma/Tr-me_715.jpg,Tr-me_715.jpg,meningioma,1,Training,False,20661,7aed0c5305f66cb3c67a0d617ef6e73e3f965cff91bedcc3bc074fba768d152e,False,,330,355,0.9295774647887324,JPEG,RGB,eed5863800b873f0e8469513565a398a2a69c537ded81e8c5e036a1d919100e6,0111d03b17da5baeb2e06e4066c56e45283fb25e793ad77aa920dbf9a1a178e1,False,,0.3487204313278198,0.1676088124513626,0.2833384573459625,0.38217872381210327,0.7413768768310547,0.0,0.006510416666666667,excluded,redundant_exact_decoded_rgb_duplicate,data/Testing/meningioma/Te-me_9.jpg,excluded,dup_02377
data/Training/meningioma/Tr-me_717.jpg,Tr-me_717.jpg,meningioma,1,Training,False,16767,bdcb36433384ba17ee22c69a3e4f9149b20b69ecd85dd272a80dda704aff0aa8,False,,315,341,0.9237536656891495,JPEG,RGB,446687278888e35e82c08cb985ce87c8b2634b426d56c43deffbf4a809f181ff,5026d9e40bf5a1126f1067ba651b66916cfdce5724e48e4e66e5cc6c6686ccf0,False,,0.23167628049850464,0.20927205681800842,0.035058215260505676,0.35810738801956177,0.09789860993623734,0.88671875,0.0,excluded,redundant_exact_decoded_rgb_duplicate,data/Testing/meningioma/Te-me_75.jpg,excluded,dup_02379
data/Training/meningioma/Tr-me_726.jpg,Tr-me_726.jpg,meningioma,1,Training,False,8707,4951f7ba2e002020c835b3f50136c3249f3ae004624b35a262e65dd431d70e56,False,,213,237,0.8987341772151899,JPEG,RGB,58a0132c74bcf9634b0a41abf9a394a4b7909c8e42a655a6abe1a5e13d13104e,4005e0fd19e83d68c77fe2005de031fae9a0e4701eab3578e38d7de338c7e0e8,False,,0.31761956214904785,0.1973406821489334,0.21643280982971191,0.3932914137840271,0.5503115653991699,0.014322916666666666,0.01171875,excluded,redundant_high_similarity_perceptual_duplicate,data/Testing/meningioma/Te-me_2.jpg,excluded,dup_01479
data/Training/meningioma/Tr-me_737.jpg,Tr-me_737.jpg,meningioma,1,Training,False,10355,9baac7589f86296c10c7ba8cc026cd6f975fea93d53a82991baff3fee28af182,False,,212,238,0.8907563025210085,JPEG,RGB,59ac21a9a6a8880b2c2d1208c35bc3da2689e82953cae4c8b9ec224dcac98381,44454fbac4ef0bd11be43f513f12a50b1e2e6c8d36a53c1d38fc327ab25031ea,False,,0.2168356478214264,0.19077351689338684,0.10488971322774887,0.22476544976234436,0.4666629731655121,0.703125,0.00026041666666666666,excluded,redundant_exact_decoded_rgb_duplicate,data/Testing/meningioma/Te-me_175.jpg,excluded,dup_02400
data/Training/meningioma/Tr-me_740.jpg,Tr-me_740.jpg,meningioma,1,Training,False,13287,18f69cb88362d858b70ef6e119ad2676bb82a0e5e4103352949fc6ee8a2d9b8d,False,,221,228,0.9692982456140351,JPEG,RGB,4e2871fe739d24f48541eec5da26f64360e714a0fabcb273682419845de5ff35,55030bdc1bbd9b463a44e4496c4ae4af39fc91f371c4632336c7c6863312d39b,False,,0.23101016879081726,0.19096170365810394,0.03353656083345413,0.3114774823188782,0.10766929388046265,0.5255208333333333,0.0,excluded,redundant_exact_decoded_rgb_duplicate,data/Testing/meningioma/Te-me_81.jpg,excluded,dup_02404
data/Training/meningioma/Tr-me_753.jpg,Tr-me_753.jpg,meningioma,1,Training,False,16150,99f6632afb9629ee8b0f9994a819e797ff7f1513c471da4fda70e81420eb6f51,False,,252,303,0.8316831683168316,JPEG,RGB,665071a4631d79fa488c9e69738ed767ecd77cebb7acd2fbbf3f5aeeb819f6cf,04230bde4b5c95b81c894a65d2bf38cd6b6461bab5d8aaa5cd45575598b3b626,False,,0.21572384238243103,0.23974254727363586,0.08258578926324844,0.309333860874176,0.266979455947876,0.8080729166666667,0.014583333333333334,excluded,redundant_exact_decoded_rgb_duplicate,data/Testing/meningioma/Te-me_206.jpg,excluded,dup_02418
data/Training/meningioma/Tr-me_758.jpg,Tr-me_758.jpg,meningioma,1,Training,False,7177,301c9f4242d3f7208d7099e307f6de9865b31d6b9d6d71a76e52344e9b84e90e,False,,201,251,0.8007968127490039,JPEG,RGB,215e194a17e52481c9ab92a2b0e91566d03332a0aa47fa4b1fd0132f8380c72d,51654eab669abbf59a65cc406f16b02b0e59cd3d19249cf52c39c1b43ca49ed2,False,,0.40825289487838745,0.2375449538230896,0.2635733187198639,0.5712392926216125,0.4614061415195465,0.0,0.03515625,excluded,redundant_exact_decoded_rgb_duplicate,data/Testing/meningioma/Te-me_162.jpg,excluded,dup_02423
data/Training/meningioma/Tr-me_760.jpg,Tr-me_760.jpg,meningioma,1,Training,False,23980,df3b60233bc68318448f9d2cc3ca4cfffe663807569eae0dc839e3a97d262117,False,,314,358,0.8770949720670391,JPEG,RGB,44171ad6aef9a129e9510a8b841aca89676a50e21f5c87ae73f9bdf57288bce6,456627ea0eab7c851bc6e4164a14c6fe7f1ac292692accf0693d09c039af78db,False,,0.32760730385780334,0.2563909590244293,0.12701696157455444,0.38044866919517517,0.33386096358299255,0.69921875,0.00703125,excluded,redundant_exact_decoded_rgb_duplicate,data/Testing/meningioma/Te-me_234.jpg,excluded,dup_02426
data/Training/meningioma/Tr-me_771.jpg,Tr-me_771.jpg,meningioma,1,Training,False,24718,62de21ad35edc274140c0f364d02f6e9117af8dc98e56e344bce8b219657197b,False,,341,372,0.9166666666666666,JPEG,RGB,f34cfbb44fb0db53f8acb87a2cbd0bac1fba349077c08db153281f8bb97801d0,442a27e50ff5f8860f42c01f6c1ac778340dcb5b6dbdcd286cb8292d6d9839ad,False,,0.2939041554927826,0.2632620632648468,0.08616523444652557,0.3831753730773926,0.22487153112888336,0.7953125,0.0049479166666666664,excluded,redundant_exact_decoded_rgb_duplicate,data/Testing/meningioma/Te-me_19.jpg,excluded,dup_02438
data/Training/meningioma/Tr-me_776.jpg,Tr-me_776.jpg,meningioma,1,Training,False,12216,704920b952a5b39458c8878301a01e0a109fbdd81f06c502346f6c03913de5ca,False,,291,340,0.8558823529411764,JPEG,RGB,0fa2aee8e1416743034be357052184b3963f5aeb857ed84453604690db638b92,41451e3a153a6aeb3e9d3e1441ea685f0fae616f76a134f8738131d6368761ca,False,,0.3623034954071045,0.23376302421092987,0.24006229639053345,0.4487955868244171,0.5349034070968628,0.011197916666666667,0.065625,excluded,redundant_exact_decoded_rgb_duplicate,data/Testing/meningioma/Te-me_253.jpg,excluded,dup_02443
data/Training/meningioma/Tr-me_799.jpg,Tr-me_799.jpg,meningioma,1,Training,False,10596,f9d94f5dbe03a80e7725fbfd4927ef965bf852983da2497e40addfab16c94a3e,False,,224,219,1.0228310502283104,JPEG,RGB,68d01d281eaf4f083b27093138374c26911ecaf247499d1870f771cce5eb07ec,47433c991bb9c9403c56e13e63c63ca4699bb1f0434f6e71316d33c34e2c3cc7,False,,0.24665194749832153,0.19342279434204102,0.08785233646631241,0.3721986413002014,0.23603615164756775,0.06197916666666667,0.0,excluded,redundant_exact_decoded_rgb_duplicate,data/Testing/meningioma/Te-me_293.jpg,excluded,dup_02468
data/Training/meningioma/Tr-me_836.jpg,Tr-me_836.jpg,meningioma,1,Training,False,21706,09b9031e30e757eb6e648686f0ca412357e86895ebbc52d300d2d0a9305fd417,False,,512,512,1.0,JPEG,RGB,19043ae4f621e2df5521d7736cb657dbfbbe532114786bf8e34b9efe0fa86386,17a187a16e164cde61689b6325a56dac669e96b59e5866d29861934bd9e70969,False,,0.12580949068069458,0.1675959974527359,0.0018035132670775056,0.2878379821777344,0.006265723612159491,1.0,0.0,excluded,redundant_exact_decoded_rgb_duplicate,data/Training/meningioma/Tr-me_1101.jpg,excluded,dup_01516
data/Training/meningioma/Tr-me_845.jpg,Tr-me_845.jpg,meningioma,1,Training,False,13451,699fa8d35abf23b9730f03bf92107d3414ce08bd874546a16825a3d5c4724f0c,False,,200,236,0.847457627118644,JPEG,RGB,45178a0f4be14039c5fdfbad8d4df6262da8855e87e6cf0253fcbdbd3bde7ff0,0efdfcb554414cc20eaab22fc3ab12ce5ed5e5f83e1630a5861e87859a5a6187,False,,0.4089984893798828,0.30202025175094604,0.36757251620292664,0.4901329278945923,0.7499445676803589,0.11145833333333334,0.15572916666666667,excluded,redundant_exact_decoded_rgb_duplicate,data/Testing/meningioma/Te-me_126.jpg,excluded,dup_02519
data/Training/meningioma/Tr-me_846.jpg,Tr-me_846.jpg,meningioma,1,Training,False,9616,f1871bee9eb8abe560678ed1f1242f4b1e92dc78b99b183e9ac69ad7f147f8f4,False,,209,241,0.8672199170124482,JPEG,RGB,e41e47b005aca4465304108e76252460cecdc5921bcbeccec03628fde5799505,4122c3c93ecd382c6630c3b33b46699b64fb9c251db066dde3e570d233c3b346,False,,0.23983034491539001,0.2568846046924591,0.0010947714326903224,0.4859222173690796,0.002252976642921567,0.99296875,0.0,excluded,redundant_exact_decoded_rgb_duplicate,data/Testing/meningioma/Te-me_117.jpg,excluded,dup_02520
data/Training/meningioma/Tr-me_86.jpg,Tr-me_86.jpg,meningioma,1,Training,False,26281,24f09f91af40e42f2798bbc29df353ce17e6a0c0b533fb923b2fa8f75df6b496,False,,455,500,0.91,JPEG,RGB,ec5f9c331517a1e1958d68d76c9cde210cdaa45a676af0fa75947e55a042bfd5,447e73a56ee0ad563903cc6a391f84a13cfc319579f8369661e1339a61c3335a,False,,0.29572349786758423,0.24544298648834229,0.06244894117116928,0.4893229603767395,0.12762315571308136,0.46015625,0.0018229166666666667,excluded,redundant_exact_decoded_rgb_duplicate,data/Testing/meningioma/Te-me_116.jpg,excluded,dup_01967
data/Training/meningioma/Tr-me_865.jpg,Tr-me_865.jpg,meningioma,1,Training,False,21232,eb9fb089c64c264e1b69fa99df94d15eaeea7fe1e1abf02067a54bb2c7831900,False,,290,342,0.847953216374269,JPEG,RGB,5516e93f82ad0a9069a85365ad330ebb324e79f5a8ea43ce9eae00cb77d1a897,015d1ea663e8e8571ea7b5680fd3e93e3605c6fa780487af2959e2a50d1fc780,False,,0.33666348457336426,0.3029186427593231,0.055532071739435196,0.48025524616241455,0.11563032865524292,0.8447916666666667,0.0015625,excluded,redundant_exact_decoded_rgb_duplicate,data/Testing/meningioma/Te-me_111.jpg,excluded,dup_02540
data/Training/meningioma/Tr-me_877.jpg,Tr-me_877.jpg,meningioma,1,Training,False,17800,4dee52eb749d6ef80648eb84b951b084a60543ad6e60e878bfb8c5d5dcfab4bd,False,,239,224,1.0669642857142858,JPEG,RGB,fa979ae1690dc754316621a41efc3c0fd71ebbe60f12f73abde8e581564fde0b,51000b7746aa6ce69ee99fa0db95fe310f669e53799e186a431a39090c73c9ec,False,,0.3733561336994171,0.29193732142448425,0.2391922026872635,0.45170706510543823,0.5295294523239136,0.5299479166666666,0.05026041666666667,excluded,redundant_exact_decoded_rgb_duplicate,data/Testing/meningioma/Te-me_109.jpg,excluded,dup_02553
data/Training/meningioma/Tr-me_880.jpg,Tr-me_880.jpg,meningioma,1,Training,False,9172,2675eef8145df6693b593880acefd680b77d1fdb3d719ed36fc478f54baea924,False,,200,252,0.7936507936507936,JPEG,RGB,dcf03e47117a42ec1746c485fe5b0a8cbc1e2f4a00923d87a56818d409047ed7,12663a4c6df9e49736969b79c84b2c849c276b864b309658b691cd716cdb99a6,False,,0.2140902876853943,0.23503580689430237,0.036515526473522186,0.5376331210136414,0.0679190382361412,0.2559895833333333,0.0,excluded,redundant_exact_decoded_rgb_duplicate,data/Testing/meningioma/Te-me_243.jpg,excluded,dup_02557
data/Training/meningioma/Tr-me_897.jpg,Tr-me_897.jpg,meningioma,1,Training,False,9972,102ec1a84a997171c48cea71d746215bea0fc31cbf51d3a6ba13bea5194b0bf3,False,,300,258,1.1627906976744187,JPEG,RGB,9449f17f259fae31cb13c5075e289f526c052c8a428f09e05a0225dc97669372,42c46b192f2ba4e42cf3339264e68e673199ce1e66c4633b339b36797386926c,False,,0.12973082065582275,0.15144136548042297,0.013513073325157166,0.2601763606071472,0.05193812772631645,0.9434895833333333,0.0,excluded,redundant_exact_decoded_rgb_duplicate,data/Testing/meningioma/Te-me_279.jpg,excluded,dup_02575
data/Training/meningioma/Tr-me_905.jpg,Tr-me_905.jpg,meningioma,1,Training,False,25681,d3dc17e9beb57b30ad2dee3323cb2a7a7e893bcc0666b7938600f71decf5fb39,False,,369,398,0.9271356783919598,JPEG,RGB,d60dae6da83e121fe151e2841e6121ff9a89430b14bea0642d67e632cb81d333,0155e06f57aa6f903d94355e7e1b340b909f67ad387430e5996092d6b263c65e,False,,0.28689730167388916,0.27492669224739075,0.0676797404885292,0.3796358108520508,0.1782754361629486,0.8481770833333333,0.006510416666666667,excluded,redundant_exact_decoded_rgb_duplicate,data/Testing/meningioma/Te-me_83.jpg,excluded,dup_02585
data/Training/meningioma/Tr-me_920.jpg,Tr-me_920.jpg,meningioma,1,Training,False,22860,dcdedbce322da66be987e07d9595a8ed0f27df8ab9c06e450299c87caf20ead7,False,,262,308,0.8506493506493507,JPEG,RGB,93a99905a5940226f125617f497d3c74ff57d4abbf691b78d6dc1ef5accaeb13,15de9a8045474e7516aa9b9e6ba8cba25a559e152f156e534b47294b9c6e383a,False,,0.2845918536186218,0.1617431342601776,0.23943831026554108,0.2931286692619324,0.8168368935585022,0.0828125,0.0,excluded,redundant_exact_decoded_rgb_duplicate,data/Testing/meningioma/Te-me_219.jpg,excluded,dup_02602
data/Training/meningioma/Tr-me_946.jpg,Tr-me_946.jpg,meningioma,1,Training,False,9125,20b8d58afcccf5666c37e7daed3ebbbcd71665ee7f87b4d3ca502705beb7e1e4,False,,215,234,0.9188034188034188,JPEG,RGB,7e0ed7c7427a3c5739dd62be203a5f397448fc9b3302ec76b0fd513603ab8005,478bc3863aec3c3c6e50c7e3390b3d2da0bc6cf13ce147866393f0c2934e878b,False,,0.22782796621322632,0.2709059417247772,0.0008772467845119536,0.5050168633460999,0.0017370643327012658,0.9950520833333333,0.0,excluded,redundant_exact_decoded_rgb_duplicate,data/Testing/meningioma/Te-me_94.jpg,excluded,dup_02630
data/Training/meningioma/Tr-me_954.jpg,Tr-me_954.jpg,meningioma,1,Training,False,25925,589c2d7cc54da48a6870686143589d963f0c4d9da3d44c884ae61969f4239780,False,,442,442,1.0,JPEG,RGB,326465ac532e4b5ac130af975d0948cfb91f21453361787e68e1beff7330412b,467eccc16e84385b638733f1311a7b23f29eb5784c27c89c9d60ccbc6cb189e1,False,,0.20802003145217896,0.17168377339839935,0.08094976842403412,0.33545592427253723,0.2413126826286316,0.57578125,0.0,excluded,redundant_exact_decoded_rgb_duplicate,data/Testing/meningioma/Te-me_280.jpg,excluded,dup_02639
data/Training/meningioma/Tr-me_957.jpg,Tr-me_957.jpg,meningioma,1,Training,False,34435,e4fcd381c28ede0f3199c3968f487571669726be146fe0ff4daa2a6716858a8a,False,,341,377,0.9045092838196287,JPEG,RGB,8b13a28a377a1a9298c972278f89f734e9ecbacc8fb97883835f27e2c8e8417d,0ba05b4776456eba19baba046629785b1ba4396ead8165e0728765e2879f669e,False,,0.30913758277893066,0.24720267951488495,0.2497692108154297,0.4262877404689789,0.5859169363975525,0.0,0.07708333333333334,excluded,redundant_exact_decoded_rgb_duplicate,data/Testing/meningioma/Te-me_156.jpg,excluded,dup_02642
data/Training/meningioma/Tr-me_960.jpg,Tr-me_960.jpg,meningioma,1,Training,False,6348,3e4fe94fcd8a70b5c029f7ea855604275ce818be383392b41ed37fb578678598,False,,225,225,1.0,JPEG,RGB,9ed58d7cd5e65ef6c6959729fa73856b0632afe39c325693e28cabe72d09438c,1b8498846c5b665b66f149a59b269526e59669983b9994d8e67c7643ce62996d,False,,0.17801202833652496,0.23813344538211823,0.004200367722660303,0.4748324751853943,0.008845998905599117,0.9994791666666667,0.0,excluded,redundant_exact_decoded_rgb_duplicate,data/Testing/meningioma/Te-me_149.jpg,excluded,dup_02646
data/Training/meningioma/Tr-me_962.jpg,Tr-me_962.jpg,meningioma,1,Training,False,20242,560ac96dc3f7ab9c6b84af2cb3f6a4a7f510b75e865bafeaa95f705992846861,False,,257,307,0.8371335504885994,JPEG,RGB,28537a38aeef0205a5b1247cbd4b62c885af64fbdf8aa10ed391efcaa79e83ab,1101d10341ff92ad0ef82f5d2e506d786c7a35aa133513271b359f3739363d35,False,,0.2896297872066498,0.20701362192630768,0.15701185166835785,0.32514268159866333,0.482901394367218,0.48880208333333336,0.0018229166666666667,excluded,redundant_exact_decoded_rgb_duplicate,data/Testing/meningioma/Te-me_113.jpg,excluded,dup_02648
data/Training/meningioma/Tr-me_965.jpg,Tr-me_965.jpg,meningioma,1,Training,False,38709,0c7d71051f276819c1811d2cd311f32cf8c4618939f1f31bc7f64fb417950dbf,False,,722,690,1.046376811594203,JPEG,RGB,9714328e70b5d01249d7b6f7f9a302cab18aebc08dc2161be80daf43a3836350,44668e604abf0f0f7bd83999316338d03ce0cf4f668fc1b8365ec38d67722662,False,,0.1920182853937149,0.1757415235042572,0.04561376944184303,0.25796282291412354,0.17682303488254547,0.7596354166666667,0.0,excluded,redundant_exact_decoded_rgb_duplicate,data/Testing/meningioma/Te-me_223.jpg,excluded,dup_02651
data/Training/meningioma/Tr-me_980.jpg,Tr-me_980.jpg,meningioma,1,Training,False,11209,5cf790ecbaf61047d2be14e69a561ed21192a69336555ddd0180096f75feb074,False,,239,248,0.9637096774193549,JPEG,RGB,c6c8496652c8dc9ffa7138b9ee5d2a31b1ba3abff10b84ab96576b51c61a9b46,15e36e1d1eaa70e0631762ed395663d1c73a6d8a2d6be78934ee8c2524919674,False,,0.22380371391773224,0.20319420099258423,0.07350490987300873,0.33092737197875977,0.22211794555187225,0.8208333333333333,0.0018229166666666667,excluded,redundant_exact_decoded_rgb_duplicate,data/Testing/meningioma/Te-me_288.jpg,excluded,dup_02668
data/Training/meningioma/Tr-me_99.jpg,Tr-me_99.jpg,meningioma,1,Training,False,40788,6ad9d32cdae2045bb1b09e49987220483033847ecd38c2a369a63bf4fab0194c,False,,507,605,0.8380165289256198,JPEG,RGB,4cec4568c6ae65d0df3089aea6833174b24baebc4fa5e89241e736d66f4bc3bf,440ecead1bfdb1505b40c70acc0f9fa578783e0725af583e71b53cb436926c62,False,,0.3367491662502289,0.35122281312942505,0.09011437743902206,0.3771560788154602,0.23893125355243683,0.82578125,0.05130208333333333,excluded,redundant_exact_decoded_rgb_duplicate,data/Testing/meningioma/Te-me_26.jpg,excluded,dup_02678
data/Testing/notumor/Te-no_123.jpg,Te-no_123.jpg,notumor,2,Testing,False,8161,b7921b268bd83a7dff08c9a5403f0998a508f902a324733d357194f1df6715b4,False,,225,225,1.0,JPEG,RGB,5740795561772f568311da9f278f7f81f7e6fdda53e633789db9abbfb44addb2,1799c1e67866361961d869e52462969663853c989c9b6667e766926c3c9c4d9f,False,,0.18952398002147675,0.16419662535190582,0.06194240227341652,0.35027194023132324,0.1768408864736557,0.007291666666666667,0.0,excluded,redundant_high_similarity_perceptual_duplicate,data/Testing/notumor/Te-no_112.jpg,excluded,dup_02914
data/Testing/notumor/Te-no_131.jpg,Te-no_131.jpg,notumor,2,Testing,False,28078,0e1eeb0a5c28d0b74aca27f1ec212932f73d57032592ef4f5038d40709ec77c4,False,,428,417,1.026378896882494,JPEG,RGB,2a3d9bd9e88c687acd861245241bc80a6cd1922d2289580f764caf7f60bdf62a,502f3fc80ed4f01e2f4ae0ff7c2dc3f02cb5cb336cb18b1268b3892360d29b93,False,,0.24479812383651733,0.24323290586471558,0.07212521135807037,0.3370174765586853,0.2140102982521057,0.8333333333333334,0.018229166666666668,excluded,redundant_high_similarity_perceptual_duplicate,data/Testing/notumor/Te-no_129.jpg,excluded,dup_02888
data/Testing/notumor/Te-no_147.jpg,Te-no_147.jpg,notumor,2,Testing,False,11439,baf4e05e1f3eb36f638e12fa5843537b361ba2a82f874c4c49c3c0f1020c010e,False,,227,222,1.0225225225225225,JPEG,RGB,48854eca9d10dedbd07224123519bdffc7462d8b758e1de6e2ca0738bacbd538,502f3fc80ed4f01e2f0ae0ff7c2dc3f02cb5cb336cb18b1368b3892360d29b93,False,,0.24626585841178894,0.2418883591890335,0.07307904213666916,0.3376072645187378,0.21646170318126678,0.8229166666666666,0.0171875,excluded,redundant_high_similarity_perceptual_duplicate,data/Testing/notumor/Te-no_129.jpg,excluded,dup_02888
data/Testing/notumor/Te-no_160.jpg,Te-no_160.jpg,notumor,2,Testing,False,17321,d6b226a893ebd76213c88be9ed2027949f992d8143e179b7d610049cf1760fc5,False,,442,442,1.0,JPEG,RGB,6bbf294cf8814dae4c131ff47200d1940f915c54ca98464ea39e1ba970506296,46bc6b4a3f03b4a4396f968561e89a5a34c1da7a27864969e61e29a5d378d996,False,,0.21934981644153595,0.2053508311510086,0.06417790055274963,0.38396331667900085,0.16714592278003693,0.0,0.0,excluded,redundant_high_similarity_perceptual_duplicate,data/Testing/notumor/Te-no_100.jpg,excluded,dup_05490
data/Testing/notumor/Te-no_171.jpg,Te-no_171.jpg,notumor,2,Testing,False,7100,38fbdf5a92e342a807e00b9fd622c72f379d6addcf01244ff721a2dad00e34db,False,,173,201,0.8606965174129353,JPEG,RGB,6fe77942134dab55d65318a3d1e7b25200a36e80b1ae49cf0420ed13dbbd1709,166616656abfe5862f41d229259f4e9bda6a85b62c594a6d1dae2cd1686135a6,False,,0.32913389801979065,0.2819979190826416,0.03926164656877518,0.624350905418396,0.06288394331932068,0.8526041666666667,0.0,excluded,redundant_high_similarity_perceptual_duplicate,data/Testing/notumor/Te-no_158.jpg,excluded,dup_02748
data/Testing/notumor/Te-no_173.jpg,Te-no_173.jpg,notumor,2,Testing,False,9900,d4a63c560b06deec6d4e858321fc4c6e39d964a967ecc4c5018e3266f9e08c6d,False,,232,217,1.0691244239631337,JPEG,RGB,c75f1cafdccc45e36d4ca53969e1c1526564604ea24b1d1fed357a27eb57e730,4337d0f42dc0cf53342f6c0b192c333d35b23cb434ecb0b2c4d3dcf3734334c9,False,,0.2570827007293701,0.3019215762615204,0.0265369713306427,0.559258222579956,0.04745030030608177,0.95859375,0.0015625,excluded,redundant_high_similarity_perceptual_duplicate,data/Testing/notumor/Te-no_142.jpg,excluded,dup_02862
data/Testing/notumor/Te-no_185.jpg,Te-no_185.jpg,notumor,2,Testing,False,21942,033b1d33ec791d3888f4cf483521bb26c46a27b81a6cbb8384974d8239c5ca7c,False,,428,417,1.026378896882494,JPEG,RGB,b1a6529c61a64d20787052098086690b44457a9c54ae8fcde6e5f5695369f744,502f3fc80ed4f01e2f42e0fd7c2fc3f02cb5cb336cb18b036cb1892360d29b9b,False,,0.13899262249469757,0.1431947946548462,0.04235600680112839,0.18809551000595093,0.22518350183963776,0.8606770833333334,0.0,excluded,redundant_high_similarity_perceptual_duplicate,data/Testing/notumor/Te-no_101.jpg,excluded,dup_03018
data/Testing/notumor/Te-no_195.jpg,Te-no_195.jpg,notumor,2,Testing,False,22376,529ab1461e2488a2edb72328502a693d9e049b5d9c0b520a4401c4ac35fc1561,False,,428,417,1.026378896882494,JPEG,RGB,72cef0b5cd1bb19e3e0bf188c7a14ac23fa0890110ccd070e90f6d1a2e5f682d,502f3fc80ed4f01e2f42e0fd7c2fc3f02cb5cb336cb18b036cb1892364d29b93,False,,0.13911467790603638,0.14309972524642944,0.042469363659620285,0.1880715787410736,0.22581489384174347,0.8604166666666667,0.0,excluded,redundant_high_similarity_perceptual_duplicate,data/Testing/notumor/Te-no_101.jpg,excluded,dup_03018
data/Testing/notumor/Te-no_200.jpg,Te-no_200.jpg,notumor,2,Testing,False,23663,ca1e2c84aee3afd6bdab4ef8211e25227794b1733947a5a2dda8aa39918c55c0,False,,642,361,1.778393351800554,JPEG,RGB,729ae6b74396210039c1da0d9b9cc120427f3e14306abdf2ec8ea4c6b10968f3,1a666de169b996966367327acd86c67b31a6826399866665999e8e64998c9e46,False,,0.20283299684524536,0.29966098070144653,0.05534721910953522,0.5053098201751709,0.10953125357627869,0.9033854166666667,0.0296875,excluded,redundant_high_similarity_perceptual_duplicate,data/Testing/notumor/Te-no_190.jpg,excluded,dup_05512
data/Testing/notumor/Te-no_202.jpg,Te-no_202.jpg,notumor,2,Testing,False,7970,22e804f0d7e5a3fbd2fcb81c3a2b6bacf756284a5c8b75b7da6d13de2c8e3911,False,,225,225,1.0,JPEG,RGB,f7ec1f633fb611e61a155187f85e46769e007ce9418b5b16549194a8ea1dc5c0,1bce6c99693393666498939bb6656c9293191c6dc936c387a6673872b9994399,False,,0.13755841553211212,0.19410061836242676,0.03428002446889877,0.3642386794090271,0.09411417692899704,0.8559895833333333,0.0,excluded,redundant_high_similarity_perceptual_duplicate,data/Testing/notumor/Te-no_117.jpg,excluded,dup_05495
data/Testing/notumor/Te-no_203.jpg,Te-no_203.jpg,notumor,2,Testing,False,7606,c6f1c9f0e2c2a8a3ed29c39abb6ae1a138b60a8ef362c2822176fca1ee7a2361,False,,225,225,1.0,JPEG,RGB,2a3e3adea057f58d3e34e3a2a9763520776be29fce131382b8c0d45ef2377211,52fc3f0f6b42643c2d23c2f03d2d93c361b6334b647ccb0964f0ce2d5cf3c924,False,,0.19015970826148987,0.22410933673381805,0.027465280145406723,0.38703376054763794,0.07096352428197861,0.9580729166666667,0.01015625,excluded,redundant_high_similarity_perceptual_duplicate,data/Testing/notumor/Te-no_124.jpg,excluded,dup_05497
data/Testing/notumor/Te-no_211.jpg,Te-no_211.jpg,notumor,2,Testing,False,36112,e042ba72a37077feea0a93aa0be5f18acec5c67acd069c5f50178bdfc1145593,False,,428,417,1.026378896882494,JPEG,RGB,a3f751c074d12d903316e3f6be034e779e83cc9e5def138f7b92b7dbcdf319b7,177a95615b815a947a5d4b456978695e69e0659939e661993ce6238935873379,False,,0.27568361163139343,0.2988915741443634,0.07584763318300247,0.374843955039978,0.20234455168247223,0.8671875,0.03046875,excluded,redundant_high_similarity_perceptual_duplicate,data/Testing/notumor/Te-no_168.jpg,excluded,dup_02747
data/Testing/notumor/Te-no_213.jpg,Te-no_213.jpg,notumor,2,Testing,False,7453,2ab3a688db57e9a3254bcce98816ab1f595692507fdc67ff1f34115137d2deed,False,,225,225,1.0,JPEG,RGB,587fc242b68d3ce0913a65376287f7408eadf8d1d7bf7746f48a3c313a8f7f71,07a995a17e17ce967876685a6878396934e399e1312961a371a5648f59e7638e,False,,0.19013601541519165,0.2241293489933014,0.027453023940324783,0.3868853449821472,0.07095906883478165,0.9580729166666667,0.010416666666666666,excluded,redundant_high_similarity_perceptual_duplicate,data/Testing/notumor/Te-no_21.jpg,excluded,dup_05518
data/Testing/notumor/Te-no_216.jpg,Te-no_216.jpg,notumor,2,Testing,False,9869,3a7d8f1f3d8918535f9c0c635eeb1c11988e7535e92b7900456233ea4f751658,False,,200,252,0.7936507936507936,JPEG,RGB,d9765190ae1ab2fe7a3404e270b046a3293902e0d919d969afc891806982a5ca,055f43304aa1addb2f7ec331788804cc9e74d9022710867ff1877cbcca1f8df5,False,,0.27804914116859436,0.19001497328281403,0.14209559559822083,0.30821940302848816,0.46102091670036316,0.06380208333333333,0.0013020833333333333,excluded,redundant_high_similarity_perceptual_duplicate,data/Testing/notumor/Te-no_182.jpg,excluded,dup_03309
data/Testing/notumor/Te-no_222.jpg,Te-no_222.jpg,notumor,2,Testing,False,9947,bda5c19bcba8c9e60f42ea8b9f49a505193b9a1db9cbd9d9c8c319c8ec9b7465,False,,232,217,1.0691244239631337,JPEG,RGB,5902417592c8da5b820dcdd2ab3a3ca012a533df1544dc710f505c33ccb63380,43373f1b2dc030bc342f93f4192cccc231b2c34b34eccf4dc4d3370c7353cb36,False,,0.2573005259037018,0.3017336428165436,0.026613561436533928,0.5592228174209595,0.047590263187885284,0.9583333333333334,0.0015625,excluded,redundant_high_similarity_perceptual_duplicate,data/Testing/notumor/Te-no_14.jpg,excluded,dup_02823
data/Testing/notumor/Te-no_230.jpg,Te-no_230.jpg,notumor,2,Testing,False,10096,60fda5f0fd5cd620e8438d5ea355dffb418758231259c12c020f29003aacbbf9,False,,420,280,1.5,JPEG,RGB,b2b5fe8d7246d5198222b5c6a2e32583ea5724311d724815852f7b403d407e2a,1b4bc6736d341c3c61c69860329bb2c7661f79cc66d8d366672d321e66347899,False,,0.15491321682929993,0.2041698545217514,0.013089257292449474,0.38864409923553467,0.0336792916059494,0.9575520833333333,0.0,excluded,redundant_high_similarity_perceptual_duplicate,data/Testing/notumor/Te-no_103.jpg,excluded,dup_05491
data/Testing/notumor/Te-no_235.jpg,Te-no_235.jpg,notumor,2,Testing,False,12482,3d89050c04bdf8ff01872dca2745e7b3eb4619408a91895af501f261396aacdc,False,,227,222,1.0225225225225225,JPEG,RGB,fca7d16449ab0074856509767e6fe0a58d16793ace13a3095bf7cf79555be31f,177a95615b815a947a5f4b456978695a69e0659939e661993de2238935873379,False,,0.27064186334609985,0.29694923758506775,0.07562603056430817,0.36380401253700256,0.20787574350833893,0.8690104166666667,0.030729166666666665,excluded,redundant_high_similarity_perceptual_duplicate,data/Testing/notumor/Te-no_168.jpg,excluded,dup_02747
data/Testing/notumor/Te-no_25.jpg,Te-no_25.jpg,notumor,2,Testing,False,11219,0705d27363749ece8ac8ae0a550003ea1f0b94e8418c3ed54b8a4f3ad0664b33,False,,227,222,1.0225225225225225,JPEG,RGB,3e85f1e3764500023a6dc4d69e183b5d5a8518fc7dd5a07d88d51a1b8c6a0ded,502fc0370fd40fe12f4a1f007c2d3c0f2cb534cc6cb174ed6cb376dc64d3646c,False,,0.24563322961330414,0.24205470085144043,0.07294934242963791,0.3370193839073181,0.21645444631576538,0.8322916666666667,0.017447916666666667,excluded,redundant_high_similarity_perceptual_duplicate,data/Testing/notumor/Te-no_198.jpg,excluded,dup_03129
data/Testing/notumor/Te-no_256.jpg,Te-no_256.jpg,notumor,2,Testing,False,29709,2cb17e0b64010e0dbe87f9509c1901b37bd685025f77e6a7de68e848824b63ac,False,,630,630,1.0,JPEG,RGB,e2374ac4076c216aa88d24e111de33878cc4997213dfa42439ef8f3ff42fc81f,10d1c5b56b063a426c696d2d34f1b3f1338e3496e69a6719637933da992c322f,False,,0.1260399967432022,0.12689530849456787,0.013100489974021912,0.2162071168422699,0.06059231609106064,0.7213541666666666,0.0,excluded,redundant_high_similarity_perceptual_duplicate,data/Testing/notumor/Te-no_128.jpg,excluded,dup_03187
data/Testing/notumor/Te-no_260.jpg,Te-no_260.jpg,notumor,2,Testing,False,8707,d721612a89ca5408c199219d5a33441bf912d5357921e6086f7addbc836401ca,False,,225,225,1.0,JPEG,RGB,6b0c9eb25f271335c525bbc4458a3ab40a9a97055d6bbdec42a16abb216364cb,12cc1a5b6a72a5a42d2fc69e34b37c71309c89cae3c29e2d634f6d309c0fd993,False,,0.2074407935142517,0.2434513121843338,0.0055136848241090775,0.4142856001853943,0.013308897614479065,0.9875,0.0,excluded,redundant_high_similarity_perceptual_duplicate,data/Testing/notumor/Te-no_189.jpg,excluded,dup_03131
data/Testing/notumor/Te-no_261.jpg,Te-no_261.jpg,notumor,2,Testing,False,7647,9305ed12cb1d4091d9b99e5c6891b6cbe9254cf3471a494c5f1ab1b7b349d9f8,False,,225,225,1.0,JPEG,RGB,fccfa95ee3161627e9c72ddbf4d9f02873458abc10d526272b0b9eb958d5fc49,1cc633336e3ccccc39f143266392cccd66cf99b3c66c664d9231cccec926332c,False,,0.18848925828933716,0.22186298668384552,0.020276756957173347,0.4250067174434662,0.04770926386117935,0.8302083333333333,0.0,excluded,redundant_high_similarity_perceptual_duplicate,data/Testing/notumor/Te-no_249.jpg,excluded,dup_03153
data/Testing/notumor/Te-no_262.jpg,Te-no_262.jpg,notumor,2,Testing,False,7200,d9a86295c85f4d01298103ff41c927489464c3188b6c6b55a6f3e693a51c7497,False,,173,201,0.8606965174129353,JPEG,RGB,7758b849e54c5d76f1f547dee4a35abcae2a5538a4c1ca420d3ca9d0f4d74271,146616656bbfe5862f41d229259f4e9bda6a85b62c594a6d1dae2cd1686135a6,False,,0.3289210796356201,0.28214186429977417,0.03915441408753395,0.6244102716445923,0.06270623207092285,0.8513020833333333,0.0,excluded,redundant_high_similarity_perceptual_duplicate,data/Testing/notumor/Te-no_158.jpg,excluded,dup_02748
data/Testing/notumor/Te-no_266.jpg,Te-no_266.jpg,notumor,2,Testing,False,9092,b7dbddfc268e8fd453973752446887beb0a7f05926dd439c67e565b8450adec8,False,,225,225,1.0,JPEG,RGB,d709b9b838ad20388f05ce31d929fe08d4d60eb1747b3c59c3101f9a25b0605c,1699c7b26a529ec9692c3e3634e61ced36d99960c184336736733099e38bcb36,False,,0.21019622683525085,0.22493457794189453,0.04915646091103554,0.3786669075489044,0.1298145204782486,0.005729166666666666,0.0036458333333333334,excluded,redundant_high_similarity_perceptual_duplicate,data/Testing/notumor/Te-no_242.jpg,excluded,dup_03026
data/Testing/notumor/Te-no_270.jpg,Te-no_270.jpg,notumor,2,Testing,False,15185,e8ff2f90f986eb46e5a02e44eb7ebccee745351e39e2dea56f5f5478b2846bf4,False,,276,326,0.8466257668711656,JPEG,RGB,8a031a4ed6c6125943b263a25ac7c0be9dd046936ca896cb74f2a39460538b82,5493f7134bcc48730d33b6e4373ccbdd78c48700349ac80e6b0f8d33b4fd68f0,False,,0.26992067694664,0.2665756940841675,0.06122651323676109,0.3961358964443207,0.15455937385559082,0.8190104166666666,0.0,excluded,redundant_high_similarity_perceptual_duplicate,data/Testing/notumor/Te-no_153.jpg,excluded,dup_05505
data/Testing/notumor/Te-no_271.jpg,Te-no_271.jpg,notumor,2,Testing,False,40291,7ac609a2f0e02e360f3793f8a02be46502ae4dd737c43829e3972e82dc8c8b05,False,,630,630,1.0,JPEG,L,6789801544c8571394ed1cf8c52f4e4f61f65ddce3efb847a1a5ba72facf4603,12cc1a5b6a72a5a42d2fc69e34b36c71309c89cae3c29e2d634f6d309c0fd9d3,False,,0.20707625150680542,0.24332135915756226,0.005783292464911938,0.41389209032058716,0.013972947373986244,0.9640625,0.0,excluded,redundant_high_similarity_perceptual_duplicate,data/Testing/notumor/Te-no_189.jpg,excluded,dup_03131
data/Testing/notumor/Te-no_274.jpg,Te-no_274.jpg,notumor,2,Testing,False,6293,5e97761193409b958825fbb6fd5ee754810eca21276228508b44b8f01daeefff,False,,300,168,1.7857142857142858,JPEG,RGB,b372159ace561716e5448b972f9c67058a1a876890c56fb8b01159a7e638e61d,4f23c7433c2c3c3c343298f098d36cd16cd36cc9ccc3e4cfcccf26cc8ccd364c,False,,0.12043840438127518,0.18643775582313538,0.03879391774535179,0.2927083671092987,0.13253436982631683,0.9059895833333333,0.00078125,excluded,redundant_high_similarity_perceptual_duplicate,data/Testing/notumor/Te-no_196.jpg,excluded,dup_05516
data/Testing/notumor/Te-no_275.jpg,Te-no_275.jpg,notumor,2,Testing,False,7113,d4a0013422890229eb540f461ddc0dd0066df275044a7efbdcdc08e45a92e22e,False,,225,225,1.0,JPEG,RGB,b3aba6cacbbc37c457466cb604bc6b815a754a87bdca81ca7d6d18f43494660d,128c1a5b6a72a5a42d2bc69e34b37e73309c89cae3c29e2d634f6d309c0dd9d3,False,,0.11696227639913559,0.13861083984375,0.0033976719714701176,0.23249560594558716,0.014613918960094452,1.0,0.0,excluded,redundant_high_similarity_perceptual_duplicate,data/Testing/notumor/Te-no_189.jpg,excluded,dup_03131
data/Testing/notumor/Te-no_278.jpg,Te-no_278.jpg,notumor,2,Testing,False,18740,88c6663f228de0a856077301d1c21c21accaa1efb2761bf86874a3a8a48048b2,False,,359,449,0.799554565701559,JPEG,RGB,60363199f4861bb03ad407be25fc30f219c9a2f65f6b3c0574f0ab6c1afe0b1b,44cc2d196b3272f32f1b8ecc3c0df24631729f23bccf5a0f272f2cac30347233,False,,0.1700453907251358,0.1535235196352005,0.03723141923546791,0.2752087414264679,0.13528428971767426,0.85703125,0.0,excluded,redundant_high_similarity_perceptual_duplicate,data/Testing/notumor/Te-no_233.jpg,excluded,dup_03119
data/Testing/notumor/Te-no_283.jpg,Te-no_283.jpg,notumor,2,Testing,False,12621,a3d34725edf1377a6226461a80b3b07247c13e96d709793e0a327a3600839606,False,,201,251,0.8007968127490039,JPEG,RGB,3e883a42639316bacf2ef16bef32be30e19c22ae6f6cb552b1ffa92f9153c1a0,54cc2d194b3272f32f138ec43c0dd24631f29f033ccf7a0f672f2cac30b47273,False,,0.2974030375480652,0.2525310516357422,0.06681372970342636,0.4626426696777344,0.14441756904125214,0.7255208333333333,0.0,excluded,redundant_high_similarity_perceptual_duplicate,data/Testing/notumor/Te-no_184.jpg,excluded,dup_02689
data/Testing/notumor/Te-no_303.jpg,Te-no_303.jpg,notumor,2,Testing,False,8551,2b3d1ac43a7301b6c36c5c94fa07df37a2f31e5b90b476c8457b2406aabc4797,False,,227,222,1.0225225225225225,JPEG,RGB,549e8cac121f87d50b5e5aa0fe3a742e185c95b5f150fe2c70856f07abf4ce93,502f3fc80ad4f01e2f42e0fd7c2fc3f02cb5cb336cb18b036cb5892360d29b9b,False,,0.14006780087947845,0.14311017096042633,0.04309947043657303,0.18837988376617432,0.22879019379615784,0.85390625,0.0,excluded,redundant_high_similarity_perceptual_duplicate,data/Testing/notumor/Te-no_101.jpg,excluded,dup_03018
data/Testing/notumor/Te-no_304.jpg,Te-no_304.jpg,notumor,2,Testing,False,5929,d7dadef50e1d0969ade23dc91d13046d6b033ba468ea8ef183852f90410f3824,False,,150,198,0.7575757575757576,JPEG,RGB,0e3d291ac7517712aab03b7d083e8e1b172e50f52963da4647dbd9dab600acc5,17dd126219137fff12aafa011a952509db57343f495a607c4d2a65f46d2371f0,False,,0.21194326877593994,0.1673780232667923,0.16945873200893402,0.23105470836162567,0.7334138751029968,0.52265625,0.0,excluded,redundant_high_similarity_perceptual_duplicate,data/Testing/notumor/Te-no_115.jpg,excluded,dup_03166
data/Testing/notumor/Te-no_305.jpg,Te-no_305.jpg,notumor,2,Testing,False,8146,4e260b551ffe7a45c16961670b34d1d9801933159a683196973e0838d2919209,False,,225,225,1.0,JPEG,RGB,f87c31ec535b126797e84d2b544ed5854fbccb9c6e75d07f49be91d5c1dd0160,1789c5e07a769a5d6e5a185739a99968646c6ce59cf0319549a566669dc7319a,False,,0.13842342793941498,0.1801878809928894,0.020606618374586105,0.3013154864311218,0.06838884949684143,0.9518229166666666,0.0,excluded,redundant_high_similarity_perceptual_duplicate,data/Testing/notumor/Te-no_15.jpg,excluded,dup_03179
data/Testing/notumor/Te-no_306.jpg,Te-no_306.jpg,notumor,2,Testing,False,18190,abba31588ca61e0e187b96df582a163065acb504330099fb6481e1d4a0dfd410,False,,642,361,1.778393351800554,JPEG,RGB,d1944ffc74a8695a0bf3990106e2e235694c09f3d3362e8a0cc6c9b5a4bfa018,4f23c7433cac3c3c343298f098d36cd16cc368cdccc3e4cfcccb26cccccd364c,False,,0.11983762681484222,0.18662898242473602,0.03824244812130928,0.2922727167606354,0.1308450847864151,0.9114583333333334,0.00026041666666666666,excluded,redundant_high_similarity_perceptual_duplicate,data/Testing/notumor/Te-no_196.jpg,excluded,dup_05516
data/Testing/notumor/Te-no_308.jpg,Te-no_308.jpg,notumor,2,Testing,False,11747,fe2c4a60ad4af058a8920fbf50bada00152b94b48bd71e4ee853ee199a0050dc,False,,208,242,0.859504132231405,JPEG,RGB,d5c4f5861d2bad6bdf95ff5b631703b08b847e900b19fd2a8e74b33d80cdd337,425b0ee41c44fb8e7bbfb060cbc178099e74c43b69cc933d8d6258ec996a66f0,False,,0.3858700096607208,0.21603891253471375,0.24785949289798737,0.49930113554000854,0.49641284346580505,0.0,0.04609375,excluded,redundant_high_similarity_perceptual_duplicate,data/Testing/notumor/Te-no_301.jpg,excluded,dup_03558
data/Testing/notumor/Te-no_312.jpg,Te-no_312.jpg,notumor,2,Testing,False,8035,b7c762864deb4ef105fca841b5a1afe0e9e808120c7b8108c424834115db4b83,False,,228,221,1.0316742081447965,JPEG,RGB,990d5304be53b6fb98508559c270260b24cf15e4e3e420cb0de316ae3b9c9503,17687a367897a5f92178c6a549e18f9d64a5967665964c7226962699669a6669,False,,0.16759967803955078,0.20802906155586243,0.013735703192651272,0.3366689682006836,0.040798839181661606,0.9611979166666667,0.0,excluded,redundant_high_similarity_perceptual_duplicate,data/Testing/notumor/Te-no_299.jpg,excluded,dup_03044
data/Testing/notumor/Te-no_317.jpg,Te-no_317.jpg,notumor,2,Testing,False,9953,0af60c47354b99743ce9bde809d51ab3013dfff2525959f8abfac8f66444efd6,False,,232,217,1.0691244239631337,JPEG,RGB,25dce132699f2e2a62ef234e1d2c66501e232fbca086090bf07f7702d3fa4f12,16627a5e789565f9617ac6a14c7999976467961e61b99a189186725966569e63,False,,0.25707384943962097,0.3019852042198181,0.026541054248809814,0.559121310710907,0.04746922478079796,0.95859375,0.0018229166666666667,excluded,redundant_high_similarity_perceptual_duplicate,data/Testing/notumor/Te-no_2.jpg,excluded,dup_03222
data/Testing/notumor/Te-no_318.jpg,Te-no_318.jpg,notumor,2,Testing,False,12591,a81c724dc7c77a334b424a3429b6280e5092c99bba6d61a9c31b274d423e0af0,False,,227,262,0.8664122137404581,JPEG,RGB,fff83476b2c58fbfb800a6f4db42a49560dbf309a4c9c50ab24f53f1bfb8791e,4110c4cc2eef4f333d54dacd3c027b30612d6c4a36518dab607b313d36fd6d9c,False,,0.44028085470199585,0.30244535207748413,0.1005953922867775,0.7123229503631592,0.14122161269187927,0.0,0.0018229166666666667,excluded,redundant_high_similarity_perceptual_duplicate,data/Testing/notumor/Te-no_263.jpg,excluded,dup_05532
data/Testing/notumor/Te-no_319.jpg,Te-no_319.jpg,notumor,2,Testing,False,7530,073bba96a776f5a2ffcb6c84782e8908bc372c478d80a928f0d49587a3a3e385,False,,300,168,1.7857142857142858,JPEG,RGB,e4eb596a4c85b8cbfcb201d9f912a3057f9e258853f95a4bd40bb08861b88deb,4f3338b43cecc3c33632672f98d3932e64f387328cc33330cccb9931ccc9cb13,False,,0.20368246734142303,0.29940447211265564,0.05611519515514374,0.5062519311904907,0.11084440350532532,0.8903645833333333,0.028645833333333332,excluded,redundant_high_similarity_perceptual_duplicate,data/Testing/notumor/Te-no_298.jpg,excluded,dup_02968
data/Testing/notumor/Te-no_32.jpg,Te-no_32.jpg,notumor,2,Testing,False,7173,8eb98358b4393d26b59ff612cee184820af6e2317fdf37c737f1972e7e57b780,False,,228,221,1.0316742081447965,JPEG,RGB,35fff955af9b6b939ba3536582970ddfc18161f6a203db70df1ba49e38980da9,48f20fc93f03703d3ccc70c47930666331ce660be4ccb3cd6363c73b6c6c936c,False,,0.14906245470046997,0.16561304032802582,0.02194955199956894,0.31546512246131897,0.0695783793926239,0.9325520833333333,0.0,excluded,redundant_high_similarity_perceptual_duplicate,data/Testing/notumor/Te-no_155.jpg,excluded,dup_03338
data/Testing/notumor/Te-no_320.jpg,Te-no_320.jpg,notumor,2,Testing,False,9789,2ff546ca2e2dae4d9999713f8764b3564c1d3b89efba9d7c196dd2ab82d3a1c9,False,,207,243,0.8518518518518519,JPEG,RGB,8ef6c2c9992db630938a51d37cf48d4ff2005c93768795d47e4db80471e734c7,0655a1f15ba877866a0199bb795fba646968659965a28ee265a76269678561ad,False,,0.2954142093658447,0.26426196098327637,0.03998468071222305,0.48873794078826904,0.08181210607290268,0.90078125,0.0,excluded,redundant_high_similarity_perceptual_duplicate,data/Testing/notumor/Te-no_226.jpg,excluded,dup_05522
data/Testing/notumor/Te-no_326.jpg,Te-no_326.jpg,notumor,2,Testing,False,10680,e35799cb2b818f86a36b62bc33779f8fb019bf8fc1c4fb60ed9166316ededf6c,False,,225,225,1.0,JPEG,RGB,c5221954aabe62c60597d160399a7aa8627096430fa70affc457c78e0e85d92b,46fbb4cc38406b13313fb8bce1bc9662c6c4cb1dc3839c499e1b9968ce6c9d25,False,,0.24685034155845642,0.2865573465824127,0.07515012472867966,0.5273265242576599,0.14251156151294708,0.82421875,0.0013020833333333333,excluded,redundant_high_similarity_perceptual_duplicate,data/Testing/notumor/Te-no_282.jpg,excluded,dup_05538
data/Testing/notumor/Te-no_327.jpg,Te-no_327.jpg,notumor,2,Testing,False,8246,4bcf391b563ecb51e506efbcbf5217028bc7f71eb10e588990bdfd743decb7db,False,,227,222,1.0225225225225225,JPEG,RGB,aa186337b40020c386e39148d33916c7828260d5209d6212ab4909ed57205c54,057a95625f815ab57a174a57297a695a79e0619939e461b93de6638935873139,False,,0.13955724239349365,0.14325274527072906,0.04276348277926445,0.1881951093673706,0.227229505777359,0.85703125,0.0,excluded,redundant_high_similarity_perceptual_duplicate,data/Testing/notumor/Te-no_175.jpg,excluded,dup_03084
data/Testing/notumor/Te-no_328.jpg,Te-no_328.jpg,notumor,2,Testing,False,8127,c3aac0bc3d75c26d387ae4c38337d1e5eabc28359e9dac087a9268a3de9a7e3b,False,,232,217,1.0691244239631337,JPEG,RGB,ca8ad32b44453b17e2d05081586c080552d678fe129ce5c6bb627e7f72722d13,1e9c34b669614b496787cd24961e9872ce5933c7c965679c37b2cd3831cb1863,False,,0.2009861320257187,0.2987390160560608,1.225490359502146e-05,0.6111194491386414,2.005320493481122e-05,1.0,0.0,excluded,redundant_high_similarity_perceptual_duplicate,data/Testing/notumor/Te-no_105.jpg,excluded,dup_05492
data/Testing/notumor/Te-no_329.jpg,Te-no_329.jpg,notumor,2,Testing,False,10709,280636ea1e5488c70436db9f892bfacbb86840a995599d258f82c6fb71b558ec,False,,227,222,1.0225225225225225,JPEG,RGB,a86fa1716388bc340b031e66ec69b55cd43392f48cd87a1efca8eb385720a382,057a6a9d5a81a54b7a1fb4aa297896a179e09e6639e49e4639e29c763186cec6,False,,0.2462543547153473,0.24233472347259521,0.0732424408197403,0.3377288281917572,0.216867595911026,0.82890625,0.018229166666666668,excluded,redundant_high_similarity_perceptual_duplicate,data/Testing/notumor/Te-no_161.jpg,excluded,dup_03003
data/Testing/notumor/Te-no_33.jpg,Te-no_33.jpg,notumor,2,Testing,False,7549,d83c5d1311f5b18f9e0999258477c14d760ef3f15759c3d6e14ed7867726a78f,False,,225,225,1.0,JPEG,RGB,90a94ef016e8e03d42c7a6965b9a1a9d574f740259fd66503e838fa2f8d37092,45802f1f3a5390e8393cc78761a4595b66db963cb38fe593172cd970c87b9885,False,,0.22453519701957703,0.22313830256462097,0.02284722402691841,0.3871850073337555,0.05900854617357254,0.6463541666666667,0.0,excluded,redundant_high_similarity_perceptual_duplicate,data/Testing/notumor/Te-no_125.jpg,excluded,dup_02847
data/Testing/notumor/Te-no_334.jpg,Te-no_334.jpg,notumor,2,Testing,False,9094,d6d19ac66d1fdd18db5284e7393520387235e3c61fdbe9ddbb42062da5380edc,False,,225,225,1.0,JPEG,RGB,5407cdd6c056d02589ea8b178dc8c32aa201dff5c7c54da27033c6226f55cedb,13cce5a46a765a5b2d2f396134b3838c309c7635e3c261d2674f92cf9c0f266c,False,,0.2076808661222458,0.24339385330677032,0.005379902198910713,0.41425782442092896,0.012986845336854458,0.9877604166666667,0.0,excluded,redundant_high_similarity_perceptual_duplicate,data/Testing/notumor/Te-no_113.jpg,excluded,dup_02767
data/Testing/notumor/Te-no_337.jpg,Te-no_337.jpg,notumor,2,Testing,False,7348,16ab208a9c6b5abc07b1e95560877726818015426d83fbb71430edd1f52a2f8c,False,,225,225,1.0,JPEG,RGB,dd418babcb13e285a0f0ba0df0d39b135a3ab9e0442a7eb332ffa0508a12d5c9,07a995a17e17ce967876685a6878396934e399e1312961a371a5648f59e7638e,False,,0.18997517228126526,0.22448194026947021,0.027390727773308754,0.38695523142814636,0.07078526169061661,0.9591145833333333,0.011197916666666667,excluded,redundant_high_similarity_perceptual_duplicate,data/Testing/notumor/Te-no_21.jpg,excluded,dup_05518
data/Testing/notumor/Te-no_34.jpg,Te-no_34.jpg,notumor,2,Testing,False,27772,e7c6c088b19bfd19972e94a53002be30e60687a53069b491432c683d8b512b46,False,,400,442,0.9049773755656109,JPEG,RGB,5bc5cfe1a0a9b9c4002eec322c1ded5e0875b3e17b485ea9c5efe10a93f42e9a,06a7c5647a5e1b9f65a9386833b736879798693aca67a5a43524727567d22702,False,,0.3457241952419281,0.2961408793926239,0.07234171032905579,0.6843883991241455,0.1057027131319046,0.0,0.0,excluded,redundant_high_similarity_perceptual_duplicate,data/Testing/notumor/Te-no_165.jpg,excluded,dup_03384
data/Testing/notumor/Te-no_340.jpg,Te-no_340.jpg,notumor,2,Testing,False,9611,3a07225676b2a75f78fab580e0687ca5845e6949299f3fafb39943dbf3dd276c,False,,207,243,0.8518518518518519,JPEG,RGB,719164c8a63c3330ae30bcaf8eab5ce539b2e9cfdff41451ddf37d0496ce27d4,0655a1f15ba877866a0199bb795fba646968659965a28ee265a76269678d21ad,False,,0.295305073261261,0.26428917050361633,0.03989787772297859,0.4886690080165863,0.08164601773023605,0.90078125,0.0,excluded,redundant_high_similarity_perceptual_duplicate,data/Testing/notumor/Te-no_226.jpg,excluded,dup_05522
data/Testing/notumor/Te-no_342.jpg,Te-no_342.jpg,notumor,2,Testing,False,18465,b1689e9d0dde9a84bb4ed0ad1441ffcf6f13a32943dd3ffdbd2ebb357bcb68ac,False,,642,361,1.778393351800554,JPEG,RGB,a0f83f83f32391520bd9f4161126050f842552311f02243d0faf8d6ebfe09718,1a766de169b996966167325acd86c67b3986c26399964e65999a8c6699889ce6,False,,0.1199558675289154,0.18656876683235168,0.03835375979542732,0.29231294989585876,0.13120786845684052,0.9109375,0.00026041666666666666,excluded,redundant_high_similarity_perceptual_duplicate,data/Testing/notumor/Te-no_110.jpg,excluded,dup_02833
data/Testing/notumor/Te-no_343.jpg,Te-no_343.jpg,notumor,2,Testing,False,12533,aee63f2e2951c00ec01e908678011066364c8fe01ebfd30d4884a4e2c3dc621a,False,,208,242,0.859504132231405,JPEG,RGB,9377c207dcefd28cbbc4b9a8ae431f7aaf66ad166b56e474683c972f06f9a260,114dee484e229c7b7341cb474d6614506508d50e35261c2a34afec3a67affcff,False,,0.470681369304657,0.19456687569618225,0.3344138562679291,0.5432713031768799,0.6155558824539185,0.0,0.04635416666666667,excluded,redundant_high_similarity_perceptual_duplicate,data/Testing/notumor/Te-no_280.jpg,excluded,dup_05537
data/Testing/notumor/Te-no_345.jpg,Te-no_345.jpg,notumor,2,Testing,False,10446,e36a735a676432cfafc66fff4cf7a340dcfe5cf2590e3c7c1f6e46047277886f,False,,225,225,1.0,JPEG,RGB,9d7d1e20a5e751b0009bdf8020804d074d43e9ea18fd9de443436259922dc4fc,46fb4b33394094ec313f4743e1bc499cc6c434e2c78363b29e1b2697ce6c62da,False,,0.24579361081123352,0.2869532108306885,0.07396957278251648,0.5267798900604248,0.14041836559772491,0.8302083333333333,0.0015625,excluded,redundant_high_similarity_perceptual_duplicate,data/Testing/notumor/Te-no_236.jpg,excluded,dup_03177
data/Testing/notumor/Te-no_346.jpg,Te-no_346.jpg,notumor,2,Testing,False,6859,3f6ff3052a2226ff9ada9dde278932cfc77baf2ff4ad183ad8dd52482e75f24e,False,,232,217,1.0691244239631337,JPEG,RGB,66242f32b3d0b4d77bec18b156c6a4b0ea4eefba9ab5c38f25ecc6ad1b48aaa3,4bc99c1c3c34e1e332d2678ec34b36789b0c996d9931cdb6626727326c9e90cd,False,,0.11822390556335449,0.1838952898979187,1.225490359502146e-05,0.3597780764102936,3.406239557079971e-05,1.0,0.0,excluded,redundant_high_similarity_perceptual_duplicate,data/Testing/notumor/Te-no_286.jpg,excluded,dup_03273
data/Testing/notumor/Te-no_349.jpg,Te-no_349.jpg,notumor,2,Testing,False,6138,bfd5da402bf774d86a07b6f91e2b33b2fb03fe6ffae51edaa70b746072e195d3,False,,300,168,1.7857142857142858,JPEG,RGB,8ee61413621c45a1b8c2e0a53e27051218ceb96b68a8558a5c76de7b7466cc35,4f2338b43cacc3c33432670f98d3932e6cd39332ccc31b30cccf99338ccdc9b3,False,,0.12025386840105057,0.18650051951408386,0.038661155849695206,0.29267290234565735,0.1320968121290207,0.9075520833333334,0.0005208333333333333,excluded,redundant_high_similarity_perceptual_duplicate,data/Testing/notumor/Te-no_164.jpg,excluded,dup_03486
data/Testing/notumor/Te-no_350.jpg,Te-no_350.jpg,notumor,2,Testing,False,9810,c53310fed44fcf3403391bbc879c780dcdd0235c82c815b355e1ffa7b4e6d5c2,False,,207,243,0.8518518518518519,JPEG,RGB,0a8eb6a334d15538de09d3f02492c5c15382726c9a63ed28206e912d315cb702,53080b5b0effdd2c3f5633112c0a30ce3c3dcf3330f7644830fac9c732d8cf07,False,,0.29540324211120605,0.2643042504787445,0.04003983363509178,0.48872071504592896,0.0819278433918953,0.9005208333333333,0.0,excluded,redundant_high_similarity_perceptual_duplicate,data/Testing/notumor/Te-no_289.jpg,excluded,dup_03452
data/Testing/notumor/Te-no_352.jpg,Te-no_352.jpg,notumor,2,Testing,False,4845,6f6b4e90d1242f78ce866f2348707df640a91b845d2049b5e7354d3257784fe4,False,,300,168,1.7857142857142858,JPEG,RGB,654cbd7932b5fd5601f5dcf144e7aa878641c62c40a8b7e5565fee2566e7cfb9,4f3630e339e5679b309767386cda36716619cc67664c99e62638ccc63261899e,False,,0.07219430804252625,0.1444319635629654,0.007537785451859236,0.18731236457824707,0.0402417927980423,0.98515625,0.0010416666666666667,excluded,redundant_high_similarity_perceptual_duplicate,data/Testing/notumor/Te-no_29.jpg,excluded,dup_05540
data/Testing/notumor/Te-no_353.jpg,Te-no_353.jpg,notumor,2,Testing,False,19617,bc54b86b73a644a2c67585c4d6b556ececc4713548066067779c86cd461db1bf,False,,441,442,0.997737556561086,JPEG,RGB,9bd1780ca7afd83b300091a5d9efb43a0878d6b175f6fefc9b66016efece139a,423f5f902bd0d06f2d4a62d4243d9b4a38f4cf2d36d0cc3d66c398b433cb6cb2,False,,0.2543395161628723,0.21244880557060242,0.07190155982971191,0.42625516653060913,0.16868196427822113,0.00234375,0.0,excluded,redundant_high_similarity_perceptual_duplicate,data/Testing/notumor/Te-no_197.jpg,excluded,dup_03344
data/Testing/notumor/Te-no_357.jpg,Te-no_357.jpg,notumor,2,Testing,False,35462,c328848117fddb89865115c33abc9f37fe7e20b1796f63b6d32a41f5c3864534,False,,428,417,1.026378896882494,JPEG,RGB,5558c54cdfe8e6e38a703ad95131c568ce2482afbd99864ac6f14ed3e2cb6c49,177a6a9e5b81a56b7a1d34ba697896a169e09a6639e69e663ce09c7631868c86,False,,0.27536022663116455,0.29891061782836914,0.0758180171251297,0.374555766582489,0.202421173453331,0.8666666666666667,0.03046875,excluded,redundant_high_similarity_perceptual_duplicate,data/Testing/notumor/Te-no_127.jpg,excluded,dup_03116
data/Testing/notumor/Te-no_360.jpg,Te-no_360.jpg,notumor,2,Testing,False,7327,ec2314a74699373fbe7aa757449a7c788804eb79aeebd23b0ae58fd80f83a906,False,,173,201,0.8606965174129353,JPEG,RGB,70785b7c98e41ecf02005c1d35bdf0b114ad36995863d7f63cad5f3827fb7edb,1466e99a6abf12792f412dd6259fb164da6a7a092c59b5921daed32e6061ca59,False,,0.32960087060928345,0.281819611787796,0.04014195501804352,0.6243681311607361,0.06429212540388107,0.8450520833333334,0.0,excluded,redundant_high_similarity_perceptual_duplicate,data/Testing/notumor/Te-no_296.jpg,excluded,dup_02772
data/Testing/notumor/Te-no_361.jpg,Te-no_361.jpg,notumor,2,Testing,False,5902,79e8802ebe62b2e256414bba747211992151631efdc4ccf1eb78760bf4cf564b,False,,275,183,1.5027322404371584,JPEG,RGB,5602578123e46d0cdd476e5174fd8c0275c615080c1c7addd8c84b2a698dc001,4e1e9326386149693493cd3567cee792334a2c9b339d8e333278674b33616dcc,False,,0.15576554834842682,0.20376142859458923,0.014082925394177437,0.3890184760093689,0.036201175302267075,0.95390625,0.0,excluded,redundant_high_similarity_perceptual_duplicate,data/Testing/notumor/Te-no_111.jpg,excluded,dup_03080
data/Testing/notumor/Te-no_366.jpg,Te-no_366.jpg,notumor,2,Testing,False,8603,ffc0d1e85155bb79dcdb98e4c785759566f5fe6be5d04bdea056151371d97e45,False,,215,234,0.9188034188034188,JPEG,RGB,39b01525dc9e7b3ef21fa1a2c2efd38a3031e773bc9946474195e644541ff5e9,057ab17a7a815e85685fe8d561e8e76a65a19d296687c625361e8cb596589c96,False,,0.21797427535057068,0.2024683803319931,0.04232638701796532,0.36901330947875977,0.1147015169262886,0.22447916666666667,0.0,excluded,redundant_high_similarity_perceptual_duplicate,data/Testing/notumor/Te-no_137.jpg,excluded,dup_05500
data/Testing/notumor/Te-no_368.jpg,Te-no_368.jpg,notumor,2,Testing,False,7705,d92598dc2f94e16665374dff404f086feaf0c9a9f0078c213bfdf9784d0abf19,False,,218,231,0.9437229437229437,JPEG,RGB,0aebf38761bc9dbd670841b9009b41e0afaae119e0fd3ee19032950071d8b80a,533294cc2fefdab33f006b743ccf4f0230358d0f79d24c9c71cb2cb08f0f34b0,False,,0.2186267375946045,0.20235541462898254,0.0322028212249279,0.38355451822280884,0.08395891636610031,0.9166666666666666,0.0,excluded,redundant_high_similarity_perceptual_duplicate,data/Testing/notumor/Te-no_181.jpg,excluded,dup_05510
data/Testing/notumor/Te-no_369.jpg,Te-no_369.jpg,notumor,2,Testing,False,24313,8b67bfdbb4ee51f71e1d14e29a8cd66de520030530f334bf39ea4060cfeb2e62,False,,359,449,0.799554565701559,JPEG,RGB,1961903f416e3edc8edfea4b06d9807ee45add2fe7fd125d7458476a88e20239,1199784c1e6727a66a4edb916948871364a7ca56e99a0f5a727a79f965612726,False,,0.2965262532234192,0.2500414550304413,0.06558926403522491,0.46892714500427246,0.13987091183662415,0.7013020833333333,0.0,excluded,redundant_high_similarity_perceptual_duplicate,data/Testing/notumor/Te-no_232.jpg,excluded,dup_05525
data/Testing/notumor/Te-no_370.jpg,Te-no_370.jpg,notumor,2,Testing,False,8412,d45422237960316e6944889b7796756e0b96def02be9749c2b79ae91956ea6cf,False,,215,234,0.9188034188034188,JPEG,RGB,7048cf49e60bb84a5ecc46c1db609134a6a113b96deb7efc637f0ace71286fab,502f1bd02fd4f40f3d0a427f34ad4dc030f4378333d27c8f634b661fc30d363c,False,,0.21792472898960114,0.20273318886756897,0.04188113287091255,0.36924880743026733,0.11342252790927887,0.24114583333333334,0.0,excluded,redundant_high_similarity_perceptual_duplicate,data/Testing/notumor/Te-no_199.jpg,excluded,dup_03054
data/Testing/notumor/Te-no_372.jpg,Te-no_372.jpg,notumor,2,Testing,False,41805,d447776611a16c2a81540a1975a71afaeedf55a4b11cb0eed9b6971cff8853fb,False,,630,630,1.0,JPEG,RGB,bf8ac2585a35e027a3b67977abbb9b88050b973bd47d00d0cae1dbbcf63a2d52,10d17a4a6f06c5bd6c6d92d234f10c1e338ec369e6dbb0c64779ce25992ccdd0,False,,0.22342842817306519,0.22207164764404297,0.022746117785573006,0.38697344064712524,0.058779533952474594,0.6114583333333333,0.0,excluded,redundant_high_similarity_perceptual_duplicate,data/Testing/notumor/Te-no_163.jpg,excluded,dup_02782
data/Testing/notumor/Te-no_374.jpg,Te-no_374.jpg,notumor,2,Testing,False,7464,1d72c942ca546e56143c9fe62da4c0b80b44d5a3452aa47c0b19ea6890243032,False,,225,225,1.0,JPEG,RGB,e93306a445e5d063e1f117b7d9df9cb649b3a4464209d1fc73af8d8fc86913ef,52fc3f0b6b42643c2d23c2f03d2d93c361b6334b6c7ccb0964f0ce2d5cf3c924,False,,0.18993711471557617,0.2244235873222351,0.027375411242246628,0.3869169354438782,0.07075268030166626,0.9591145833333333,0.011458333333333333,excluded,redundant_high_similarity_perceptual_duplicate,data/Testing/notumor/Te-no_124.jpg,excluded,dup_05497
data/Testing/notumor/Te-no_382.jpg,Te-no_382.jpg,notumor,2,Testing,False,8056,7f69024063af1eae26d8e5130be2a6759bbbe9d65868c4118d16d94578e3b87d,False,,225,225,1.0,JPEG,RGB,e826dc0b27fd6b39ac33c3501130c101c1aed93698d425b165b8c2877865f843,1bee6c99693393666498939bb6656c9293191c6dc836c387a6673872b9994399,False,,0.13762183487415314,0.1941000372171402,0.03400633484125137,0.3642827272415161,0.09335149079561234,0.8565104166666667,0.0,excluded,redundant_high_similarity_perceptual_duplicate,data/Testing/notumor/Te-no_117.jpg,excluded,dup_05495
data/Testing/notumor/Te-no_383.jpg,Te-no_383.jpg,notumor,2,Testing,False,11414,3918e991adb558874b56fc946c0a2beea7bda9e69ff04ab76a68cce72feaf986,False,,201,251,0.8007968127490039,JPEG,RGB,a346186a1a1fc861c9d50ac6f3e46bfc88391d4842a86b10620a79fe0144c3df,119987b31e67d8597a4e246e69587cec64a735a9699ad0a5727a860665e1d8d9,False,,0.297421932220459,0.2539370059967041,0.06662479788064957,0.4636479616165161,0.14369694888591766,0.7497395833333333,0.0,excluded,redundant_high_similarity_perceptual_duplicate,data/Testing/notumor/Te-no_35.jpg,excluded,dup_03036
data/Testing/notumor/Te-no_386.jpg,Te-no_386.jpg,notumor,2,Testing,False,8224,46db6d5982ece69de9b45ff83ab2f1cfb97aee8b65311cbe54cac2bdf6c14de5,False,,225,225,1.0,JPEG,RGB,aede6325a6ea2137d20492f3d126507decad4030ee8670a682b77b0c940a9b2f,40cdcda83f70f2073b033d30cd0dc9cb3d3c333b9c7d2c2c34b0d2f28cf28ce6,False,,0.15931731462478638,0.15523004531860352,0.038545750081539154,0.2763671875,0.13947296142578125,0.5666666666666667,0.0,excluded,redundant_high_similarity_perceptual_duplicate,data/Testing/notumor/Te-no_224.jpg,excluded,dup_05521
data/Testing/notumor/Te-no_387.jpg,Te-no_387.jpg,notumor,2,Testing,False,7680,32e7f860a1978259902ffda3bbd657bcb315a5adae61a8c47e2eb86c424990d8,False,,218,231,0.9437229437229437,JPEG,RGB,da175ceb29ad2a53ad1d4955fe2e6f32de4ee17bf574de02733259af235ca1a0,53326b332fef254c3f00948a3ccdb0bd303562f039d2234371cbc34f8f0fca4f,False,,0.21871745586395264,0.20224876701831818,0.03222426772117615,0.38361865282058716,0.08400078117847443,0.9182291666666667,0.0,excluded,redundant_high_similarity_perceptual_duplicate,data/Testing/notumor/Te-no_176.jpg,excluded,dup_03051
data/Testing/notumor/Te-no_388.jpg,Te-no_388.jpg,notumor,2,Testing,False,8851,16cbcd4b6ff959fe9b0dcb022d3c72fd9223eae56b82b1b6d7f94b4311ae9b13,False,,225,225,1.0,JPEG,RGB,014411d10cbe024cfd7219b8419fb9edc052581ae639a8060d67c7f160e6381e,46994f0e3f23f0f1787a93cb61e6292465c9cc9fa697cb78361a3864c95a8c86,False,,0.20748722553253174,0.24318450689315796,0.005389093421399593,0.41415727138519287,0.013012190349400043,0.9885416666666667,0.0,excluded,redundant_high_similarity_perceptual_duplicate,data/Testing/notumor/Te-no_140.jpg,excluded,dup_02931
data/Testing/notumor/Te-no_390.jpg,Te-no_390.jpg,notumor,2,Testing,False,8128,4bbdb79d5b12e1cbdbbfe6784c166837db43e084c20b1e814b040eb81a8ad8a5,False,,225,225,1.0,JPEG,RGB,a8a222366c4bef27e414bcb40bcefcbcec305218a859112b0d591d2e18d219c9,42dc2f0a2d2330e73b0fb2fd6c7c33c23139c64bc9a59b3f1cf0ccccc8929b30,False,,0.13835689425468445,0.1801699846982956,0.020668918266892433,0.3012877404689789,0.06860192120075226,0.9513020833333333,0.0,excluded,redundant_high_similarity_perceptual_duplicate,data/Testing/notumor/Te-no_244.jpg,excluded,dup_02703
data/Testing/notumor/Te-no_393.jpg,Te-no_393.jpg,notumor,2,Testing,False,10588,c5db9542e1109eae3a41e8c86617bc8641275991d0c96c642d80f725d8ed9265,False,,194,259,0.749034749034749,JPEG,RGB,1f5c4ee822f47b9b89c24f29f428fa7748fa2a26aee677a9039379d7b7808c91,022a66c47bbd0d392d50b3b37d2f1b94ecf9924a24b4b3c3e2d29349a7864e3c,False,,0.33664312958717346,0.29675498604774475,0.10365912318229675,0.5675628185272217,0.18263903260231018,0.7877604166666666,0.024739583333333332,excluded,redundant_high_similarity_perceptual_duplicate,data/Testing/notumor/Te-no_151.jpg,excluded,dup_05504
data/Testing/notumor/Te-no_395.jpg,Te-no_395.jpg,notumor,2,Testing,False,10546,9fd937ce596e6574b36755b6a30ff2d1f691345a39b1218b50fc8d0ec9a7785e,False,,227,222,1.0225225225225225,JPEG,RGB,c901e988733beb46044c7d772813bbf80b2654419e168da33a75708e77fa3b22,502f3fc80ed4f01e2f0ae0ff7c2dc3f02cb5cb336cb18b1368b3892360d29b93,False,,0.2460717409849167,0.24296297132968903,0.07318015396595001,0.3376014828681946,0.2167649120092392,0.8286458333333333,0.018489583333333334,excluded,redundant_high_similarity_perceptual_duplicate,data/Testing/notumor/Te-no_129.jpg,excluded,dup_02888
data/Testing/notumor/Te-no_396.jpg,Te-no_396.jpg,notumor,2,Testing,False,8047,68c50d0be891e784f7dca8123b8c47824152b5de2c6e62675388b0c97f49fb9c,False,,227,222,1.0225225225225225,JPEG,RGB,78ee79c9e9e7ef41895ed3232b8215d9efd4eebf2768425862941bffd00fde7c,057a6a9d5b81a54a7a17b5a8297896a579e09e6639e49e4639e09c763187cec6,False,,0.13978630304336548,0.143133282661438,0.04298100620508194,0.18846794962882996,0.2280547171831131,0.8575520833333333,0.0,excluded,redundant_high_similarity_perceptual_duplicate,data/Testing/notumor/Te-no_24.jpg,excluded,dup_02795
data/Testing/notumor/Te-no_397.jpg,Te-no_397.jpg,notumor,2,Testing,False,7665,2c000cfc8d3325be871344a66bea3f21fe7dfce4f456895f0b2d00f52340f866,False,,173,201,0.8606965174129353,JPEG,RGB,b8202d676d88bc1b9bb61a960be5efa9c1cdef8323039a6447219c7d40799050,166616656bbfe5862f41d221259f4e9bda6a85b62c594a6d1dae2cd1686135a6,False,,0.32953983545303345,0.2818174958229065,0.040168508887290955,0.6244696378707886,0.06432420015335083,0.8421875,0.0,excluded,redundant_high_similarity_perceptual_duplicate,data/Testing/notumor/Te-no_158.jpg,excluded,dup_02748
data/Testing/notumor/Te-no_399.jpg,Te-no_399.jpg,notumor,2,Testing,False,12172,83844b3d670274f2974a21e3340c8fddd779179062bfa20c7776597945c9fcfb,False,,227,262,0.8664122137404581,JPEG,RGB,9dccd581c17f66dfae629362568474d10f22acfaebc906ccaa35d1559e4188ad,41107b3b2eeff0dc3d5465323c0284cf612d93b536517254607bcec236fd926b,False,,0.44045937061309814,0.3025079667568207,0.10066688060760498,0.7124664783477783,0.1412934958934784,0.0,0.0015625,excluded,redundant_high_similarity_perceptual_duplicate,data/Testing/notumor/Te-no_120.jpg,excluded,dup_03462
data/Testing/notumor/Te-no_4.jpg,Te-no_4.jpg,notumor,2,Testing,False,19016,52ec1c471efdd0ec2c3bfcb064d8fb08c76a9c061457c404bb8087b1ea6c48fb,False,,359,449,0.799554565701559,JPEG,RGB,88278b6f1a9c910a3a8b72708fac5c6cbc47e35b53341ed7f8d14675292373a5,44ccd2e66b328d0c3f1b71333c8d0db9317260dcbccfa5f0272fd35330348dcc,False,,0.1700446903705597,0.15349514782428741,0.03716299682855606,0.2752910852432251,0.13499528169631958,0.8572916666666667,0.0,excluded,redundant_high_similarity_perceptual_duplicate,data/Testing/notumor/Te-no_358.jpg,excluded,dup_03098
data/Testing/notumor/Te-no_42.jpg,Te-no_42.jpg,notumor,2,Testing,False,7564,d37292c2ae57928abb7f819330c117bd7dc36fa73e5254129175e79c0596ab12,False,,225,225,1.0,JPEG,RGB,0f46158a1d6729e0490422954ec1d04c496fc27463a639c3469a2b32741730f0,47fcd0f53b430f093d2f6d0330f1653c709474b4369232d263ca63c3330fb6c7,False,,0.2205214500427246,0.1930718570947647,0.06898283958435059,0.37745192646980286,0.18275927007198334,0.0,0.0,excluded,redundant_high_similarity_perceptual_duplicate,data/Testing/notumor/Te-no_141.jpg,excluded,dup_05501
data/Testing/notumor/Te-no_44.jpg,Te-no_44.jpg,notumor,2,Testing,False,7115,0ccd5c41bc34ca5a5d786304ea205e5853b53a0c9910647fbf94bdab4d18a2f8,False,,173,201,0.8606965174129353,JPEG,RGB,7e187c52539b70d15530867647b025bfce06d79f7d99d83b688393e3c12f3ced,413343303feab0d37a14877c70ca1bce8f3fd0a3790c1f3848fb79843d3460f3,False,,0.32929903268814087,0.2817070782184601,0.03958640247583389,0.624314546585083,0.0634077861905098,0.84921875,0.0,excluded,redundant_high_similarity_perceptual_duplicate,data/Testing/notumor/Te-no_118.jpg,excluded,dup_02971
data/Testing/notumor/Te-no_5.jpg,Te-no_5.jpg,notumor,2,Testing,False,18972,9ed3de03c7379a7fd28e058a35174113ad8770fc99ea7d7bddbb71941e2bda0b,False,,380,530,0.7169811320754716,JPEG,RGB,c396b4dce8fc5ee08dfc3d07b12c1149d4512c8831a15d8536e88ea4248ee3aa,51beb1336b506ad8256fe46634b1cc8dc3c2b276cb0e699b9c3cc9a349a13674,False,,0.22066986560821533,0.2608564794063568,0.0,0.45952340960502625,0.0,1.0,0.0,excluded,redundant_high_similarity_perceptual_duplicate,data/Testing/notumor/Te-no_16.jpg,excluded,dup_05506
data/Testing/notumor/Te-no_50.jpg,Te-no_50.jpg,notumor,2,Testing,False,19156,ab913d73a29f0bcead33685b0b0aa29a17fdcfc8d1a007e947036dba8b3e5385,False,,380,530,0.7169811320754716,JPEG,RGB,2db5ef34c3bfb854787f3cf3ea06d55276b458daa98ed7a88f283a70eefe8b4c,04ebe4663e053f8d603ab13361e499d89687e7239a5b3ccec9699cf61ce46321,False,,0.2207414209842682,0.26079195737838745,9.191177014145069e-06,0.45958274602890015,1.999896085180808e-05,1.0,0.0,excluded,redundant_high_similarity_perceptual_duplicate,data/Testing/notumor/Te-no_204.jpg,excluded,dup_03092
data/Testing/notumor/Te-no_57.jpg,Te-no_57.jpg,notumor,2,Testing,False,10790,c3ced0772b5267ea953abc433f0a367bbc65b7957678c8b37b337a32745e900b,False,,225,225,1.0,JPEG,RGB,bd441137b6ef7c30f2e54c34022abd957ba642a529dc5441da152e918033ef35,46bbb4cc38406b13313fa8bce1bc9662c6c4cb1dc7839c4d9e1b9968ce6c9d25,False,,0.24647241830825806,0.2861891984939575,0.07514400780200958,0.5272614359855652,0.142517551779747,0.82421875,0.0015625,excluded,redundant_high_similarity_perceptual_duplicate,data/Testing/notumor/Te-no_282.jpg,excluded,dup_05538
data/Testing/notumor/Te-no_58.jpg,Te-no_58.jpg,notumor,2,Testing,False,7528,a7979c3b28a191e14c80e5f58d9943c30d80b8b868ee415683f412ebb25b800d,False,,225,225,1.0,JPEG,RGB,83f0fb9f4fa592b33017d940f540cc908c329555bdbb998e7741e10d4414031e,07a96a5e3e173169787697a56878c69634e3661e31299e5c31a59b7849a69c71,False,,0.19019727408885956,0.22387270629405975,0.02742443047463894,0.3867206573486328,0.0709153488278389,0.95703125,0.010416666666666666,excluded,redundant_high_similarity_perceptual_duplicate,data/Testing/notumor/Te-no_134.jpg,excluded,dup_02896
data/Testing/notumor/Te-no_59.jpg,Te-no_59.jpg,notumor,2,Testing,False,44271,a1f09043e38e394875bfc6cb98f603ebbf04cca45b72acb1b862cb936a0c9f3c,False,,630,630,1.0,JPEG,RGB,02217ec879f56974fab9ebf377005fc2b001870aa72132f93f0adb1f027c12b1,43846d1c3f07b4633879369461b2b6d6639c93cab0d9984f67269a71b6d6662c,False,,0.33845093846321106,0.3143998086452484,0.08333130180835724,0.6248410940170288,0.1333639919757843,0.0,0.006510416666666667,excluded,redundant_high_similarity_perceptual_duplicate,data/Testing/notumor/Te-no_223.jpg,excluded,dup_02841
data/Testing/notumor/Te-no_6.jpg,Te-no_6.jpg,notumor,2,Testing,False,5857,e8ed081b0ca3628aaa6551d8aa30801100f406724866ea00755a8a4ff48583c7,False,,275,183,1.5027322404371584,JPEG,RGB,af7a329ebd080d070e5b2d63b8e5cc4ebe9fbb55db1c8b10da7d799ca0ba3c05,1b4b398c6d34e3c361c6679f329b4d38661f863366d82c99672dc9e166348366,False,,0.155778706073761,0.2037973254919052,0.013976716436445713,0.3890404999256134,0.03592612221837044,0.9536458333333333,0.0,excluded,redundant_high_similarity_perceptual_duplicate,data/Testing/notumor/Te-no_384.jpg,excluded,dup_03236
data/Testing/notumor/Te-no_60.jpg,Te-no_60.jpg,notumor,2,Testing,False,6902,4a810bbe522cc589396dc971873705d5e9061cdd5819edc0b7a669286f18474d,False,,228,221,1.0316742081447965,JPEG,RGB,806a78510ada5c50f3ca35f3a0dbf4789da99cff7cabd3cda936bebfbfe2e615,1da785636a56da956999da6e2c65ccc9649b8ca1b199196732366d91393939c6,False,,0.14926879107952118,0.16537779569625854,0.02249489352107048,0.31554651260375977,0.07128867506980896,0.93359375,0.0,excluded,redundant_high_similarity_perceptual_duplicate,data/Testing/notumor/Te-no_133.jpg,excluded,dup_03488
data/Testing/notumor/Te-no_61.jpg,Te-no_61.jpg,notumor,2,Testing,False,9913,a03acbec3cf6aa14f02984e22b0e3219e0d2a54674c62d8b2c5018d5ad98e698,False,,201,251,0.8007968127490039,JPEG,RGB,acbcbd8218f130c6fe995f251c8f00c2b42795874e57a7c33087c393b821d403,119997b31e67d8597a4e246679585cec64273599e99af0a5727a86066561d8d9,False,,0.17303013801574707,0.1599433720111847,0.03831291198730469,0.27535808086395264,0.13913850486278534,0.8505208333333333,0.0,excluded,redundant_high_similarity_perceptual_duplicate,data/Testing/notumor/Te-no_322.jpg,excluded,dup_02779
data/Testing/notumor/Te-no_63.jpg,Te-no_63.jpg,notumor,2,Testing,False,9572,42f959715b9af7d2a9d14016c89e3175d574c10b7e2f510d1025ac588657069a,False,,200,252,0.7936507936507936,JPEG,RGB,750b112e06ae421b200265b486ff428eb336fd681ba155a4ba74be0452a180ff,51555aa2480aed5d4fbfe5006e54e42acc00f4bdec1bf2b4bc3e62d0f838f3c2,False,,0.2956985831260681,0.21823272109031677,0.18546058237552643,0.38437405228614807,0.48250025510787964,0.49192708333333335,0.0109375,excluded,redundant_high_similarity_perceptual_duplicate,data/Testing/notumor/Te-no_1.jpg,excluded,dup_03062
data/Testing/notumor/Te-no_64.jpg,Te-no_64.jpg,notumor,2,Testing,False,10413,fd0d2831396fc7676fe2872309985064ecde76e5526bd10a4c0792d6c1c39bd5,False,,194,259,0.749034749034749,JPEG,RGB,14297d06b254e08bcb702db9636d8cb173407c311c25d49a673b9d9611c541fb,02aa993b7bbdb2c42d50484c7d2fe46becf968b524b44c38e2d26cb6a786b1c1,False,,0.3363683223724365,0.29725778102874756,0.10283496975898743,0.5674852728843689,0.1812116950750351,0.7890625,0.028125,excluded,redundant_high_similarity_perceptual_duplicate,data/Testing/notumor/Te-no_27.jpg,excluded,dup_03514
data/Testing/notumor/Te-no_66.jpg,Te-no_66.jpg,notumor,2,Testing,False,18347,1e0c0f00d676732a9e96bee09e2007bfb3e74a38e23cc83bb7eb35f21b4d28d2,False,,642,361,1.778393351800554,JPEG,RGB,0e2d3735a5a87ca5cfee98bc8fc87f85a02a7bd1f93a4af8a4f874ede01687f5,4f2338bc3cacc3c33432670f98d3932e6cd39332ccc31b30cccbd9338cccc9b3,False,,0.11985773593187332,0.18659467995166779,0.038295552134513855,0.2922784686088562,0.13102419674396515,0.9109375,0.00026041666666666666,excluded,redundant_high_similarity_perceptual_duplicate,data/Testing/notumor/Te-no_164.jpg,excluded,dup_03486
data/Testing/notumor/Te-no_68.jpg,Te-no_68.jpg,notumor,2,Testing,False,15398,01d6f79df4e89be572226df536662fda01cdf6bc559cdb670b7988150c95baa3,False,,201,251,0.8007968127490039,JPEG,RGB,646279606bcd6bcdf8974a955cbe66d09c6043f7ecd264428dc8944f69778cd5,54cc3d394b3072f32b1b8e443c2dd24e30f21f33b4cc6a1f632f2cac30bce273,False,,0.280576229095459,0.3028958737850189,0.04749591276049614,0.4453527331352234,0.10664785653352737,0.8986979166666667,0.012239583333333333,excluded,redundant_high_similarity_perceptual_duplicate,data/Testing/notumor/Te-no_264.jpg,excluded,dup_05533
data/Testing/notumor/Te-no_7.jpg,Te-no_7.jpg,notumor,2,Testing,False,7611,ffc188e80d75b771e416ff22359dc66bac090c5a6166c304afcf821c3c574fd8,False,,218,231,0.9437229437229437,JPEG,RGB,96190f0205b8533033ed17eae3c4471ae73915a0ab9b3a3be9f537f93852591d,0666c1997aaa8fe66a553e21699a1a576560d85a2c8799c9269e79e5da5a61e5,False,,0.21852070093154907,0.2024652659893036,0.03212520480155945,0.3834874629974365,0.08377119898796082,0.91796875,0.0,excluded,redundant_high_similarity_perceptual_duplicate,data/Testing/notumor/Te-no_394.jpg,excluded,dup_02776
data/Testing/notumor/Te-no_71.jpg,Te-no_71.jpg,notumor,2,Testing,False,11419,41712b18349f2d5c5402f18c717baa970c5c93ca74f977899b6ad1b8ac1f2ddc,False,,227,222,1.0225225225225225,JPEG,RGB,553c37a41c605f83aa9c61b6846f1c848b72c232de58331de05141533faef7c4,057a6a9d5a81a54b7a17b4aa297896a179e09e6639e49e4639e29c763187cec6,False,,0.24671250581741333,0.24154622852802277,0.0732608288526535,0.33767712116241455,0.2169552594423294,0.8234375,0.017708333333333333,excluded,redundant_high_similarity_perceptual_duplicate,data/Testing/notumor/Te-no_161.jpg,excluded,dup_03003
data/Testing/notumor/Te-no_73.jpg,Te-no_73.jpg,notumor,2,Testing,False,7531,07f371ebb5581ccb2f3d0a4ebc8b6622a22caa09a8c154890645f81c64bf8969,False,,150,198,0.7575757575757576,JPEG,RGB,68f87183ab8db349a6ddbbcfe40a1a375ed51f028350e38303728df94ffd0537,468847774c562a8a47ffef545fc0745c9e42616e1c0f3569187f34a5387624b5,False,,0.36832231283187866,0.26987841725349426,0.27351412177085876,0.4144311249256134,0.6599748730659485,0.4078125,0.12057291666666667,excluded,redundant_high_similarity_perceptual_duplicate,data/Testing/notumor/Te-no_37.jpg,excluded,dup_03181
data/Testing/notumor/Te-no_74.jpg,Te-no_74.jpg,notumor,2,Testing,False,8789,95ca879ebc84c46066a4bbcd5ccb93d915a902563925c5e4cca24960c6e8db7a,False,,225,225,1.0,JPEG,RGB,9f050cd4b98e293014b357964e87e084acc4ca2f3695c12728377cda07ea5138,43cc6d183f0734633c7990dc61b3b647638c33ca98d199cd63269a33b6de619c,False,,0.21021991968154907,0.22572298347949982,0.049140118062496185,0.3793160319328308,0.1295492798089981,0.002864583333333333,0.0036458333333333334,excluded,redundant_high_similarity_perceptual_duplicate,data/Testing/notumor/Te-no_166.jpg,excluded,dup_03184
data/Testing/notumor/Te-no_75.jpg,Te-no_75.jpg,notumor,2,Testing,False,7673,6f6a93a27b1d3bbf8976bae6d8d01f3ec146d8519e37415bdc91cc1e028656a4,False,,225,225,1.0,JPEG,RGB,8347f343e323a6fa462f19b904fb01ffd37409a7bdcd414dbf59ca0841af4bfb,499399993b6966666ca4e98c36c76627339a33199339cc67c76466649c739986,False,,0.18850553035736084,0.22178685665130615,0.019942812621593475,0.4249913990497589,0.04692521318793297,0.8734375,0.0,excluded,redundant_high_similarity_perceptual_duplicate,data/Testing/notumor/Te-no_157.jpg,excluded,dup_02983
data/Testing/notumor/Te-no_79.jpg,Te-no_79.jpg,notumor,2,Testing,False,7134,86d244171a6de8c060fcc1886c0c56d1ce253e32848573cbdb7b60f5d86f028a,False,,228,221,1.0316742081447965,JPEG,RGB,8f251a0bb4ea7f884013a0be321568f168ef72938c2f45158b0e3a1164d4e4c9,48f2f0363f038fc23ccc8f3b7930999c31ce99e4e4cccc32676338cc6c6c6c93,False,,0.14911991357803345,0.1655760556459427,0.022027166560292244,0.3156183063983917,0.06979051977396011,0.9325520833333333,0.0,excluded,redundant_high_similarity_perceptual_duplicate,data/Testing/notumor/Te-no_272.jpg,excluded,dup_05535
data/Testing/notumor/Te-no_80.jpg,Te-no_80.jpg,notumor,2,Testing,False,5817,1e44b71c22ab1a43fb2a826ffd891836f4da274a1cc1592eba5874740a0da375,False,,275,183,1.5027322404371584,JPEG,RGB,0e8a18b20a49a18075d621ce4122f1c426fe3176e5c097d594fa010542d8065c,4e1e9326386149693493cd3567cee792334a2c9b339d86333278674b33617dcc,False,,0.15571649372577667,0.20377323031425476,0.014051266945898533,0.3889619708061218,0.03612504154443741,0.95390625,0.0,excluded,redundant_high_similarity_perceptual_duplicate,data/Testing/notumor/Te-no_111.jpg,excluded,dup_03080
data/Testing/notumor/Te-no_83.jpg,Te-no_83.jpg,notumor,2,Testing,False,22829,b81012ff4dc4fc662b480ffa65af02235b86a7e98859309cedd2d0cd4741b8c4,False,,642,361,1.778393351800554,JPEG,RGB,4c95511e056e7bc802b349345d99a601fed2c78ba4a9bbaafe6eee49a5e94689,1a66921e69b969696367cd85cd86398431a63d9cd986999a999e719b999c6199,False,,0.20281240344047546,0.29981979727745056,0.05534518510103226,0.505246639251709,0.1095409244298935,0.9036458333333334,0.0296875,excluded,redundant_high_similarity_perceptual_duplicate,data/Testing/notumor/Te-no_146.jpg,excluded,dup_02710
data/Testing/notumor/Te-no_85.jpg,Te-no_85.jpg,notumor,2,Testing,False,28148,94fe51aa3ce858ac74db6af3d0e63cc2f6865616113ad1e93402d3807ed1fd4e,False,,428,417,1.026378896882494,JPEG,RGB,eb94b102980ea5122c974bd52877450e3d8d1f817c52deb1457af12f7a09f0ba,502fc0370fd40fe12f4a1f007c2d3c0f2cb534cc6cb174ed6cb776dc64d2646c,False,,0.2448105812072754,0.24314729869365692,0.0722324401140213,0.3369514048099518,0.2143705040216446,0.8348958333333333,0.018489583333333334,excluded,redundant_high_similarity_perceptual_duplicate,data/Testing/notumor/Te-no_198.jpg,excluded,dup_03129
data/Testing/notumor/Te-no_87.jpg,Te-no_87.jpg,notumor,2,Testing,False,8803,9c8566b89cef0c2467648a9415dbea5b8d6022bbea515d5bbfb6935eb37fdded,False,,201,250,0.804,JPEG,RGB,ed0b95da1cfd58ee226ce0dd0718c1d021960878a079705c68ef4378f49e0429,0009a4721fee47ae7a046e91687f3a0d69e2785e6999273963e961dc3d89e627,False,,0.24824339151382446,0.18567362427711487,0.047682806849479675,0.34177297353744507,0.13951602578163147,0.83125,0.0,excluded,redundant_high_similarity_perceptual_duplicate,data/Testing/notumor/Te-no_292.jpg,excluded,dup_03023
data/Testing/notumor/Te-no_88.jpg,Te-no_88.jpg,notumor,2,Testing,False,41794,1f658d6c5ccfe82dc6964698acd49df741c13e379d6a9bf0e93f193bc5c370e0,False,,630,630,1.0,JPEG,RGB,08b93b927895f75b0113d2891232048d1ba13366ee9f7c4d3922b1a7c8d9582c,458490e03a536f17393c387861a4a6b466db69c3b38f1a6c172c648fcc796f7a,False,,0.223432719707489,0.2220582813024521,0.022751223295927048,0.38697725534439087,0.058792147785425186,0.6130208333333333,0.0,excluded,redundant_high_similarity_perceptual_duplicate,data/Testing/notumor/Te-no_180.jpg,excluded,dup_02746
data/Testing/notumor/Te-no_89.jpg,Te-no_89.jpg,notumor,2,Testing,False,8622,56ad54c38a86ce30a656f7ca7e8d471ac2c610bf18998a479ec24dcc642ea37d,False,,227,222,1.0225225225225225,JPEG,RGB,f797597438b93126f67fdb0f7b489b0acb58fceb35e0bcebe94c622d170f5348,502f3fc80ad4f01e2f42e0fd7c2fc3f02cb5cb336cb18b036cb5892360d29b9b,False,,0.1400338113307953,0.1429724097251892,0.04293811321258545,0.1883760541677475,0.22793827950954437,0.853125,0.0,excluded,redundant_high_similarity_perceptual_duplicate,data/Testing/notumor/Te-no_101.jpg,excluded,dup_03018
data/Testing/notumor/Te-no_90.jpg,Te-no_90.jpg,notumor,2,Testing,False,11344,fbc75558a261df5c9f6ed8567f89214691bff537afd5b273a9f9da424de53242,False,,227,222,1.0225225225225225,JPEG,RGB,64c64e7e121aa90663088d2a4f33864696c30184aea27fb5237768ed98c8a8ee,502fc0370fd40fe12f4a1f007c2d3c0f2cb534cc6cb174fc6cb776dc64d2646c,False,,0.24621054530143738,0.24256926774978638,0.07315359264612198,0.33764171600341797,0.21666041016578674,0.82734375,0.018489583333333334,excluded,redundant_high_similarity_perceptual_duplicate,data/Testing/notumor/Te-no_198.jpg,excluded,dup_03129
data/Testing/notumor/Te-no_91.jpg,Te-no_91.jpg,notumor,2,Testing,False,8403,430ee4f67fa7d1d810985e2aa1080e7da56d7a41a2e54ac05517c41d20ab8069,False,,215,234,0.9188034188034188,JPEG,RGB,f4cbd640f7636403bddaff957ba00e78c25e532619e97a2abbd50c741fc43b51,057ab17a7a815e85685fe8d561e8e76a65a19d296687c625361e8cb596589c96,False,,0.2179350107908249,0.2026844024658203,0.04201797768473625,0.3691865801811218,0.11381231248378754,0.22760416666666666,0.0,excluded,redundant_high_similarity_perceptual_duplicate,data/Testing/notumor/Te-no_137.jpg,excluded,dup_05500
data/Testing/notumor/Te-no_93.jpg,Te-no_93.jpg,notumor,2,Testing,False,6012,46dd6b7c724ac9bc7e4c3777fbf940359e5d28ea88e883d198c25ebf10a7ba34,False,,192,192,1.0,JPEG,RGB,d90b1f4be3aca78aeb9d3a5bb944d17923ead6c087f47b3fa02f4d4c75bffd47,42c06d0c3d3fb6b230f4d9cb32c3972763c94d8c9b4e9c6c6732612398b69cd9,False,,0.18185389041900635,0.2303134948015213,0.004358659964054823,0.417888343334198,0.010430201888084412,0.97734375,0.0,excluded,redundant_high_similarity_perceptual_duplicate,data/Testing/notumor/Te-no_126.jpg,excluded,dup_02690
data/Testing/notumor/Te-no_98.jpg,Te-no_98.jpg,notumor,2,Testing,False,8233,864b804ff3c081862917b438344e07dab66f2e0748e4dc55951a5195fe7ea4de,False,,235,214,1.0981308411214954,JPEG,RGB,cbf5a49369320eb9969f8d701e3c221a9380e099e841315c28beba2fabef6304,5042f4322f3f4bcf2cd4cff42bca0f422f020d0b9f2d1c2d9c3d742d2cb6703e,False,,0.2808823585510254,0.2507714331150055,0.05064338818192482,0.5099369883537292,0.09931302815675735,0.8682291666666667,0.0,excluded,redundant_high_similarity_perceptual_duplicate,data/Testing/notumor/Te-no_378.jpg,excluded,dup_02889
data/Testing/notumor/Te-no_99.jpg,Te-no_99.jpg,notumor,2,Testing,False,8040,583d91c9708936ed72400298ee33dbf0f5903e5a0a62b7a5bc006bf0a5f0a7e3,False,,150,198,0.7575757575757576,JPEG,RGB,c3295db1dbab4ab41ab502b574a6033afa4554193622ecef85aeb44c745c63e0,13ddeddd1903802012aa45fe0a95def6cb17cbc4495a9fc34d229e0f6d238e0f,False,,0.36815977096557617,0.26862797141075134,0.272993266582489,0.4146771728992462,0.6583272218704224,0.39557291666666666,0.11692708333333333,excluded,redundant_high_similarity_perceptual_duplicate,data/Testing/notumor/Te-no_300.jpg,excluded,dup_02820
data/Training/notumor/Tr-no_1.jpg,Tr-no_1.jpg,notumor,2,Training,False,12807,6ce57e5943e2753a1642f6520d7b0b783af337fec0623e2cd4a8c604c17550c6,False,,201,251,0.8007968127490039,JPEG,RGB,0741c43557d4a9af67eb7f33d84ff1c570db8de7c2d8a638c68498bbecdf4f29,54cc2d194b3272f32f138ec43c0dd24631f29f033ccf7a0f372f2cac30b57233,False,,0.2981414198875427,0.2529911994934082,0.06711499392986298,0.46371591091156006,0.1447329968214035,0.7236979166666667,0.00026041666666666666,excluded,redundant_high_similarity_perceptual_duplicate,data/Testing/notumor/Te-no_184.jpg,excluded,dup_02689
data/Training/notumor/Tr-no_10.jpg,Tr-no_10.jpg,notumor,2,Training,False,6004,c69f02452d498465d7c2da27b4e04a64ddacd7f51bbb4e1cba181e4befa0913d,False,,192,192,1.0,JPEG,RGB,af4311fd88a51f8b0a3ea62d3575f2ce5ceb3530c46f83ca573fc43c902e750f,42c06d0c3d3fb6b230f4d9cb32c3b72763c94d8c8b4e9c6c6732612398b69cd9,False,,0.18197885155677795,0.2300758957862854,0.004348448012024164,0.417763888835907,0.010408865287899971,0.97734375,0.0,excluded,redundant_high_similarity_perceptual_duplicate,data/Testing/notumor/Te-no_126.jpg,excluded,dup_02690
data/Training/notumor/Tr-no_1002.jpg,Tr-no_1002.jpg,notumor,2,Training,False,9889,7ddbef2556e368dd15908ede6107c308faeb8088d987fe05c4b1b09577f361c7,False,,200,252,0.7936507936507936,JPEG,RGB,d0e408c2dda70ab20030e2ea07d42044e9ad90dc4a99316eec70486947cfc814,500a17651ff4f88e7a2b96642ddd51d9cb218c577245d32ae4d22de99f4ad8a0,False,,0.27804553508758545,0.19002319872379303,0.14209356904029846,0.3082031309604645,0.4610387086868286,0.06380208333333333,0.0013020833333333333,excluded,redundant_high_similarity_perceptual_duplicate,data/Testing/notumor/Te-no_332.jpg,excluded,dup_02694
data/Training/notumor/Tr-no_1004.jpg,Tr-no_1004.jpg,notumor,2,Training,False,9609,5974b1c4f3ed366ad867c794efc2ff3e2d7d47df283d5b25818f7b20d02f1081,False,,234,224,1.0446428571428572,JPEG,RGB,fbb5f51d464c2445ad485bad5dcc8fd77c8e3ea0d73710e8a481d84de1ae9def,52c838586d26e5e33639871930f19b1f90db9b0ecce76c6ce64798309b9e19b2,False,,0.15504461526870728,0.2126690000295639,0.004149305634200573,0.40351754426956177,0.01028283778578043,0.9973958333333334,0.0,excluded,redundant_exact_decoded_rgb_duplicate,data/Testing/notumor/Te-no_194.jpg,excluded,dup_02696
data/Training/notumor/Tr-no_1008.jpg,Tr-no_1008.jpg,notumor,2,Training,False,49103,c81e9bcb1239482f94c524f182da91129a286f43e43804c519650803ea4eefcc,False,,630,630,1.0,JPEG,RGB,ead653849aebad6eaba5dbc5720a9e9a4c5ce92a813d0cecec3e8220466f7614,12e53a4b6f16c5b5642dd2d230f10c1e339ec361c79b30c6c27936779d266d98,False,,0.2522802948951721,0.3139350712299347,0.0,0.46784526109695435,0.0,1.0,0.0,excluded,redundant_high_similarity_perceptual_duplicate,data/Testing/notumor/Te-no_339.jpg,excluded,dup_02700
data/Training/notumor/Tr-no_1010.jpg,Tr-no_1010.jpg,notumor,2,Training,False,8142,b85761e66260b5fb7c8198db594c455c16b926705379433315443af308c60de3,False,,225,225,1.0,JPEG,RGB,e1aa85b56e5b50f509533cb9eb70f6b57e0f28998bf0990218de25dd8348a93a,42dc2f082d2330e73b0fb2fd6c7c33c23139c64bc9a59b3f1cf0ccccc9929b30,False,,0.13831812143325806,0.18023747205734253,0.02062704786658287,0.30115658044815063,0.06849277019500732,0.9515625,0.0,excluded,redundant_high_similarity_perceptual_duplicate,data/Testing/notumor/Te-no_244.jpg,excluded,dup_02703
data/Training/notumor/Tr-no_1012.jpg,Tr-no_1012.jpg,notumor,2,Training,False,7808,781dec82f6af164b82ede227379741cc4cc898b14d0af1380c246d374caf3a95,False,,225,225,1.0,JPEG,RGB,83fd38d481d20b42668ef0f264e6cd3c2cf025d81449e3f40402d6010a5e624c,42ee4a5b6b44a5a52d2b9e1e343d62d630f417ca33c29c3f638f21b1c30fd992,False,,0.21131640672683716,0.23931382596492767,0.005989583674818277,0.4164694547653198,0.01438180822879076,0.9671875,0.0,excluded,redundant_high_similarity_perceptual_duplicate,data/Testing/notumor/Te-no_76.jpg,excluded,dup_02705
data/Training/notumor/Tr-no_1017.jpg,Tr-no_1017.jpg,notumor,2,Training,False,23375,31146276bf6960c1c794841ef32a785e1623eb456d2bd22ac79c501cc6385803,False,,642,361,1.778393351800554,JPEG,RGB,0063a60ded16876eab5e1f2f4538239e631eae057203a3d776776d17f02485d2,1a66921e69b969696367cd85cd86398431a63d9c9986999a999e719b999c61b9,False,,0.2026757299900055,0.2996949851512909,0.05529411882162094,0.5051336884498596,0.10946432501077652,0.90390625,0.0296875,excluded,redundant_high_similarity_perceptual_duplicate,data/Testing/notumor/Te-no_146.jpg,excluded,dup_02710
data/Training/notumor/Tr-no_1022.jpg,Tr-no_1022.jpg,notumor,2,Training,False,19614,5bdfd59e12a3a107c6999a12a7ed907b68f6bf8ad1e8b80fb61879590eb5e2b6,False,,441,442,0.997737556561086,JPEG,RGB,fbe01bf2bf8b72ad491b28c7d4ed390eaf965af4919c3ceeca5f9f24131440a8,176ab53a7e857ac5781fc87e716831e06da16587638566963796321a669ec618,False,,0.2542770504951477,0.21244359016418457,0.07198835909366608,0.42621785402297974,0.16890038549900055,0.00078125,0.0,excluded,redundant_high_similarity_perceptual_duplicate,data/Testing/notumor/Te-no_174.jpg,excluded,dup_02716
data/Training/notumor/Tr-no_1027.jpg,Tr-no_1027.jpg,notumor,2,Training,False,8716,153620cd50478c8e2cf60eb8b853c5e02e3f1bd1a34a596d119ab65779eca867,False,,225,225,1.0,JPEG,RGB,3307d7c32c6ad29b8bea22e74032c6e129a555e31d669814e5e8ba58bbbb1333,4699b0f13f230f0e787a6c3461e6d6d965c92360a6973487361ac79ac95a7339,False,,0.2074204385280609,0.2434001863002777,0.005679126363247633,0.4140854775905609,0.01371486485004425,0.9856770833333334,0.0,excluded,redundant_high_similarity_perceptual_duplicate,data/Testing/notumor/Te-no_351.jpg,excluded,dup_02721
data/Training/notumor/Tr-no_1032.jpg,Tr-no_1032.jpg,notumor,2,Training,False,9258,425c40074835a12e058bcc81694b824021ecc04363fb21cc3c91fe04163bd64b,False,,212,238,0.8907563025210085,JPEG,RGB,2fb152b089a65e0606350202ffd74d472bd32d7669545d25cacb0b47986e06ae,056a69065ab515bb6e46b6c5313e827871ec43843391cd17c6db8c3f973ad9e0,False,,0.20207400619983673,0.21025142073631287,0.03708537295460701,0.29779893159866333,0.1245315819978714,0.825,0.0,excluded,redundant_high_similarity_perceptual_duplicate,data/Testing/notumor/Te-no_220.jpg,excluded,dup_02727
data/Training/notumor/Tr-no_1034.jpg,Tr-no_1034.jpg,notumor,2,Training,False,10652,2786732b776f8095831829db29086ccebbb48a9652e4d711ff2a8b5d529caec7,False,,194,259,0.749034749034749,JPEG,RGB,aba28278ccee92ca1a3d3b8d957d55d60ee505d2229fbd26d9193d80d5175712,57ff33912ee8186c6805e2e6287a4ec1b9acc21f71e1e692a787c61cf2921b69,False,,0.3366134464740753,0.29651811718940735,0.10353043675422668,0.5674000978469849,0.1824646145105362,0.7872395833333333,0.025520833333333333,excluded,redundant_high_similarity_perceptual_duplicate,data/Testing/notumor/Te-no_348.jpg,excluded,dup_02729
data/Training/notumor/Tr-no_1039.jpg,Tr-no_1039.jpg,notumor,2,Training,False,58801,dc811fda9f7bc3506f21d4094da84c5e3a81d3878b28967b830536fda342a33e,False,,630,630,1.0,JPEG,RGB,61c5fd896dd1ce468ea2e3fb479ec7af66bf68c0e3edb88f18d35691620c3cbb,10d17a4a6b06c5bd6d6d92d234f14c0e338ecb69e69a98e66379cc25992ecdd0,False,,0.12605196237564087,0.1268633008003235,0.01318525243550539,0.21625211834907532,0.06097166985273361,0.7190104166666667,0.0,excluded,redundant_high_similarity_perceptual_duplicate,data/Testing/notumor/Te-no_344.jpg,excluded,dup_02734
data/Training/notumor/Tr-no_104.jpg,Tr-no_104.jpg,notumor,2,Training,False,10772,8f62e2711e8a47fed04ec2b58ed3c7f00765dc8152779657130c83c50c642a56,False,,196,257,0.7626459143968871,JPEG,RGB,79c78375cd0274ac7093901ab31b6e3d48aaa4fcf4a34fb1579b40066129e3fd,148c91bd4b33df026fda6ad43c212d276a5435ed4cc860f83d0b3691672f73c9,False,,0.2878674268722534,0.21547430753707886,0.08726104348897934,0.415571391582489,0.20997846126556396,0.7411458333333333,0.0,excluded,redundant_high_similarity_perceptual_duplicate,data/Testing/notumor/Te-no_389.jpg,excluded,dup_02735
data/Training/notumor/Tr-no_1041.jpg,Tr-no_1041.jpg,notumor,2,Training,False,9304,7c9d6460de08492cb945d38d884e54a035d58f89ff65a87831d9bfa2cd9b3ec9,False,,225,225,1.0,JPEG,RGB,8099c2794107a92ba0ad1d2b50c0b43c6066349b7a98492c31f13374c4d8a477,47f4d0e739470f0c3c2f719370f1671c309570fc363232d063cac9e3330f9cc7,False,,0.37676143646240234,0.29928058385849,0.12212622910737991,0.6778559684753418,0.18016545474529266,0.00026041666666666666,0.0,excluded,redundant_high_similarity_perceptual_duplicate,data/Testing/notumor/Te-no_225.jpg,excluded,dup_02737
data/Training/notumor/Tr-no_1049.jpg,Tr-no_1049.jpg,notumor,2,Training,False,32298,9665a634778add156fdc68dd68695ced8f9fa37b606398dc169b31938aa2d7f2,False,,468,444,1.054054054054054,JPEG,RGB,844ab1ccf9ad584e0510c50780ad6dfe2965209e0094f7dce2d9fc85c88b0253,17a878177a0561fa6a5a35a16a5b2587d97935969a6963960d69669e9961669a,False,,0.2435123473405838,0.2529270350933075,0.08128268271684647,0.42500191926956177,0.19125251471996307,0.6223958333333334,0.03723958333333333,excluded,redundant_high_similarity_perceptual_duplicate,data/Testing/notumor/Te-no_138.jpg,excluded,dup_02745
data/Training/notumor/Tr-no_105.jpg,Tr-no_105.jpg,notumor,2,Training,False,33408,aa66d8e967787f1f68a537f5300e72131b53cc4706620d41e67f74b1eb53d931,False,,442,442,1.0,JPEG,RGB,40627bee35a2113f0113b99a9f3b74f9c1e2e6ef3b6e71b35053a9cc5c206a1c,15726e375aa8a7d85a556d623c5ac58dc9688e97c969663619e5cc9898a5c65a,False,,0.24052400887012482,0.18367592990398407,0.0804646834731102,0.3865550458431244,0.20815840363502502,0.73828125,0.0,excluded,redundant_exact_decoded_rgb_duplicate,data/Training/notumor/Tr-no_1000.jpg,excluded,dup_02692
data/Training/notumor/Tr-no_1050.jpg,Tr-no_1050.jpg,notumor,2,Training,False,8015,414705b05592d4ac130c7e518f8ed6372819e8be0b7d6e6d7a706fb96503047b,False,,225,225,1.0,JPEG,RGB,057e75442eb1edff0dffcd1de85867d09b16df9dba4b6037bbb5aba1f700e7d6,4584d0e03a536f17393c387861a4a6a466db69c3b38f1a6c172c268fcc7b677a,False,,0.2245723009109497,0.2229664921760559,0.022747142240405083,0.3872223496437073,0.0587443932890892,0.6455729166666667,0.0,excluded,redundant_high_similarity_perceptual_duplicate,data/Testing/notumor/Te-no_180.jpg,excluded,dup_02746
data/Training/notumor/Tr-no_1051.jpg,Tr-no_1051.jpg,notumor,2,Training,False,8733,fd701e8cdd7a47b2b7198334e09d7947edf3d2efdd68b73b8d47282256f9f475,False,,225,225,1.0,JPEG,RGB,d2bfad9275784d98af166749832e8799b6f04bd494f5931fcbe1a8d389b057e0,10d17a4a6b06c5bd6c6992d234f14c0e338ecb69e6da98c66779cc65992ecdd0,False,,0.12643611431121826,0.1272759884595871,0.013542688451707363,0.2162904143333435,0.06261344999074936,0.7213541666666666,0.0,excluded,redundant_high_similarity_perceptual_duplicate,data/Testing/notumor/Te-no_344.jpg,excluded,dup_02734
data/Training/notumor/Tr-no_1052.jpg,Tr-no_1052.jpg,notumor,2,Training,False,34533,fc8d2e8c53d6064d35e157f89339c8dd167757cc667c0cbe31e1d4402ac18e1e,False,,428,417,1.026378896882494,JPEG,RGB,533281c9dd655e4866fd1418bfb20768a578a5e3a012495327faf0a572bd405a,177a95605b815a947a5dcb456978695e69e0659939e661993de6238931873379,False,,0.275171160697937,0.29970571398735046,0.0757802277803421,0.3742225766181946,0.20250041782855988,0.8682291666666667,0.030989583333333334,excluded,redundant_high_similarity_perceptual_duplicate,data/Testing/notumor/Te-no_168.jpg,excluded,dup_02747
data/Training/notumor/Tr-no_1053.jpg,Tr-no_1053.jpg,notumor,2,Training,False,5732,6ced304ed3adbe48aeba4e5d4731d7702b9afd5ec8564588335ef0db4e37ee4d,False,,173,201,0.8606965174129353,JPEG,RGB,fbe20233f3517f6f8f7328b0914dac36aa4c5931e874eb4729747440635e863a,146616656bbfed862f41d221259f4e9bda6b85b62c594a6d1dae2cd1606135a6,False,,0.1837567538022995,0.15666139125823975,0.022702207788825035,0.3476533889770508,0.06530126929283142,0.871875,0.0,excluded,redundant_high_similarity_perceptual_duplicate,data/Testing/notumor/Te-no_158.jpg,excluded,dup_02748
data/Training/notumor/Tr-no_1061.jpg,Tr-no_1061.jpg,notumor,2,Training,False,12392,a3d86920c0bc02e0c062091ab21078a4387ed519b881c89568ab969d3dc37d33,False,,201,251,0.8007968127490039,JPEG,RGB,29ab10dd80eca8a298fe5bcdfc314f0c3a6520c8fc3352603a1a5cabbbf89bc2,57350ae32882bfff02efed00c3793c227fd4743fcbc034bdb30460f01b4a62f0,False,,0.28500956296920776,0.2123379111289978,0.15926982462406158,0.4493422508239746,0.3544510304927826,0.015104166666666667,0.013541666666666667,excluded,redundant_high_similarity_perceptual_duplicate,data/Testing/notumor/Te-no_324.jpg,excluded,dup_02757
data/Training/notumor/Tr-no_1064.jpg,Tr-no_1064.jpg,notumor,2,Training,False,6162,7a110c7f3eefb9003a5af9f67f43d03366451a9844525637f806143b08ddfb7f,False,,150,198,0.7575757575757576,JPEG,RGB,f324bc384b8c19869d78e89f6c85612d20d66c4697144cca540024da7a47648c,468857774c562a8a47ffef555fc0745c9e42616e1c0f3569187f34a1387624a5,False,,0.21219316124916077,0.16722372174263,0.16948223114013672,0.2312442660331726,0.7329143285751343,0.5236979166666667,0.0,excluded,redundant_high_similarity_perceptual_duplicate,data/Testing/notumor/Te-no_302.jpg,excluded,dup_02760
data/Training/notumor/Tr-no_1068.jpg,Tr-no_1068.jpg,notumor,2,Training,False,7079,2d304e407ec526c967006fb16fb1c48c14e2971c54737bbc850d4b62ba3cbe85,False,,225,225,1.0,JPEG,RGB,6dea71f7f6102069805999feb2802785d52423423de367b05c8cfa33ce96826f,1699384d6a526136692cc18934e6e31236d9e69fcd84cd983673cf66f38b34c9,False,,0.2102060616016388,0.22610850632190704,0.049164630472660065,0.37962430715560913,0.12950864434242249,0.0020833333333333333,0.0036458333333333334,excluded,redundant_high_similarity_perceptual_duplicate,data/Training/notumor/Tr-no_1023.jpg,excluded,dup_02717
data/Training/notumor/Tr-no_1071.jpg,Tr-no_1071.jpg,notumor,2,Training,False,9191,2b79ef9856ccc1d8c850634eed1304cd937563662d35fa77f8e26c3991d4bc1a,False,,225,225,1.0,JPEG,RGB,6bee2369b384178c833c2d6749d9f1b2670f2f2f2d19f830a90201ea757d4f01,12cce5a46a765a5b2d2f396134b3838e309c7635e3c261d2634f96cf9c0f266c,False,,0.20722107589244843,0.2428521364927292,0.005642361473292112,0.41376665234565735,0.013636578805744648,0.9817708333333334,0.0,excluded,redundant_high_similarity_perceptual_duplicate,data/Testing/notumor/Te-no_113.jpg,excluded,dup_02767
data/Training/notumor/Tr-no_1075.jpg,Tr-no_1075.jpg,notumor,2,Training,False,23028,bd8280d85bf403a6647487a1911e3045e1b4a094a01de18aa0c3ef67c6fd0f3d,False,,468,444,1.054054054054054,JPEG,RGB,63263c7f67195acd758aa70e5022608bf6a90ffd7b6d3181b09c7d7fddb03101,42bd2d522bd034af3f0f60f43f0e70d28c2c72c3cd3c32c3cc3c33cbccb0334f,False,,0.14252954721450806,0.16250917315483093,0.0499132014811039,0.23734202980995178,0.2103007286787033,0.8651041666666667,0.0,excluded,redundant_high_similarity_perceptual_duplicate,data/Testing/notumor/Te-no_31.jpg,excluded,dup_02771
data/Training/notumor/Tr-no_1076.jpg,Tr-no_1076.jpg,notumor,2,Training,False,7488,fb431dc337cae81d48acf600434614115bb4e972a550395b396ff317f8e8523d,False,,173,201,0.8606965174129353,JPEG,RGB,95de035b015535d7e6d9e434d137f3f31594a7659bd02c50b1ab88a9dc066c16,1466e99a6abf12792f412dd2259fb164da6a7a092c59b5921daed32e6861ca59,False,,0.32940220832824707,0.2818754017353058,0.039591506123542786,0.6244868636131287,0.06339845806360245,0.8497395833333333,0.0,excluded,redundant_high_similarity_perceptual_duplicate,data/Testing/notumor/Te-no_296.jpg,excluded,dup_02772
data/Training/notumor/Tr-no_1078.jpg,Tr-no_1078.jpg,notumor,2,Training,False,7466,b401d726da1dbef46d36d0034e3db46968b28ce7e6898c955b7608851420845a,False,,173,201,0.8606965174129353,JPEG,RGB,da93701c17929de0340f7f7fb9ae5f9b0fce95a5a39d8271113ca7b96f9f5b39,4133bccf3eea472c7a14788370caa4318f3e2f1c790ce0c748fb867b35349f0c,False,,0.329892635345459,0.28173404932022095,0.04046874865889549,0.6246179938316345,0.06478960067033768,0.8411458333333334,0.0,excluded,redundant_high_similarity_perceptual_duplicate,data/Testing/notumor/Te-no_139.jpg,excluded,dup_02774
data/Training/notumor/Tr-no_108.jpg,Tr-no_108.jpg,notumor,2,Training,False,7786,7b931c3dc87c0650bbde75c91cbca6c235d6192b2e7a350492f82f798f055415,False,,218,231,0.9437229437229437,JPEG,RGB,9dc39a7edeeea3e1bf9bef08e76aa284f5837bb742db278a1ecac69b15e69c0b,0667c1997aaa8fe66a553e21699a1a576560c85a2c8799e9269e79e5ca5a61e5,False,,0.21875910460948944,0.20218878984451294,0.03229166939854622,0.38362056016921997,0.08417606353759766,0.91640625,0.0,excluded,redundant_high_similarity_perceptual_duplicate,data/Testing/notumor/Te-no_394.jpg,excluded,dup_02776
data/Training/notumor/Tr-no_1081.jpg,Tr-no_1081.jpg,notumor,2,Training,False,12475,4580b59f02f21e9873f8183f2237a3e489d37061cfd2c4442c3748312af6a8b0,False,,227,262,0.8664122137404581,JPEG,RGB,8f75b1596bdf6407bf630edf58f26882d6fb9a63d4bb52cacf54b9287f7de40a,14456e6e7bbae599680171676957d19a7478d6e063042701352f9b9763a8c73e,False,,0.44044405221939087,0.30238357186317444,0.10060253739356995,0.7121926546096802,0.14125747978687286,0.0,0.0020833333333333333,excluded,redundant_high_similarity_perceptual_duplicate,data/Testing/notumor/Te-no_201.jpg,excluded,dup_02778
data/Training/notumor/Tr-no_1082.jpg,Tr-no_1082.jpg,notumor,2,Training,False,6113,912cec46265a5793dd381105a63596ed462bb13e92cd61b8dc51c942a5f063fe,False,,201,251,0.8007968127490039,JPEG,RGB,b3d9d5795679541524d3c680e75ea4245f5584a67d34e040a25cfb5d7f30778e,57350ae32882bfff02efed00c3793c227fd4743fcbc034bdb30460f01b4a62f0,False,,0.28500738739967346,0.21233780682086945,0.15933211147785187,0.44934800267219543,0.35458511114120483,0.01484375,0.01328125,excluded,redundant_high_similarity_perceptual_duplicate,data/Testing/notumor/Te-no_324.jpg,excluded,dup_02757
data/Training/notumor/Tr-no_1083.jpg,Tr-no_1083.jpg,notumor,2,Training,False,31516,ae511b11b26309a2e60432852cb26d6b019057fc2aab35867badf8af04daa3b6,False,,359,449,0.799554565701559,JPEG,RGB,6510a3d672d5a5586eab0bf3758f8198d280d3444eaa11c60c1a3946e6123ab5,119997b33e67d8597a4e246669d858ec64273599e99af0a5737a86066561d899,False,,0.17006263136863708,0.15352915227413177,0.03717116266489029,0.2752939462661743,0.13502353429794312,0.86015625,0.0,excluded,redundant_high_similarity_perceptual_duplicate,data/Testing/notumor/Te-no_322.jpg,excluded,dup_02779
data/Training/notumor/Tr-no_1084.jpg,Tr-no_1084.jpg,notumor,2,Training,False,22009,e61f300036ee5e2db6a0e4df462189d41b39323efb6a7cffe2b454fffd2c18f0,False,,428,417,1.026378896882494,JPEG,RGB,a180f49bdd47cd0e4c7aa00b88adf7cc4ca3845e29022af6a48084f5da1f6131,502fc0370ed40fe12f421f027c2f3c0f2cb534cc6cb174fc6cb776dc74d26464,False,,0.13899238407611847,0.14312784373760223,0.04243055731058121,0.1879892647266388,0.22570733726024628,0.8614583333333333,0.0,excluded,redundant_high_similarity_perceptual_duplicate,data/Testing/notumor/Te-no_336.jpg,excluded,dup_02780
data/Training/notumor/Tr-no_1086.jpg,Tr-no_1086.jpg,notumor,2,Training,False,41939,cec34d92b64b61517c2c75bbd070177af3e5262b739b36e90d82f646277bf762,False,,630,630,1.0,JPEG,RGB,9892584d807cba3eb50dd5853c4af6bec5fdc9ab5770a2be4df098d0db2a0dce,10d13a4a6f06c5bd6c6d92d234f10c1e338ec369e6dbb0c64779ce25992cedd0,False,,0.22340352833271027,0.22207745909690857,0.022726718336343765,0.387003093957901,0.05872490257024765,0.6143229166666667,0.0,excluded,redundant_high_similarity_perceptual_duplicate,data/Testing/notumor/Te-no_163.jpg,excluded,dup_02782
data/Training/notumor/Tr-no_1087.jpg,Tr-no_1087.jpg,notumor,2,Training,False,6910,54e5ce4998356731dc854e82110bf8480f60323fcf900f4195f06081050f1802,False,,232,217,1.0691244239631337,JPEG,RGB,8e2d9913caa82be6b25673f766dbd76e4e22753f79f2e576cdf9242043d0c317,1e9ccb496961b4b6678732db961e632dce598c38c86498e33732326739cbc598,False,,0.11813534051179886,0.1840611845254898,1.225490359502146e-05,0.35980966687202454,3.405940515222028e-05,1.0,0.0,excluded,redundant_high_similarity_perceptual_duplicate,data/Testing/notumor/Te-no_205.jpg,excluded,dup_02783
data/Training/notumor/Tr-no_109.jpg,Tr-no_109.jpg,notumor,2,Training,False,61345,72f5f6723c7b92f641fb5d44513b6111c348e43005f8c1f4829f28eebd1117b2,False,,630,630,1.0,JPEG,RGB,016dcfa082b34fea7335ba42416b197f3feece21071817691aeaa19289ff0528,46994f0e3f23f0f1787a93cb61e6292665c9cc9fa697cb78321a3864c95a8c86,False,,0.11658313870429993,0.13852785527706146,0.003414011560380459,0.23259902000427246,0.01467766985297203,1.0,0.0,excluded,redundant_exact_decoded_rgb_duplicate,data/Training/notumor/Tr-no_1062.jpg,excluded,dup_02758
data/Training/notumor/Tr-no_1091.jpg,Tr-no_1091.jpg,notumor,2,Training,False,30093,075121ef05dad5a6adeae9ddc9c6d02e099e9890e100ca8f66cea83b0f4045a5,False,,630,630,1.0,JPEG,RGB,1d6867b6fca34b1ea6dbc7e38df811203bd3d6ba93dc723b7a8f529323b9c8c6,10d13a4a6f06c5bd6c6d92d234f14c0e338ecb69e6da98e66379cc25992ecdd0,False,,0.12601390480995178,0.12691035866737366,0.013054534792900085,0.21623584628105164,0.06037174165248871,0.7208333333333333,0.0,excluded,redundant_high_similarity_perceptual_duplicate,data/Testing/notumor/Te-no_344.jpg,excluded,dup_02734
data/Training/notumor/Tr-no_1096.jpg,Tr-no_1096.jpg,notumor,2,Training,False,13279,d4977d06d30eeefc174fa2defb6dba7047e11204f10513fe8e5f7a106e880a77,False,,236,280,0.8428571428571429,JPEG,RGB,1bf68ebd2b94a07e35f3cafdad6530b7d4b61fb26d15d3c5f0fb552f2e46f097,43404abf3cfbbf4043acb0677c1260269a6c4cffc3a3b35021f4b68fcc4b13c7,False,,0.1452457308769226,0.16208982467651367,0.0015849674819037318,0.25794079899787903,0.006144694983959198,0.9838541666666667,0.0,excluded,redundant_exact_decoded_rgb_duplicate,data/Testing/notumor/Te-no_77.jpg,excluded,dup_02791
data/Training/notumor/Tr-no_1098.jpg,Tr-no_1098.jpg,notumor,2,Training,False,9557,eedbd031170773347d9faca9626b34b82c3f989aa8a0890f76e95248e12608fc,False,,200,252,0.7936507936507936,JPEG,RGB,0e7d0450b58184103c0c2532653a6ee52393284dfbc17cb6c16c29c9c6e8ee18,02000ff71d5fb8881aeaa0553a01b17f9955a1e8b94ea7e1e96b3785a96da697,False,,0.29560786485671997,0.2183091640472412,0.18507251143455505,0.38437405228614807,0.4814906418323517,0.4981770833333333,0.0109375,excluded,redundant_high_similarity_perceptual_duplicate,data/Testing/notumor/Te-no_234.jpg,excluded,dup_02793
data/Training/notumor/Tr-no_11.jpg,Tr-no_11.jpg,notumor,2,Training,False,8048,f3805b7f17523c0c05f1ef5abea8e8995e853ab9e8bda289bcfe81a48034b743,False,,227,222,1.0225225225225225,JPEG,RGB,c7cdfa70fa94aed545ab68e47af1d00c010a3dcf51b7d308e355d25e63669f9c,057a6a9d5b81a54a7a17b5a8297896a579e09e6639e49e5639e09c762187cec6,False,,0.13973677158355713,0.14325198531150818,0.042922794818878174,0.18824487924575806,0.22801573574543,0.8549479166666667,0.0,excluded,redundant_high_similarity_perceptual_duplicate,data/Testing/notumor/Te-no_24.jpg,excluded,dup_02795
data/Training/notumor/Tr-no_1102.jpg,Tr-no_1102.jpg,notumor,2,Training,False,8767,46b3792a79c61057a09aff260024f7919e41e13308a1417dae4d74785cb5da35,False,,225,225,1.0,JPEG,RGB,9feb81fc92d9a55c2902708e1a52326a7430aa95b3513b7d7cd6bd0131dd3c61,4799b0f13f230f0e787a6c3461e6d6d965c92360a6973487361ac39ac95a7339,False,,0.20710211992263794,0.24315598607063293,0.005636234302073717,0.4137408137321472,0.013622621074318886,0.98046875,0.0,excluded,redundant_high_similarity_perceptual_duplicate,data/Testing/notumor/Te-no_351.jpg,excluded,dup_02721
data/Training/notumor/Tr-no_1103.jpg,Tr-no_1103.jpg,notumor,2,Training,False,13517,da05e4b5b22623aa68cc760f36103e65eaabbae42674fa5c9f0ff676fa5e253c,False,,227,222,1.0225225225225225,JPEG,RGB,c61f0123691bc3631cb6a1bd95b8f20c40fb0025c7ba10f3939bd7020475c545,422f3fca0ed4f03e2d0821ef3c2dc3f03cb5cb336cb3cb3368b1892360d299d3,False,,0.27125221490859985,0.2951548099517822,0.07597120851278305,0.3642185628414154,0.20858687162399292,0.865625,0.03046875,excluded,redundant_high_similarity_perceptual_duplicate,data/Testing/notumor/Te-no_114.jpg,excluded,dup_02799
data/Training/notumor/Tr-no_1108.jpg,Tr-no_1108.jpg,notumor,2,Training,False,5816,f6b9367846473d64daf63aac8580e1c9ba73d2000d8aaa1d715a118a3a8f0ca9,False,,225,225,1.0,JPEG,RGB,aa5609739b0feda541218a24436db0489969f1e96f9cdc42f434c05ced96ed48,1cc7cccc6e3e333339f1bcd96392333266cf664cc66c993292313331c926ccc3,False,,0.1885203868150711,0.2217986136674881,0.02017565630376339,0.42499715089797974,0.047472450882196426,0.8494791666666667,0.0,excluded,redundant_high_similarity_perceptual_duplicate,data/Testing/notumor/Te-no_145.jpg,excluded,dup_02804
data/Training/notumor/Tr-no_1113.jpg,Tr-no_1113.jpg,notumor,2,Training,False,9505,0d6d6f95c76758e01fc927fc0656f84b38fbdab1ac34efdbfe4b88c3100d68d6,False,,227,262,0.8664122137404581,JPEG,RGB,12166ce673193191cee01df2426a718e09c8217569bf3289d8e808d14ff644a2,41103b332eeff0dc3d54653234028ccf632dd3b53651725460fbcec234fdd263,False,,0.24649658799171448,0.169806107878685,0.05699857324361801,0.3976677358150482,0.14333215355873108,0.0018229166666666667,0.0,excluded,redundant_high_similarity_perceptual_duplicate,data/Training/notumor/Tr-no_1112.jpg,excluded,dup_02809
data/Training/notumor/Tr-no_1116.jpg,Tr-no_1116.jpg,notumor,2,Training,False,19934,f6b0c61bfa2a0607ee37ff9b1fc7c3dd37e5bfd3ea501e37a443bac568293de0,False,,393,400,0.9825,JPEG,RGB,2e7306181174c3c4b7b9f7293c5db883183e54c8e54e490e8a3b11c5cda57abd,42cc4b4c2f1bb4333c35e79c643296f334cb63c4e0e898cf330df3339b34349c,False,,0.38052237033843994,0.31024664640426636,0.1009773388504982,0.6722187399864197,0.1502149999141693,0.0,0.0,excluded,redundant_high_similarity_perceptual_duplicate,data/Testing/notumor/Te-no_240.jpg,excluded,dup_02812
data/Training/notumor/Tr-no_1117.jpg,Tr-no_1117.jpg,notumor,2,Training,False,8074,a2e2c286c831cecbc9b4711f56aca139a9448724de18021654032784414fafbe,False,,225,225,1.0,JPEG,RGB,43c45248a7445fdb1cd6fe3bb6ea0cfb20d4016efffebbba4defeda8ac53d1ea,17993e197866c9e661d8961a24626d696385c3679c9b9998e7666d933c9cb262,False,,0.18957209587097168,0.16421271860599518,0.0619291216135025,0.35014840960502625,0.176865354180336,0.006510416666666667,0.0,excluded,redundant_high_similarity_perceptual_duplicate,data/Testing/notumor/Te-no_82.jpg,excluded,dup_02813
data/Training/notumor/Tr-no_1123.jpg,Tr-no_1123.jpg,notumor,2,Training,False,7576,f71a379e1d54e9eea8f531389fabc0915f6bdd6dba69659bc21b2ee2de9b6b32,False,,150,198,0.7575757575757576,JPEG,RGB,8d98c5f5455ee311481e32f6b20d705e8b61b39d85ae29c5d1fcd121cc38640f,13ddeddd1903802012aa05fe0a95def6cb17cbc4495a9fc34d2a9e0b6d238e1f,False,,0.36799532175064087,0.2693130075931549,0.2725878357887268,0.4148820638656616,0.6570248603820801,0.421875,0.11692708333333333,excluded,redundant_high_similarity_perceptual_duplicate,data/Testing/notumor/Te-no_300.jpg,excluded,dup_02820
data/Training/notumor/Tr-no_1124.jpg,Tr-no_1124.jpg,notumor,2,Training,False,7165,bb7c3d6df2afe69ac893860e9177883a5a6cd60ebc70de8c3ae996ddb185ce2f,False,,225,225,1.0,JPEG,RGB,2953ab2d80285a9d50e85204cf36fd89b27d7f7d0d5b0b77a29c0967440c851d,138ce5a46a765a5b2d2f396134bb918c309c7635f3c261d2634fd2cf9c0f262c,False,,0.11692063510417938,0.13861563801765442,0.003385416930541396,0.2326057106256485,0.014554315246641636,1.0,0.0,excluded,redundant_high_similarity_perceptual_duplicate,data/Testing/notumor/Te-no_209.jpg,excluded,dup_02821
data/Training/notumor/Tr-no_1126.jpg,Tr-no_1126.jpg,notumor,2,Training,False,14958,3a34904d65c8cc7579373460050623901047e49eec67a5d635390374c5b48634,False,,232,217,1.0691244239631337,JPEG,RGB,65e5538e2fa02ef3e412053dd3559be2f0488e4eecb250c919c4280a5f2cb614,43373f1b2dc030bc342f93f4192cccc235b2c34b34eccf4dc4d3370c7343cb36,False,,0.25678950548171997,0.30216309428215027,0.02638276293873787,0.558962345123291,0.04719953611493111,0.9588541666666667,0.0020833333333333333,excluded,redundant_high_similarity_perceptual_duplicate,data/Testing/notumor/Te-no_14.jpg,excluded,dup_02823
data/Training/notumor/Tr-no_1127.jpg,Tr-no_1127.jpg,notumor,2,Training,False,10651,a3fbebe743b82a3cfdfc22ba77aecec7867a8e773cb7b4a6ef05896a2b0bde8e,False,,225,225,1.0,JPEG,RGB,86c846864679560834a0572a1217016015ce548bc4f37a6a5fd54b5d2334a3a4,42cc6b4c2d33b4b3350dd34f30353c3c32d09672cdc2cdcd333330c369cbe72d,False,,0.32990965247154236,0.2699178457260132,0.10859783738851547,0.6019790172576904,0.18040136992931366,0.00234375,0.0,excluded,redundant_high_similarity_perceptual_duplicate,data/Testing/notumor/Te-no_284.jpg,excluded,dup_02824
data/Training/notumor/Tr-no_1128.jpg,Tr-no_1128.jpg,notumor,2,Training,False,8749,208c35463539c6d8b138d2644234d1e0f790df935eb5214dd3849c7b35967f86,False,,215,234,0.9188034188034188,JPEG,RGB,3dd7597a809be97d126a007f5d780d53effc6acba84b9d4fb1ea303cc44d63d1,502fe42f2fd40bf03d0abd8034bdb23f30f4c87c33d2937063cbd9e0c30dc9c3,False,,0.21796397864818573,0.20247651636600494,0.042170144617557526,0.3691980838775635,0.11422091722488403,0.228125,0.0,excluded,redundant_high_similarity_perceptual_duplicate,data/Testing/notumor/Te-no_229.jpg,excluded,dup_02825
data/Training/notumor/Tr-no_113.jpg,Tr-no_113.jpg,notumor,2,Training,False,18643,b28a6673a8f92619cd725a3b8bf948c49044c33168a2b81f92bf96bdf6a7d90b,False,,359,449,0.799554565701559,JPEG,RGB,7aefdea8e68fa62035d7736262c2d4c9b3ded74bb0971dcc6e843f95670f69ec,1199684c3e6727a66a4edb996958a7136427ca66e99a0f5a727879f925602766,False,,0.17002074420452118,0.15350568294525146,0.03721916303038597,0.2751848101615906,0.13525152206420898,0.8567708333333334,0.0,excluded,redundant_high_similarity_perceptual_duplicate,data/Testing/notumor/Te-no_62.jpg,excluded,dup_02827
data/Training/notumor/Tr-no_1130.jpg,Tr-no_1130.jpg,notumor,2,Training,False,11759,e6b33fecf8045e0bc7abc70fc15eed83fa7e20cfd8af95ea96b02b46224f97c8,False,,212,238,0.8907563025210085,JPEG,RGB,b97cf6b747230ff055644e1305af02cd187681ee742ec0eb9dce7d2525357b28,502fd3ac6fa0a7113d135c6f746a2cd224b1e9a666c423bd930e2691c36ff34a,False,,0.32947903871536255,0.29148411750793457,0.06526347994804382,0.5283328294754028,0.12352720648050308,0.040625,0.0,excluded,redundant_high_similarity_perceptual_duplicate,data/Testing/notumor/Te-no_96.jpg,excluded,dup_02828
data/Training/notumor/Tr-no_1133.jpg,Tr-no_1133.jpg,notumor,2,Training,False,6039,111aeacdd05f0a5d85933516c514f1f9626b4ac9a81438c0609847a2efddfa99,False,,177,197,0.8984771573604061,JPEG,RGB,0e45b71f39d267958dc835a952e7725aa7a7e4a43bdfa067c2ee87b0a1e40e2c,43336c346cc8e3cb3c651cb432ccdb64633c263334e331ccd8d398cb370ff334,False,,0.20941856503486633,0.2690366506576538,0.00027165035135112703,0.4604913592338562,0.0005899140960536897,0.9994791666666667,0.0,excluded,redundant_high_similarity_perceptual_duplicate,data/Testing/notumor/Te-no_277.jpg,excluded,dup_02831
data/Training/notumor/Tr-no_1134.jpg,Tr-no_1134.jpg,notumor,2,Training,False,12392,a3d86920c0bc02e0c062091ab21078a4387ed519b881c89568ab969d3dc37d33,False,,201,251,0.8007968127490039,JPEG,RGB,29ab10dd80eca8a298fe5bcdfc314f0c3a6520c8fc3352603a1a5cabbbf89bc2,57350ae32882bfff02efed00c3793c227fd4743fcbc034bdb30460f01b4a62f0,False,,0.28500956296920776,0.2123379111289978,0.15926982462406158,0.4493422508239746,0.3544510304927826,0.015104166666666667,0.013541666666666667,excluded,redundant_high_similarity_perceptual_duplicate,data/Testing/notumor/Te-no_324.jpg,excluded,dup_02757
data/Training/notumor/Tr-no_1136.jpg,Tr-no_1136.jpg,notumor,2,Training,False,30762,98b975e302443759272d6d112532913d72094fa5f9fe318b2384243c1fd39bfe,False,,642,361,1.778393351800554,JPEG,RGB,b88c3fcb2879c38ff0e9369e58dc34ba26c4cc15887efa44de5629e0ff3e51e1,1a766de169b996966167325acd86c67b3986c26399964e65999a8c6699889ce6,False,,0.11974188685417175,0.18666473031044006,0.03817606344819069,0.29214921593666077,0.13067317008972168,0.91171875,0.00026041666666666666,excluded,redundant_high_similarity_perceptual_duplicate,data/Testing/notumor/Te-no_110.jpg,excluded,dup_02833
data/Training/notumor/Tr-no_1138.jpg,Tr-no_1138.jpg,notumor,2,Training,False,9238,eafd3887b242e6ec2db6b0646d1e9cf817e2ed17a6b2d196cd7cb3c85c035cb1,False,,225,225,1.0,JPEG,RGB,03173bc8d7f954963448222827756eb3de62829048a3b2ea2e37dbb81fc345d0,12cce5a46a765a5b2d2f396134b3838e309c7635e3c261d2634f96cf9c0f266c,False,,0.20755425095558167,0.2431465983390808,0.005541258491575718,0.41423484683036804,0.013377093710005283,0.9838541666666667,0.0,excluded,redundant_high_similarity_perceptual_duplicate,data/Testing/notumor/Te-no_113.jpg,excluded,dup_02767
data/Training/notumor/Tr-no_114.jpg,Tr-no_114.jpg,notumor,2,Training,False,9323,f015cab76c9b8378ef66902ba7829a46925e85719d87f78b3be4dfd897e4ba70,False,,228,221,1.0316742081447965,JPEG,RGB,5e5eb07026bfaedbb24b568a2dfcf6311ce1b233aa593f5a8e5c47b13065fb59,42f2d0b63f038fc23ccc8f3f7930993c31c6d9f030cecc32e6633cc64c696c93,False,,0.2603728771209717,0.2788340151309967,0.03756127506494522,0.5449745655059814,0.0689229890704155,0.91171875,0.00026041666666666666,excluded,redundant_high_similarity_perceptual_duplicate,data/Testing/notumor/Te-no_311.jpg,excluded,dup_02836
data/Training/notumor/Tr-no_1142.jpg,Tr-no_1142.jpg,notumor,2,Training,False,5570,96152c5bfbd1d53c62398db5e62854e91456ab467fa5c504cce204ee4b6b0646,False,,275,183,1.5027322404371584,JPEG,RGB,bccb74742885ef02375d081edd21f86740887de4ae7a6da1eac79296ef6662bc,4e1e6cd93861b696349332ca67ce186d334ad366338d79cc32789cb43361d633,False,,0.15559633076190948,0.20392896234989166,0.013850081712007523,0.38898688554763794,0.035605523735284805,0.9544270833333334,0.0,excluded,redundant_high_similarity_perceptual_duplicate,data/Testing/notumor/Te-no_8.jpg,excluded,dup_02839
data/Training/notumor/Tr-no_1144.jpg,Tr-no_1144.jpg,notumor,2,Training,False,44385,84524f431db761466c684c75f26cd438b9ec9c2cc926ae9c87692f2ddb095248,False,,630,630,1.0,JPEG,RGB,6e598ffa884158da517969dad4bc4c6fb688c335aa6c86b379fb7eaf21891499,43846d1c3f07b4633879369461b2b6d6639c93cab0d9984f67269a71b6d6662c,False,,0.3385395109653473,0.31471505761146545,0.08332619816064835,0.6250038743019104,0.13332109153270721,0.0,0.006510416666666667,excluded,redundant_high_similarity_perceptual_duplicate,data/Testing/notumor/Te-no_223.jpg,excluded,dup_02841
data/Training/notumor/Tr-no_1145.jpg,Tr-no_1145.jpg,notumor,2,Training,False,12710,e9a63334af63a2ec8cab2149ec091466c60df5fe115cf36cc30c9304dacbb376,False,,201,250,0.804,JPEG,RGB,3f0388d1f6de6a0dc3683c491d4f6907a00596a6020b689c58cc687e500c5041,00095b8d1ffef8517a04916e687fc5f269e287a16999d8c663e99e233d8919d8,False,,0.24817493557929993,0.185782790184021,0.047632765024900436,0.3417806029319763,0.1393664926290512,0.8315104166666667,0.0,excluded,redundant_high_similarity_perceptual_duplicate,data/Training/notumor/Tr-no_1044.jpg,excluded,dup_02740
data/Training/notumor/Tr-no_1146.jpg,Tr-no_1146.jpg,notumor,2,Training,False,33371,6bbd598920e7e8473cd34f3543be8a4d46b4f593ed26935de5daea9fbcbca628,False,,504,540,0.9333333333333333,JPEG,RGB,1adb815f99d7f0872ae4368033233052c9bc31af657b916e7a9fc154b88aa46e,43c43b0b2d0ec4b434bd9e4370f2666a37cf4dcce25e4c66c33c36b28664399b,False,,0.25408387184143066,0.2562786936759949,0.03460273891687393,0.5196155309677124,0.06659296154975891,0.57734375,0.0,excluded,redundant_high_similarity_perceptual_duplicate,data/Testing/notumor/Te-no_371.jpg,excluded,dup_02842
data/Training/notumor/Tr-no_1150.jpg,Tr-no_1150.jpg,notumor,2,Training,False,7529,3cbf4e24aff52873c213e089a22ed6a66125c6d1155675741948a3f27583de5e,False,,225,225,1.0,JPEG,RGB,33c4a9560797c2fd9233f2f74df5a69b431dec4a71dcec7ff681945ab6514189,1cc7cccc6e3c333339f1bcd96392333266cf664cc66c99b292313331c926ccc3,False,,0.18852326273918152,0.22184374928474426,0.02043607272207737,0.4250066876411438,0.04808412119746208,0.8372395833333334,0.0,excluded,redundant_high_similarity_perceptual_duplicate,data/Testing/notumor/Te-no_145.jpg,excluded,dup_02804
data/Training/notumor/Tr-no_1151.jpg,Tr-no_1151.jpg,notumor,2,Training,False,8260,5efe78bafe3aa63b1c6950c4997a01df4bc4c8bf4dbee57305bb44f7a3606715,False,,225,225,1.0,JPEG,RGB,559dadd96618267e845d04ec2f0437fb383df1ab26beb605232daa0780b51231,45842f1f3a5390e8393cc78761a4595b66db963cb38ee593172cd970cc799885,False,,0.22482839226722717,0.2226811796426773,0.0236356221139431,0.38707491755485535,0.06106213852763176,0.6088541666666667,0.0,excluded,redundant_high_similarity_perceptual_duplicate,data/Testing/notumor/Te-no_125.jpg,excluded,dup_02847
data/Training/notumor/Tr-no_1157.jpg,Tr-no_1157.jpg,notumor,2,Training,False,9671,007df4da163eb3bd3f644512714535c2b7775e0d031d67c6409e5f6ce494191d,False,,225,225,1.0,JPEG,RGB,1fcafa909d7e8372e52f4032da267dede8c248de0be030a46ba8811e171fea76,1789c5a679779a596e5a185739ad9928e46c6ce19cf0319549a5666799c73192,False,,0.23501358926296234,0.294562429189682,0.031475696712732315,0.5229138135910034,0.06019289419054985,0.946875,0.013020833333333334,excluded,redundant_high_similarity_perceptual_duplicate,data/Testing/notumor/Te-no_257.jpg,excluded,dup_02853
data/Training/notumor/Tr-no_1158.jpg,Tr-no_1158.jpg,notumor,2,Training,False,8733,fd701e8cdd7a47b2b7198334e09d7947edf3d2efdd68b73b8d47282256f9f475,False,,225,225,1.0,JPEG,RGB,d2bfad9275784d98af166749832e8799b6f04bd494f5931fcbe1a8d389b057e0,10d17a4a6b06c5bd6c6992d234f14c0e338ecb69e6da98c66779cc65992ecdd0,False,,0.12643611431121826,0.1272759884595871,0.013542688451707363,0.2162904143333435,0.06261344999074936,0.7213541666666666,0.0,excluded,redundant_high_similarity_perceptual_duplicate,data/Testing/notumor/Te-no_344.jpg,excluded,dup_02734
data/Training/notumor/Tr-no_1163.jpg,Tr-no_1163.jpg,notumor,2,Training,False,9799,3f0e57ddf3de34693e721ff3e1967a17d382d5614a8c6d7fe642acb95680b5e0,False,,201,251,0.8007968127490039,JPEG,RGB,12d38f0032802cb7421e42ae0a0bb1cae33ceb7c41252114278e8fbae38e80f8,1199684c1e6727a67a4edb996958a7136427ca66e9980f5a727879f965602766,False,,0.17285707592964172,0.16016440093517303,0.03827614337205887,0.27554285526275635,0.13891176879405975,0.85390625,0.0,excluded,redundant_high_similarity_perceptual_duplicate,data/Testing/notumor/Te-no_62.jpg,excluded,dup_02827
data/Training/notumor/Tr-no_1165.jpg,Tr-no_1165.jpg,notumor,2,Training,False,8600,f7bcef6650bb0844ef3562033adfddb1f5db2c4b2c307df12a8f9cd79aa08e83,False,,225,225,1.0,JPEG,RGB,975b32341a1d834a7d1ab5fb9130cbc42e492232b8bf865e6223bfa1cfe9ba2f,43b0691b3c4fb6ed30b6c3b2e64c9b4bd3634d1c338ccc76cd1a30f1636164c3,False,,0.14335602521896362,0.22693486511707306,5.106209300720366e-06,0.3685949146747589,1.3853173186362255e-05,1.0,0.0,excluded,redundant_high_similarity_perceptual_duplicate,data/Testing/notumor/Te-no_47.jpg,excluded,dup_02860
data/Training/notumor/Tr-no_1167.jpg,Tr-no_1167.jpg,notumor,2,Training,False,9901,aa5165096afb739d38e983db067fd1269d3efab00ccd94d3a7b25ac1b01b64d6,False,,232,217,1.0691244239631337,JPEG,RGB,8e8119cca8ffaf8b8ea8c01abd6e8aab1fb02c89c956beac43112f2821c94efd,4337d0f42dc0cf53342f6c0b192c333d35b23cb434ecb0b2c4d3dcf3335334c9,False,,0.2574649453163147,0.3014731705188751,0.026639094576239586,0.5594736337661743,0.04761456698179245,0.9578125,0.0010416666666666667,excluded,redundant_high_similarity_perceptual_duplicate,data/Testing/notumor/Te-no_142.jpg,excluded,dup_02862
data/Training/notumor/Tr-no_117.jpg,Tr-no_117.jpg,notumor,2,Training,False,5882,b494332cd5c534f3c093f5f26b9dacabad2119be1d8a0e955843adf647c9315d,False,,235,214,1.0981308411214954,JPEG,RGB,cd006cfabfbb1809ce06805ef1863bd24f08aa58eb581d2c0fe91db34de81c62,50420bcd2f3fb4302cd4300b2bcaf0bd2f02f2f49f2fe3d29c3d8bc22cb68fc1,False,,0.2807997763156891,0.25085800886154175,0.05037888139486313,0.5099274516105652,0.09879617393016815,0.86875,0.0,excluded,redundant_high_similarity_perceptual_duplicate,data/Testing/notumor/Te-no_228.jpg,excluded,dup_02865
data/Training/notumor/Tr-no_1170.jpg,Tr-no_1170.jpg,notumor,2,Training,False,7371,6b8f5ec5f96e63fb543ffb0fef90857004942af0c44839abf5b9ad297b161da1,False,,201,251,0.8007968127490039,JPEG,RGB,e3a08efb3566574f7c8ca74d59d32f54dd2ee6264d54b1eba2b99c2767b54bd5,119997b31e67d8597a4e246679585cec64273599e99af0a5737a86066561d899,False,,0.17226947844028473,0.16037732362747192,0.03781760856509209,0.27538108825683594,0.13732826709747314,0.8625,0.0,excluded,redundant_high_similarity_perceptual_duplicate,data/Testing/notumor/Te-no_322.jpg,excluded,dup_02779
data/Training/notumor/Tr-no_1174.jpg,Tr-no_1174.jpg,notumor,2,Training,False,8533,88637fd4d0216cdb054acc0fa39a0725a0b4a1a6e195ed24a5c956bf665b8f33,False,,173,201,0.8606965174129353,JPEG,RGB,589ae97e293fd81668a20361fdf5cb340c655df893094afb5488e96ed6640d40,413343b13eebb8d37a14857a78ca1ece8f3ed4a3790c0f3c48fb5984352460f3,False,,0.20028603076934814,0.18596726655960083,0.032239582389593124,0.35572153329849243,0.09063151478767395,0.8328125,0.0,excluded,redundant_high_similarity_perceptual_duplicate,data/Testing/notumor/Te-no_186.jpg,excluded,dup_02869
data/Training/notumor/Tr-no_1178.jpg,Tr-no_1178.jpg,notumor,2,Training,False,25759,2ed15a662d8dcdf6077f3bf8bb4d21722e2a3b90ff2cf194db18b75933a4d322,False,,236,357,0.6610644257703081,JPEG,RGB,9f878dadc0d85923313a7a81832cba5dadc3a37e1aa840e8b411e27e81222697,433c6fb82eb3a64b3cccb564ae51c32a330c97b138f68cc1e1bbc37227c1584e,False,,0.40532034635543823,0.35558900237083435,0.054274916648864746,0.7926346063613892,0.06847406923770905,0.83359375,0.0,excluded,redundant_exact_decoded_rgb_duplicate,data/Training/notumor/Tr-no_112.jpg,excluded,dup_02816
data/Training/notumor/Tr-no_1183.jpg,Tr-no_1183.jpg,notumor,2,Training,False,61345,72f5f6723c7b92f641fb5d44513b6111c348e43005f8c1f4829f28eebd1117b2,False,,630,630,1.0,JPEG,RGB,016dcfa082b34fea7335ba42416b197f3feece21071817691aeaa19289ff0528,46994f0e3f23f0f1787a93cb61e6292665c9cc9fa697cb78321a3864c95a8c86,False,,0.11658313870429993,0.13852785527706146,0.003414011560380459,0.23259902000427246,0.01467766985297203,1.0,0.0,excluded,redundant_exact_decoded_rgb_duplicate,data/Training/notumor/Tr-no_1062.jpg,excluded,dup_02758
data/Training/notumor/Tr-no_1185.jpg,Tr-no_1185.jpg,notumor,2,Training,False,8757,0278e9fafedb70f3338d0813b1dc4b2793bddfbef955e6a9af860d43d2ecee36,False,,228,221,1.0316742081447965,JPEG,RGB,a003cedda4f10ac12c61b70fb0e17d687c3abac3c0860994f0a46862373e02db,17a77a1c6a562568699924952c6533b66493735a659be69ab336966e193c8639,False,,0.2608223855495453,0.27840471267700195,0.038476310670375824,0.544877827167511,0.07061456143856049,0.90859375,0.0005208333333333333,excluded,redundant_high_similarity_perceptual_duplicate,data/Testing/notumor/Te-no_291.jpg,excluded,dup_02879
data/Training/notumor/Tr-no_1188.jpg,Tr-no_1188.jpg,notumor,2,Training,False,161038,73a882655ceb0a5b8d3f4beea54d9ab58aa36e1021e7807dbb1c72617d4dfecc,False,,890,1075,0.827906976744186,JPEG,RGB,dac57d5fab36013ee6d58bac4c155cb620c5184528d4c6a44e54293bdd06d69b,06417ee679beb1593e408137693985fa9884c6e56c473695e31e63993c58e653,False,,0.2946748733520508,0.3162592947483063,0.050182800740003586,0.5113338828086853,0.09814096242189407,0.9213541666666667,0.028125,excluded,redundant_exact_decoded_rgb_duplicate,data/Training/notumor/Tr-no_115.jpg,excluded,dup_02846
data/Training/notumor/Tr-no_119.jpg,Tr-no_119.jpg,notumor,2,Training,False,8893,b12a59c1d52b2588972e8ee936e0cebba985e5c126b19c46c93d12c1a9170b4b,False,,201,251,0.8007968127490039,JPEG,RGB,7e58b5357947d44536551f28d4e0d21f4a97a7817a200e0ac779c26053dfbdf8,02605d9775d7eaaa579ab855962c69773a81216a9e9561e8e65135a54e1f3585,False,,0.2849712371826172,0.21236751973628998,0.15927596390247345,0.4491613209247589,0.354607492685318,0.020572916666666666,0.013802083333333333,excluded,redundant_high_similarity_perceptual_duplicate,data/Testing/notumor/Te-no_253.jpg,excluded,dup_02883
data/Training/notumor/Tr-no_1192.jpg,Tr-no_1192.jpg,notumor,2,Training,False,11012,22172f933e947add6f66a689d6924fc7dbfbe7824d31779d5755e4c5a2faf349,False,,201,250,0.804,JPEG,RGB,904323d0af0bf3f0a9d960b6b9857920e258158aafcac1ea2a18a9ec0e5d0bf8,0001a4721fee47ae7a166e95687f3a1d69ea607e6199253963e961d83599e627,False,,0.43698084354400635,0.3178004026412964,0.08340992778539658,0.5999205708503723,0.1390349566936493,0.8033854166666666,0.01875,excluded,redundant_high_similarity_perceptual_duplicate,data/Training/notumor/Tr-no_1122.jpg,excluded,dup_02819
data/Training/notumor/Tr-no_1195.jpg,Tr-no_1195.jpg,notumor,2,Training,False,29220,751d2b331faaa59454c4ee8b5e012ad1c495c1be7813057bec6f9cdfb77f71b7,False,,428,417,1.026378896882494,JPEG,RGB,f95568cb777553241ebdc739af0248da9051f409c8d9356862af9fa3ad0e8381,502f3fc80ed4f01e2f4ae0ff7c2dc3f02cb5cb336cb18b1268b3892360d29b93,False,,0.24484288692474365,0.24284540116786957,0.07222630828619003,0.337002158164978,0.21432001888751984,0.83203125,0.01796875,excluded,redundant_high_similarity_perceptual_duplicate,data/Testing/notumor/Te-no_129.jpg,excluded,dup_02888
data/Training/notumor/Tr-no_1196.jpg,Tr-no_1196.jpg,notumor,2,Training,False,8273,fc36ad246bb583e2f4abd45c8fb215dab8f2c9bdd7e0cfce1b787b6bad777d20,False,,235,214,1.0981308411214954,JPEG,RGB,00705ebf210889f3a22cfad54934d3f8c453c92c1da7bf9fd4f80b483bffdc5f,5042f4322f3f4acf2cd4cff42bca0f422f020d0b9f2f1c2d9c3d742d2cb6703e,False,,0.2810018062591553,0.2506759464740753,0.0508425310254097,0.5099983215332031,0.09969156235456467,0.8677083333333333,0.0,excluded,redundant_high_similarity_perceptual_duplicate,data/Testing/notumor/Te-no_378.jpg,excluded,dup_02889
data/Training/notumor/Tr-no_1200.jpg,Tr-no_1200.jpg,notumor,2,Training,False,118796,9c54a8ba366d8a9881e28dea8f4cc3f8e92fc74b2add2e6b7d7dfcacdee09bb0,False,,393,400,0.9825,PNG,RGBA,1ebba957ad694a57b81a5d2308a86671c24355eb129b2934f6aec1accf578ffa,40cc4bcc2f5bb5333c3564cc6c329c3334db6364c8ec98ce334dd333993334dc,False,,0.2236110419034958,0.20105011761188507,0.05686785280704498,0.40861961245536804,0.13917064666748047,0.0,0.0,excluded,redundant_high_similarity_perceptual_duplicate,data/Training/notumor/Tr-no_1015.jpg,excluded,dup_02708
data/Training/notumor/Tr-no_1202.jpg,Tr-no_1202.jpg,notumor,2,Training,False,5538,66569a97b24135d247166c11fe175dce65f9679a2cb9e949e0cd1fa8beb9989d,False,,173,201,0.8606965174129353,JPEG,RGB,819daba2bd50fd222d18620421ea655c22d5a3522f6458787bacd365d90b5c07,4133bccf3eea472c7a14788370caa4318f3e2f1c790ce0c748fb867b35349f0c,False,,0.18338361382484436,0.15703383088111877,0.021914832293987274,0.34781232476234436,0.06300763785839081,0.875,0.0,excluded,redundant_high_similarity_perceptual_duplicate,data/Testing/notumor/Te-no_139.jpg,excluded,dup_02774
data/Training/notumor/Tr-no_1203.jpg,Tr-no_1203.jpg,notumor,2,Training,False,10979,840e12a9d0fc509d61fab11db74d1716234312bd96939b632e19b8f102ace3cf,False,,225,225,1.0,JPEG,RGB,781ebd69fb2ad336262013ce025af651be119a91600b16bff2c8cc3309c22ae8,07a96a5e7e173169787697a56878c69634e3661e31299e5c31a59b7809a69c71,False,,0.18985165655612946,0.224628284573555,0.027302904054522514,0.3869858682155609,0.07055271416902542,0.9591145833333333,0.011197916666666667,excluded,redundant_high_similarity_perceptual_duplicate,data/Testing/notumor/Te-no_134.jpg,excluded,dup_02896
data/Training/notumor/Tr-no_1204.jpg,Tr-no_1204.jpg,notumor,2,Training,False,9741,d5e2a3c0f54875c7f3291a7c651b091db54d4aa1a6a7bc39a00b97cf3b3e3494,False,,207,243,0.8518518518518519,JPEG,RGB,5e27f8ece6636c30d9c88817bf7fb405d34114be323d475029a7aa559e3f0c75,5300f4a40efd22d33f56ccee2c0aef313c3d30cc30f79bb730f2363832d830f8,False,,0.29527828097343445,0.26432663202285767,0.03975183889269829,0.4886220693588257,0.08135498315095901,0.9020833333333333,0.0,excluded,redundant_high_similarity_perceptual_duplicate,data/Testing/notumor/Te-no_148.jpg,excluded,dup_02897
data/Training/notumor/Tr-no_1206.jpg,Tr-no_1206.jpg,notumor,2,Training,False,8955,c6f75a9e39f9f81945a1077e20d530972f8c2915d0fd2af7e1d4e2923f6c75ee,False,,201,250,0.804,JPEG,RGB,5eb6087f340870fed14e293080912f2e56f8bd0cb925594a8c6c5887725f09f9,00095b8d1feeb8517a04916e687fc5f269e297a16999d8c663e99e233d8919d9,False,,0.24881018698215485,0.18524375557899475,0.0483986921608448,0.3415096700191498,0.14171983301639557,0.825,0.0,excluded,redundant_high_similarity_perceptual_duplicate,data/Training/notumor/Tr-no_1044.jpg,excluded,dup_02740
data/Training/notumor/Tr-no_1207.jpg,Tr-no_1207.jpg,notumor,2,Training,False,8734,59129e8a5fc88835ba3706191fb392754e132c7a39d1efc655fd1cd4a52873de,False,,225,225,1.0,JPEG,RGB,0d5746cd8e44f1ff7a34735ee7e7e5618ea133d8b1abfb07695fd3f27a638cd8,46ffb4cc3bc06b13313fa92ce1bcb662a6c4ca1cc7879e4b9e1b9868cc688925,False,,0.14489051699638367,0.18114492297172546,0.044397465884685516,0.29387542605400085,0.1510757952928543,0.8424479166666666,0.0,excluded,redundant_high_similarity_perceptual_duplicate,data/Training/notumor/Tr-no_1058.jpg,excluded,dup_02753
data/Training/notumor/Tr-no_1209.jpg,Tr-no_1209.jpg,notumor,2,Training,False,16663,2f5281afa2d159a32589dc3b63446784128f62f6183a112cca790866a3f466fa,False,,393,400,0.9825,JPEG,RGB,238950cd529bff4bc4ff4991dbe20bcf95cd21ad75a5e9036f98e759d76313ee,40ccb4332f4b4acc3c359b336c3263cc34db9c9bc8ec6731334d2ccc9933cb33,False,,0.2235141098499298,0.2009570598602295,0.05674530565738678,0.4084128141403198,0.13894104957580566,0.0,0.0,excluded,redundant_high_similarity_perceptual_duplicate,data/Training/notumor/Tr-no_1006.jpg,excluded,dup_02698
data/Training/notumor/Tr-no_121.jpg,Tr-no_121.jpg,notumor,2,Training,False,111486,cc336bb30a64c66a0897e048331ca9818b553b8d0c313ed4980971c5b8ea1b46,False,,755,824,0.9162621359223301,JPEG,RGB,ed470534a4f58049efc962c6b39d46bb4fdeba51cf2905747840da6513c6250d,1425635848c71f216b7269d31f256d102d0eb4b1725cb0f65c6b378c39f3d8ed,False,,0.25975510478019714,0.19053402543067932,0.12313726544380188,0.3466624617576599,0.3552079498767853,0.010677083333333334,0.0005208333333333333,excluded,redundant_exact_decoded_rgb_duplicate,data/Training/notumor/Tr-no_116.jpg,excluded,dup_02855
data/Training/notumor/Tr-no_1214.jpg,Tr-no_1214.jpg,notumor,2,Training,False,6709,bfcce139b2b992882ed67161669f89684eb87db34f22faf7ef5cd54f7f45b38f,False,,212,238,0.8907563025210085,JPEG,RGB,11de88a97adc15b8860bd278e7bc40c609f163a584d6a55e8c5100a2d83db03f,056a96f95ab5ea446e46093a313a6d8371ecbc7b339132e8c65b73c0971a261f,False,,0.20218051970005035,0.21122580766677856,0.03759191185235977,0.29769742488861084,0.12627556920051575,0.8122395833333333,0.0,excluded,redundant_high_similarity_perceptual_duplicate,data/Training/notumor/Tr-no_1132.jpg,excluded,dup_02830
data/Training/notumor/Tr-no_1215.jpg,Tr-no_1215.jpg,notumor,2,Training,False,8444,095f490add721bac4d19a102bd1ca17506a98c75ef5a73eed77b9c9dc9b8ae6b,False,,225,225,1.0,JPEG,RGB,474a88d6b2060e0ae819c97e5f311ae6a4fa03d13ff80d967f605195d675d933,42cc94b32d33634c358d3cb07137c7c336d069cdc9ce3332b333c73969c91cca,False,,0.18949957191944122,0.16423861682415009,0.061919935047626495,0.35015225410461426,0.17683717608451843,0.007291666666666667,0.0,excluded,redundant_high_similarity_perceptual_duplicate,data/Training/notumor/Tr-no_1107.jpg,excluded,dup_02803
data/Training/notumor/Tr-no_1217.jpg,Tr-no_1217.jpg,notumor,2,Training,False,8453,26cc2ac2fd2aa849ffdddc57eacb585a8fdbfe9824404a7d8860f46289571e80,False,,201,250,0.804,JPEG,RGB,5351b832c11bb099bce520899d28c6d3cb8387cec428da3ab63a4b3aa9ce2060,00095b8d1ffeb8517a04916e687fc5f269e287a16999d8c663e99e233d8919d9,False,,0.24834200739860535,0.18549470603466034,0.047820672392845154,0.34167051315307617,0.1399613618850708,0.8291666666666667,0.0,excluded,redundant_high_similarity_perceptual_duplicate,data/Training/notumor/Tr-no_1044.jpg,excluded,dup_02740
data/Training/notumor/Tr-no_122.jpg,Tr-no_122.jpg,notumor,2,Training,False,30605,ab52edaeddcac991282973ad17b95a0d2afabbad4d9ddfe8258cfdb558016637,False,,504,540,0.9333333333333333,JPEG,RGB,5cebf402825007036b1fc1628f61f4c6fa595e87ea8ac3b796366fb3c9c2bfbe,169193a1785b6e1e61e834e925a7cce0629ee766b70be6ce96699c18d3319331,False,,0.25408220291137695,0.2563178539276123,0.034546565264463425,0.5196079015731812,0.06648583710193634,0.5760416666666667,0.0,excluded,redundant_high_similarity_perceptual_duplicate,data/Testing/notumor/Te-no_48.jpg,excluded,dup_02907
data/Training/notumor/Tr-no_1220.jpg,Tr-no_1220.jpg,notumor,2,Training,False,9482,e3e6a073b081f5d7fc2fad33e3c2337ebfc8cd327a7b44ad9e6bf0313a32e600,False,,201,251,0.8007968127490039,JPEG,RGB,6f4104467ba91050b7fbc2a0485aa470a53d472326d7f04412584120ca627c48,119997b31e67d8597a4e246679585cec64273599e99af0b5727a86066561d899,False,,0.17275486886501312,0.16023340821266174,0.038109682500362396,0.27568838000297546,0.13823463022708893,0.8583333333333333,0.0,excluded,redundant_high_similarity_perceptual_duplicate,data/Testing/notumor/Te-no_322.jpg,excluded,dup_02779
data/Training/notumor/Tr-no_1224.jpg,Tr-no_1224.jpg,notumor,2,Training,False,23504,f99dd2123cf3911d172622afe0541ad5048b98bcd1ac78a4acc55732a3167c8f,False,,504,540,0.9333333333333333,JPEG,RGB,f1b53751459cfe51fb4c87b237f1f6dd0c07eaaf2bda2cbfc5013a1980d7719d,16916c5c785b91e161e8cb9625a7330fe39e1899b70b1931964863e7d3716cce,False,,0.1435130536556244,0.1440354883670807,0.024501638486981392,0.28945696353912354,0.08464691042900085,0.9234375,0.0,excluded,redundant_high_similarity_perceptual_duplicate,data/Training/notumor/Tr-no_1118.jpg,excluded,dup_02814
data/Training/notumor/Tr-no_1225.jpg,Tr-no_1225.jpg,notumor,2,Training,False,8829,90bef7c8bf816ab5bd8a8b518f092f353383b5a373b726b79b8c795e291c6a3e,False,,201,251,0.8007968127490039,JPEG,RGB,b92fe306abaeb4b6ab6141cd0f1978ed16a6d6027b59b38dc44af9837a3612e9,5735f77d2082400002cf12ffc379c3dd6fd4cbc0cbc0cb42b3049f0f1b4a9f2f,False,,0.28498417139053345,0.21237532794475555,0.159429132938385,0.44927141070365906,0.3548615276813507,0.019010416666666665,0.013802083333333333,excluded,redundant_high_similarity_perceptual_duplicate,data/Testing/notumor/Te-no_268.jpg,excluded,dup_02911
data/Training/notumor/Tr-no_1228.jpg,Tr-no_1228.jpg,notumor,2,Training,False,8838,2a3fd7800902a88a98a1483735768f957018af11673a34de4b1c7732a03f851c,False,,150,198,0.7575757575757576,JPEG,RGB,cb59345fb237c2905ca3aece5612bdcb7df2d95c1b6e94cbc48a038aa4f2d177,17dd126219037fdf32aaf2011bdd2909cb17b43b495a603c4d3267f47d2371f0,False,,0.3301178812980652,0.3148173987865448,0.23871733248233795,0.3955461382865906,0.603513240814209,0.6294270833333333,0.153125,excluded,redundant_high_similarity_perceptual_duplicate,data/Training/notumor/Tr-no_1176.jpg,excluded,dup_02871
data/Training/notumor/Tr-no_1229.jpg,Tr-no_1229.jpg,notumor,2,Training,False,8341,d8aa0c290788373a5806b52c23736910308ca19e0164bd1984ec30eb67a7ab22,False,,225,225,1.0,JPEG,RGB,7a85b05b8b59e7d0d879554ce9aae759fbe7b7c263a3beb45b01dba0b6c91374,1799c1e67866361960d869e52462969667853c989c9b6667e766926c3c9c4d9f,False,,0.1894567310810089,0.16420850157737732,0.06190972402691841,0.3500335216522217,0.1768679916858673,0.007552083333333333,0.0,excluded,redundant_high_similarity_perceptual_duplicate,data/Testing/notumor/Te-no_112.jpg,excluded,dup_02914
data/Training/notumor/Tr-no_1230.jpg,Tr-no_1230.jpg,notumor,2,Training,False,10387,79f84d67e7bc8f7984c795f3e882430f9ebc2dabdce712a24e183dba92431215,False,,227,222,1.0225225225225225,JPEG,RGB,3fe2f457c619665b2f148203d1892acf663c7d58bce4040d753600acaa040e6f,057a95625b815ab47a5f4b556978695a79e0619939e461b93de6638935873139,False,,0.2459295690059662,0.24315930902957916,0.072963647544384,0.33734583854675293,0.21628737449645996,0.8333333333333334,0.01875,excluded,redundant_high_similarity_perceptual_duplicate,data/Testing/notumor/Te-no_243.jpg,excluded,dup_02916
data/Training/notumor/Tr-no_1231.jpg,Tr-no_1231.jpg,notumor,2,Training,False,8250,29dcd488818a1514200cd3bf27074d3ce9f54aab05e04e736e5493f97f2d841c,False,,215,234,0.9188034188034188,JPEG,RGB,5e4478370e7bfff6987a3de868bf47812df28db27c1480c059e99af972f931cf,057a4e857a81a17a685f172b61f8589565a163d6668779da369e734a96586369,False,,0.21790558099746704,0.2025887370109558,0.04199652746319771,0.3692268133163452,0.11374181509017944,0.23177083333333334,0.0,excluded,redundant_high_similarity_perceptual_duplicate,data/Training/notumor/Tr-no_1074.jpg,excluded,dup_02770
data/Training/notumor/Tr-no_1232.jpg,Tr-no_1232.jpg,notumor,2,Training,False,29714,08e096f199049b3f1b99f6531e49b09898220f7aa37b7f8f45a55e34c8aed6e0,False,,428,417,1.026378896882494,JPEG,RGB,1578215459724fe21ecd41f7d4a2fc0af45236ab36e5aff652f86c8dc18005a1,502f3fc80ed4f01e2f4ae0ff7c2dc3f02cb5cb336cb18b1268b3892360d29b93,False,,0.24484816193580627,0.24270537495613098,0.07230596989393234,0.33682695031166077,0.21466800570487976,0.8328125,0.018489583333333334,excluded,redundant_high_similarity_perceptual_duplicate,data/Testing/notumor/Te-no_129.jpg,excluded,dup_02888
data/Training/notumor/Tr-no_1233.jpg,Tr-no_1233.jpg,notumor,2,Training,False,10556,e12273b5c76a05a2a14ca1147c3bb48f3bb66413b956eb9a5d27d672a87854c9,False,,194,259,0.749034749034749,JPEG,RGB,233f6983b4eb96cfe4324b0762de4419b0d957402b041e498111723105026241,57ff33912ee8186c6805e2e6287a4ec1b9acc21f71e1e692a787c61cf2921b69,False,,0.3364245891571045,0.29727837443351746,0.10295037925243378,0.567541778087616,0.18139700591564178,0.7885416666666667,0.03177083333333333,excluded,redundant_high_similarity_perceptual_duplicate,data/Testing/notumor/Te-no_348.jpg,excluded,dup_02729
data/Training/notumor/Tr-no_1234.jpg,Tr-no_1234.jpg,notumor,2,Training,False,12710,e9a63334af63a2ec8cab2149ec091466c60df5fe115cf36cc30c9304dacbb376,False,,201,250,0.804,JPEG,RGB,3f0388d1f6de6a0dc3683c491d4f6907a00596a6020b689c58cc687e500c5041,00095b8d1ffef8517a04916e687fc5f269e287a16999d8c663e99e233d8919d8,False,,0.24817493557929993,0.185782790184021,0.047632765024900436,0.3417806029319763,0.1393664926290512,0.8315104166666667,0.0,excluded,redundant_high_similarity_perceptual_duplicate,data/Training/notumor/Tr-no_1044.jpg,excluded,dup_02740
data/Training/notumor/Tr-no_1235.jpg,Tr-no_1235.jpg,notumor,2,Training,False,20545,25dbc9664f03a7af82b74aec6c5497cd94dc5f6f639907656725d0ac88cfd111,False,,236,269,0.8773234200743495,JPEG,RGB,d468a09e3cdd549adafc38afe79f02315720bf0c21584a9ccd0ff82fbb3cf32a,40070fe43bb8207f2fc49a35a1fc6e080f028de4b8bb6c0f66c4d6bf983f6cd2,False,,0.2748870253562927,0.2302207052707672,0.08280841261148453,0.4247271418571472,0.19496849179267883,0.6427083333333333,0.0013020833333333333,excluded,redundant_exact_decoded_rgb_duplicate,data/Training/notumor/Tr-no_1154.jpg,excluded,dup_02850
data/Training/notumor/Tr-no_1236.jpg,Tr-no_1236.jpg,notumor,2,Training,False,10664,b3194148761c0169717896116725e38e430812e6d5a6b6c62c9cf06e7cf00916,False,,225,225,1.0,JPEG,RGB,b7876342730977aeacd5c80d9129a0ac6ef73403c86bb37312708c1780eb9b36,13aee1996c153e46646aede9b4e9e33693919e4892d2c918cb4ecc3d9b39c870,False,,0.24709376692771912,0.2859869599342346,0.07539522647857666,0.5274108052253723,0.1429535150527954,0.82109375,0.0010416666666666667,excluded,redundant_high_similarity_perceptual_duplicate,data/Testing/notumor/Te-no_208.jpg,excluded,dup_02917
data/Training/notumor/Tr-no_1237.jpg,Tr-no_1237.jpg,notumor,2,Training,False,9527,7c1f5e97fd36bfcca3666d791fdf13e64df99d97b21f3ebd53d9d1d8c1def042,False,,207,243,0.8518518518518519,JPEG,RGB,d6f62fc80e29c26a455c291120d35d2ff3d8497a23ba7db9e6e10a10fa5b3708,065d5e0e5ba888796a036644795f459b69689a6665a2711d65a79d96678dde52,False,,0.2951834797859192,0.26439368724823,0.03963847830891609,0.4885656237602234,0.08113235235214233,0.903125,0.0,excluded,redundant_high_similarity_perceptual_duplicate,data/Training/notumor/Tr-no_1095.jpg,excluded,dup_02790
data/Training/notumor/Tr-no_124.jpg,Tr-no_124.jpg,notumor,2,Training,False,26535,944929c7b08e3c51e615e6c37b9f6fe5cd534c647c7428906caf9213a7730d73,False,,393,400,0.9825,JPEG,RGB,b726f2145d530f096fcccbc5f9a733caced0836e904538c005c5a0b59f30fa05,15991e997a1ee066696031d93967c966619e36319dbdcd9b66588666cc666199,False,,0.22323837876319885,0.2066338211297989,0.0569801926612854,0.4022431969642639,0.1416560709476471,0.00390625,0.0,excluded,redundant_high_similarity_perceptual_duplicate,data/Testing/notumor/Te-no_78.jpg,excluded,dup_02920
data/Training/notumor/Tr-no_1244.jpg,Tr-no_1244.jpg,notumor,2,Training,False,14368,17bd1588f84aafbccb846c974ae1f24cef5ce6f0fc0f32a4417af50bfe9f52cd,False,,201,251,0.8007968127490039,JPEG,RGB,a5272b5493f9f7e33ff3eb7a33d04e4eb0dd185cda3c89a5a5dabcf0da36d2a9,119997b31e67d8597a4e246679585cec64273599e99af0a5737a86066561d899,False,,0.17236879467964172,0.16031157970428467,0.03786560520529747,0.27539828419685364,0.13749398291110992,0.8609375,0.0,excluded,redundant_high_similarity_perceptual_duplicate,data/Testing/notumor/Te-no_322.jpg,excluded,dup_02779
data/Training/notumor/Tr-no_1247.jpg,Tr-no_1247.jpg,notumor,2,Training,False,8770,dfcdd1f41c110b6a2854c5db3512734c82e77bad2d11df796803f5f816bcb736,False,,225,225,1.0,JPEG,RGB,f30ae5ba9c155b51aa5b39336c83292594f86cd72f45ae3f44fd89b420b78fe5,1699384d6a5261366d2cc18934e6e31236d9e69fcd84cc983673cf66f38b34c9,False,,0.2101823389530182,0.22541767358779907,0.04914318025112152,0.37905943393707275,0.12964504957199097,0.003125,0.0036458333333333334,excluded,redundant_high_similarity_perceptual_duplicate,data/Training/notumor/Tr-no_1023.jpg,excluded,dup_02717
data/Training/notumor/Tr-no_1250.jpg,Tr-no_1250.jpg,notumor,2,Training,False,17085,23ad945a2fba6972b2eaa9c6983f7b4cae45bb6573c7ba34d8372a06657e8c4b,False,,442,442,1.0,JPEG,RGB,e3f0e430054224ea8405c825862fd03bea32f7e270c35f94e9a4f6ec1254321b,13e93e1f6a56a1b16c3ac3d034bdcf0f61948f2e72d21c3c334b6cf0862d8cc3,False,,0.219404399394989,0.20540566742420197,0.06413398683071136,0.38398629426956177,0.16702155768871307,0.0,0.0,excluded,redundant_high_similarity_perceptual_duplicate,data/Testing/notumor/Te-no_330.jpg,excluded,dup_02930
data/Training/notumor/Tr-no_1251.jpg,Tr-no_1251.jpg,notumor,2,Training,False,9618,3c640c679ff2cd9f0c59d6f7bb94057122a7a0753c9f9eb5a5c4a73daeac8bbb,False,,218,231,0.9437229437229437,JPEG,RGB,44c0a556d3c1476b3e3fef438cf7aa0fe2d974d15da529be4ff2c075c5fa1e48,0667c1997aaa8fe66a553e61299a1a576560d85a2c87098936de79e5da5a64e5,False,,0.38477349281311035,0.35053032636642456,0.05111724138259888,0.6876733303070068,0.07433360815048218,0.9088541666666666,0.01328125,excluded,redundant_high_similarity_perceptual_duplicate,data/Training/notumor/Tr-no_1047.jpg,excluded,dup_02743
data/Training/notumor/Tr-no_1252.jpg,Tr-no_1252.jpg,notumor,2,Training,False,8806,7fc77a030dc7e2098bc82150d298940040ab470f13fc7eeeb0e5bb876e767b84,False,,225,225,1.0,JPEG,RGB,e0f41a593016f7887dacf9b6abc0bb3eddcb24df18f8a7e3f9cf98514d4085cf,46994f0e3f23b0f1787a93cb61e6292465c9dc9fa697cb78361a3864c95a8c86,False,,0.2075006365776062,0.243097722530365,0.005685253534466028,0.41398876905441284,0.013732869178056717,0.9830729166666666,0.0,excluded,redundant_high_similarity_perceptual_duplicate,data/Testing/notumor/Te-no_140.jpg,excluded,dup_02931
data/Training/notumor/Tr-no_1253.jpg,Tr-no_1253.jpg,notumor,2,Training,False,10469,9cb0bd6ba354991ae933b55af58ca040f3b8db01add876aba09159d7badd3599,False,,236,218,1.0825688073394495,JPEG,RGB,53fcc48e7e353dafa7347b2d8e0c051733ae862549fecdb46861d5f4c470b9cd,4f854b4c3c7e9cb470f1325333c3396966cec74ccf4cd33697381930c93164d3,False,,0.1729353368282318,0.22300468385219574,0.00015012257790658623,0.4375823438167572,0.00034307275200262666,1.0,0.0,excluded,redundant_exact_decoded_rgb_duplicate,data/Training/notumor/Tr-no_1194.jpg,excluded,dup_02887
data/Training/notumor/Tr-no_1255.jpg,Tr-no_1255.jpg,notumor,2,Training,False,8817,23a2be16cb8ca2772593b365bc3016b5c84aa1267e4fa2d82128678b29bd5904,False,,225,225,1.0,JPEG,RGB,27ea433bac05e0677c182bef5090e8dd2484c718789d12f5451688bcba28e1cd,47b098e13a436f1f3178387865a4a6b466cb69cb92ce9a6c972c949dc873c732,False,,0.2540745139122009,0.3160633444786072,0.0,0.46811333298683167,0.0,1.0,0.0,excluded,redundant_high_similarity_perceptual_duplicate,data/Training/notumor/Tr-no_1135.jpg,excluded,dup_02832
data/Training/notumor/Tr-no_1257.jpg,Tr-no_1257.jpg,notumor,2,Training,False,6766,0f89225efd176c55d0a06bdeb4c54b455a42921f86aa1f41deebc23f32e9275c,False,,225,225,1.0,JPEG,RGB,7fbff73a8e4ffd4a4cc9cd5488ef2dc8af0115297e79146e8260812010c2f6ad,46994f0e3f23f0f1787a93cb61e62b2665c1dc9fa697cb78321a3864c9588c86,False,,0.11688472330570221,0.13862758874893188,0.003573325229808688,0.23249751329421997,0.01536930538713932,1.0,0.0,excluded,redundant_high_similarity_perceptual_duplicate,data/Training/notumor/Tr-no_1062.jpg,excluded,dup_02758
data/Training/notumor/Tr-no_1259.jpg,Tr-no_1259.jpg,notumor,2,Training,False,9125,4e2da5e2fcdf333fce0bc4b5c7f641178b6325c40c4d1119e609cf7dee719873,False,,227,262,0.8664122137404581,JPEG,RGB,a362e0816dbea7a9c8c6fcfe9dbfcb689a7e7d3add5c33dcdc860ba4641771f8,14556e667bbaa589680171676157d99a7678d6e06704270135afdb9761a8c736,False,,0.2466241717338562,0.16982510685920715,0.05728656426072121,0.3979760408401489,0.14394475519657135,0.0,0.0,excluded,redundant_high_similarity_perceptual_duplicate,data/Testing/notumor/Te-no_36.jpg,excluded,dup_02935
data/Training/notumor/Tr-no_1263.jpg,Tr-no_1263.jpg,notumor,2,Training,False,7684,e5996ba69ce3955174a4ac90bb72484b6260914348c59e3c5dec7aa53a7ba973,False,,206,244,0.8442622950819673,JPEG,RGB,7565c4f13776679bf7bd8fe6dc0a07c12d98a4220bea9a0832f89027701b4af5,4002c85b0eff47f76fe02fc43e0135073d5f71b938ba70b730b8627864f466e0,False,,0.21120846271514893,0.11225353181362152,0.13199348747730255,0.2567507326602936,0.514091968536377,0.0,0.0,excluded,redundant_high_similarity_perceptual_duplicate,data/Training/notumor/Tr-no_1155.jpg,excluded,dup_02851
data/Training/notumor/Tr-no_1265.jpg,Tr-no_1265.jpg,notumor,2,Training,False,25759,2ed15a662d8dcdf6077f3bf8bb4d21722e2a3b90ff2cf194db18b75933a4d322,False,,236,357,0.6610644257703081,JPEG,RGB,9f878dadc0d85923313a7a81832cba5dadc3a37e1aa840e8b411e27e81222697,433c6fb82eb3a64b3cccb564ae51c32a330c97b138f68cc1e1bbc37227c1584e,False,,0.40532034635543823,0.35558900237083435,0.054274916648864746,0.7926346063613892,0.06847406923770905,0.83359375,0.0,excluded,redundant_exact_decoded_rgb_duplicate,data/Training/notumor/Tr-no_112.jpg,excluded,dup_02816
data/Training/notumor/Tr-no_1268.jpg,Tr-no_1268.jpg,notumor,2,Training,False,7099,da6936779e8db4c1fad48c802e36230cf0b51ec882134446685aebc24b7829e3,False,,232,217,1.0691244239631337,JPEG,RGB,1fd68d36ed78510345013e7358966c8bd8e1efa5bb5e315f926d6747840ac495,4bc961e33c371e1c32d29871c34bc9879b0c66b29d3132496267d9cd6c9e6f32,False,,0.11824807524681091,0.18391244113445282,1.225490359502146e-05,0.35977616906166077,3.406257746974006e-05,1.0,0.0,excluded,redundant_high_similarity_perceptual_duplicate,data/Testing/notumor/Te-no_237.jpg,excluded,dup_02943
data/Training/notumor/Tr-no_1272.jpg,Tr-no_1272.jpg,notumor,2,Training,False,7328,14ef06b0b1863b247fdd4e305826bf78df0d7861d7cf0d0cd2b3d0cb4fc09b3b,False,,177,197,0.8984771573604061,JPEG,RGB,db4138a68475f10c66e540ee067765ce2a0efc8a17386a9ff4eddc606bd047de,43336c346cc8e3cb3c651cb432ccdb64633c263334e331ccd8d398cb370ff334,False,,0.21013040840625763,0.26825395226478577,0.0004238154215272516,0.4607565701007843,0.000919825048185885,1.0,0.0,excluded,redundant_high_similarity_perceptual_duplicate,data/Testing/notumor/Te-no_277.jpg,excluded,dup_02831
data/Training/notumor/Tr-no_1276.jpg,Tr-no_1276.jpg,notumor,2,Training,False,35408,672390a6f25f986ea8d9f6469ca9cad06e0be86a5712e99fce2139e0a909805c,False,,428,417,1.026378896882494,JPEG,RGB,a107d18652e0f09ef7f22f86ea75ac4e247c86eba5ecae17c74ceaec6a307284,422fc0350ed40fc12f48de103c2d3c0f3cb535cc6cb334cc6db776dc64d3666c,False,,0.2753956615924835,0.2988690137863159,0.07571794092655182,0.3747529983520508,0.20204758644104004,0.8677083333333333,0.030208333333333334,excluded,redundant_high_similarity_perceptual_duplicate,data/Testing/notumor/Te-no_102.jpg,excluded,dup_02951
data/Training/notumor/Tr-no_1277.jpg,Tr-no_1277.jpg,notumor,2,Training,False,10287,0bbe8a2a1bfa6dd268852dee167c8e309391550370ef8dc656c360f260669abf,False,,420,280,1.5,JPEG,RGB,5f52d7f7601fbbccb50261308be7dc7295516498dd6c14e27272b097761e5784,4e1e6cd93861b696349332ca67ce196d334ad366338d79cc327898b43361d633,False,,0.15487109124660492,0.2041344940662384,0.013158700428903103,0.3884880542755127,0.033871568739414215,0.9575520833333333,0.0,excluded,redundant_high_similarity_perceptual_duplicate,data/Testing/notumor/Te-no_8.jpg,excluded,dup_02839
data/Training/notumor/Tr-no_1281.jpg,Tr-no_1281.jpg,notumor,2,Training,False,14699,1760da4ac516c8564bf06bc349176a1463dbb49f4de7b6d0b986ff015b96bd62,False,,200,252,0.7936507936507936,JPEG,RGB,09bb1640bc8708fd0c74d2ab4afcbef4b4701afc9342679ad5b459197876d55b,500a17651ff4f88e7a2b96742ddd51d9cb218c577245d32ae4d229e99f4ad8a0,False,,0.2781001329421997,0.18994933366775513,0.1422518640756607,0.3085162043571472,0.46108391880989075,0.06145833333333333,0.0013020833333333333,excluded,redundant_high_similarity_perceptual_duplicate,data/Testing/notumor/Te-no_332.jpg,excluded,dup_02694
data/Training/notumor/Tr-no_1282.jpg,Tr-no_1282.jpg,notumor,2,Training,False,28897,0b048e3ce5d4cfda7c432c524bbcad3d803a41e2f68e9b454024c84c5be22cbb,False,,428,417,1.026378896882494,JPEG,RGB,b3092482f3a24a7c2f669834e059f351ae39f7f5c75dd984d0b476c66f506746,057a95625b815ab47a5f4b552978695e79e0619939e461b93de6638935873139,False,,0.244811549782753,0.24285273253917694,0.07222018390893936,0.3368939757347107,0.21437065303325653,0.8330729166666667,0.018229166666666668,excluded,redundant_high_similarity_perceptual_duplicate,data/Testing/notumor/Te-no_243.jpg,excluded,dup_02916
data/Training/notumor/Tr-no_1284.jpg,Tr-no_1284.jpg,notumor,2,Training,False,7395,2a85269a7484f04608c93c57c46bfd8f28a0c411189cd5cb2d1eb4e13be1a42a,False,,225,225,1.0,JPEG,RGB,b7a53399655b9337eb56ee1367a3b2b8e32bfdfc0ae93e7c629cc28668460ac7,17bb0e0e3e01f0f0787e9b4b6168378365a1429f6697c96a32da74e4965a8cc7,False,,0.21105337142944336,0.23936237394809723,0.00617238599807024,0.41612571477890015,0.01483298372477293,0.9690104166666667,0.0,excluded,redundant_high_similarity_perceptual_duplicate,data/Testing/notumor/Te-no_28.jpg,excluded,dup_02957
data/Training/notumor/Tr-no_129.jpg,Tr-no_129.jpg,notumor,2,Training,False,28313,43c7fb765b0d878dca03cd26cb414b56a2e3280ce2510f3a84dac11003bbd0a0,False,,350,350,1.0,JPEG,RGB,7f4ffeb5abe0fd73e2d2a731a96c35572dee621614fa0166e059393f8451d645,1d996a596e6735a678cc33853372ce9d2d99ca368ce33e4831a4d9d9218e8731,False,,0.1565985083580017,0.2158210724592209,0.012327412143349648,0.35537397861480713,0.0346885621547699,0.9731770833333333,0.0,excluded,redundant_exact_decoded_rgb_duplicate,data/Training/notumor/Tr-no_1079.jpg,excluded,dup_02775
data/Training/notumor/Tr-no_1290.jpg,Tr-no_1290.jpg,notumor,2,Training,False,12785,ef5addab9afd41d9a24d73711092b35f1610683975b03f80bff9d48d144970ef,False,,225,225,1.0,JPEG,RGB,d9ee2ff19df6d100141e50abfa36ff370f1c06e3c9fac7d7262abe73542fa185,16e53cce691ae3b865e396e7b319ce1e8626186966999923984f6da436343996,False,,0.14225810766220093,0.22803381085395813,0.0,0.3674086928367615,0.0,1.0,0.0,excluded,redundant_high_similarity_perceptual_duplicate,data/Training/notumor/Tr-no_1100.jpg,excluded,dup_02797
data/Training/notumor/Tr-no_1296.jpg,Tr-no_1296.jpg,notumor,2,Training,False,23519,2377035d0d8766afc086440b729c815b7db06001abdcf6a6ecc0149326f41851,False,,642,361,1.778393351800554,JPEG,RGB,dc40bde7f42c0a7ff98835f027825601b951d3c320d8cdd652e8e93c0ded6682,4f3338b43cecc3c33632672f98d3932e64f386328cc33330cccb9b31ccc9cb13,False,,0.20268243551254272,0.29979681968688965,0.05519403517246246,0.5052858591079712,0.10923328995704651,0.9046875,0.0296875,excluded,redundant_high_similarity_perceptual_duplicate,data/Testing/notumor/Te-no_298.jpg,excluded,dup_02968
data/Training/notumor/Tr-no_1299.jpg,Tr-no_1299.jpg,notumor,2,Training,False,7057,580738fcbb7a6e65340fbdaea4ee0132ec6bacde94a82139d80c5cd4d9291524,False,,173,201,0.8606965174129353,JPEG,RGB,d94c5698dfe57bbade54114a65f0136bed68f4121e35f529627afdb0e73ab804,413343303eeab0d37a14877c70ca1bce8f3fd0e3790c1f3848fb79843d3460f3,False,,0.3292641043663025,0.28211548924446106,0.03963847830891609,0.6245318651199341,0.06346910446882248,0.8479166666666667,0.0,excluded,redundant_high_similarity_perceptual_duplicate,data/Testing/notumor/Te-no_118.jpg,excluded,dup_02971
data/Training/notumor/Tr-no_130.jpg,Tr-no_130.jpg,notumor,2,Training,False,10168,8927ebe063a6ae13a712b63337c07ee2ed17c1f68e4644f1acdd2f9189c27e43,False,,228,221,1.0316742081447965,JPEG,RGB,60445c8ed2bc8a1c5fd29569306f820e1285c24afe2d67e0a7aaa8d4b50002bf,17687a767896a5b96179c66549e18b9d64a79866659e48f22696b69867986649,False,,0.28651148080825806,0.3391680121421814,0.02131740003824234,0.5957002639770508,0.03578544780611992,0.9559895833333333,0.00703125,excluded,redundant_high_similarity_perceptual_duplicate,data/Testing/notumor/Te-no_56.jpg,excluded,dup_02973
data/Training/notumor/Tr-no_1300.jpg,Tr-no_1300.jpg,notumor,2,Training,False,10503,e5d0461d84fcaff5702c3ceab42d533eb7fcfde3242579d9862bf2262609c6c0,False,,225,225,1.0,JPEG,RGB,361e68aa012cbaa0859ea0f6a4ccc967fa0d829792355283f239fc8e0789cc8a,13ae1e666c11c1b9646a1616b4e91cc8939161b792d236e7cb4e73c29b39378f,False,,0.24644824862480164,0.2862209677696228,0.07521243393421173,0.5273083448410034,0.14263463020324707,0.8263020833333333,0.0010416666666666667,excluded,redundant_high_similarity_perceptual_duplicate,data/Training/notumor/Tr-no_118.jpg,excluded,dup_02874
data/Training/notumor/Tr-no_1301.jpg,Tr-no_1301.jpg,notumor,2,Training,False,10179,6647a2404d60ef431ca20e7e204d085de00c6c2eb12e7594d681ba045b640aee,False,,200,252,0.7936507936507936,JPEG,RGB,3b807d731f90965494e30b4cac433b0c6342c3a346aa2eef676dd8357af3d4bc,5555a54d480a02a24fbf0aff6f541bd5cc000b42ec1b0d4bfc7e9d2ffc380c3d,False,,0.29560691118240356,0.2183498740196228,0.18490912020206451,0.3841155171394348,0.4813893437385559,0.4921875,0.0109375,excluded,redundant_high_similarity_perceptual_duplicate,data/Testing/notumor/Te-no_321.jpg,excluded,dup_02974
data/Training/notumor/Tr-no_1302.jpg,Tr-no_1302.jpg,notumor,2,Training,False,78104,e22f980ae6f8f79a1fd96c0e2711d06767493d2d7c19d885fd89f6207702c3f3,False,,680,680,1.0,JPEG,RGB,60b55c6585437a9ed9eeeb20de6834e371fc2cefb8bfec39f43038e767eb92a4,16e86a193997e1e27a7ec5a169698787d9a5c61685a5a65a998696796196da61,False,,0.19867806136608124,0.17179422080516815,0.06724163144826889,0.36984241008758545,0.18181157112121582,0.03333333333333333,0.0,excluded,redundant_high_similarity_perceptual_duplicate,data/Testing/notumor/Te-no_86.jpg,excluded,dup_02975
data/Training/notumor/Tr-no_1303.jpg,Tr-no_1303.jpg,notumor,2,Training,False,10504,eac0ad5caf700b9de7bc5501b14e04467775a3cc7de2ed01d60edf3a6deedac2,False,,225,225,1.0,JPEG,RGB,0e1b46132699997c557dd0a776de79dfdd8568ff2a9961f756aca3d817d43d7e,13ae1e666c11c1b9646a1216b4e91cc8939161b792d636e7cb4e73c29b39378f,False,,0.24610333144664764,0.28639286756515503,0.07436582446098328,0.5269359350204468,0.1411287784576416,0.8234375,0.0013020833333333333,excluded,redundant_high_similarity_perceptual_duplicate,data/Training/notumor/Tr-no_118.jpg,excluded,dup_02874
data/Training/notumor/Tr-no_1304.jpg,Tr-no_1304.jpg,notumor,2,Training,False,18695,8d05b166ca62499ea2da6f109fcf0d38e4eb8f8505964add2078cb4fd246fcdf,False,,359,449,0.799554565701559,JPEG,RGB,6d1905036d9d603f97d711b8deea73f5d0feb1ba7a1a86e7af65a8a86e2063cc,119997b33e67d8597a4e246669d858ec64273599e99af0a5737a86066561d899,False,,0.17004874348640442,0.15351317822933197,0.03718341886997223,0.27526044845581055,0.13508449494838715,0.85859375,0.0,excluded,redundant_high_similarity_perceptual_duplicate,data/Testing/notumor/Te-no_322.jpg,excluded,dup_02779
data/Training/notumor/Tr-no_1306.jpg,Tr-no_1306.jpg,notumor,2,Training,False,9845,b15170faec1cda7cf01d47b472700acd098d7ea8702b6b33592d7f3a4bae7c9c,False,,200,252,0.7936507936507936,JPEG,RGB,e900c55b8e3b1c744489eb48422dbb89de5eb9b552bf8bada40c0ace1bdac300,500a17651ff4f88e7a2b96642ddd51d9cb218c577245d32ae4d22de99f4ad8a0,False,,0.2780414819717407,0.19001568853855133,0.14205782115459442,0.30821940302848816,0.46089836955070496,0.0640625,0.0013020833333333333,excluded,redundant_high_similarity_perceptual_duplicate,data/Testing/notumor/Te-no_332.jpg,excluded,dup_02694
data/Training/notumor/Tr-no_1310.jpg,Tr-no_1310.jpg,notumor,2,Training,False,11882,e7356b3c77c3b948e213b0d6c975294a448f46671ada0378127fdd90bb27c995,False,,212,238,0.8907563025210085,JPEG,RGB,567cb5202a6b84ae91ff28b52e9cae583e9370038df113e8772b29efe6dfed8f,516fd3ac6fa0a7103d135c6f746a2cd224b1e1a666c423bd930e2691c36ff34a,False,,0.3290809988975525,0.290897935628891,0.06494995951652527,0.5283347368240356,0.12293335050344467,0.06354166666666666,0.0,excluded,redundant_high_similarity_perceptual_duplicate,data/Testing/notumor/Te-no_96.jpg,excluded,dup_02828
data/Training/notumor/Tr-no_1313.jpg,Tr-no_1313.jpg,notumor,2,Training,False,7890,b8952666dd8feebb54954be18277298c7861c098e64d0063abfc5ec4a8eca2b6,False,,225,225,1.0,JPEG,RGB,a458ca1776c59e2e2f87fef1130ef1cbaa132b285d0f1e3902f4b35ee26cdaae,499299993b6966666ca4e98c36c76667339a33199339cc67c76466649c739986,False,,0.18847274780273438,0.22177115082740784,0.02042279578745365,0.4248056411743164,0.04807562381029129,0.8377604166666667,0.0,excluded,redundant_high_similarity_perceptual_duplicate,data/Testing/notumor/Te-no_157.jpg,excluded,dup_02983
data/Training/notumor/Tr-no_1314.jpg,Tr-no_1314.jpg,notumor,2,Training,False,30061,6ee6a66bde9c2bdff02b49daeceec936aa338c75df519148b7255a391d4a7c2b,False,,442,454,0.973568281938326,JPEG,RGB,30375547e9e70245ceb6b616c52b0ac80a58c47977bec4594dae485423c4ea16,43d5cb4b2d0b9cac34b44b3332f230ec33c330d3fdcc370fcb33624c320cdf34,False,,0.34833458065986633,0.31882670521736145,0.08099059760570526,0.7027497291564941,0.11524813622236252,0.00390625,0.0,excluded,redundant_high_similarity_perceptual_duplicate,data/Testing/notumor/Te-no_316.jpg,excluded,dup_02984
data/Training/notumor/Tr-no_1315.jpg,Tr-no_1315.jpg,notumor,2,Training,False,42735,f8a4175365b64fbd9d2af3c2629748d5a9758df85555c1e254d89d57783413bc,False,,630,630,1.0,JPEG,RGB,c5fc9d2f0482a12ef892add2011622685acdc641b7c1ccc5a7b3f997f03137c3,45846f1f3a5390e83938c78761a4595b66db963cb38fe593162c9b70cc799885,False,,0.22352105379104614,0.22200585901737213,0.02293607033789158,0.38711512088775635,0.05924870818853378,0.6091145833333333,0.0,excluded,redundant_high_similarity_perceptual_duplicate,data/Testing/notumor/Te-no_125.jpg,excluded,dup_02847
data/Training/notumor/Tr-no_1316.jpg,Tr-no_1316.jpg,notumor,2,Training,False,11520,b7c27d5f1a82137601cc7630779fe2aa120bd9cfd9ddf3a2607c86255de7c9f0,False,,228,221,1.0316742081447965,JPEG,RGB,4f38012a9ab4e98d17de961f81da98ff6c0f596bceec689bfee882d822198027,423d2f632dc2f0ac742d93f01cbcdac831f0cb2b30c3192733c373cc33cf333c,False,,0.16689381003379822,0.2088598906993866,0.013460989110171795,0.3365129232406616,0.04000140354037285,0.9614583333333333,0.0,excluded,redundant_high_similarity_perceptual_duplicate,data/Testing/notumor/Te-no_295.jpg,excluded,dup_02985
data/Training/notumor/Tr-no_1319.jpg,Tr-no_1319.jpg,notumor,2,Training,False,17097,e2624788382fce1d1c00840375cdd541241d61de6137e9c1c6d69f83d7c99307,False,,236,270,0.8740740740740741,JPEG,RGB,f631bc55755747637a3df7a1ed27a5f7afa25a67a407cf34bd31b853cc1ad099,1348995a54a71feb7e1c734268b5e48c67aa8a929a0928b6e2df92557bf46d41,False,,0.30719736218452454,0.21052421629428864,0.1875469982624054,0.38380342721939087,0.4886537790298462,0.00078125,0.00390625,excluded,redundant_exact_decoded_rgb_duplicate,data/Testing/notumor/Te-no_92.jpg,excluded,dup_02988
data/Training/notumor/Tr-no_1320.jpg,Tr-no_1320.jpg,notumor,2,Training,False,64566,7a7fcfb55378e4367cb3f163dc510df7e4b5f95d8fee5e4407b6ef397d56e243,False,,724,851,0.8507638072855465,JPEG,RGB,1c63eab72390f542419f7ab1ee659ca510ffe209280fa2f2c7c4fe55ce5b4ef7,15a98f8d3a567a66694ac0d838787b6664e737879999c999f29616368d22c8d9,False,,0.10763347148895264,0.13187594711780548,0.003748978953808546,0.19904834032058716,0.018834514543414116,0.9768229166666667,0.0,excluded,redundant_exact_decoded_rgb_duplicate,data/Training/notumor/Tr-no_1179.jpg,excluded,dup_02873
data/Training/notumor/Tr-no_1323.jpg,Tr-no_1323.jpg,notumor,2,Training,False,20514,998e1573bff074902cce6e790ebdf6e115477a3d574f05cac0006db26ddc795d,False,,630,630,1.0,JPEG,L,23658339a03217b3119f7579c5da94d9d7b4a840d97ffcd29e81376b6d42e2b0,43b57a73385ee5ad65e8869666d45a5a27433169d31c30e5992c8e9ed9318c36,False,,0.12306100130081177,0.15647098422050476,0.0022865603677928448,0.27098941802978516,0.00843782164156437,1.0,0.0,excluded,redundant_high_similarity_perceptual_duplicate,data/Training/notumor/Tr-no_1262.jpg,excluded,dup_02939
data/Training/notumor/Tr-no_1325.jpg,Tr-no_1325.jpg,notumor,2,Training,False,10708,f7f5a375b5aeaea2aa0d8acfa4d171684f5fa49e810006317b271ebafc7b0824,False,,214,236,0.9067796610169492,JPEG,RGB,9a404a0db304726a71d8f7fcc92219bd9b7055bc15e66a544001987679969025,008962375f764b893a2a277179659d9a30b6ce296d2d6275e0b83db4366266f6,False,,0.27133408188819885,0.22211405634880066,0.08506536483764648,0.40058884024620056,0.21235081553459167,0.2734375,0.0,excluded,redundant_high_similarity_perceptual_duplicate,data/Testing/notumor/Te-no_375.jpg,excluded,dup_02993
data/Training/notumor/Tr-no_1326.jpg,Tr-no_1326.jpg,notumor,2,Training,False,36062,c5482c04ad0af03abc08de261901fdaa6811a99ca11a270e8dc89c550e3ccdfa,False,,630,630,1.0,JPEG,RGB,8018a1102eedb74a8fbcbc83425c8849aeec6c237e2e0b84f38232b89d6393d8,43b57a73385ee5ad65e8869666d45a5a27433169d31c30e5992c8e9ed9318c36,False,,0.12313280999660492,0.15644985437393188,0.0023764297366142273,0.27113109827041626,0.008764873258769512,1.0,0.0,excluded,redundant_high_similarity_perceptual_duplicate,data/Training/notumor/Tr-no_1262.jpg,excluded,dup_02939
data/Training/notumor/Tr-no_1328.jpg,Tr-no_1328.jpg,notumor,2,Training,False,9402,5672b0b6e7650e8f8675104fddf9af6c4dad65261191c353b87d782d2cffd58f,False,,227,262,0.8664122137404581,JPEG,RGB,77ca171fe741878582595e9e42a498139cec1593a93cb6b6638ebee98f0775c9,4110c4cc2eef0f233d54dacd34027b32632d7c4a36518dab607b393d34fd6d9c,False,,0.2465592920780182,0.16985560953617096,0.05728248134255409,0.3977845311164856,0.14400379359722137,0.0010416666666666667,0.0,excluded,redundant_high_similarity_perceptual_duplicate,data/Testing/notumor/Te-no_294.jpg,excluded,dup_02995
data/Training/notumor/Tr-no_133.jpg,Tr-no_133.jpg,notumor,2,Training,False,35931,b396caa83da170f384de32368fd40ab0fbb00232e12fd2b463eddff69741af44,False,,442,442,1.0,JPEG,RGB,471430844b41c2fb1f4cd2d12005dc2a5bf69aa50479c5529547d03451bad63c,42c83b1e6d27e1b1353fe3ce30f38e1c63c88e63c3cd993d363249a249ccf234,False,,0.20736683905124664,0.21581324934959412,0.05014093220233917,0.3989688754081726,0.12567630410194397,0.0,0.0,excluded,redundant_exact_decoded_rgb_duplicate,data/Training/notumor/Tr-no_1245.jpg,excluded,dup_02925
data/Training/notumor/Tr-no_1330.jpg,Tr-no_1330.jpg,notumor,2,Training,False,28639,1180fefcd5ba2a8f43c541c3158c3d6b3edb8309eab8dc9c61f109d10d5b5050,False,,468,444,1.054054054054054,JPEG,RGB,072c47dbbcec0f4d486884695a704e113eff6ec78f543f86f0c5c9bbff9f0d6f,42bd2d522bd034af3f0f60f43f0e70d28c2c72c3cd3c32c3cc3c33cbccb0334f,False,,0.14253146946430206,0.16254378855228424,0.049809034913778305,0.2373659759759903,0.20984067022800446,0.86875,0.0,excluded,redundant_high_similarity_perceptual_duplicate,data/Testing/notumor/Te-no_31.jpg,excluded,dup_02771
data/Training/notumor/Tr-no_1336.jpg,Tr-no_1336.jpg,notumor,2,Training,False,12856,23794834130a37699051efa29c29b9af12ae94b6a65d3957d7f9ad667f9bdf0f,False,,201,251,0.8007968127490039,JPEG,RGB,5c17da48b72199e1ce8cb5908e41e98ca84d1e8a4fa7d08e33d2d837a9d5cd1a,433359d9044428ae1befcb554fd0cd4a3f81ad6b0e0d2d297c1f34b53cfe24a1,False,,0.20718970894813538,0.1724199652671814,0.11869587749242783,0.2684120535850525,0.4422151446342468,0.6434895833333333,0.0,excluded,redundant_high_similarity_perceptual_duplicate,data/Training/notumor/Tr-no_1169.jpg,excluded,dup_02864
data/Training/notumor/Tr-no_1337.jpg,Tr-no_1337.jpg,notumor,2,Training,False,10186,384faba98e97f13d58c91f82db66f2c6588b9fc1639d6498feec62604f45ec5e,False,,200,252,0.7936507936507936,JPEG,RGB,dfe2c9c39ee7c376a61899d9677d18af6e11f02c18f817432a1e3f7947e5e967,0200f0181d5f57f71aea5faa3a014e8099555e17b94e581ee96bd87aa96d5979,False,,0.2954752743244171,0.21845974028110504,0.18442504107952118,0.3841155469417572,0.48012906312942505,0.4947916666666667,0.0109375,excluded,redundant_high_similarity_perceptual_duplicate,data/Testing/notumor/Te-no_156.jpg,excluded,dup_03002
data/Training/notumor/Tr-no_1338.jpg,Tr-no_1338.jpg,notumor,2,Training,False,28967,5e74a27d2103751a8dc39c59bc9a8effacb82c3914a6fc78c2d55e3c77703f84,False,,428,417,1.026378896882494,JPEG,RGB,4e214549b5d5b8c4147c9bf6436cd0dbd120d7e05a2f6e0c7241e8a817756676,057a6a9d5a81a54b7a1fb4aa297896a179e09a6639e49e4639e29c763187cec6,False,,0.24483978748321533,0.242969810962677,0.07226409763097763,0.336877703666687,0.21451136469841003,0.8317708333333333,0.018489583333333334,excluded,redundant_high_similarity_perceptual_duplicate,data/Testing/notumor/Te-no_161.jpg,excluded,dup_03003
data/Training/notumor/Tr-no_1339.jpg,Tr-no_1339.jpg,notumor,2,Training,False,27824,de08225737a2a8a8ddda2e0684baa925356b9c0fe77585f2992a0980398c2d07,False,,393,400,0.9825,JPEG,RGB,f10e24ea0f92e9dc738e315ac69c9788c7417cc24441e60ee815362ac9536502,40cc4bcc2f5bb5333c3564cc6c329c3334db6364c8ec98ce334dd333993334dc,False,,0.22358423471450806,0.2010314017534256,0.05684538558125496,0.40859949588775635,0.13912250101566315,0.0,0.0,excluded,redundant_exact_decoded_rgb_duplicate,data/Training/notumor/Tr-no_1015.jpg,excluded,dup_02708
data/Training/notumor/Tr-no_1341.jpg,Tr-no_1341.jpg,notumor,2,Training,False,33344,edbe8c19cf555eef1c295aa167bca4cef36d6504b9119116da0f9c145b2bb8b7,False,,504,540,0.9333333333333333,JPEG,RGB,9eef6054bfa508623cf266600115dc6a4070d644dd7dcd71e356aa9614ae3b2e,16916c5c785b95e161e8cb1625a7333f629e1899b70b193196696367d3316cce,False,,0.2540737986564636,0.25625649094581604,0.0345996730029583,0.5196155309677124,0.06658706814050674,0.57734375,0.0,excluded,redundant_high_similarity_perceptual_duplicate,data/Testing/notumor/Te-no_162.jpg,excluded,dup_03006
data/Training/notumor/Tr-no_1343.jpg,Tr-no_1343.jpg,notumor,2,Training,False,16166,f9b574830e8bd289b44901ea99397d73d1d146b7c25d7e024966795180a49642,False,,442,442,1.0,JPEG,L,72f04064ccb90843429f90174a730f1c06ec93260e67480a092d8349c11d3939,17bb0e0f3e01e0f0785eb94b61683f8365a1da9f6697c96a32da64e4965a0c87,False,,0.11986132711172104,0.14080902934074402,0.003765318775549531,0.23207050561904907,0.01622489094734192,0.9989583333333333,0.0,excluded,redundant_high_similarity_perceptual_duplicate,data/Training/notumor/Tr-no_1063.jpg,excluded,dup_02759
data/Training/notumor/Tr-no_1346.jpg,Tr-no_1346.jpg,notumor,2,Training,False,7041,fa0c1c4fb6eabf57c61ae1afd2f24efd5aa69d47a6df7d468579cdee91a86c8a,False,,206,244,0.8442622950819673,JPEG,RGB,762f471e3340a7bdfd24598d65e01438764a26280d652eeaa3740df669227695,155762b05baaec5d3ab5846a6b549f2d680adb136def9a1c65ed88d231a18c4a,False,,0.21137553453445435,0.1120794489979744,0.13250307738780975,0.2567928433418274,0.5159921050071716,0.0,0.0,excluded,redundant_high_similarity_perceptual_duplicate,data/Testing/notumor/Te-no_281.jpg,excluded,dup_03010
data/Training/notumor/Tr-no_1347.jpg,Tr-no_1347.jpg,notumor,2,Training,False,6895,8a7eb14a7e419d4a71874ff2da3bf8a0e56b44d237f558720f9ad516f27b151c,False,,206,244,0.8442622950819673,JPEG,RGB,cd96050f771c184ed0df4ea663887ecba1d4bba6102a31154e2a2ab5436f24fb,155762b15baaed553ab5846a6b549f2d680adb136def9a1865ed88d231a18c4a,False,,0.2112448364496231,0.11218181997537613,0.13213950395584106,0.25668561458587646,0.5147912502288818,0.0,0.0,excluded,redundant_high_similarity_perceptual_duplicate,data/Testing/notumor/Te-no_281.jpg,excluded,dup_03010
data/Training/notumor/Tr-no_1349.jpg,Tr-no_1349.jpg,notumor,2,Training,False,25113,ed9b6842a0d0369d3525a8b78e8d7a54b64eb39efd68df8646e0c39c33454c75,False,,504,540,0.9333333333333333,JPEG,RGB,c834dc8743ed42f0c25b2b82ceb026d8bf0b555c7f749a538e6b7d6eeca32eb1,16916c5c785b91e161e8cbd625a7330fe39e1899b70b193196486367d3716cce,False,,0.1435125768184662,0.1440517157316208,0.02471303567290306,0.28948473930358887,0.0853690430521965,0.9166666666666666,0.0,excluded,redundant_high_similarity_perceptual_duplicate,data/Training/notumor/Tr-no_1118.jpg,excluded,dup_02814
data/Training/notumor/Tr-no_1350.jpg,Tr-no_1350.jpg,notumor,2,Training,False,8287,46896e51c880f82814f80ba9176c246e64c25ea3f2c8a001e6198a70f9a2418f,False,,235,214,1.0981308411214954,JPEG,RGB,c6090a91677c3bc6a876619bc20c0a91ea5d0712eba9a81731ecb4ebea800b2d,05175e887a6ae0657981655e369fa5e87a57a5a0ca781687c968ce8739e3da94,False,,0.2811442017555237,0.25072386860847473,0.05077614262700081,0.510061502456665,0.0995490625500679,0.86796875,0.0,excluded,redundant_high_similarity_perceptual_duplicate,data/Testing/notumor/Te-no_288.jpg,excluded,dup_03013
data/Training/notumor/Tr-no_1355.jpg,Tr-no_1355.jpg,notumor,2,Training,False,10526,68e4a6e2fa36af0cda6ca472fd6f94eb84b7fbc4d808032b0ebf9952727c164d,False,,227,222,1.0225225225225225,JPEG,RGB,0871d98510263c1d7b8cd7cf78190a95b3aa1921af691a08d181345e8a2ab149,057a6a9d5a81a54b7a17b4aa297896a579e09e6639e49e4639e29c763186cec6,False,,0.24606409668922424,0.24259920418262482,0.07294934242963791,0.33755648136138916,0.21611003577709198,0.83125,0.01796875,excluded,redundant_high_similarity_perceptual_duplicate,data/Testing/notumor/Te-no_161.jpg,excluded,dup_03003
data/Training/notumor/Tr-no_1356.jpg,Tr-no_1356.jpg,notumor,2,Training,False,22278,1244107d98c9a8b438a226dbed6e776517b9e2a38e1704c7dea6283f9d493758,False,,428,417,1.026378896882494,JPEG,RGB,b0d9dd3a34c6f6ab43f584336206e87642f0ddcf9532c7dd49fe0be47423dfe4,502f3fc80ed4f01e2f42e0fd7c2dc3f02cb5cb336cb18b036cb1892364d29b9b,False,,0.13904695212841034,0.14307308197021484,0.042494893074035645,0.18801605701446533,0.22601735591888428,0.8606770833333334,0.0,excluded,redundant_high_similarity_perceptual_duplicate,data/Testing/notumor/Te-no_101.jpg,excluded,dup_03018
data/Training/notumor/Tr-no_1359.jpg,Tr-no_1359.jpg,notumor,2,Training,False,11611,08f619571de6da9c1c6f14ee658eeaac3085687e6ec61183f18f579e5faa6145,False,,206,244,0.8442622950819673,JPEG,RGB,a69f72620482479e9040c5b035f71929253fad3d10b62f666ca71ebddb0b548e,15df60b15aaacc4d3eb384ee6f518f2c480adb136dee9839656c48f331b18cc8,False,,0.2797080874443054,0.2635309100151062,0.0991186797618866,0.4009593725204468,0.2472037971019745,0.8375,0.03463541666666667,excluded,redundant_high_similarity_perceptual_duplicate,data/Testing/notumor/Te-no_218.jpg,excluded,dup_03021
data/Training/notumor/Tr-no_1360.jpg,Tr-no_1360.jpg,notumor,2,Training,False,20545,25dbc9664f03a7af82b74aec6c5497cd94dc5f6f639907656725d0ac88cfd111,False,,236,269,0.8773234200743495,JPEG,RGB,d468a09e3cdd549adafc38afe79f02315720bf0c21584a9ccd0ff82fbb3cf32a,40070fe43bb8207f2fc49a35a1fc6e080f028de4b8bb6c0f66c4d6bf983f6cd2,False,,0.2748870253562927,0.2302207052707672,0.08280841261148453,0.4247271418571472,0.19496849179267883,0.6427083333333333,0.0013020833333333333,excluded,redundant_exact_decoded_rgb_duplicate,data/Training/notumor/Tr-no_1154.jpg,excluded,dup_02850
data/Training/notumor/Tr-no_1361.jpg,Tr-no_1361.jpg,notumor,2,Training,False,8950,3f486aba4804ed293276babc1ab1f3add7462c682688b5397433152be9d7139d,False,,201,250,0.804,JPEG,RGB,c4140f7a78a69957ae7a155c577b0925410a485d62e151bc02e17bc26f2851d4,0009a4721ffe47ae7a046e91687f3a0d69e6685e6999273963e961dc3d89e626,False,,0.24854952096939087,0.1853771060705185,0.048097431659698486,0.34168100357055664,0.14076706767082214,0.8278645833333333,0.0,excluded,redundant_high_similarity_perceptual_duplicate,data/Testing/notumor/Te-no_292.jpg,excluded,dup_03023
data/Training/notumor/Tr-no_1364.jpg,Tr-no_1364.jpg,notumor,2,Training,False,36452,01f6e4a3aafdaac39be8f0b8f9602f7686a5fbc9c321e65bf8b5df081fb18528,False,,630,630,1.0,JPEG,RGB,adaa5c823f5c6c3415999e2f3d80ae565f816ba6c6fc82b3e37b065e67256ad1,1699c7b26a529ec9692c3e3634e61ced36d99960c984326736733099e38bcb36,False,,0.2101031243801117,0.22584538161754608,0.048594776540994644,0.37954774498939514,0.1280333697795868,0.0,0.0033854166666666668,excluded,redundant_high_similarity_perceptual_duplicate,data/Testing/notumor/Te-no_242.jpg,excluded,dup_03026
data/Training/notumor/Tr-no_1367.jpg,Tr-no_1367.jpg,notumor,2,Training,False,8353,77c03bf0bdbf7d7f70c89b85855d4d3a299bb0bcc74f931641d9620b274e9e0b,False,,235,214,1.0981308411214954,JPEG,RGB,06b6dc1aa5be7efa7d2612bb31d98a5c717aae7b9039443541b57a2d3d20e44d,05175e887a6ae0657981655e369fa5e87a57a5a0ca781687c968ce8739e3da94,False,,0.28107622265815735,0.2505378723144531,0.05100184306502342,0.5098451375961304,0.10003399103879929,0.8682291666666667,0.0,excluded,redundant_high_similarity_perceptual_duplicate,data/Testing/notumor/Te-no_288.jpg,excluded,dup_03013
data/Training/notumor/Tr-no_1368.jpg,Tr-no_1368.jpg,notumor,2,Training,False,24181,e410709686ba34d96b64b8ddbbcf51e8bb5409b2c8918caa1a0642fe2ee7bcbf,False,,504,540,0.9333333333333333,JPEG,RGB,ab5d233a7da3230241087360c0337a81ba2a750e5f81d46bc376dc66e96a4d44,169193a1785b6e1e61e8342925a7cce0e39ee766b70be6ce96499c18d3719331,False,,0.14352406561374664,0.14403553307056427,0.024653799831867218,0.2894550561904907,0.08517315238714218,0.9221354166666667,0.0,excluded,redundant_high_similarity_perceptual_duplicate,data/Testing/notumor/Te-no_69.jpg,excluded,dup_03029
data/Training/notumor/Tr-no_137.jpg,Tr-no_137.jpg,notumor,2,Training,False,23781,662f93904d8ba56d840fc2898552e8adc95a635d368d0b1d0f6bd41a28738722,False,,468,444,1.054054054054054,JPEG,RGB,03288f3731402ab8b8be298d965d0a719189dbf81d1d38335e975196fe7fcfcd,42bdd2ad2bd0cb503f0f9f0b3f0e8f2d8c2c8d3c8d3ccd3c4c3ccc34ccb0ccb0,False,,0.1425802856683731,0.1625061333179474,0.05000102519989014,0.23728938400745392,0.21071749925613403,0.8661458333333333,0.0,excluded,redundant_high_similarity_perceptual_duplicate,data/Testing/notumor/Te-no_187.jpg,excluded,dup_03031
data/Training/notumor/Tr-no_1370.jpg,Tr-no_1370.jpg,notumor,2,Training,False,5596,59050685601147d937789be7d96a7077bd2262f66146d0b1c72910d6fc14a53d,False,,173,201,0.8606965174129353,JPEG,RGB,0973965598951d736455f0a30731f06ffaf87d2fa9e2625aa2c52786a9a08acc,4133bccf3eea472c7a14788370cae4318f3e2f1c790ce0c748fb867335349f0c,False,,0.18366628885269165,0.15679949522018433,0.022448938339948654,0.3477931618690491,0.06454680860042572,0.8721354166666667,0.0,excluded,redundant_high_similarity_perceptual_duplicate,data/Testing/notumor/Te-no_139.jpg,excluded,dup_02774
data/Training/notumor/Tr-no_1371.jpg,Tr-no_1371.jpg,notumor,2,Training,False,12082,14c87d2077e57a62532215c91e53e34ed51f6a784f5750a917ef91852d2ce9dc,False,,201,251,0.8007968127490039,JPEG,RGB,bc0fe6c98ad4288dda1d668c193b27bf73cef0870122068c9e8fd5d2542aa4a8,54ccd2e64b328d0c2f13713b3c0d2db931f260fc3ccf85f0272fd35330b48dcc,False,,0.2973889112472534,0.25326159596443176,0.06670139729976654,0.4631922245025635,0.1440037041902542,0.7333333333333333,0.0,excluded,redundant_high_similarity_perceptual_duplicate,data/Testing/notumor/Te-no_11.jpg,excluded,dup_03032
data/Training/notumor/Tr-no_1375.jpg,Tr-no_1375.jpg,notumor,2,Training,False,12315,49162a07e2f8acbe34d48d550a1cb52fd3c916136d7d4988e4d0db5595aaee47,False,,201,251,0.8007968127490039,JPEG,RGB,3d0ad6db823a1a780bdc5925fb147e4328e5fbd0a14fddf06764eacfd82bf6bb,119987b31e67d8597a4e246e69587cec64a735a9699ad0a5727a860665e1d8d9,False,,0.29800641536712646,0.25291651487350464,0.06722120195627213,0.4636393189430237,0.14498598873615265,0.7065104166666667,0.0,excluded,redundant_high_similarity_perceptual_duplicate,data/Testing/notumor/Te-no_35.jpg,excluded,dup_03036
data/Training/notumor/Tr-no_1376.jpg,Tr-no_1376.jpg,notumor,2,Training,False,26126,9d7027d104a627826433f73f6697d5f4c6a18d5f9a07f87c221798f544f81e81,False,,393,400,0.9825,JPEG,RGB,a787802c2c36bb52b8a6628743a8caf31a7bd4b0e7e5256a50eee185b7782c5a,40cc4bcc2f4bb5333c3564cc6c329cb334db6364c8ec98ce330dd333993734dc,False,,0.22311988472938538,0.2068762481212616,0.05688010901212692,0.4024730324745178,0.14132651686668396,0.00390625,0.0,excluded,redundant_high_similarity_perceptual_duplicate,data/Training/notumor/Tr-no_1015.jpg,excluded,dup_02708
data/Training/notumor/Tr-no_1379.jpg,Tr-no_1379.jpg,notumor,2,Training,False,29015,84b2155377f2b5ec87d3988642b885d5b6249e7907486184ac311e15a8a599a9,False,,442,442,1.0,JPEG,RGB,5361c8fc734c2b04b79eff61cc49913fda3a6568008d8575d4e097a77a123398,17bb0e0f3e01e0f0785eb94b61683f8365a1da9f6697c96a32da64e4965a0c87,False,,0.11974236369132996,0.1409275084733963,0.0036785132251679897,0.23210498690605164,0.015848487615585327,0.9994791666666667,0.0,excluded,redundant_high_similarity_perceptual_duplicate,data/Training/notumor/Tr-no_1063.jpg,excluded,dup_02759
data/Training/notumor/Tr-no_1380.jpg,Tr-no_1380.jpg,notumor,2,Training,False,51267,537e7ad0a496f23042626741b362e936fc711da2aa25d4c5ce628d03bf4109cb,False,,494,600,0.8233333333333334,JPEG,RGB,3b8a9f2899ac9fb97e6667b932d2bce561400f0df5a0e16071b6b3357cd4f346,555405fb0aabfe646acdf0006b5d606e2d68713f699899dd332263b624e3b19a,False,,0.3631244897842407,0.15799731016159058,0.20867544412612915,0.44457048177719116,0.46938663721084595,0.0,0.0,excluded,redundant_exact_decoded_rgb_duplicate,data/Training/notumor/Tr-no_1109.jpg,excluded,dup_02805
data/Training/notumor/Tr-no_1381.jpg,Tr-no_1381.jpg,notumor,2,Training,False,29674,92798602663bb77a4849b098abede41c448e235b74d9c34f14424d3046619748,False,,630,630,1.0,JPEG,L,a267aa8d15490ecb7b8ed417ab08f507c9dc766c42b45077ca005731a6dd0720,16e03f2e6d0bf0f830bddbc333814d0f7216243c864965b1cc7993cb8c65d967,False,,0.21632200479507446,0.2685001492500305,0.00367749179713428,0.4855392277240753,0.007574036251753569,0.9958333333333333,0.0,excluded,redundant_high_similarity_perceptual_duplicate,data/Testing/notumor/Te-no_248.jpg,excluded,dup_03040
data/Training/notumor/Tr-no_1382.jpg,Tr-no_1382.jpg,notumor,2,Training,False,14907,ced1f6dc23395c225b054892148e05199b79c670894f000606f1a6ffe32f5a8b,False,,276,326,0.8466257668711656,JPEG,RGB,410f6a24b8f1bca90f9b77969da94cde4f912cae2ae2b0e6704fd082ef5b0c97,549308e44bccb78c0d334913373c342278c468ff349a37f16b0f72ccb4fd970b,False,,0.2696516513824463,0.26664045453071594,0.061077412217855453,0.3959922790527344,0.15423889458179474,0.8190104166666666,0.0,excluded,redundant_high_similarity_perceptual_duplicate,data/Training/notumor/Tr-no_1164.jpg,excluded,dup_02859
data/Training/notumor/Tr-no_1383.jpg,Tr-no_1383.jpg,notumor,2,Training,False,33378,24d874e516a3da5ce8ada80135a0a62c8474538f72f098ad9d3e7ff794595f35,False,,442,442,1.0,JPEG,RGB,76f30c7bd4b7a59a10b90e5c6209c5645c218a3bf4c9b6a906320056b86e4dc8,178d7a5b7873a5a1687e978c61e4cb1434849e16e3cf985b32126d31269ec9e9,False,,0.2108590006828308,0.211952805519104,0.04404003545641899,0.3901166319847107,0.11288940906524658,0.00026041666666666666,0.0,excluded,redundant_exact_decoded_rgb_duplicate,data/Training/notumor/Tr-no_138.jpg,excluded,dup_03039
data/Training/notumor/Tr-no_1385.jpg,Tr-no_1385.jpg,notumor,2,Training,False,58801,dc811fda9f7bc3506f21d4094da84c5e3a81d3878b28967b830536fda342a33e,False,,630,630,1.0,JPEG,RGB,61c5fd896dd1ce468ea2e3fb479ec7af66bf68c0e3edb88f18d35691620c3cbb,10d17a4a6b06c5bd6d6d92d234f14c0e338ecb69e69a98e66379cc25992ecdd0,False,,0.12605196237564087,0.1268633008003235,0.01318525243550539,0.21625211834907532,0.06097166985273361,0.7190104166666667,0.0,excluded,redundant_high_similarity_perceptual_duplicate,data/Testing/notumor/Te-no_344.jpg,excluded,dup_02734
data/Training/notumor/Tr-no_1386.jpg,Tr-no_1386.jpg,notumor,2,Training,False,8883,51dd3cfab8c5fd3f9222390f595f9559d5d7ba2c8469a01e7c4e74bc3e6691f5,False,,225,225,1.0,JPEG,RGB,5072bfa179b100b65402a66591c689ae711d85017bfd72b30b1f9aeeffbdbcf5,46ff4b333bc094ec313f16c3e1bc4998e6c434e0c78761b49e1b2697cc6922da,False,,0.14538359642028809,0.1806747019290924,0.045184843242168427,0.2939673364162445,0.15370701253414154,0.8372395833333334,0.0,excluded,redundant_high_similarity_perceptual_duplicate,data/Testing/notumor/Te-no_104.jpg,excluded,dup_03042
data/Training/notumor/Tr-no_1387.jpg,Tr-no_1387.jpg,notumor,2,Training,False,7480,c87ac0be7cb4716bca03b19476d0c76211a89091694922d833682205e2871ebc,False,,206,244,0.8442622950819673,JPEG,RGB,c8ad66db83f48c991278b7098f11606c2b72d6689e7a1bb8f8d855fb29cd2c49,15579d0c5baa12a23ab57a916f556052680a24ec6def65e365ed770d31a13335,False,,0.21111464500427246,0.11223585158586502,0.1322794258594513,0.2564548850059509,0.5157999992370605,0.0,0.0,excluded,redundant_high_similarity_perceptual_duplicate,data/Testing/notumor/Te-no_239.jpg,excluded,dup_03043
data/Training/notumor/Tr-no_1388.jpg,Tr-no_1388.jpg,notumor,2,Training,False,9599,faf2482250fb25cdbf4134be6a724aa4cd46f7035d58ed540c81a1b0fef916f8,False,,236,213,1.107981220657277,JPEG,RGB,7df781201cfa2a01b29c821690fbe45ffd1b393f5ad6d70295bc361a37641066,4aabd2d82d104f093c2b4c3f34fd45eca6d44cb6c0d231b2f4cb30d3bcc333cd,False,,0.3512556552886963,0.3312569856643677,0.1191401258111,0.7252211570739746,0.16428110003471375,0.5010416666666667,0.03411458333333333,excluded,redundant_high_similarity_perceptual_duplicate,data/Training/notumor/Tr-no_1009.jpg,excluded,dup_02701
data/Training/notumor/Tr-no_1389.jpg,Tr-no_1389.jpg,notumor,2,Training,False,8015,c3c288a174cbc69b5bba653fddc67c3f16cb1915be24442611d36929e695cd5b,False,,228,221,1.0316742081447965,JPEG,RGB,538129259fe8d900e5a067052308fcacff73acd62ec6fc4be86b474d905b97c0,17687a367897a5f92178c6a549e18f9d64a5967665964c7226962699669a6669,False,,0.1675635278224945,0.20820313692092896,0.013788806274533272,0.33684131503105164,0.040935613214969635,0.96015625,0.0,excluded,redundant_high_similarity_perceptual_duplicate,data/Testing/notumor/Te-no_299.jpg,excluded,dup_03044
data/Training/notumor/Tr-no_139.jpg,Tr-no_139.jpg,notumor,2,Training,False,37242,c84a66636fe92271311d54bef432765ec45aadb216ede8770c5f4688d9bd4c17,False,,630,630,1.0,JPEG,RGB,f156d4874f132f58bdb978b33cafc8eea4f29c9cf3d86640a91d24c4e1beccd3,43cc92e63f07cb9c38794b6361b349b8638c4c3590d16732632665ccb6de9e63,False,,0.21010002493858337,0.22586847841739655,0.04860294610261917,0.37956783175468445,0.1280481219291687,0.0,0.0033854166666666668,excluded,redundant_high_similarity_perceptual_duplicate,data/Testing/notumor/Te-no_258.jpg,excluded,dup_03045
data/Training/notumor/Tr-no_1392.jpg,Tr-no_1392.jpg,notumor,2,Training,False,14368,17bd1588f84aafbccb846c974ae1f24cef5ce6f0fc0f32a4417af50bfe9f52cd,False,,201,251,0.8007968127490039,JPEG,RGB,a5272b5493f9f7e33ff3eb7a33d04e4eb0dd185cda3c89a5a5dabcf0da36d2a9,119997b31e67d8597a4e246679585cec64273599e99af0a5737a86066561d899,False,,0.17236879467964172,0.16031157970428467,0.03786560520529747,0.27539828419685364,0.13749398291110992,0.8609375,0.0,excluded,redundant_high_similarity_perceptual_duplicate,data/Testing/notumor/Te-no_322.jpg,excluded,dup_02779
data/Training/notumor/Tr-no_1396.jpg,Tr-no_1396.jpg,notumor,2,Training,False,7708,4e64b29b7ca606c525409384c4b947ebf415bcd065bd739f1f95c2e74b261046,False,,218,231,0.9437229437229437,JPEG,RGB,89576d77414ae0434baf2369cd540c8abad4d0f3f130b4582fcc4a016395aa4d,53326b332fef254c3f00948a3ccdb0bd303562f039d2234371cbc34f8f0fca4f,False,,0.21879428625106812,0.20226112008094788,0.03230086341500282,0.383592814207077,0.08420611917972565,0.9171875,0.0,excluded,redundant_high_similarity_perceptual_duplicate,data/Testing/notumor/Te-no_176.jpg,excluded,dup_03051
data/Training/notumor/Tr-no_1399.jpg,Tr-no_1399.jpg,notumor,2,Training,False,8683,06b29e3d2fae28dad1e139950a7cbe2a5a688568d89ca92c82d9fada127a9df3,False,,215,234,0.9188034188034188,JPEG,RGB,0ac9def2c04b9d137b3f94e8ac34047f4e096f7604a97a06175a92eb3bcf9a80,502f1bd02fd4f40f3d0a427f34bd4dc030f4378333d26c8f634b661fc30d363c,False,,0.2179189771413803,0.20246955752372742,0.04217831417918205,0.36921626329421997,0.11423742026090622,0.23072916666666668,0.0,excluded,redundant_high_similarity_perceptual_duplicate,data/Testing/notumor/Te-no_199.jpg,excluded,dup_03054
data/Training/notumor/Tr-no_14.jpg,Tr-no_14.jpg,notumor,2,Training,False,26202,76d577713f1cf4414f780058f2079f7e6446aba86e89a86d7dd36401ca79a727,False,,442,442,1.0,JPEG,RGB,1b62290fb1ee08352420d35d2f095db1b3b940fc62497dd2883ebb87f87593af,4ee439263d1bc6d930b4cdb636d09a4fc3933ccc324dcf34674c90e29b346cc3,False,,0.1848965734243393,0.22035916149616241,0.02448427304625511,0.4610859453678131,0.0531013198196888,0.9153645833333334,0.0,excluded,redundant_high_similarity_perceptual_duplicate,data/Training/notumor/Tr-no_1140.jpg,excluded,dup_02837
data/Training/notumor/Tr-no_1400.jpg,Tr-no_1400.jpg,notumor,2,Training,False,15092,2cd1096a6415c70403948e7aaac0694451619850a4ce545b4f9134b06401248b,False,,208,278,0.7482014388489209,JPEG,RGB,ba0d4f1a2fb55b6c136c42c96d9a9fd2964e8f6841a2a8867f31ef850e94969b,16016b606dfeb79c7aa09c676995f27a8e6695a661a80e65198a639b7665c60e,False,,0.33857566118240356,0.2050004005432129,0.15115809440612793,0.5362783670425415,0.2818650007247925,0.0,0.0,excluded,redundant_exact_decoded_rgb_duplicate,data/Training/notumor/Tr-no_1077.jpg,excluded,dup_02773
data/Training/notumor/Tr-no_141.jpg,Tr-no_141.jpg,notumor,2,Training,False,8829,158d04e6d973c091b89089703626b1eb39b0ebc73d43356b6cb1524f89b28a4b,False,,230,282,0.8156028368794326,JPEG,RGB,631d9584533f3299b6d0880d479a314c22104312ee64fd4863f8882317da5f56,017a6b313ba1b04e6c5c91ea307ac68563cc9e56c7d39b5a930fcb2c9b2f3861,False,,0.21470949053764343,0.18993310630321503,0.03226000815629959,0.3737764358520508,0.0863083004951477,0.15833333333333333,0.0,excluded,redundant_high_similarity_perceptual_duplicate,data/Training/notumor/Tr-no_1125.jpg,excluded,dup_02822
data/Training/notumor/Tr-no_142.jpg,Tr-no_142.jpg,notumor,2,Training,False,9886,ee497f653c46ea86b561d7c82aa3de3ceb9bf58613463cc41d8862e3b8500be1,False,,225,225,1.0,JPEG,RGB,f4eba5c7afa9740e918690970fab337cd59754602cc9edce91df6fc6bb264716,13ae1e666c11c1b9646a1216b4e91cc8939161b792d636e7cb4e73c29b39378f,False,,0.24496904015541077,0.2875624895095825,0.07277370244264603,0.5269588828086853,0.13810129463672638,0.8385416666666666,0.0015625,excluded,redundant_high_similarity_perceptual_duplicate,data/Training/notumor/Tr-no_118.jpg,excluded,dup_02874
data/Training/notumor/Tr-no_143.jpg,Tr-no_143.jpg,notumor,2,Training,False,37063,88283a8a739658a94aee30a2b076a7562724d5bb90dc4969f613072adb761655,False,,630,630,1.0,JPEG,RGB,c846fe8f585b13ceafdd67e4d8ae53d0d2dc434c26e8e91208617915e3a1aa7d,43cc92e63f07cb9c38796b2361b349b8638ccc3590d16632632665ccb6de9e63,False,,0.21007990837097168,0.22590510547161102,0.048588648438453674,0.37948358058929443,0.12803886830806732,0.0,0.0033854166666666668,excluded,redundant_high_similarity_perceptual_duplicate,data/Testing/notumor/Te-no_258.jpg,excluded,dup_03045
data/Training/notumor/Tr-no_145.jpg,Tr-no_145.jpg,notumor,2,Training,False,28739,ae6286c9c96c4ffdf341ea4225bad64f222fdce3992bcf82de500dda991273b9,False,,428,417,1.026378896882494,JPEG,RGB,d873aee7f0be4a7b8ebc930b518648914c7b1838d129146ee2688b13cd97fb98,502f3fc80ed4f01e2f4ae0ff7c2dc3f02cb5cb336cb18b1268b3892360d29b93,False,,0.2446904182434082,0.2430301010608673,0.07205780595541,0.33691883087158203,0.21387289464473724,0.8354166666666667,0.01796875,excluded,redundant_high_similarity_perceptual_duplicate,data/Testing/notumor/Te-no_129.jpg,excluded,dup_02888
data/Training/notumor/Tr-no_146.jpg,Tr-no_146.jpg,notumor,2,Training,False,10321,7779387d140bce1db722f1c938c6597dd716c7730fd5f904b7723ee7bdaee886,False,,194,259,0.749034749034749,JPEG,RGB,92c7af8a22d0e91a6d15916ef782febc6b24acee4fe18bef1f5b7969995d5d31,577fcc662ee8e79168051919287ab13eb9ac38e071e11969a78739e3f292e494,False,,0.33647677302360535,0.297037273645401,0.1029115691781044,0.5676547288894653,0.1812925487756729,0.7880208333333333,0.032552083333333336,excluded,redundant_high_similarity_perceptual_duplicate,data/Testing/notumor/Te-no_219.jpg,excluded,dup_03057
data/Training/notumor/Tr-no_147.jpg,Tr-no_147.jpg,notumor,2,Training,False,8717,bb9c025c5eb356f3320db5c35e8d2b0ce4489ca23cb78b5c9735d33db6ed6d61,False,,236,236,1.0,JPEG,RGB,b6a3d8bc8574a6b5c29d31d175334acc946be065b97562d61f430f50a9927c2a,42f43d2b0d0170b63c3ef3c8c925cb07ccb6ce1e3cd2324d31c3332c73c7cf34,False,,0.2222909927368164,0.3104912340641022,0.07136233896017075,0.4157284200191498,0.17165614664554596,0.9229166666666667,0.05963541666666667,excluded,redundant_exact_decoded_rgb_duplicate,data/Testing/notumor/Te-no_167.jpg,excluded,dup_03058
data/Training/notumor/Tr-no_149.jpg,Tr-no_149.jpg,notumor,2,Training,False,7561,13b6227c7aa1df2940de091d9b5a0287feb6236d775ae3a1d38737f759aab821,False,,150,198,0.7575757575757576,JPEG,RGB,1d2f6dcb09694b6f13d32fd5e8ff4aa47d95e277b78c9510ec371070d8f594cf,13ddeddd1903802012aa45fe0a95def6cb17cbc4495a9fc34d229e0b6d238e1f,False,,0.36853891611099243,0.26987743377685547,0.2736152112483978,0.41458332538604736,0.6599764227867126,0.4153645833333333,0.1203125,excluded,redundant_high_similarity_perceptual_duplicate,data/Testing/notumor/Te-no_300.jpg,excluded,dup_02820
data/Training/notumor/Tr-no_151.jpg,Tr-no_151.jpg,notumor,2,Training,False,7119,16d05c87bffe4fdd3313816728a6bcd3dbf3fa69a337a261937bffff184828dc,False,,200,252,0.7936507936507936,JPEG,RGB,ef7f449ca52787e27eefd753ecce198928b218197eb8c49afd5853877b3705e8,51555a22480aed5d4fbff5006e54e42acc00f4bdec1bf2b4bc3e62d0f838f3c2,False,,0.2947622537612915,0.2191484123468399,0.181753471493721,0.38420554995536804,0.4730631113052368,0.5330729166666667,0.011458333333333333,excluded,redundant_high_similarity_perceptual_duplicate,data/Testing/notumor/Te-no_1.jpg,excluded,dup_03062
data/Training/notumor/Tr-no_152.jpg,Tr-no_152.jpg,notumor,2,Training,False,18447,4453e2325932d861c16712a4d73303de901666016822b57ac92067674b39b931,False,,359,449,0.799554565701559,JPEG,RGB,538fdcb3fea6f8fc75c63d2210553787353c391e5e822a2635d3e5da760c7fff,1199684c3e6727a66a4edb996958a7136427ca66e99a0f5a727879f925602766,False,,0.17005233466625214,0.1535053700208664,0.037204865366220474,0.27519533038139343,0.13519439101219177,0.85859375,0.0,excluded,redundant_high_similarity_perceptual_duplicate,data/Testing/notumor/Te-no_62.jpg,excluded,dup_02827
data/Training/notumor/Tr-no_154.jpg,Tr-no_154.jpg,notumor,2,Training,False,10979,840e12a9d0fc509d61fab11db74d1716234312bd96939b632e19b8f102ace3cf,False,,225,225,1.0,JPEG,RGB,781ebd69fb2ad336262013ce025af651be119a91600b16bff2c8cc3309c22ae8,07a96a5e7e173169787697a56878c69634e3661e31299e5c31a59b7809a69c71,False,,0.18985165655612946,0.224628284573555,0.027302904054522514,0.3869858682155609,0.07055271416902542,0.9591145833333333,0.011197916666666667,excluded,redundant_high_similarity_perceptual_duplicate,data/Testing/notumor/Te-no_134.jpg,excluded,dup_02896
data/Training/notumor/Tr-no_156.jpg,Tr-no_156.jpg,notumor,2,Training,False,32146,84acb850a9c5348cd00623122246c83dffd727e007aedc1d484e39d06e784c6f,False,,355,452,0.7853982300884956,JPEG,RGB,1dc624a100ae24033f564a65993ed27277e5174627744e57e97139cb8bc0b75d,05fa96a47a05995a685e5a6264e8685931e169a1f98f3785db66669f37998658,False,,0.23307698965072632,0.17810997366905212,0.04882659390568733,0.38577666878700256,0.12656699120998383,0.12838541666666667,0.0,excluded,redundant_exact_decoded_rgb_duplicate,data/Training/notumor/Tr-no_1289.jpg,excluded,dup_02962
data/Training/notumor/Tr-no_158.jpg,Tr-no_158.jpg,notumor,2,Training,False,21153,1e9a68698f333ad8cf041620d3b9ecdfccc60154aa5adf215dc047b1ce16a8ef,False,,400,442,0.9049773755656109,JPEG,RGB,a391d461fa97b509122a0cfe19e66042cd76b24c563fbf7f8c4945d05c30eaa9,53f26fce2f0fb13530fc92c266e29c2dc2cdc3909f320f0e6071d8dd32878da8,False,,0.19297641515731812,0.16488432884216309,0.040820058435201645,0.38156211376190186,0.10698142647743225,0.016145833333333335,0.0,excluded,redundant_high_similarity_perceptual_duplicate,data/Testing/notumor/Te-no_245.jpg,excluded,dup_03066
data/Training/notumor/Tr-no_16.jpg,Tr-no_16.jpg,notumor,2,Training,False,5760,6c2c4fcb9923392d2c2f6daeeb71897ef36e64ae54a1289136f07cdf079a0e1c,False,,173,201,0.8606965174129353,JPEG,RGB,79d20c268a3fb85003a1837598c600a4d1e02c021faab9529518e74b72d49fa7,1466e99a6abf12792f412dd6259fb164da6a7a092c59b5921daed32e6061ca59,False,,0.18362367153167725,0.15681800246238708,0.02238868735730648,0.3476983904838562,0.0643911138176918,0.875,0.0,excluded,redundant_high_similarity_perceptual_duplicate,data/Testing/notumor/Te-no_296.jpg,excluded,dup_02772
data/Training/notumor/Tr-no_160.jpg,Tr-no_160.jpg,notumor,2,Training,False,21051,6ba1c1f8fd72214b603ab1b654d8a01b36c4e903226b58190da2f614eb348077,False,,400,442,0.9049773755656109,JPEG,RGB,bb556200f9b4b304f26505c1e14238184ef52c4e774498e047cfb6bb581c219d,53f290312f0b4eca30fc6d3d66e263d2c2cd3c6f9f32f0f16071272032877257,False,,0.19304487109184265,0.16480125486850739,0.04096303507685661,0.38152286410331726,0.10736718028783798,0.0078125,0.0,excluded,redundant_high_similarity_perceptual_duplicate,data/Testing/notumor/Te-no_307.jpg,excluded,dup_03068
data/Training/notumor/Tr-no_162.jpg,Tr-no_162.jpg,notumor,2,Training,False,42331,76fed85a9d67e5a53edc77a0e9bf18c9a7aaf09998e3bebaabdb91797b94eb4a,False,,550,664,0.8283132530120482,JPEG,RGB,356f2ed29d3f2d34ecf4941e82e13e59a7e229907858d91b9390684166fa9891,07dc72997a21a5e46817dc3a697a49e1e5a1a595e687b3d2369f261b261c5869,False,,0.341672420501709,0.2872556447982788,0.07863766700029373,0.627849280834198,0.12524928152561188,0.13359375,0.0,excluded,redundant_high_similarity_perceptual_duplicate,data/Training/notumor/Tr-no_1358.jpg,excluded,dup_03020
data/Training/notumor/Tr-no_165.jpg,Tr-no_165.jpg,notumor,2,Training,False,12856,23794834130a37699051efa29c29b9af12ae94b6a65d3957d7f9ad667f9bdf0f,False,,201,251,0.8007968127490039,JPEG,RGB,5c17da48b72199e1ce8cb5908e41e98ca84d1e8a4fa7d08e33d2d837a9d5cd1a,433359d9044428ae1befcb554fd0cd4a3f81ad6b0e0d2d297c1f34b53cfe24a1,False,,0.20718970894813538,0.1724199652671814,0.11869587749242783,0.2684120535850525,0.4422151446342468,0.6434895833333333,0.0,excluded,redundant_high_similarity_perceptual_duplicate,data/Training/notumor/Tr-no_1169.jpg,excluded,dup_02864
data/Training/notumor/Tr-no_168.jpg,Tr-no_168.jpg,notumor,2,Training,False,18352,8c7a08207a2f8e5bf03ed590b3a482491a6abeb9b233a40604f3422065424112,False,,236,236,1.0,JPEG,RGB,47a5c9013cd67133b1b5704b2d6f3eedb4fd39d7cb858af17c00c01195f5abbf,15a98b426eb53811295ae45f6148396c2d6be5a169a530b77716c58766de769a,False,,0.3235505223274231,0.30020108819007874,0.04761029779911041,0.5383932590484619,0.08843033760786057,0.7427083333333333,0.0,excluded,redundant_high_similarity_perceptual_duplicate,data/Training/notumor/Tr-no_1394.jpg,excluded,dup_03049
data/Training/notumor/Tr-no_17.jpg,Tr-no_17.jpg,notumor,2,Training,False,11761,bd5b12c433485230720aa33032e1f6bd089702090481d7e56dccfa43435d6950,False,,212,222,0.954954954954955,JPEG,RGB,0547127ed82738d1bede4e6788a241ec6a9ce332133ea540eedce4cf3f7a7fd9,05747e857a82a15d7a5d276a69f835a561e066976587361e3786925a66199a79,False,,0.22903192043304443,0.20474892854690552,0.05578738451004028,0.3697504997253418,0.15087845921516418,0.19817708333333334,0.0036458333333333334,excluded,redundant_exact_decoded_rgb_duplicate,data/Training/notumor/Tr-no_1395.jpg,excluded,dup_03050
data/Training/notumor/Tr-no_175.jpg,Tr-no_175.jpg,notumor,2,Training,False,9018,da403175d7fad140cfc7f2026fdc171a6a23a10c19cea69b522d3eeb757be19a,False,,225,225,1.0,JPEG,RGB,9fd03dbe6963acebb7efb50d8bf7a18a1ff7e3c06aeb292acb981ddd171201fd,43cc92e73f07cb9c38796b2361b349b8638c4c3594c16632632665ccb6de9e63,False,,0.2101643979549408,0.22519777715206146,0.049141135066747665,0.3788105249404907,0.12972484529018402,0.0049479166666666664,0.0036458333333333334,excluded,redundant_high_similarity_perceptual_duplicate,data/Testing/notumor/Te-no_258.jpg,excluded,dup_03045
data/Training/notumor/Tr-no_176.jpg,Tr-no_176.jpg,notumor,2,Training,False,8743,35eedef6d88044cc5e8e4fcd5cc17cd082618c64f04b98de57f85b85381d2bb6,False,,225,225,1.0,JPEG,RGB,c96f240cc971f7cccb116c5e57c01d20a08b807cf984f88ca647d1ed3fda3cad,1699384d6a526136692cc18934e6e31236d9669fcd94cd983673cf66f38b34c9,False,,0.21012179553508759,0.22530481219291687,0.049116626381874084,0.3789924383163452,0.12959790229797363,0.0018229166666666667,0.0036458333333333334,excluded,redundant_high_similarity_perceptual_duplicate,data/Training/notumor/Tr-no_1023.jpg,excluded,dup_02717
data/Training/notumor/Tr-no_177.jpg,Tr-no_177.jpg,notumor,2,Training,False,9867,0790454183ebd29490578919e0dc9d91909bd39679b70cd1aba0ba3e5f61e160,False,,420,280,1.5,JPEG,RGB,21a15c8e6781d5b4d3aeaba60d4ff2208e34e01b8a5ffed1189f0ae3c580d49b,4e1e9326386149693493cd3567cee792334a2c99339d86333278674b33617dcd,False,,0.15481053292751312,0.2042366862297058,0.013047386892139912,0.38860198855400085,0.03357519209384918,0.9575520833333333,0.0,excluded,redundant_high_similarity_perceptual_duplicate,data/Testing/notumor/Te-no_111.jpg,excluded,dup_03080
data/Training/notumor/Tr-no_178.jpg,Tr-no_178.jpg,notumor,2,Training,False,15257,d7c5a293e3a869733e2f0ed4ec4e1afe1426444e61303c17e07141b7c5932f21,False,,339,340,0.9970588235294118,JPEG,RGB,63ff42fcd42a3c25130ae794044f980472d3b43806a4d385cd63a803d6070068,5bcc2c7d7d23f1f375ccd7cc21d2ff0a22d8dd218871a8b0a32788c38ccca332,False,,0.12994074821472168,0.16602614521980286,0.030893590301275253,0.30463773012161255,0.10141091048717499,0.8859375,0.0,excluded,redundant_high_similarity_perceptual_duplicate,data/Training/notumor/Tr-no_1216.jpg,excluded,dup_02904
data/Training/notumor/Tr-no_18.jpg,Tr-no_18.jpg,notumor,2,Training,False,10365,3780abe010fcbb94ea719d0b01278f42e93c9f838644b4463cc0f57bdebb152b,False,,225,225,1.0,JPEG,RGB,1b957fdfd47542dee7722394124a64a092ba463b15e60a1e172dffb034d0cf56,479492e33f074b9c3879c96b61b24929639c6c31b0d967b06726658eb6d698d3,False,,0.3383520841598511,0.31419768929481506,0.08382965624332428,0.6247664093971252,0.13417759537696838,0.00026041666666666666,0.00625,excluded,redundant_high_similarity_perceptual_duplicate,data/Training/notumor/Tr-no_1283.jpg,excluded,dup_02956
data/Training/notumor/Tr-no_182.jpg,Tr-no_182.jpg,notumor,2,Training,False,21948,19fc54500270852f25cfdded6c115994af103593746b527ab354680697fa31bf,False,,428,417,1.026378896882494,JPEG,RGB,52c47879dce5dca243041ae92e400618e1e25547326a1a02eb605fb56126ee7a,057a95625f815ab57a174a57297a695a79e0619939e461b93de6638935873139,False,,0.13896819949150085,0.14319811761379242,0.04239685460925102,0.18801510334014893,0.2254970669746399,0.8614583333333333,0.0,excluded,redundant_high_similarity_perceptual_duplicate,data/Testing/notumor/Te-no_175.jpg,excluded,dup_03084
data/Training/notumor/Tr-no_187.jpg,Tr-no_187.jpg,notumor,2,Training,False,7900,c147c084cf14afcea5ea73fb631b934a52626df039f6c43f08f9c17c94c683fa,False,,225,225,1.0,JPEG,RGB,99520607899437a0111c21ae60d6500100d415546f9cbc148cd230acce4f1e9c,12e5324b6f16c5b5642d92d230f10c1e338ec365c79b38c6c2793e779d266d98,False,,0.2539239823818207,0.3160093426704407,3.574346919776872e-05,0.4680769443511963,7.636238296981901e-05,1.0,0.0,excluded,redundant_high_similarity_perceptual_duplicate,data/Testing/notumor/Te-no_339.jpg,excluded,dup_02700
data/Training/notumor/Tr-no_188.jpg,Tr-no_188.jpg,notumor,2,Training,False,6523,e89b26e1115b48189869aaf3a7d3272fc90268ac400a2b36728cb106d9867858,False,,225,225,1.0,JPEG,RGB,be28d65cafce94e13329b7f8f697a7e00cb6fd30a42bca640c9dcd21ac95f455,13aa1e666e95c1b9646a4396b4e91cc9b39160b792d234e1cb4e73c2993c378f,False,,0.14379620552062988,0.18194200098514557,0.04285641387104988,0.2935020327568054,0.1460174322128296,0.84765625,0.0,excluded,redundant_high_similarity_perceptual_duplicate,data/Testing/notumor/Te-no_238.jpg,excluded,dup_03089
data/Training/notumor/Tr-no_19.jpg,Tr-no_19.jpg,notumor,2,Training,False,76351,4cfec6cb822f28e3e61f07804637656fa1545a67e0c6e54f38cfea363c33e35c,False,,428,417,1.026378896882494,JPEG,RGB,7c650c0b3a544e57c66fee1f59ce7fd9ab298e3a31570b9495cd6507437f5557,057a6a9d5b81a54a7a17b5a8297896a579e09e6639e49e4639e09c763187cec6,False,,0.13892391324043274,0.14324787259101868,0.04232332855463028,0.18810127675533295,0.22500288486480713,0.8611979166666667,0.0,excluded,redundant_high_similarity_perceptual_duplicate,data/Testing/notumor/Te-no_24.jpg,excluded,dup_02795
data/Training/notumor/Tr-no_191.jpg,Tr-no_191.jpg,notumor,2,Training,False,28313,7087d682b94b0a82180650da2e29a129588f3e6a479fe942783cb5cd99708941,False,,380,530,0.7169811320754716,JPEG,RGB,5ea7942948e12385e1218fc83b6230b22f816bbcf1555c59ef856e5aef0be278,04ebe4663e053f8d703ab33361e499d89687c7239a1b3ccec9699cf61ce46321,False,,0.2229848951101303,0.26593324542045593,6.127451342763379e-05,0.4574735760688782,0.00013394109555520117,1.0,0.0,excluded,redundant_high_similarity_perceptual_duplicate,data/Testing/notumor/Te-no_204.jpg,excluded,dup_03092
data/Training/notumor/Tr-no_194.jpg,Tr-no_194.jpg,notumor,2,Training,False,16776,280d387f9ef5c5407c3a5618fc7e3a861fed385c6f4c2e11e1ee9b13a7faa102,False,,420,280,1.5,JPEG,RGB,07696ca8cc1003ef44ed366b89536d5faf4ec977442b1d8090fcf6620803de07,4e1e6cd93861b696349332ca67ce186d334ad366338d79cc32789cb43361d273,False,,0.15474757552146912,0.20430128276348114,0.013000409118831158,0.3885646462440491,0.03345751762390137,0.9583333333333334,0.0,excluded,redundant_high_similarity_perceptual_duplicate,data/Testing/notumor/Te-no_8.jpg,excluded,dup_02839
data/Training/notumor/Tr-no_195.jpg,Tr-no_195.jpg,notumor,2,Training,False,3681,9519716335d92af19b045426a223124da676fdab837698ebd2aa0026c647620d,False,,192,192,1.0,JPEG,RGB,57470de0203e6948875eba9c9c55904e2634ea5d01292065c4af756078e0ff9b,179d18596862e36665a18d9c67966672669c98d9ce99c93932673676cd83c98c,False,,0.1034560352563858,0.13528169691562653,0.0029605806339532137,0.23898017406463623,0.012388394214212894,0.9973958333333334,0.0,excluded,redundant_high_similarity_perceptual_duplicate,data/Training/notumor/Tr-no_1088.jpg,excluded,dup_02784
data/Training/notumor/Tr-no_199.jpg,Tr-no_199.jpg,notumor,2,Training,False,5908,8f4cf973bfd136232b43355b77f880e958cb6f5abd0f4f27bab19519deb794b2,False,,225,225,1.0,JPEG,RGB,54b425c39b7f1c0ccf6a166c767421f2ab72065739e944b9e70f001d3a3fd1c8,10d57a4a6f06c5bd6c6992d234f14c0e338ecb69e6da98c66379cc25992ecdd0,False,,0.12646940350532532,0.12725704908370972,0.013315971940755844,0.21605488657951355,0.06163235753774643,0.7302083333333333,0.0,excluded,redundant_high_similarity_perceptual_duplicate,data/Testing/notumor/Te-no_344.jpg,excluded,dup_02734
data/Training/notumor/Tr-no_2.jpg,Tr-no_2.jpg,notumor,2,Training,False,9861,e58e2b84af6654a25cac176c521a4f754de589736dc950314b45d88cca37e03c,False,,201,251,0.8007968127490039,JPEG,RGB,49567c3be2aa8a991fd45237aba122d8cf57c418084492561c865f0fcf0b200f,54ccd2e64b328d4c2f1b71333c0d1db9317260ccbccda5f0276fd35330358dcc,False,,0.1729109287261963,0.16001875698566437,0.03826593607664108,0.27550551295280457,0.13889354467391968,0.8565104166666667,0.0,excluded,redundant_high_similarity_perceptual_duplicate,data/Testing/notumor/Te-no_358.jpg,excluded,dup_03098
data/Training/notumor/Tr-no_200.jpg,Tr-no_200.jpg,notumor,2,Training,False,9230,9e76a3bb0eee7e347d9c9ffb43350326d3e8eafa266aec9ad54f181cc3c7e8b7,False,,227,262,0.8664122137404581,JPEG,RGB,ce0357c045e750c6ba49942bace01e5225cb31822ef12848a9e5819efb839bda,41107b332eeff0dc3d54653234028ccf632dd3b536517254607bcec236fd9263,False,,0.24656744301319122,0.1698630154132843,0.05727328360080719,0.39785346388816833,0.14395572245121002,0.0,0.0,excluded,redundant_high_similarity_perceptual_duplicate,data/Training/notumor/Tr-no_1112.jpg,excluded,dup_02809
data/Training/notumor/Tr-no_202.jpg,Tr-no_202.jpg,notumor,2,Training,False,11695,ef8c79a52597147b71ba5d0e448c12f65b359f71a3222ba2f255c3205ab2abd4,False,,276,326,0.8466257668711656,JPEG,RGB,252fc45b28e37f5fa80d1a714e0e8c000c7c7e8c77cb98c383a64e5d147a99f7,549308ec43ccb79c0d334913333c343278c278ff349a37716f0f72ccb4ec970b,False,,0.15557311475276947,0.1651553511619568,0.034129902720451355,0.23593273758888245,0.14465945959091187,0.8369791666666667,0.0,excluded,redundant_high_similarity_perceptual_duplicate,data/Testing/notumor/Te-no_214.jpg,excluded,dup_03101
data/Training/notumor/Tr-no_203.jpg,Tr-no_203.jpg,notumor,2,Training,False,7058,23377addb366a253955df1e43c887b3202da5f23967f0bc20d5c1cdd4a11d3fb,False,,225,225,1.0,JPEG,RGB,82e7dd77d1f8902939b765a8b4db3e7edb75b166197264a514c90396441c9bf9,46d9b0f13f230f0e787e6c3461e6c4d965c92360a6973487361a879ac95a7379,False,,0.11703767627477646,0.13862065970897675,0.0034119689371436834,0.2326870858669281,0.014663335867226124,1.0,0.0,excluded,redundant_high_similarity_perceptual_duplicate,data/Training/notumor/Tr-no_1060.jpg,excluded,dup_02756
data/Training/notumor/Tr-no_205.jpg,Tr-no_205.jpg,notumor,2,Training,False,7869,7d135e07239574ba51c8651b790b6c664fd99ee3130f95194fe4c085123095e8,False,,225,225,1.0,JPEG,RGB,05e988ca0c763e095988add60d0e59cb7bb985aa8a215cb1de9d6e37190a837a,42eeb4a46b545a5a3d2b31e1343d9d2930f4e83533c263c0678fce4ec70f266d,False,,0.21105217933654785,0.23941580951213837,0.006178513169288635,0.41611137986183167,0.014848219230771065,0.96796875,0.0,excluded,redundant_high_similarity_perceptual_duplicate,data/Testing/notumor/Te-no_333.jpg,excluded,dup_03103
data/Training/notumor/Tr-no_207.jpg,Tr-no_207.jpg,notumor,2,Training,False,8639,8a47d6d488d122406a6af786e347f342089b6dc2b763895324f9fedac98b6026,False,,225,225,1.0,JPEG,RGB,ce2fd90053596560342c7c4416ac7784edb99f0a19d777c5b958c2b0290bdac2,43b096e43c4f491230b63c4de65c64b4d373b2e333cc3389cd1acf0e73619b3c,False,,0.14305204153060913,0.22725147008895874,0.0,0.3681832253932953,0.0,1.0,0.0,excluded,redundant_high_similarity_perceptual_duplicate,data/Testing/notumor/Te-no_116.jpg,excluded,dup_03105
data/Training/notumor/Tr-no_21.jpg,Tr-no_21.jpg,notumor,2,Training,False,6828,325eb22cf5cd99f6c571b8df642f96dc5fa1ea1bbeb3962e0eb12066510e1dc4,False,,225,225,1.0,JPEG,RGB,46204c00a2f2a7080da491e16e31ca5d49407ddec853feff7d4d0e2cad241c5a,47994f0e3f23f0f0787a93cb61e6292665c1dc9ea697cb78361a3864c95a8c86,False,,0.11691249161958694,0.13857384026050568,0.003511029528453946,0.23258176445960999,0.015095893293619156,1.0,0.0,excluded,redundant_high_similarity_perceptual_duplicate,data/Training/notumor/Tr-no_1062.jpg,excluded,dup_02758
data/Training/notumor/Tr-no_211.jpg,Tr-no_211.jpg,notumor,2,Training,False,6260,bdadb2ad2c1f7ca91fa84e093ef6be3e684cf03a9f5ebf8c5951bf88fb73dd7f,False,,225,225,1.0,JPEG,RGB,5990ac16381ce7161974f4cab204b66a80c3fd38d47f72698fee8006d09a0390,10d585b56b063a426c696d2d34f1b3f1338e3496e6da6739627933da192c322f,False,,0.1266675889492035,0.12728458642959595,0.013403799384832382,0.21634019911289215,0.06195704638957977,0.7356770833333334,0.0,excluded,redundant_high_similarity_perceptual_duplicate,data/Training/notumor/Tr-no_1035.jpg,excluded,dup_02730
data/Training/notumor/Tr-no_213.jpg,Tr-no_213.jpg,notumor,2,Training,False,7521,ad230bf0aebb24de6ceeb950bb13077474db5226b3944333fe425795012f62ac,False,,173,201,0.8606965174129353,JPEG,RGB,32c85018d5faaa431d623709a5948181da2b84b0024535df0db53addfd8204d2,166616656bbfed862f41d221259f4e9bda6a85b62c594a6d1dae2cd1606135a6,False,,0.3298693895339966,0.28165391087532043,0.040597427636384964,0.6243978142738342,0.06501852720975876,0.8403645833333333,0.0,excluded,redundant_high_similarity_perceptual_duplicate,data/Testing/notumor/Te-no_158.jpg,excluded,dup_02748
data/Training/notumor/Tr-no_216.jpg,Tr-no_216.jpg,notumor,2,Training,False,9250,cf6898c7c0c31dc8d79e1ac3088a0252eda426a767c0a21035c6303b4e20fdb9,False,,150,198,0.7575757575757576,JPEG,RGB,7e7e899b0eae6fc61f514e22fd5dfe3631174b2929b071cced43e08973d5035b,17dd126219037fdf32aaf2011bdd2909cb16b43f495a603c4d3267f47d2371f0,False,,0.32982730865478516,0.3162418305873871,0.23883171379566193,0.3955528140068054,0.6037922501564026,0.6333333333333333,0.15234375,excluded,redundant_high_similarity_perceptual_duplicate,data/Training/notumor/Tr-no_1176.jpg,excluded,dup_02871
data/Training/notumor/Tr-no_217.jpg,Tr-no_217.jpg,notumor,2,Training,False,31516,ae511b11b26309a2e60432852cb26d6b019057fc2aab35867badf8af04daa3b6,False,,359,449,0.799554565701559,JPEG,RGB,6510a3d672d5a5586eab0bf3758f8198d280d3444eaa11c60c1a3946e6123ab5,119997b33e67d8597a4e246669d858ec64273599e99af0a5737a86066561d899,False,,0.17006263136863708,0.15352915227413177,0.03717116266489029,0.2752939462661743,0.13502353429794312,0.86015625,0.0,excluded,redundant_high_similarity_perceptual_duplicate,data/Testing/notumor/Te-no_322.jpg,excluded,dup_02779
data/Training/notumor/Tr-no_219.jpg,Tr-no_219.jpg,notumor,2,Training,False,16776,280d387f9ef5c5407c3a5618fc7e3a861fed385c6f4c2e11e1ee9b13a7faa102,False,,420,280,1.5,JPEG,RGB,07696ca8cc1003ef44ed366b89536d5faf4ec977442b1d8090fcf6620803de07,4e1e6cd93861b696349332ca67ce186d334ad366338d79cc32789cb43361d273,False,,0.15474757552146912,0.20430128276348114,0.013000409118831158,0.3885646462440491,0.03345751762390137,0.9583333333333334,0.0,excluded,redundant_high_similarity_perceptual_duplicate,data/Testing/notumor/Te-no_8.jpg,excluded,dup_02839
data/Training/notumor/Tr-no_220.jpg,Tr-no_220.jpg,notumor,2,Training,False,6021,f305c895d86e72b70bdf6f2821e2a2b6aecfc7e68439909484bcf3f31309152b,False,,225,225,1.0,JPEG,RGB,4bfc8a85545560731def45b73c5ec280812a84f97dc1da089c3738996bbbaf5f,17893a1f7866e5a26e5ae7a839296697646c931a98f0ce6a49a5999998c6ce65,False,,0.13772451877593994,0.18059700727462769,0.020393183454871178,0.30127817392349243,0.06768888235092163,0.9526041666666667,0.0,excluded,redundant_high_similarity_perceptual_duplicate,data/Testing/notumor/Te-no_314.jpg,excluded,dup_03114
data/Training/notumor/Tr-no_221.jpg,Tr-no_221.jpg,notumor,2,Training,False,5684,ff4b41a44e9389717c3a0932fa35d6dd12170aca96f949c274ea22bad75366cd,False,,192,192,1.0,JPEG,RGB,1a20883b9f3659dd750b0cdf380a8e85d03b7911f03c33c5b228631f0a7028a0,42c092f33d3f494d30f4263432c368d873c9b2739b4e639367369edc98b66326,False,,0.18148386478424072,0.2299748808145523,0.0043821488507092,0.4174575209617615,0.010497232899069786,0.971875,0.0,excluded,redundant_high_similarity_perceptual_duplicate,data/Training/notumor/Tr-no_1139.jpg,excluded,dup_02835
data/Training/notumor/Tr-no_223.jpg,Tr-no_223.jpg,notumor,2,Training,False,11679,3bdea941af422f4ce83048fd3f8b2eef9d07ea639e87e061b6a2d56ff63df7ab,False,,227,222,1.0225225225225225,JPEG,RGB,467d0cf24e9eaf21612017ddb348696e19a27e97836495c29df6e7da07f183cb,177a6a9e5b81a56b785d34ba697896a169e09a6639e69e6638e09c763186cc86,False,,0.27062293887138367,0.29702022671699524,0.07556882500648499,0.36406347155570984,0.20757046341896057,0.8703125,0.03177083333333333,excluded,redundant_high_similarity_perceptual_duplicate,data/Testing/notumor/Te-no_127.jpg,excluded,dup_03116
data/Training/notumor/Tr-no_224.jpg,Tr-no_224.jpg,notumor,2,Training,False,10180,20b0c7de1c131e75deff54e8f0c51eef6c48116cdcbf7bb1f47fc7e4c7f07ab1,False,,225,225,1.0,JPEG,RGB,e2a75877d2d5dc1bf791e3c849fe1b2e90c25b3d01de1a104c0c49bdd4bd978d,46994f0e3f23f0f1787a93cb61e6292665c9dc9ea697cb78321a3864c95a8c86,False,,0.11674469709396362,0.13862663507461548,0.003552900394424796,0.23257124423980713,0.015276610851287842,1.0,0.0,excluded,redundant_high_similarity_perceptual_duplicate,data/Training/notumor/Tr-no_1062.jpg,excluded,dup_02758
data/Training/notumor/Tr-no_227.jpg,Tr-no_227.jpg,notumor,2,Training,False,9905,e16f9dc53246a23892b21a1da8af3e0029df02b09c262c4a6b184284abb8e25c,False,,201,251,0.8007968127490039,JPEG,RGB,778f28ca4abff8bff6c7c8c85d2cf90ce9d08393164c63c01c607e87e19756ab,44cc3d194b3272b32f138ecc3c0df24631729f33bccd5a0f276f2cac30357233,False,,0.1727309376001358,0.16009098291397095,0.038190361112356186,0.27533990144729614,0.1387026011943817,0.8575520833333333,0.0,excluded,redundant_high_similarity_perceptual_duplicate,data/Testing/notumor/Te-no_233.jpg,excluded,dup_03119
data/Training/notumor/Tr-no_23.jpg,Tr-no_23.jpg,notumor,2,Training,False,19065,caec4c2809ef3f3f943f8fa22cb564d9fb998be43cb0bad27f4895b677ca953b,False,,359,449,0.799554565701559,JPEG,RGB,8568d2b2011652a702b16b3c2c7cee5fa63a8570a77cd5182c503608744ea204,44ccd2e66b328d0c2f1b71333c8d0db9317260dcbccfa5f0272fd35330358dcc,False,,0.16999155282974243,0.1534866839647293,0.03720792755484581,0.2751024663448334,0.13525116443634033,0.8557291666666667,0.0,excluded,redundant_high_similarity_perceptual_duplicate,data/Testing/notumor/Te-no_358.jpg,excluded,dup_03098
data/Training/notumor/Tr-no_230.jpg,Tr-no_230.jpg,notumor,2,Training,False,18352,8c7a08207a2f8e5bf03ed590b3a482491a6abeb9b233a40604f3422065424112,False,,236,236,1.0,JPEG,RGB,47a5c9013cd67133b1b5704b2d6f3eedb4fd39d7cb858af17c00c01195f5abbf,15a98b426eb53811295ae45f6148396c2d6be5a169a530b77716c58766de769a,False,,0.3235505223274231,0.30020108819007874,0.04761029779911041,0.5383932590484619,0.08843033760786057,0.7427083333333333,0.0,excluded,redundant_high_similarity_perceptual_duplicate,data/Training/notumor/Tr-no_1394.jpg,excluded,dup_03049
data/Training/notumor/Tr-no_232.jpg,Tr-no_232.jpg,notumor,2,Training,False,10180,20b0c7de1c131e75deff54e8f0c51eef6c48116cdcbf7bb1f47fc7e4c7f07ab1,False,,225,225,1.0,JPEG,RGB,e2a75877d2d5dc1bf791e3c849fe1b2e90c25b3d01de1a104c0c49bdd4bd978d,46994f0e3f23f0f1787a93cb61e6292665c9dc9ea697cb78321a3864c95a8c86,False,,0.11674469709396362,0.13862663507461548,0.003552900394424796,0.23257124423980713,0.015276610851287842,1.0,0.0,excluded,redundant_high_similarity_perceptual_duplicate,data/Training/notumor/Tr-no_1062.jpg,excluded,dup_02758
data/Training/notumor/Tr-no_235.jpg,Tr-no_235.jpg,notumor,2,Training,False,73953,95ffabd6cfd94e094cd1af64396bfa75f578a012f52b23cbf8e5fa828ffa4863,False,,600,605,0.9917355371900827,JPEG,RGB,d687fc81a8dda2bea9063266a85f894de63cebd295e62dcba10c41b19644a08f,169d694e6866b5b1719e96073199cc7624e199cee68633392638c931b346cdb7,False,,0.1807653158903122,0.19415399432182312,0.051174428313970566,0.36398497223854065,0.14059489965438843,0.0,0.0,excluded,redundant_exact_decoded_rgb_duplicate,data/Training/notumor/Tr-no_1334.jpg,excluded,dup_03000
data/Training/notumor/Tr-no_236.jpg,Tr-no_236.jpg,notumor,2,Training,False,24385,05bb8561d5f9e49dcad37ed13eaa6fda5803109d9c2ed02023bb7eb0d0f82095,False,,504,540,0.9333333333333333,JPEG,RGB,5dca35be119aa39e3fae645070f9a611a3aa4719dcb48eea93a408ead57e2a0c,43c4c6f42d0e3b4b34bd613c70f299a5b6cbb233e25eb39bc31cc94d8624c664,False,,0.14352047443389893,0.144085094332695,0.024523083120584488,0.28952687978744507,0.08470053970813751,0.9216145833333333,0.0,excluded,redundant_high_similarity_perceptual_duplicate,data/Testing/notumor/Te-no_206.jpg,excluded,dup_03125
data/Training/notumor/Tr-no_239.jpg,Tr-no_239.jpg,notumor,2,Training,False,40900,e46f5d85df72f56bc2aa6204f83f8951b5c015ad8cf726ae231f41cee5ab3580,False,,512,512,1.0,JPEG,RGB,c491a96d2178e037b2270188bd4521c7bd58e5e0db282af5dd403261ff6dc260,47f42f193947f0f63c2f8e6c70f098e370958f033632c92f63ca361c330f6338,False,,0.3705868422985077,0.302371621131897,0.11304228007793427,0.6771178245544434,0.16694624722003937,0.0,0.0,excluded,redundant_high_similarity_perceptual_duplicate,data/Testing/notumor/Te-no_170.jpg,excluded,dup_03128
data/Training/notumor/Tr-no_24.jpg,Tr-no_24.jpg,notumor,2,Training,False,29116,86e086bc3b54fedf7ee6ee9a8d464b5fa68857083e71167674b6384b0c53a97b,False,,428,417,1.026378896882494,JPEG,RGB,ee1a0420a9bc10e496f17b3cccb7b46544c8b336de6119b75eb5a911b2021456,502fc0370fd40fe12f4a1f007c2d3c0f2cb534cc6cb174ed6cb776dc64d2646c,False,,0.24482829868793488,0.24298405647277832,0.07224468886852264,0.33686238527297974,0.2144635021686554,0.8328125,0.018489583333333334,excluded,redundant_high_similarity_perceptual_duplicate,data/Testing/notumor/Te-no_198.jpg,excluded,dup_03129
data/Training/notumor/Tr-no_241.jpg,Tr-no_241.jpg,notumor,2,Training,False,9238,402fcfa164480358b2e92c40c9d41a18fbb132dca3a09cebe9a24d26cde2ea87,False,,225,225,1.0,JPEG,RGB,34b48950919d5645c207f51678af4f5e586947402ec76deba6ea17b7da286ee9,12cc1a5b6a72a5a42d2bc69e34b37c73309c89cae3c29e2d634f6d309c0fd993,False,,0.207788348197937,0.24301572144031525,0.005461601540446281,0.41409793496131897,0.013189154677093029,0.98671875,0.0,excluded,redundant_high_similarity_perceptual_duplicate,data/Testing/notumor/Te-no_189.jpg,excluded,dup_03131
data/Training/notumor/Tr-no_243.jpg,Tr-no_243.jpg,notumor,2,Training,False,7165,da52822857f624458165dde147c7ea3a92eb42276d8dceb86423ea9ee52211c7,False,,225,225,1.0,JPEG,RGB,bda68653ce77cedc6354fdb95675f676d095423b22cde6aeba105bab329be270,12a97a5d6e12a5a3687ac7a925a4cf962581de1e63879878369fc969661a1c6d,False,,0.22042116522789001,0.19274131953716278,0.06913910061120987,0.37732750177383423,0.18323366343975067,0.0,0.0,excluded,redundant_high_similarity_perceptual_duplicate,data/Training/notumor/Tr-no_1190.jpg,excluded,dup_02884
data/Training/notumor/Tr-no_245.jpg,Tr-no_245.jpg,notumor,2,Training,False,17788,036e55d93327e11840607155d2fe93643607756a9bb4532954e86ca7108276f6,False,,208,242,0.859504132231405,JPEG,RGB,ca0f3cc9b0993dec4407086e239d3ed50544c428b3b9e016f92417436cd20dfc,160e4bb14911aeda2eeae5359a942d5ccb21916e3c99c668d8370db9cc3f33a5,False,,0.3859688639640808,0.21632006764411926,0.24786867201328278,0.4992311894893646,0.49650076031684875,0.0,0.0453125,excluded,redundant_high_similarity_perceptual_duplicate,data/Training/notumor/Tr-no_1099.jpg,excluded,dup_02794
data/Training/notumor/Tr-no_246.jpg,Tr-no_246.jpg,notumor,2,Training,False,12880,96d55b46d8270ad1b4aceb9069ba23ce65ec2b1c4a9a9763062729715d0e48a9,False,,200,252,0.7936507936507936,JPEG,RGB,f03a631e71c05bb63ab23861f75f409e06fb7c0007d1dbf7f7f636131fdf4b3a,445e43314aa1ad9b2f7ec331788914dc9e74d9023710866fb187789eca1f8df5,False,,0.4880421459674835,0.32064786553382874,0.2353135496377945,0.5504538416862488,0.4274900555610657,0.022916666666666665,0.05572916666666667,excluded,redundant_high_similarity_perceptual_duplicate,data/Testing/notumor/Te-no_41.jpg,excluded,dup_03134
data/Training/notumor/Tr-no_247.jpg,Tr-no_247.jpg,notumor,2,Training,False,10938,9eb2f206cd2e88f015f4b08bd4a399ba5f8d97b263306205c1cf54385c7dd352,False,,236,251,0.9402390438247012,JPEG,RGB,64a9cf644808ee4e1848be968cfaa1700332a8979f7982dbe9432e5be5b5ac5b,503f32372fd00dc26c0be0bdf2b4cf2206d098dbcb433cb39c3de3c4cc341b7c,False,,0.2210932821035385,0.227693110704422,0.06842218339443207,0.37346142530441284,0.1832108497619629,0.0,0.0,excluded,redundant_exact_decoded_rgb_duplicate,data/Testing/notumor/Te-no_150.jpg,excluded,dup_03135
data/Training/notumor/Tr-no_249.jpg,Tr-no_249.jpg,notumor,2,Training,False,7066,2fb6e98cd2077f00fb30d374250aec5186ce7ab75f38b16f5e3a906c44756f8a,False,,225,225,1.0,JPEG,RGB,9f1e66a70ad23770d4a52fd5d16eea4a9be9ed4ca728dc9a53d9e34cbd2f3b6e,46d94f0e3f23f0f1787a93cb61e6292665c1dc9fa697cb78321a3864c9588c86,False,,0.1171274334192276,0.13847574591636658,0.0033986931666731834,0.2323835790157318,0.014625358395278454,1.0,0.0,excluded,redundant_high_similarity_perceptual_duplicate,data/Training/notumor/Tr-no_1062.jpg,excluded,dup_02758
data/Training/notumor/Tr-no_251.jpg,Tr-no_251.jpg,notumor,2,Training,False,54027,ff327029647fe54de0a6bcf042b5f4914eb71fa7d60647fd6aafefedf9fc7fdb,False,,630,630,1.0,JPEG,L,22136fe98c7c69ef1e2334ed5664a15fe2bfc05c7bd38564594ec2d28a2dc93f,47994f0e3f23b0f1787a93cb61e62b2665c1cc9fa697cb78361a3864c9588c86,False,,0.12033525109291077,0.1445402354001999,0.00446282746270299,0.232710063457489,0.0191776305437088,0.9994791666666667,0.0,excluded,redundant_high_similarity_perceptual_duplicate,data/Training/notumor/Tr-no_1062.jpg,excluded,dup_02758
data/Training/notumor/Tr-no_253.jpg,Tr-no_253.jpg,notumor,2,Training,False,30673,b79ec74d5f7686394f48d176332f0db7cc86f4d2f4f6aed6a474b7ac2f464002,False,,630,630,1.0,JPEG,RGB,8ce583abe66519b59fed2de810dfab32d4e16a53f92899634eaf48e2fa707177,45842f1f3e5390e8393cc78761a4194b64db9e3cb3cfcdb3322c9970cc799885,False,,0.1259775310754776,0.12689386308193207,0.01303615141659975,0.2160634994506836,0.060334816575050354,0.72578125,0.0,excluded,redundant_high_similarity_perceptual_duplicate,data/Testing/notumor/Te-no_276.jpg,excluded,dup_03140
data/Training/notumor/Tr-no_254.jpg,Tr-no_254.jpg,notumor,2,Training,False,5706,7b7fcf8f635b7328153076258bd5fddc6562c43bf24614148c2440a1d2062d26,False,,173,201,0.8606965174129353,JPEG,RGB,398c02f439b5de60c4b463d50bc7200c7d20b10a2d00275647ef82df8cfcbd71,166616656bbfe5862f41d221259f4e9bda6a85b62c594a6d1dae2cd1686135a6,False,,0.18359686434268951,0.15669310092926025,0.022453026846051216,0.3477414548397064,0.0645681619644165,0.8736979166666666,0.0,excluded,redundant_high_similarity_perceptual_duplicate,data/Testing/notumor/Te-no_158.jpg,excluded,dup_02748
data/Training/notumor/Tr-no_255.jpg,Tr-no_255.jpg,notumor,2,Training,False,11791,6b73dc365fbc93ff66b40c68f2e5cd259e650193088389a5f1b968b8c537f4f4,False,,225,225,1.0,JPEG,RGB,d5324d550c6e7469636e73cee9981d85ba0ab3da2595fbc0d8be1ae18badb95e,40cd32573f700df87b03c2cfcd0d36343d3cccc49c3dd3d334b02d0d8cf27319,False,,0.15939247608184814,0.15521040558815002,0.03873060271143913,0.2764102816581726,0.1401199847459793,0.5591145833333333,0.0,excluded,redundant_exact_decoded_rgb_duplicate,data/Training/notumor/Tr-no_134.jpg,excluded,dup_03004
data/Training/notumor/Tr-no_259.jpg,Tr-no_259.jpg,notumor,2,Training,False,7640,3bd47e803ac5f4bc6c0d8821e46960901335fcaff222459a3b118ca508e7ecf2,False,,150,198,0.7575757575757576,JPEG,RGB,300172d37f5276bf9435e4fcb4fc3af3c303eceb2d4e88d9ba632c9b6786b9d6,17dd12621d137fdf12aafa015a952109db57743b495a707c4d2a61f46d2371f0,False,,0.3681906461715698,0.26919806003570557,0.27317506074905396,0.4145077168941498,0.6590349078178406,0.39765625,0.11953125,excluded,redundant_high_similarity_perceptual_duplicate,data/Testing/notumor/Te-no_183.jpg,excluded,dup_03144
data/Training/notumor/Tr-no_260.jpg,Tr-no_260.jpg,notumor,2,Training,False,7656,1afeb2b05c3047a0aadd48adbbdb4cfc4b9a973e441f3513d7798a82c5bc47c3,False,,218,231,0.9437229437229437,JPEG,RGB,78be74bc82344566ac6ad149794d3f44da80ab9e7ff53108fef3eb98f898ef97,06663e667aaa70196a55c1df699ae5e8656027a52c877636269e961aca5a9f1a,False,,0.2188505232334137,0.20216915011405945,0.03235805034637451,0.3835679292678833,0.08436067402362823,0.9169270833333333,0.0,excluded,redundant_high_similarity_perceptual_duplicate,data/Training/notumor/Tr-no_1055.jpg,excluded,dup_02750
data/Training/notumor/Tr-no_262.jpg,Tr-no_262.jpg,notumor,2,Training,False,8522,2878465e9b9bd057896c25ec5841beeaed60fad75475096834a1a57e376044f0,False,,225,225,1.0,JPEG,RGB,707fb4d928010a0b37a00182cdb87cc4d654740453e6d91598a176d9f5492351,42cc6b4c2d339cb3350dc34f7137383c32d09632c9cecccdb23338c669c9e735,False,,0.1895783245563507,0.16428866982460022,0.06193627417087555,0.3503016233444214,0.1768084168434143,0.0067708333333333336,0.0,excluded,redundant_high_similarity_perceptual_duplicate,data/Training/notumor/Tr-no_1018.jpg,excluded,dup_02711
data/Training/notumor/Tr-no_263.jpg,Tr-no_263.jpg,notumor,2,Training,False,33196,07e97dbec5353fbbe52d0b0f6ef883ee04d9e801f007a5388b0ac0ca533a94a3,False,,550,664,0.8283132530120482,JPEG,RGB,0f739fd30d427362e6e8754458bcd6d98516649cc69e3888622cc1bb698d1a36,075c729d7aa1a5606817dc3a697a58a5e5e195946787b2523697734ba61e5869,False,,0.19970202445983887,0.18524512648582458,0.04435764253139496,0.34964191913604736,0.1268659234046936,0.16640625,0.0,excluded,redundant_high_similarity_perceptual_duplicate,data/Training/notumor/Tr-no_22.jpg,excluded,dup_03113
data/Training/notumor/Tr-no_267.jpg,Tr-no_267.jpg,notumor,2,Training,False,8729,1f55f2b11d511fb1cc425db152b7932ad057c3783674512875ea9f4435787902,False,,225,225,1.0,JPEG,RGB,0145c837bf7db0a6d00356df36bbb47460cc363b6865ad86359b30949b15a9fe,12cc1a5b6a72a5a42d2fc69e34b37c71309c89cae3c29e2d634f2d309c0fd9d3,False,,0.20700684189796448,0.24321162700653076,0.005512663628906012,0.41372549533843994,0.01332444790750742,0.9841145833333333,0.0,excluded,redundant_high_similarity_perceptual_duplicate,data/Testing/notumor/Te-no_189.jpg,excluded,dup_03131
data/Training/notumor/Tr-no_27.jpg,Tr-no_27.jpg,notumor,2,Training,False,7488,b9f2c8cb9d850f58dd0749ffc13035fb6ddbcd8e3b5d84b301d7bfbae68621ac,False,,177,197,0.8984771573604061,JPEG,RGB,8b230e59be40e3753046712830cf589c672002a20316a88f8fad274bfdcd8af5,16663961399db69e693049e167999e313669736661b665998d86cd9e625aa661,False,,0.21050404012203217,0.2679246664047241,0.0004513889434747398,0.4608724117279053,0.0009794228244572878,0.9997395833333333,0.0,excluded,redundant_high_similarity_perceptual_duplicate,data/Testing/notumor/Te-no_97.jpg,excluded,dup_03152
data/Training/notumor/Tr-no_270.jpg,Tr-no_270.jpg,notumor,2,Training,False,37689,de3ece9dae81af89c99aec5bf08e92b5dcd97a2e266572b1cbf39bf6b067c6c2,False,,630,630,1.0,JPEG,RGB,39f0f0a154584e9e1b7b6ceec14820839836d80f73389250dae3a9e12bb01951,45846f1f3a5390e83938c78761a4595b66db963cb38ee593172c9b70cc799885,False,,0.22357800602912903,0.22214382886886597,0.02281658723950386,0.38705193996429443,0.058949679136276245,0.6106770833333334,0.0,excluded,redundant_high_similarity_perceptual_duplicate,data/Testing/notumor/Te-no_125.jpg,excluded,dup_02847
data/Training/notumor/Tr-no_271.jpg,Tr-no_271.jpg,notumor,2,Training,False,7913,5ef1200f31d60ff645fdafc6de8912912f603f92527f2a30a220acf0979f3227,False,,225,225,1.0,JPEG,RGB,c4a5a5c57ebb5d48ee34f196fe4e331413a22a6d57bb89ea6600465a89a1b932,1cc633336e3ccccc39f143266392cc8d66cf99b3c66c664d9231cccec926333c,False,,0.1885581910610199,0.22183620929718018,0.020047998055815697,0.42494162917137146,0.0471782386302948,0.8651041666666667,0.0,excluded,redundant_high_similarity_perceptual_duplicate,data/Testing/notumor/Te-no_249.jpg,excluded,dup_03153
data/Training/notumor/Tr-no_272.jpg,Tr-no_272.jpg,notumor,2,Training,False,43622,a9dc1b9d61bdf2bcc9ff786cc211774f8e05a97343c837d6da93fce545e1f09e,False,,630,630,1.0,JPEG,RGB,07df32b42bfe69689fdb35a20cff8cad1f7f3771ff7790f47ddd73161b8ea018,458490e03a536f17393c387861a4a6b466db69c3b38f1a6c162c648fcc7b6f7a,False,,0.22346791625022888,0.22185976803302765,0.022915644571185112,0.3870863914489746,0.059200335294008255,0.6088541666666667,0.0,excluded,redundant_high_similarity_perceptual_duplicate,data/Testing/notumor/Te-no_180.jpg,excluded,dup_02746
data/Training/notumor/Tr-no_273.jpg,Tr-no_273.jpg,notumor,2,Training,False,29392,682871b3c7250e0c56b28688840ac15101ec847a891e0b2d2cb72f0436ff8073,False,,364,418,0.8708133971291866,JPEG,RGB,fac961a5708a8997ac098883a55a9a1e023453940ac881abb878e0286cbecf93,51404eb90abfa9447fd0306b2f4065bb2d1ed2a17c2f33d42c3c67923cf4665b,False,,0.3102407455444336,0.20887859165668488,0.11737541854381561,0.43057695031166077,0.27260032296180725,0.00078125,0.0005208333333333333,excluded,redundant_exact_decoded_rgb_duplicate,data/Training/notumor/Tr-no_1333.jpg,excluded,dup_02999
data/Training/notumor/Tr-no_275.jpg,Tr-no_275.jpg,notumor,2,Training,False,12237,255a288c72a0761a522e99142d6f1a7e820769eebeeae585bf42a733db0e7b7a,False,,236,262,0.9007633587786259,JPEG,RGB,c0eaedf121c2172182a88dfe211ecc5a8a7d9bc7779e0a5281c491a664903c7f,436b6e061e95619a695a3cb83c6f93a534ad93d264b4c30765a4c34d32da9e6d,False,,0.21604984998703003,0.17078880965709686,0.07319240272045135,0.33435970544815063,0.21890318393707275,0.0005208333333333333,0.0018229166666666667,excluded,redundant_exact_decoded_rgb_duplicate,data/Training/notumor/Tr-no_1295.jpg,excluded,dup_02967
data/Training/notumor/Tr-no_278.jpg,Tr-no_278.jpg,notumor,2,Training,False,21145,b0e9017dfd12e7f886c4e202b2a5fb6b07c889c427d0ddc541b1b3ca214e859d,False,,400,442,0.9049773755656109,JPEG,RGB,59d9d7e823e19fcace366482c56683194831de61ff5f81e445a323ac6d86ec45,53f26fce2f0fb13530bc92c266e29c2dc2cdc3909f320f0e6071d8df32878da8,False,,0.19308701157569885,0.16481858491897583,0.04100796952843666,0.38162147998809814,0.10745718330144882,0.009114583333333334,0.0,excluded,redundant_high_similarity_perceptual_duplicate,data/Testing/notumor/Te-no_245.jpg,excluded,dup_03066
data/Training/notumor/Tr-no_280.jpg,Tr-no_280.jpg,notumor,2,Training,False,45175,64eee5cd2516c265ea888fc3d784e97daed289385a487567e66b2aabacf50555,False,,512,512,1.0,JPEG,RGB,7c4249d5796199a960019839ad3bc9d64fdcdd3b9f270e1700afe8121cbe59b7,16e53cce691ae3b865e396e79319ce1ec626386966999923984f65a436343996,False,,0.14038828015327454,0.22807808220386505,0.0,0.3652171492576599,0.0,1.0,0.0,excluded,redundant_high_similarity_perceptual_duplicate,data/Training/notumor/Tr-no_1100.jpg,excluded,dup_02797
data/Training/notumor/Tr-no_281.jpg,Tr-no_281.jpg,notumor,2,Training,False,12785,ef5addab9afd41d9a24d73711092b35f1610683975b03f80bff9d48d144970ef,False,,225,225,1.0,JPEG,RGB,d9ee2ff19df6d100141e50abfa36ff370f1c06e3c9fac7d7262abe73542fa185,16e53cce691ae3b865e396e7b319ce1e8626186966999923984f6da436343996,False,,0.14225810766220093,0.22803381085395813,0.0,0.3674086928367615,0.0,1.0,0.0,excluded,redundant_high_similarity_perceptual_duplicate,data/Training/notumor/Tr-no_1100.jpg,excluded,dup_02797
data/Training/notumor/Tr-no_284.jpg,Tr-no_284.jpg,notumor,2,Training,False,43710,7938f228f86ee04ced8832994d1ee6bbd83c1c1c201145899e07df0c21727a20,False,,630,630,1.0,JPEG,L,b17328aa3a34dcf2ad617bea9fa328c1290f539ef619a8b1279ece92f9822779,12cc1a5b6872eda4252dc61e34b33c71309c91c7e3c09e2fe74765319c8fd993,False,,0.2530369162559509,0.3247961699962616,0.0,0.5387178063392639,0.0,1.0,0.0,excluded,redundant_high_similarity_perceptual_duplicate,data/Training/notumor/Tr-no_1045.jpg,excluded,dup_02741
data/Training/notumor/Tr-no_287.jpg,Tr-no_287.jpg,notumor,2,Training,False,10547,b3a049210a1a46c61dad530451191928d55038e8a4a6695bcb7d4faaafe74844,False,,225,225,1.0,JPEG,RGB,62ebe81f6c0e540736b5a0a4fcbe6fa49a47140e56037ac89a8b1b0111ca39f1,43846d1c3f07b4633879369461b2b6d6639c93ceb0d9984f67269a71b6d64e0c,False,,0.33838874101638794,0.3138769268989563,0.0837857574224472,0.6242398023605347,0.13422046601772308,0.0,0.005989583333333334,excluded,redundant_high_similarity_perceptual_duplicate,data/Testing/notumor/Te-no_223.jpg,excluded,dup_02841
data/Training/notumor/Tr-no_288.jpg,Tr-no_288.jpg,notumor,2,Training,False,82291,96eb6967090f99bcc7806d2bf9f194abcd66c9de089a1f642c1939cbc11e727b,False,,630,630,1.0,JPEG,RGB,43a5063cf5327675b15bd5b893b73a6f4eeb39bb6dfaf2b967b44f697774ab92,1699384d6a526136692cc5c934e6e31236d9669fcd84cd983673cf66e38b34c9,False,,0.21035468578338623,0.22602860629558563,0.04868362843990326,0.3798177242279053,0.12817630171775818,0.0,0.0033854166666666668,excluded,redundant_high_similarity_perceptual_duplicate,data/Training/notumor/Tr-no_1023.jpg,excluded,dup_02717
data/Training/notumor/Tr-no_29.jpg,Tr-no_29.jpg,notumor,2,Training,False,10180,20b0c7de1c131e75deff54e8f0c51eef6c48116cdcbf7bb1f47fc7e4c7f07ab1,False,,225,225,1.0,JPEG,RGB,e2a75877d2d5dc1bf791e3c849fe1b2e90c25b3d01de1a104c0c49bdd4bd978d,46994f0e3f23f0f1787a93cb61e6292665c9dc9ea697cb78321a3864c95a8c86,False,,0.11674469709396362,0.13862663507461548,0.003552900394424796,0.23257124423980713,0.015276610851287842,1.0,0.0,excluded,redundant_high_similarity_perceptual_duplicate,data/Training/notumor/Tr-no_1062.jpg,excluded,dup_02758
data/Training/notumor/Tr-no_290.jpg,Tr-no_290.jpg,notumor,2,Training,False,18734,6cbb1f1cf0aa91c28f78bbc17fe11b65af8d21f071e4f8c7c0fc3982a36e068b,False,,380,530,0.7169811320754716,JPEG,RGB,9d04ffbd2c586993345a0e43b6f1bc021c35f2890b4583636749196ad3654446,04ebe4663e053f8d603ab13361e499d89687e7239a5b3ccec9699cf61ce46321,False,,0.22059109807014465,0.26091262698173523,7.148693384806393e-06,0.4594707489013672,1.5558538507320918e-05,1.0,0.0,excluded,redundant_high_similarity_perceptual_duplicate,data/Testing/notumor/Te-no_204.jpg,excluded,dup_03092
data/Training/notumor/Tr-no_291.jpg,Tr-no_291.jpg,notumor,2,Training,False,29117,925becfda8733c27027b4c4d6e38ad4ef8c0ba136177dbc9e1f0c54f7065ecfc,False,,400,442,0.9049773755656109,JPEG,RGB,2e20853eb9c5a469d4ae8c28ad6c4a961ac1e1422df24b2731ff4628fad4e9b6,06a63a9b7a5ae46065a9c79733b7c978979896c5ca675a1b31248d886692c8fd,False,,0.3455839157104492,0.2962733805179596,0.07203737646341324,0.6844496726989746,0.10524860769510269,0.0,0.0,excluded,redundant_high_similarity_perceptual_duplicate,data/Testing/notumor/Te-no_81.jpg,excluded,dup_03164
data/Training/notumor/Tr-no_293.jpg,Tr-no_293.jpg,notumor,2,Training,False,4386,2db2426323e2d116ddfd79ca17da4f0c3861a527eba11414ce1ffe403b5810bd,False,,150,198,0.7575757575757576,JPEG,RGB,bd1e131324d683b71e083a6109d871b0cfae879f504886d908a78f1c841fd44d,17dd126219137fff12aafa011b952509db57343f495a607c4d2a61f46d2371f0,False,,0.211812824010849,0.16739177703857422,0.16929228603839874,0.231078639626503,0.7326176166534424,0.528125,0.0,excluded,redundant_high_similarity_perceptual_duplicate,data/Testing/notumor/Te-no_115.jpg,excluded,dup_03166
data/Training/notumor/Tr-no_294.jpg,Tr-no_294.jpg,notumor,2,Training,False,6931,d2766e3fcb581dc53fcda4bf40b7e9eae2e524e71c5ac4601da745923699e2ff,False,,232,217,1.0691244239631337,JPEG,RGB,b32161300266a57ff417f9a00c191a640855f7b8c4a5c104e4487e6d34a730a9,1e9c34b669604b496787cd24961e9cd2ce5973c7c864671c3732cc9839cb3a67,False,,0.11803983151912689,0.18402382731437683,1.225490359502146e-05,0.35972923040390015,3.406702307984233e-05,1.0,0.0,excluded,redundant_high_similarity_perceptual_duplicate,data/Testing/notumor/Te-no_259.jpg,excluded,dup_03167
data/Training/notumor/Tr-no_296.jpg,Tr-no_296.jpg,notumor,2,Training,False,5400,2d07d5dc31a6f83f8119f83bb45d75666c3b905eafab47609e407daf9951fd4a,False,,218,231,0.9437229437229437,JPEG,RGB,bb8dee3c38e992407e4146520eba6a199d830e0888cabbe6699e3affdb21af97,06673e667aaa70196a55c1df699ae5a8656037a52c876636269e861ada5a9f1a,False,,0.21840029954910278,0.20261059701442719,0.03207414597272873,0.38351428508758545,0.0836322084069252,0.9171875,0.0,excluded,redundant_high_similarity_perceptual_duplicate,data/Training/notumor/Tr-no_1055.jpg,excluded,dup_02750
data/Training/notumor/Tr-no_299.jpg,Tr-no_299.jpg,notumor,2,Training,False,18704,ef375318c39dd3089fb381021b975d732f5e2107e9c40acfa22a6a8b18fff8b5,False,,236,250,0.944,JPEG,RGB,4a4b38a2f0d845593efd36a05b409609dd4c6443cb2326cbb0ec74f1422a0d5b,15579aad6fea35507aadcc2a6c811a5d1ab7d9d6495020f033d2cb4ae36331a7,False,,0.32612425088882446,0.2052306979894638,0.17206190526485443,0.42713218927383423,0.402830570936203,0.0,0.018489583333333334,excluded,redundant_high_similarity_perceptual_duplicate,data/Training/notumor/Tr-no_1048.jpg,excluded,dup_02744
data/Training/notumor/Tr-no_301.jpg,Tr-no_301.jpg,notumor,2,Training,False,7847,05211769975b0d173d0ddbff52bf1ff6a93ddb1945f406874724a14feef2ba9c,False,,225,225,1.0,JPEG,RGB,5b4baddffb8c02c3934c3ad39e6a69114275cbbb066eb3e17bd8fb772f31bfdd,40cd32572f308df83b03c6cfcd0d36343d3cccc49c7dd3d334b02d0d8cf27319,False,,0.1594460904598236,0.1551484912633896,0.03879595920443535,0.2763940095901489,0.14036469161510468,0.5588541666666667,0.0,excluded,redundant_high_similarity_perceptual_duplicate,data/Training/notumor/Tr-no_134.jpg,excluded,dup_03004
data/Training/notumor/Tr-no_303.jpg,Tr-no_303.jpg,notumor,2,Training,False,40699,6b5118bc2c05b7d260c614a5b1f8e15edd4cf7ecf687ebd1b30049df1c3c10b7,False,,630,630,1.0,JPEG,RGB,7a118fe1d8d8c690189f6b719fb9ec768647bfee880dba684d2268c1bf84fc78,47b06f1e3a4790e03178c78765a4594b66db963492ce6597972c6372c87338cd,False,,0.25243088603019714,0.31468531489372253,0.0,0.4678557813167572,0.0,1.0,0.0,excluded,redundant_high_similarity_perceptual_duplicate,data/Training/notumor/Tr-no_1212.jpg,excluded,dup_02902
data/Training/notumor/Tr-no_306.jpg,Tr-no_306.jpg,notumor,2,Training,False,10478,5bbc95ca8b383bd16a7525d1a390e812ecaf7f650063a1aa3f0783840c5e575f,False,,225,225,1.0,JPEG,RGB,82b8b9eedf56a984bf15f61da7cf5994332137e59d172eb0178fd92c93b8c7f0,46fb4b33394094ec313f4743e1bc499cc6c434e2c78363b29e1b2697ce6c62da,False,,0.2453620433807373,0.28694480657577515,0.073482446372509,0.5270651578903198,0.13941814005374908,0.8322916666666667,0.0015625,excluded,redundant_high_similarity_perceptual_duplicate,data/Testing/notumor/Te-no_236.jpg,excluded,dup_03177
data/Training/notumor/Tr-no_308.jpg,Tr-no_308.jpg,notumor,2,Training,False,25759,2ed15a662d8dcdf6077f3bf8bb4d21722e2a3b90ff2cf194db18b75933a4d322,False,,236,357,0.6610644257703081,JPEG,RGB,9f878dadc0d85923313a7a81832cba5dadc3a37e1aa840e8b411e27e81222697,433c6fb82eb3a64b3cccb564ae51c32a330c97b138f68cc1e1bbc37227c1584e,False,,0.40532034635543823,0.35558900237083435,0.054274916648864746,0.7926346063613892,0.06847406923770905,0.83359375,0.0,excluded,redundant_exact_decoded_rgb_duplicate,data/Training/notumor/Tr-no_112.jpg,excluded,dup_02816
data/Training/notumor/Tr-no_309.jpg,Tr-no_309.jpg,notumor,2,Training,False,7915,eb5c5214771cb99a9041862ae16f2bcc9bb8aa8f56e784ff380905cb2f802a2c,False,,225,225,1.0,JPEG,RGB,032485b3aa2c594d1e6917490f90467e917ae24c412fdd9416a53dd9e65fb5ff,1789c5e278769a5d6e5a185739a99968646c6ce59cf0319549a566669dc7319a,False,,0.13794280588626862,0.18043553829193115,0.020502451807260513,0.30130305886268616,0.06804594397544861,0.9520833333333333,0.0,excluded,redundant_high_similarity_perceptual_duplicate,data/Testing/notumor/Te-no_15.jpg,excluded,dup_03179
data/Training/notumor/Tr-no_310.jpg,Tr-no_310.jpg,notumor,2,Training,False,7779,926c885270da3d11b12ff99f8e79dc5b09dd36ce5710066fa1ac3661681d2fbe,False,,225,225,1.0,JPEG,RGB,36c5b0cb7730db5748f1b1b6aa7e7bc583b949a7a105ed9ee13a6a68487fe66a,17bbe1f13e011f0f687e64b46168c87c65a1bd602697369532da9b1b925a7338,False,,0.21127858757972717,0.23932793736457825,0.00592932989820838,0.4163823127746582,0.014240110293030739,0.9721354166666667,0.0,excluded,redundant_high_similarity_perceptual_duplicate,data/Training/notumor/Tr-no_1321.jpg,excluded,dup_02990
data/Training/notumor/Tr-no_311.jpg,Tr-no_311.jpg,notumor,2,Training,False,7945,0e5b5a82f0cdfb21eec4ef29b7353f80a4061743d9d3813104bb06331cbe86f4,False,,150,198,0.7575757575757576,JPEG,RGB,a777b4b15a257bd50bf53d063b2c81cf4318bdaafbddce2f4631bb9efea6ea14,468847774c562a8a47ffef545fd0745c9e42616e1c0f3569187f34a1387624b5,False,,0.36866623163223267,0.2691340744495392,0.2732158899307251,0.41463503241539,0.6589310169219971,0.39817708333333335,0.115625,excluded,redundant_high_similarity_perceptual_duplicate,data/Testing/notumor/Te-no_37.jpg,excluded,dup_03181
data/Training/notumor/Tr-no_314.jpg,Tr-no_314.jpg,notumor,2,Training,False,36796,781facc8c7496205fa19266d803d315c55fb0e9e250f436433ea6642753c348a,False,,630,630,1.0,JPEG,RGB,335eb029e9c945858bad37594aedc5f79fd4c06932a416d730544adab7e7f8e3,43cc6d183f0734633c79949c61b3b647638c33ca9cd198cd63269a33b6de619c,False,,0.2100846916437149,0.22581909596920013,0.04860805347561836,0.3794404864311218,0.1281045526266098,0.0,0.0033854166666666668,excluded,redundant_high_similarity_perceptual_duplicate,data/Testing/notumor/Te-no_166.jpg,excluded,dup_03184
data/Training/notumor/Tr-no_316.jpg,Tr-no_316.jpg,notumor,2,Training,False,9228,982b370105eba2d69c792adbcb7e4c8b5319e6bd5229b64d008dca9af3accf80,False,,225,225,1.0,JPEG,RGB,a4e13da1bc3bb8ba35eeceb8c61c6fcce70316fa6bb7a83aa7cd9fef86250ba0,07a197ad3e1f4ed67876685a61d8396926c399a131096583f1a564cf8de76346,False,,0.3202897906303406,0.3551401197910309,0.03446895629167557,0.692182719707489,0.049797482788562775,0.9458333333333333,0.0203125,excluded,redundant_high_similarity_perceptual_duplicate,data/Training/notumor/Tr-no_1173.jpg,excluded,dup_02868
data/Training/notumor/Tr-no_317.jpg,Tr-no_317.jpg,notumor,2,Training,False,9757,530f5b22a670f7393d5a75bdcadbc334ae795f089be206fb20cefc44adfe7495,False,,207,243,0.8518518518518519,JPEG,RGB,0b7c648b02b8f2428887fb06df1967dfb4a2f39eba440224141ffd0b43008fc6,065d5e0e5baa88796a036644795f459b69689a6665a2711d65a79d96678d9e52,False,,0.2955109179019928,0.2642207741737366,0.04022876173257828,0.48882126808166504,0.08229748904705048,0.9002604166666667,0.0,excluded,redundant_high_similarity_perceptual_duplicate,data/Training/notumor/Tr-no_1095.jpg,excluded,dup_02790
data/Training/notumor/Tr-no_318.jpg,Tr-no_318.jpg,notumor,2,Training,False,22467,34d45fb699f5183b9b859f9bc071e1f23d9b0d3ca77129699c25191c313d22ae,False,,442,454,0.973568281938326,JPEG,RGB,44a94a289107c1e008684a327ba9054d13f57fad8ae7c416f085b7dd92ae7b75,16829e1e785ec9e961e10e66678765b926967586aa99665a9e66371967598a61,False,,0.19513250887393951,0.17749741673469543,0.04952818527817726,0.39127224683761597,0.12658241391181946,0.19270833333333334,0.0,excluded,redundant_high_similarity_perceptual_duplicate,data/Testing/notumor/Te-no_172.jpg,excluded,dup_03186
data/Training/notumor/Tr-no_319.jpg,Tr-no_319.jpg,notumor,2,Training,False,8856,658b9dbd6d87170f19ae33bcb2e9d7d211aba7be45c0a5069df271002d125a23,False,,225,225,1.0,JPEG,RGB,cbb5e6ba9bcaa8d95c19491530fc0f93d6eea028640c6bbe6f6341a93d2a6f2e,13aa1e666e95c1b9646a4396b4e91cc9b39160b5b2d234e1cb4e73c2993c378f,False,,0.1455492377281189,0.1804579347372055,0.0451245941221714,0.29393959045410156,0.15351656079292297,0.8359375,0.0,excluded,redundant_high_similarity_perceptual_duplicate,data/Testing/notumor/Te-no_238.jpg,excluded,dup_03089
data/Training/notumor/Tr-no_32.jpg,Tr-no_32.jpg,notumor,2,Training,False,9661,a8ec609bf4bca5c827586ea5db4bd5456cf2b6d8a7d5218ccf12ab4526c75057,False,,225,225,1.0,JPEG,RGB,9e08948a2f0af77b1cf07d75023a43ed67b6dfed03dda1b360f886e40db5dfd6,4e9bc6333c6639cc318939b1e3b0c638c64c86c6cc63692db33698d8b9cceb33,False,,0.23657849431037903,0.32263314723968506,0.059952009469270706,0.6243566274642944,0.09602206200361252,0.8520833333333333,0.0,excluded,redundant_high_similarity_perceptual_duplicate,data/Training/notumor/Tr-no_201.jpg,excluded,dup_03100
data/Training/notumor/Tr-no_320.jpg,Tr-no_320.jpg,notumor,2,Training,False,30804,7aa1699982c823d0f2de7f11f0a946404d6aa59903639b6c841322d9ee40f1a0,False,,630,630,1.0,JPEG,RGB,10b91ef3a4fdfdb01f06c1fac080f026ecfa2e2551a2c4e9da0d5fa3941e83ac,10d1c5b56b063a426c696d2d34f1b3f1318e3496e69a6719637933da992e322f,False,,0.12596939504146576,0.12690752744674683,0.013057597912847996,0.21612286567687988,0.060417477041482925,0.7213541666666666,0.0,excluded,redundant_high_similarity_perceptual_duplicate,data/Testing/notumor/Te-no_128.jpg,excluded,dup_03187
data/Training/notumor/Tr-no_321.jpg,Tr-no_321.jpg,notumor,2,Training,False,34504,8530b175ac1df0c0a4f09e325732cee2ae63b42d144b702648d8e6fcb47559bb,False,,630,630,1.0,JPEG,RGB,3579e5abc1a1199d9b5c5877b497c5df8d5179a85d69aa03fe80788fcb3e316a,1699384d6a526136692cc5c934e6e31236d9669fcd84cd983673cf66e38b34c9,False,,0.21019648015499115,0.22590328752994537,0.04861826449632645,0.37967216968536377,0.12805327773094177,0.0,0.0033854166666666668,excluded,redundant_high_similarity_perceptual_duplicate,data/Training/notumor/Tr-no_1023.jpg,excluded,dup_02717
data/Training/notumor/Tr-no_322.jpg,Tr-no_322.jpg,notumor,2,Training,False,30907,b2b557367e280104aa990ff5b1116471c9a0895e48c6bad01725b8b14c138fb2,False,,630,630,1.0,JPEG,L,2d2c64ad87d64ad844247d30b998947f5d5eb19bca7890a4fa71bc8125afbfc3,12cc1a5b6a72a5a42d2bc69e34b36c73309c89caf3c29e2d634f2d309c0fd9d3,False,,0.1166171282529831,0.13852643966674805,0.0034232030156999826,0.23254156112670898,0.014720822684466839,1.0,0.0,excluded,redundant_high_similarity_perceptual_duplicate,data/Testing/notumor/Te-no_189.jpg,excluded,dup_03131
data/Training/notumor/Tr-no_324.jpg,Tr-no_324.jpg,notumor,2,Training,False,7971,b822c242fa5306ff05e75ec790644fd975c95712638e1da8186643224b53c112,False,,150,198,0.7575757575757576,JPEG,RGB,cf0cdcccec40faf94797f5873759f344ff7b151c5b6620e69272ba58e9eceb03,4688b8884c56d57547ff10ab5fc08ba39e429e911c0fca961877cb5e3876db4a,False,,0.368471622467041,0.26925793290138245,0.2732067108154297,0.41482460498809814,0.6586077809333801,0.40260416666666665,0.11744791666666667,excluded,redundant_high_similarity_perceptual_duplicate,data/Testing/notumor/Te-no_267.jpg,excluded,dup_03189
data/Training/notumor/Tr-no_327.jpg,Tr-no_327.jpg,notumor,2,Training,False,20820,b91fea611b8064eb12f0682b4c1f24d6b16fb0a536b8c3f5c059a2c156a82294,False,,236,236,1.0,JPEG,RGB,8651c3d0f497e3b967568244834e2ef9a02e768a1b7d976ca656b5e2574fa0be,159a3b596e6478b33b5ce6f2712c9b66c681658d31e4b213cd97cc9c349a6318,False,,0.2832790017127991,0.3268682062625885,0.04583537578582764,0.5139045715332031,0.08919043838977814,0.85546875,0.0005208333333333333,excluded,redundant_high_similarity_perceptual_duplicate,data/Training/notumor/Tr-no_1160.jpg,excluded,dup_02856
data/Training/notumor/Tr-no_328.jpg,Tr-no_328.jpg,notumor,2,Training,False,5721,40031cf5c3f55c8b2f98051be7485b940a455738b7b07233433ea2b15072cda2,False,,225,225,1.0,JPEG,RGB,034bc7092b767708af68ad2db5d35fa842960d75532a2accd3f48007a036c9d5,17bb0e0f3e01e0f0785e994b61683f8365e1da9f6697c96a32da64c4965a8c87,False,,0.1201598048210144,0.14085909724235535,0.0037367239128798246,0.23223039507865906,0.01609058864414692,1.0,0.0,excluded,redundant_high_similarity_perceptual_duplicate,data/Training/notumor/Tr-no_1063.jpg,excluded,dup_02759
data/Training/notumor/Tr-no_329.jpg,Tr-no_329.jpg,notumor,2,Training,False,11727,17250b18504f8760546d80281cb9d618e6f2af747cec2a19dd3bb1b1f165de8b,False,,201,250,0.804,JPEG,RGB,74604f43465405df25046bb3385928ae98b8693d3873da3ea1564a291f35a0cc,00015bad1feab8517a06916a687fc5f269ea9f816199dac663e99e27359919d8,False,,0.43769603967666626,0.3164580464363098,0.08466707915067673,0.5990062355995178,0.14134590327739716,0.7752604166666667,0.016666666666666666,excluded,redundant_high_similarity_perceptual_duplicate,data/Training/notumor/Tr-no_1293.jpg,excluded,dup_02965
data/Training/notumor/Tr-no_330.jpg,Tr-no_330.jpg,notumor,2,Training,False,8733,fd701e8cdd7a47b2b7198334e09d7947edf3d2efdd68b73b8d47282256f9f475,False,,225,225,1.0,JPEG,RGB,d2bfad9275784d98af166749832e8799b6f04bd494f5931fcbe1a8d389b057e0,10d17a4a6b06c5bd6c6992d234f14c0e338ecb69e6da98c66779cc65992ecdd0,False,,0.12643611431121826,0.1272759884595871,0.013542688451707363,0.2162904143333435,0.06261344999074936,0.7213541666666666,0.0,excluded,redundant_high_similarity_perceptual_duplicate,data/Testing/notumor/Te-no_344.jpg,excluded,dup_02734
data/Training/notumor/Tr-no_331.jpg,Tr-no_331.jpg,notumor,2,Training,False,9686,5f5390a3d81bdc854e5e498bfff76886d22c09112eeb2399b83faae4d70442e3,False,,201,251,0.8007968127490039,JPEG,RGB,d48f5af74d200bcc04059ee57e5d351e20e8a1551fa6732df69bf7aadda5f8e7,1199684c1e6727a67a46db996958a7136427ca66e9980f5a727a79f965602766,False,,0.1724867969751358,0.16027003526687622,0.03803615644574165,0.27550071477890015,0.13806191086769104,0.86015625,0.0,excluded,redundant_high_similarity_perceptual_duplicate,data/Testing/notumor/Te-no_62.jpg,excluded,dup_02827
data/Training/notumor/Tr-no_334.jpg,Tr-no_334.jpg,notumor,2,Training,False,6144,e068f498bea26909af4a8a27973cbcf12680252b353288f2f17f92e6bea663a8,False,,227,222,1.0225225225225225,JPEG,RGB,e3313532caa0d79a29f79867d0d565e2a56e7a234c74b75b000ada506201fc34,057a6a9d5b81a54a7a17b5a8297896a579e09e6639e49e4639e09c763187cec6,False,,0.13933728635311127,0.14339815080165863,0.042685866355895996,0.18826499581336975,0.22673289477825165,0.8583333333333333,0.0,excluded,redundant_high_similarity_perceptual_duplicate,data/Testing/notumor/Te-no_24.jpg,excluded,dup_02795
data/Training/notumor/Tr-no_335.jpg,Tr-no_335.jpg,notumor,2,Training,False,7884,97ef878aecbeb25dfc63bf5b3c3efe9c6aba103b461471294b1b019ebb1aedb3,False,,225,225,1.0,JPEG,RGB,59774d9d1f0a8d290981c22549fc15caaaf9d76c0acc44b6840c82af427000d3,42ee4a5b6b54a5a52d2b8e1e343d62d630f417ca33c29c3f638f21b1c30fd992,False,,0.21113905310630798,0.23904311656951904,0.006191789638251066,0.4163172245025635,0.014872767962515354,0.9666666666666667,0.0,excluded,redundant_high_similarity_perceptual_duplicate,data/Testing/notumor/Te-no_76.jpg,excluded,dup_02705
data/Training/notumor/Tr-no_339.jpg,Tr-no_339.jpg,notumor,2,Training,False,7161,0da2d14203ca846b6299fc07a0f42a3918afb25fbffeb573f491036b4d6f628e,False,,225,225,1.0,JPEG,RGB,8e5d890eb03e420f0a4ac9e2da05e34180728872b2640feac984eb94443cfda6,47d9b0f13f230f0e787a6c3461e6c4d965c92360a6973487361ac39ac95a7379,False,,0.11705299466848373,0.13853605091571808,0.003429330186918378,0.23272061347961426,0.014735824428498745,1.0,0.0,excluded,redundant_high_similarity_perceptual_duplicate,data/Training/notumor/Tr-no_1060.jpg,excluded,dup_02756
data/Training/notumor/Tr-no_340.jpg,Tr-no_340.jpg,notumor,2,Training,False,8309,c2f84e30b7b642dfeb812ec6fdd5d4e6117893bc6ed0234373233171ea45e199,False,,201,251,0.8007968127490039,JPEG,RGB,29a9402abf63391f3bbf0f68c93fc1778f594c8b219e615060aa06446604d44a,57350ae32882bfff02efed00c3793c227fd4343fcbd034bdb30460f01b4a62f0,False,,0.2850358784198761,0.21226394176483154,0.1595149040222168,0.4491335153579712,0.3551614284515381,0.015364583333333333,0.013541666666666667,excluded,redundant_high_similarity_perceptual_duplicate,data/Testing/notumor/Te-no_324.jpg,excluded,dup_02757
data/Training/notumor/Tr-no_341.jpg,Tr-no_341.jpg,notumor,2,Training,False,78104,e22f980ae6f8f79a1fd96c0e2711d06767493d2d7c19d885fd89f6207702c3f3,False,,680,680,1.0,JPEG,RGB,60b55c6585437a9ed9eeeb20de6834e371fc2cefb8bfec39f43038e767eb92a4,16e86a193997e1e27a7ec5a169698787d9a5c61685a5a65a998696796196da61,False,,0.19867806136608124,0.17179422080516815,0.06724163144826889,0.36984241008758545,0.18181157112121582,0.03333333333333333,0.0,excluded,redundant_high_similarity_perceptual_duplicate,data/Testing/notumor/Te-no_86.jpg,excluded,dup_02975
data/Training/notumor/Tr-no_343.jpg,Tr-no_343.jpg,notumor,2,Training,False,22175,4899e88fcfb9cbc13d3b4bc9528a1bcad65d42500b08a83f2de83e9dc8337b13,False,,442,454,0.973568281938326,JPEG,RGB,9b037cb4c38b83fdcccf262dfcd61be3db69561f371853ea41eb4a892917a2a4,43d7cb4b2d0b9cac34b45b3332d230ec33c320d3ffcc330fcb33624c320cdf34,False,,0.19522514939308167,0.17748622596263885,0.04958537966012955,0.39130574464797974,0.12671774625778198,0.19166666666666668,0.0,excluded,redundant_high_similarity_perceptual_duplicate,data/Training/notumor/Tr-no_1168.jpg,excluded,dup_02863
data/Training/notumor/Tr-no_347.jpg,Tr-no_347.jpg,notumor,2,Training,False,5758,3b098b0d2bee33d7fc3864ad7367a71538983f2b06eb83a23d72fa49a7ff5d3c,False,,225,225,1.0,JPEG,RGB,fb7c320816d0c06bf05c14d68612b4c06a4ff7503d317d235cc41d2862bbf0fe,07a96a5e7e173169787697a56878c69634e3661e31299e5c31a59b7809a69c71,False,,0.18982796370983124,0.22470618784427643,0.02731107361614704,0.3870078921318054,0.07056981325149536,0.9591145833333333,0.011197916666666667,excluded,redundant_high_similarity_perceptual_duplicate,data/Testing/notumor/Te-no_134.jpg,excluded,dup_02896
data/Training/notumor/Tr-no_35.jpg,Tr-no_35.jpg,notumor,2,Training,False,5316,5933c7d02ae930f37d29bbe67bff5dd2890344a5c839c03ce3281a428a9c514d,False,,173,201,0.8606965174129353,JPEG,RGB,9d694193274fa9678eff413d839712d8f2dc86b2a12684f0068ef0e9b3cacc05,413343303eeab8d37a14877c70ca1bce8f3fd0e3790c1f3848fb7984353460f3,False,,0.18342214822769165,0.15691649913787842,0.022043505683541298,0.34776633977890015,0.0633859634399414,0.8755208333333333,0.0,excluded,redundant_high_similarity_perceptual_duplicate,data/Testing/notumor/Te-no_118.jpg,excluded,dup_02971
data/Training/notumor/Tr-no_352.jpg,Tr-no_352.jpg,notumor,2,Training,False,33222,ed3d377bbe7b539af48204acad6a3c6089978f523bb8e4934e9dc367f95ab8ab,False,,504,540,0.9333333333333333,JPEG,RGB,1a3e3d56448c16ae9adfd6b101223c5a44c7f557e0aa045909724692bc12df5e,16916c5c785b91e161e8cb1625a7333f629e1899b70b1931966963e7d3316cce,False,,0.2539728283882141,0.25638076663017273,0.034128885716199875,0.5196154713630676,0.06568104028701782,0.57734375,0.0,excluded,redundant_high_similarity_perceptual_duplicate,data/Testing/notumor/Te-no_162.jpg,excluded,dup_03006
data/Training/notumor/Tr-no_357.jpg,Tr-no_357.jpg,notumor,2,Training,False,8790,4eee49e2f60ad31735106ffcdce241a02c08303bf8fd4dbc4641c4dd48133a27,False,,230,282,0.8156028368794326,JPEG,RGB,bfedbc699a9915b89850ee1c4cdc12a9315bb566a5ee110566e83636a0d5f6ef,542fc59b6ee41ae4390b3b40652f6c2f329934fc928635f0c65a61c6ce7a92cb,False,,0.2146587371826172,0.1899130493402481,0.03219873458147049,0.3736586570739746,0.08617152273654938,0.16614583333333333,0.0,excluded,redundant_high_similarity_perceptual_duplicate,data/Testing/notumor/Te-no_18.jpg,excluded,dup_03211
data/Training/notumor/Tr-no_360.jpg,Tr-no_360.jpg,notumor,2,Training,False,8657,b57e5fb0713ee26e10a86db0ca4bd1a5ebfd6875202d4e81af0f10c5525bc01c,False,,225,225,1.0,JPEG,RGB,15bc79d5c82155181bb26da274ec3feadf3d562474ce2f6365fba482d8bda75b,16e5c3b1691a1c4765e36918b31931e1a626e796669966dc984f9a5b3634ce69,False,,0.14346253871917725,0.2268570512533188,0.0,0.3687308728694916,0.0,1.0,0.0,excluded,redundant_high_similarity_perceptual_duplicate,data/Testing/notumor/Te-no_376.jpg,excluded,dup_03215
data/Training/notumor/Tr-no_362.jpg,Tr-no_362.jpg,notumor,2,Training,False,12624,77ed920e1688b867cf62bed46e5bcafb5d16d7a04f869cef88bce986d262ca6d,False,,235,233,1.0085836909871244,JPEG,RGB,87f57378111a86e554ee3957352e040bb146dacdb62b4078b1ecaddf89ad7444,523cc2194e1d3cc42d92298269af61b778f498dc9ee1961ec707c61ac72fe339,False,,0.12704074382781982,0.1601519137620926,0.022929947823286057,0.18948185443878174,0.12101395428180695,0.9278645833333333,0.0,excluded,redundant_exact_decoded_rgb_duplicate,data/Testing/notumor/Te-no_365.jpg,excluded,dup_03217
data/Training/notumor/Tr-no_364.jpg,Tr-no_364.jpg,notumor,2,Training,False,7803,a0403fae82625981833d0e4727deec2d6109244f740dd56ddc8b87bda3c7fa6c,False,,228,221,1.0316742081447965,JPEG,RGB,8cb890413ae1cf35bd2a7b8faa0d0e425f8d95ab75dcf4e1391a43376a16d6cf,423dd0dc2dc20f53742d6c4f1cbc253731f034dc30c3e6d833c39c3333cfccc3,False,,0.16704940795898438,0.20862369239330292,0.01354166679084301,0.3365263342857361,0.040239546447992325,0.9604166666666667,0.0,excluded,redundant_high_similarity_perceptual_duplicate,data/Testing/notumor/Te-no_325.jpg,excluded,dup_03219
data/Training/notumor/Tr-no_365.jpg,Tr-no_365.jpg,notumor,2,Training,False,26145,45f94977b8dcdda3912f51dd1f12e6d58ad625545d37ce1771ac3b3fdd155c81,False,,350,350,1.0,JPEG,RGB,9cb9fc2adde3a64f4e3b6467416438251ebf1c2313136418f90568222c3823d7,07a96a5e3e173169787697a56878c69634e3661e31299e5c31a59b7819a69c71,False,,0.18940980732440948,0.22447024285793304,0.027214055880904198,0.38679152727127075,0.07035846263170242,0.9598958333333333,0.01171875,excluded,redundant_high_similarity_perceptual_duplicate,data/Testing/notumor/Te-no_134.jpg,excluded,dup_02896
data/Training/notumor/Tr-no_367.jpg,Tr-no_367.jpg,notumor,2,Training,False,6653,aa56085d96a183736b9b934fe058814cce8486e6e56f7b99ed00f1a20e83ba3c,False,,192,192,1.0,JPEG,RGB,b47224bc45cf5df5ead84489167e781184945f2a1b8864a28397fa9a93dabf50,179d1859786be3e665a10c9e6786f256369d38599e5ac921326134f6cd83c99c,False,,0.23854336142539978,0.32713747024536133,4.493464439292438e-05,0.5763442516326904,7.796494173817337e-05,1.0,0.0,excluded,redundant_high_similarity_perceptual_duplicate,data/Testing/notumor/Te-no_287.jpg,excluded,dup_03221
data/Training/notumor/Tr-no_368.jpg,Tr-no_368.jpg,notumor,2,Training,False,9873,910fb825186027431acdc9664e9afb2ddbea0736c3be1214c9c2d2d3f9316c56,False,,232,217,1.0691244239631337,JPEG,RGB,d830a3e08e77a03e7ffa5ac91072cddb11f3accea5d6b070dd4226291d762e94,16627a5e789565f9617ac6a14c79999764e7961e61b99a189186625966569e63,False,,0.25761839747428894,0.3014371991157532,0.026626842096447945,0.5596756935119629,0.047575484961271286,0.9578125,0.0010416666666666667,excluded,redundant_high_similarity_perceptual_duplicate,data/Testing/notumor/Te-no_2.jpg,excluded,dup_03222
data/Training/notumor/Tr-no_37.jpg,Tr-no_37.jpg,notumor,2,Training,False,25439,f8023e2a47e97478a24ab4374a6f1d27d5f3a9a98c8752e796887f32a5e5b66e,False,,359,449,0.799554565701559,JPEG,RGB,18b02a6045801cd8fa3daad71a782baddfc147c056dcebd8d59662fd6835ec55,119987b31e67d8597a4e246e694878ec64a735a9e99af0a5737a86066561d8d9,False,,0.2965073585510254,0.24991779029369354,0.06561990082263947,0.4688716232776642,0.13995280861854553,0.69765625,0.0,excluded,redundant_high_similarity_perceptual_duplicate,data/Testing/notumor/Te-no_35.jpg,excluded,dup_03036
data/Training/notumor/Tr-no_371.jpg,Tr-no_371.jpg,notumor,2,Training,False,61345,72f5f6723c7b92f641fb5d44513b6111c348e43005f8c1f4829f28eebd1117b2,False,,630,630,1.0,JPEG,RGB,016dcfa082b34fea7335ba42416b197f3feece21071817691aeaa19289ff0528,46994f0e3f23f0f1787a93cb61e6292665c9cc9fa697cb78321a3864c95a8c86,False,,0.11658313870429993,0.13852785527706146,0.003414011560380459,0.23259902000427246,0.01467766985297203,1.0,0.0,excluded,redundant_exact_decoded_rgb_duplicate,data/Training/notumor/Tr-no_1062.jpg,excluded,dup_02758
data/Training/notumor/Tr-no_373.jpg,Tr-no_373.jpg,notumor,2,Training,False,95946,3ddeea6a885fe0abe47b3ae14f4694a85e7b4a5cc2b43cb5407288ffc585a62c,False,,680,680,1.0,JPEG,RGB,a9b993ac0a9ecf3fc53653eecb7e26af1770e5729a2621e0ecca4e185d540e3d,43bd3f4c6cc2b0b7372b90fc3c3c52d28cf09343d8f0630fccd3c32c2cc38f34,False,,0.35045528411865234,0.29916802048683167,0.11933007091283798,0.6636632680892944,0.17980514466762543,0.0,0.00859375,excluded,redundant_high_similarity_perceptual_duplicate,data/Testing/notumor/Te-no_122.jpg,excluded,dup_03226
data/Training/notumor/Tr-no_374.jpg,Tr-no_374.jpg,notumor,2,Training,False,10940,91a564e72b7cd02bfd3d14592d0ac4ad84ee2b8e44bc5c1479f269e2f1ef0acd,False,,201,250,0.804,JPEG,RGB,2459580cd775715eae793162f6f99f304d47911838712dac0b8c4f5755a8187c,00015bad1feab8517a16916a687fc5e269ea9f816199dac663e99e27359919d8,False,,0.43749499320983887,0.31757229566574097,0.08377452194690704,0.5997702479362488,0.13967768847942352,0.7953125,0.017447916666666667,excluded,redundant_high_similarity_perceptual_duplicate,data/Training/notumor/Tr-no_1293.jpg,excluded,dup_02965
data/Training/notumor/Tr-no_375.jpg,Tr-no_375.jpg,notumor,2,Training,False,6399,cca6c02571d544a64a480fb01cb9d45a2b5d0211e201f929844745afa10d658a,False,,201,250,0.804,JPEG,RGB,979f9220cb0133da1198772d276f89c207dd8cf0d37a68b6b6c5885ef257bfa6,00095b8d1feef8517a04916e687fc5f269e297a16999d8c663e99e233d8919d8,False,,0.2480892539024353,0.18587002158164978,0.0475163459777832,0.3417796492576599,0.13902625441551208,0.8330729166666667,0.0,excluded,redundant_high_similarity_perceptual_duplicate,data/Training/notumor/Tr-no_1044.jpg,excluded,dup_02740
data/Training/notumor/Tr-no_377.jpg,Tr-no_377.jpg,notumor,2,Training,False,6014,6774b2137c7f1785385cf64b7fde608287f3f7e05c29d7dfc114443b01e40b62,False,,192,192,1.0,JPEG,RGB,11c4d33dbedf7184999ec077c3a7589dab13152efacf428c5b540f6f269f2e92,42c06d0c3d3fb6b230f4d9cb32c3972763c94d8c9b4e9c6c6732612398b69cd9,False,,0.18190345168113708,0.22997815907001495,0.004358659964054823,0.4177045226097107,0.010434792377054691,0.97734375,0.0,excluded,redundant_high_similarity_perceptual_duplicate,data/Testing/notumor/Te-no_126.jpg,excluded,dup_02690
data/Training/notumor/Tr-no_380.jpg,Tr-no_380.jpg,notumor,2,Training,False,17506,1e1a27e88f2812b4b950fca09bf5f4b8fe20514826756ac69b37b43c0c73214b,False,,236,236,1.0,JPEG,RGB,f09e0dad64bd67f0d1e9b3dbf8487a7b340e4ede14da999c1f2194cc6132d037,15534aed46ba79807a27a617785c495e6974e1e821c2e32b2d8fc6b7239d8636,False,,0.2947571873664856,0.2534560561180115,0.09645424783229828,0.3643650412559509,0.2647187113761902,0.7828125,0.0026041666666666665,excluded,redundant_exact_decoded_rgb_duplicate,data/Training/notumor/Tr-no_1267.jpg,excluded,dup_02942
data/Training/notumor/Tr-no_382.jpg,Tr-no_382.jpg,notumor,2,Training,False,10435,c48e0a107f985bec88dd81d6f27432ad61539aa516c4396a71fe9e55cdce351d,False,,225,225,1.0,JPEG,RGB,c6628cffaba07f51050af7c0436aaf560a42939763192825fe8ad66f70b8ad29,13aee1996c153e46646ae9e9b4e9e33793919e4892d6c918cb4e8c3d9b39c870,False,,0.24539197981357574,0.2868306636810303,0.07339973002672195,0.5271810293197632,0.13923059403896332,0.8330729166666667,0.0010416666666666667,excluded,redundant_high_similarity_perceptual_duplicate,data/Testing/notumor/Te-no_208.jpg,excluded,dup_02917
data/Training/notumor/Tr-no_384.jpg,Tr-no_384.jpg,notumor,2,Training,False,8845,8570d5134cffb9b72564702663cae2968a0d3bea506ac083db9f8ca46f992026,False,,225,225,1.0,JPEG,RGB,fd147e7a53721310db5e5d64a2235c591c6db914c11f202a24ae82acb8c2da92,13aae1996e903e46646abc69b4e9e336b3919f4892d2cb1ecb4e8c3d9938cc70,False,,0.1451820582151413,0.18085095286369324,0.04433925449848175,0.2939204275608063,0.15085461735725403,0.8388020833333333,0.0,excluded,redundant_high_similarity_perceptual_duplicate,data/Training/notumor/Tr-no_103.jpg,excluded,dup_02724
data/Training/notumor/Tr-no_385.jpg,Tr-no_385.jpg,notumor,2,Training,False,9863,893cca9d9dd93b1ec90d8b2b6e4ec17638153c4603c32e8b304bfc05aa8a42bc,False,,420,280,1.5,JPEG,RGB,7328e0ef167d75978b2b55a68025e29ac030770508e10cb0decb1651ea332913,4e1e6cd93861b696349332ca67ce986d334ad366338d79cc32789cb43361d233,False,,0.15487515926361084,0.20420224964618683,0.013100490905344486,0.38860392570495605,0.03371167927980423,0.9572916666666667,0.0,excluded,redundant_high_similarity_perceptual_duplicate,data/Testing/notumor/Te-no_8.jpg,excluded,dup_02839
data/Training/notumor/Tr-no_386.jpg,Tr-no_386.jpg,notumor,2,Training,False,7266,008621858a0f998debf392faccc3b430b2971ec9ff7f8108391b22f35f787d16,False,,225,225,1.0,JPEG,RGB,b49bf1b4f256bc5848fa1db29b5afdb82695dda0600d3a8d73d281ba08fb2ed8,07a96a5e3e173169787697a56878c69634e3661e31299e5c31a59b7819a69c71,False,,0.19007401168346405,0.22428788244724274,0.027425449341535568,0.3869255781173706,0.07088042795658112,0.9588541666666667,0.010416666666666666,excluded,redundant_high_similarity_perceptual_duplicate,data/Testing/notumor/Te-no_134.jpg,excluded,dup_02896
data/Training/notumor/Tr-no_387.jpg,Tr-no_387.jpg,notumor,2,Training,False,17506,1e1a27e88f2812b4b950fca09bf5f4b8fe20514826756ac69b37b43c0c73214b,False,,236,236,1.0,JPEG,RGB,f09e0dad64bd67f0d1e9b3dbf8487a7b340e4ede14da999c1f2194cc6132d037,15534aed46ba79807a27a617785c495e6974e1e821c2e32b2d8fc6b7239d8636,False,,0.2947571873664856,0.2534560561180115,0.09645424783229828,0.3643650412559509,0.2647187113761902,0.7828125,0.0026041666666666665,excluded,redundant_exact_decoded_rgb_duplicate,data/Training/notumor/Tr-no_1267.jpg,excluded,dup_02942
data/Training/notumor/Tr-no_388.jpg,Tr-no_388.jpg,notumor,2,Training,False,18154,b7217d07fe4b60f472aaeee4b36e8429d4a1685bbb9fd13c1d471835326e801d,False,,276,326,0.8466257668711656,JPEG,RGB,6a329a853c12510840cf1f6ae1c82526faa941d1c8832d4721b9219bb7e661d0,549308ec43ccb79c0d334913333c343278c278ff349a37716f0f72ccb4ec970b,False,,0.1554165780544281,0.1653706282377243,0.03395731374621391,0.23612037301063538,0.14381356537342072,0.8375,0.0,excluded,redundant_high_similarity_perceptual_duplicate,data/Testing/notumor/Te-no_214.jpg,excluded,dup_03101
data/Training/notumor/Tr-no_390.jpg,Tr-no_390.jpg,notumor,2,Training,False,5114,29504dbbe42208cd4a37cf150c088b005656454befe4015caa1a94c2b2d7c0eb,False,,228,221,1.0316742081447965,JPEG,RGB,f4e7eda535c232a6e0bc007c59ad3e6ba620c3cf0e6c2ec9eca7e8e65bca9f7f,1da75a9c6a56256a699925912c653336649b735eb199e6983636926e3939c639,False,,0.14923959970474243,0.16535021364688873,0.022479575127363205,0.31550630927085876,0.07124920934438705,0.9341145833333333,0.0,excluded,redundant_high_similarity_perceptual_duplicate,data/Training/notumor/Tr-no_186.jpg,excluded,dup_03088
data/Training/notumor/Tr-no_391.jpg,Tr-no_391.jpg,notumor,2,Training,False,8228,193b1ca0bd3352e41e46d90ae247d0c706e61579889e814403de1c091bfe9bf1,False,,225,225,1.0,JPEG,RGB,1507b6036e83c6432c556b9778cecc451d0807b5fffece690285646aebc5730f,159898fd6a2527522e56686518589c9e6869666ec928797961e587a7c9a7d9b3,False,,0.1592790186405182,0.15520356595516205,0.0385998860001564,0.27637389302253723,0.13966545462608337,0.5671875,0.0,excluded,redundant_high_similarity_perceptual_duplicate,data/Testing/notumor/Te-no_94.jpg,excluded,dup_03235
data/Training/notumor/Tr-no_392.jpg,Tr-no_392.jpg,notumor,2,Training,False,10111,6928bf994e8305a34bdc832e7df31b94c75b1d30418fbb6c503703b11f1259a9,False,,420,280,1.5,JPEG,RGB,fe63387f7025789b8266dc7c7100192be8d5124cd0d4c2d3a6de4496b8e8664f,1b4b398c6d34e3c361c6679f329b4d38661f863366c82c99672dcde166348726,False,,0.15496203303337097,0.20415522158145905,0.013162786141037941,0.3886469602584839,0.03386823460459709,0.9572916666666667,0.0,excluded,redundant_high_similarity_perceptual_duplicate,data/Testing/notumor/Te-no_384.jpg,excluded,dup_03236
data/Training/notumor/Tr-no_400.jpg,Tr-no_400.jpg,notumor,2,Training,False,34394,5a66211168e2f92209f3aee80fe618a1555144bada16fdc2035d1780321c02cf,False,,630,630,1.0,JPEG,RGB,28785bcbd663972c09964194ea6f6d5ea15945ac072361c7d0ee5c28390b3118,1699384d6a526136692ce1c934e6e31236d9669fcd84cd983673cf66e38b34c9,False,,0.21031805872917175,0.22596359252929688,0.04867443069815636,0.3797343969345093,0.12818020582199097,0.0,0.0033854166666666668,excluded,redundant_exact_decoded_rgb_duplicate,data/Training/notumor/Tr-no_1023.jpg,excluded,dup_02717
data/Training/notumor/Tr-no_401.jpg,Tr-no_401.jpg,notumor,2,Training,False,8148,fbc22e6422e4080e0cc43f4183359d813487f41df1b5fdf7c68e463c5951c7a7,False,,225,225,1.0,JPEG,RGB,a46f4c3a89774c58e05e9411ae4e340b9b9cfb1b0eaa0e90796f1675a63a1ee4,42dcd0f52f33cf183b0f4d026cfccc3d313939b0cda564c01cf03333cd9364cf,False,,0.13827861845493317,0.1803036779165268,0.020574958994984627,0.30130019783973694,0.06828723847866058,0.9520833333333333,0.0,excluded,redundant_high_similarity_perceptual_duplicate,data/Testing/notumor/Te-no_254.jpg,excluded,dup_03246
data/Training/notumor/Tr-no_402.jpg,Tr-no_402.jpg,notumor,2,Training,False,12924,bc802bac8ff69922680339822c1e173b9c28ad6979a1a648a314a4592ae828af,False,,201,251,0.8007968127490039,JPEG,RGB,f561709849ef19368b138000c753d86db88be6ea9f056d83988cb30eed71c004,54ccd2e64b328d0c2f13713b3c0d2db931f260fc3ccf85f0672fd35330b48d8c,False,,0.29835134744644165,0.2526407837867737,0.06753882020711899,0.46339425444602966,0.1457480788230896,0.6986979166666667,0.0005208333333333333,excluded,redundant_high_similarity_perceptual_duplicate,data/Testing/notumor/Te-no_11.jpg,excluded,dup_03032
data/Training/notumor/Tr-no_403.jpg,Tr-no_403.jpg,notumor,2,Training,False,12637,717e52b12db9e89261fc353e2a86313e73c1fc9df5e6f503bbc8586d93a63283,False,,201,251,0.8007968127490039,JPEG,RGB,39f581f86a4f3f0ba161fa9fbfafc0677dd39bc64a0973eecfa91b5f79bc09e4,54cc2d194b3272f32f1b8ec43c0dd24631f29f033ccf7a0f272f2cac30b47273,False,,0.29808831214904785,0.2529105544090271,0.0674203485250473,0.46355220675468445,0.14544284343719482,0.69609375,0.0,excluded,redundant_high_similarity_perceptual_duplicate,data/Testing/notumor/Te-no_184.jpg,excluded,dup_02689
data/Training/notumor/Tr-no_404.jpg,Tr-no_404.jpg,notumor,2,Training,False,24654,c021a736b725b0269c03f235df99c88ee35431a429d519c4445d8ea34ab2948c,False,,512,512,1.0,JPEG,RGB,cd145edebab644697e1bcc89b70bd13cac1d2a08d1d811fd18e1432c54979fad,47f42f183947f0f33c2f8e6c70f198e370958f033632c92f63ca361c330f6338,False,,0.3749830424785614,0.3009378910064697,0.11352328956127167,0.6780790686607361,0.1674189567565918,0.0,0.0,excluded,redundant_high_similarity_perceptual_duplicate,data/Testing/notumor/Te-no_170.jpg,excluded,dup_03128
data/Training/notumor/Tr-no_405.jpg,Tr-no_405.jpg,notumor,2,Training,False,8913,1a5c86bf6d8cc8e34ba31a382066684192e7924ec2d547598c782457dbf034c3,False,,230,282,0.8156028368794326,JPEG,RGB,b1c175fca8dc3301f3b0863f5b7b58a69b03657758033df23124321203cbd0c6,542f3e646ee4e51b390ac4bf652f93d03299cb039286ca0fc65a9639ce7a6934,False,,0.21469369530677795,0.18985778093338013,0.03209252655506134,0.37366729974746704,0.08588529378175735,0.15885416666666666,0.0,excluded,redundant_high_similarity_perceptual_duplicate,data/Training/notumor/Tr-no_1166.jpg,excluded,dup_02861
data/Training/notumor/Tr-no_409.jpg,Tr-no_409.jpg,notumor,2,Training,False,32004,0c4a4a499be2d6e2bdaf587a6b722d014c0675ed9999f571d829ad72d0724439,False,,504,540,0.9333333333333333,JPEG,RGB,42b568ac691a4e7822ea56aa8697e4ca9a62f7aa841ce272ed93b5a101f17776,43c4c4f42d0e3b4b34bd61bc70f2998536cbb233e25eb39bc33cc94d8664c664,False,,0.25393760204315186,0.25630247592926025,0.03410845622420311,0.5194087028503418,0.06566786020994186,0.5734375,0.0,excluded,redundant_high_similarity_perceptual_duplicate,data/Testing/notumor/Te-no_119.jpg,excluded,dup_03250
data/Training/notumor/Tr-no_410.jpg,Tr-no_410.jpg,notumor,2,Training,False,37547,7d5fb3078f6ed56884ebf8c14928f4e8e05ffd2065cf1b5f4b23cd6dfa3f49ef,False,,331,406,0.8152709359605911,JPEG,RGB,58f18f681aa068887649b3f71cdc46ee00419510b431fd9437106a3c5df6ae8b,000554ae4ffeab506f82855a3e0bb7a77c153e89ac5ecc9731f92667219c998c,False,,0.41932374238967896,0.29598283767700195,0.11289828270673752,0.5530532002449036,0.20413638651371002,0.7614583333333333,0.017447916666666667,excluded,redundant_exact_decoded_rgb_duplicate,data/Training/notumor/Tr-no_1208.jpg,excluded,dup_02899
data/Training/notumor/Tr-no_411.jpg,Tr-no_411.jpg,notumor,2,Training,False,36062,c5482c04ad0af03abc08de261901fdaa6811a99ca11a270e8dc89c550e3ccdfa,False,,630,630,1.0,JPEG,RGB,8018a1102eedb74a8fbcbc83425c8849aeec6c237e2e0b84f38232b89d6393d8,43b57a73385ee5ad65e8869666d45a5a27433169d31c30e5992c8e9ed9318c36,False,,0.12313280999660492,0.15644985437393188,0.0023764297366142273,0.27113109827041626,0.008764873258769512,1.0,0.0,excluded,redundant_high_similarity_perceptual_duplicate,data/Training/notumor/Tr-no_1262.jpg,excluded,dup_02939
data/Training/notumor/Tr-no_412.jpg,Tr-no_412.jpg,notumor,2,Training,False,21850,f3ce33b26a3784299fc2bc72215752b531bb1ff11e9b65dc39376039f8809f64,False,,236,366,0.644808743169399,JPEG,RGB,fb481c63b4838fab7a67ed3463ef8b050e039e5cac3574a805c4dadbdbc49002,31f5562a0cdcc59d1c2ae575288bfec015570a895e4c0c36c5111cebf45d3fee,False,,0.2210075855255127,0.14602388441562653,0.17887356877326965,0.21285617351531982,0.8403494358062744,0.284375,0.0018229166666666667,excluded,redundant_exact_decoded_rgb_duplicate,data/Training/notumor/Tr-no_1070.jpg,excluded,dup_02766
data/Training/notumor/Tr-no_414.jpg,Tr-no_414.jpg,notumor,2,Training,False,21915,9825288ca0ecdd46bb9b40ee15bfc5e27360ad86667442abd2e55972661ed8a1,False,,442,454,0.973568281938326,JPEG,RGB,79333658b7d1bd695c833cf35289f05d7e81d31d97ce1fa971b4077bbd5dc9c2,43d734b42d0b634334b4a4cc32d2ce1333c3df2cffccccf0cb339db3320c20cb,False,,0.19517439603805542,0.17749352753162384,0.04953942447900772,0.39126840233802795,0.12661238014698029,0.18098958333333334,0.0,excluded,redundant_high_similarity_perceptual_duplicate,data/Training/notumor/Tr-no_226.jpg,excluded,dup_03118
data/Training/notumor/Tr-no_415.jpg,Tr-no_415.jpg,notumor,2,Training,False,40209,f5c726bbddf4d79e8bb409819967264cd5b591e23f83d1ec78e3c847febda891,False,,275,301,0.9136212624584718,JPEG,L,da9c484c4caea1492cf5607228c619d794eb8db1e3bbb36f809d00572f43c1e6,41515af31faaa5453f2981563a00256adc0fcda9ca7fcf274c7c8d9d38f08c96,False,,0.2652125954627991,0.24809090793132782,0.07722222805023193,0.4202895164489746,0.18373578786849976,0.8346354166666666,0.015625,excluded,redundant_high_similarity_perceptual_duplicate,data/Training/notumor/Tr-no_171.jpg,excluded,dup_03076
data/Training/notumor/Tr-no_417.jpg,Tr-no_417.jpg,notumor,2,Training,False,63183,072da5148018c213f2280b09a2ca903e5225df9e156a4d4abbb8af43b004e855,False,,550,664,0.8283132530120482,JPEG,RGB,186f890bfc586e1bbc2e39b3d4aa4323fa6fb4ac2626855fd2df8ada91cd63b2,0554729d7aa1a5606817dc3a697a58a5e5e195946787b352369f734ba61e5869,False,,0.21533778309822083,0.17458558082580566,0.06906045973300934,0.3519330322742462,0.19623182713985443,0.13463541666666667,0.0,excluded,redundant_high_similarity_perceptual_duplicate,data/Training/notumor/Tr-no_22.jpg,excluded,dup_03113
data/Training/notumor/Tr-no_42.jpg,Tr-no_42.jpg,notumor,2,Training,False,8493,a4586bdbaa4dd1f658ba2b59791b8a6d7dab26091573ca77df88769f14f79c4b,False,,225,225,1.0,JPEG,RGB,ab59928ea2cd99095fc495cfc010cf41bd111ca95a136a0b863d19e65468e5b7,16e53cce691ae3b865e396e7b319ce1ea626186966d99923984f65a436343196,False,,0.14291059970855713,0.2274014800786972,0.0,0.36809611320495605,0.0,1.0,0.0,excluded,redundant_high_similarity_perceptual_duplicate,data/Training/notumor/Tr-no_1100.jpg,excluded,dup_02797
data/Training/notumor/Tr-no_420.jpg,Tr-no_420.jpg,notumor,2,Training,False,9387,88aba8f5a882187bc3df678f2b3a88c6c59cec1c01fb732e5671a5ffb6a494d7,False,,220,212,1.0377358490566038,JPEG,RGB,faf9d52bcd0fd0c4e4487c191831379400c80b3f6b64345786cfede5a5a6d920,52b41e1b6e4b606d3ce964c467276596309b331bb636c64bc664731b98f2731c,False,,0.302966833114624,0.32550114393234253,0.05045650154352188,0.6197974681854248,0.0814080461859703,0.8419270833333333,0.0010416666666666667,excluded,redundant_exact_decoded_rgb_duplicate,data/Training/notumor/Tr-no_1187.jpg,excluded,dup_02881
data/Training/notumor/Tr-no_424.jpg,Tr-no_424.jpg,notumor,2,Training,False,6406,29ccdffcab86e68a3c02fa995b2d9702a8726a3897722e059155618a39be6612,False,,173,201,0.8606965174129353,JPEG,RGB,18ca11a9d833823f4c50c9657563ab5f0611566652bc96600e92b627f56d8c3d,433343303eeab0d37a14877c70ca1bce8f3ed0e3790c1f3848fb79843d3460f3,False,,0.3286123275756836,0.2823558449745178,0.03869689628481865,0.6244169473648071,0.06197284907102585,0.8526041666666667,0.0,excluded,redundant_high_similarity_perceptual_duplicate,data/Testing/notumor/Te-no_118.jpg,excluded,dup_02971
data/Training/notumor/Tr-no_425.jpg,Tr-no_425.jpg,notumor,2,Training,False,10548,7a5a26a0032039fc8f9ee00aba86460ae5a65edf95e3febadb9bea5baf5b5e31,False,,227,222,1.0225225225225225,JPEG,RGB,379f0c43f439d1e0f1f92c5a40ab2486706aeb093901c903a7c580884cfdb6d7,057a95625b815ab47a5f4b556978695a79e0619939e461b93de6638935873139,False,,0.2454027384519577,0.24268531799316406,0.0728645846247673,0.3368135392665863,0.21633508801460266,0.8356770833333333,0.01796875,excluded,redundant_high_similarity_perceptual_duplicate,data/Testing/notumor/Te-no_243.jpg,excluded,dup_02916
data/Training/notumor/Tr-no_429.jpg,Tr-no_429.jpg,notumor,2,Training,False,7629,9ec249b45f842e1e6d5b4f5d12684174f890135bb82393cbeda04557e7ac693c,False,,225,225,1.0,JPEG,RGB,ffed357a4915663481fbc3ea7dc3cedf1a0c8101ab450ac705677e749df911c8,52fcc0f42b429bc32d233d0f3d2d6c3c61b6ccb4647c34f664f031d20cb236db,False,,0.1900428980588913,0.22418417036533356,0.027416255325078964,0.38681352138519287,0.07087718695402145,0.95859375,0.011458333333333333,excluded,redundant_high_similarity_perceptual_duplicate,data/Testing/notumor/Te-no_212.jpg,excluded,dup_03262
data/Training/notumor/Tr-no_43.jpg,Tr-no_43.jpg,notumor,2,Training,False,15287,4984bb79a4b6f8bbe65f017c74fd7c1dce3f24d94cc9d33f92e22b441a0866ca,False,,214,236,0.9067796610169492,JPEG,RGB,d034c1518570498673117d75958b34595121e04fb51ec1ccc369d36f2f15d3f0,55dcc88d0a23e1236f7f89db2c30373065e324833878c8dfb5ad930e6337cc5c,False,,0.2713204026222229,0.22239959239959717,0.08539421111345291,0.4007621109485626,0.2130795568227768,0.240625,0.00026041666666666666,excluded,redundant_high_similarity_perceptual_duplicate,data/Training/notumor/Tr-no_1162.jpg,excluded,dup_02858
data/Training/notumor/Tr-no_430.jpg,Tr-no_430.jpg,notumor,2,Training,False,12710,e9a63334af63a2ec8cab2149ec091466c60df5fe115cf36cc30c9304dacbb376,False,,201,250,0.804,JPEG,RGB,3f0388d1f6de6a0dc3683c491d4f6907a00596a6020b689c58cc687e500c5041,00095b8d1ffef8517a04916e687fc5f269e287a16999d8c663e99e233d8919d8,False,,0.24817493557929993,0.185782790184021,0.047632765024900436,0.3417806029319763,0.1393664926290512,0.8315104166666667,0.0,excluded,redundant_high_similarity_perceptual_duplicate,data/Training/notumor/Tr-no_1044.jpg,excluded,dup_02740
data/Training/notumor/Tr-no_435.jpg,Tr-no_435.jpg,notumor,2,Training,False,41446,37d13e11e66c736b2174792a44b897777f212e935d5c74141ced8dc58d610672,False,,400,442,0.9049773755656109,JPEG,RGB,e0ace358d7710f2ae714641b0158f367d035e0139e034cba3371c6aab57e6e69,53f26fce2f0fb13530bc92c266e29c2dc2cdc3909f320f0e6071d8df32878da8,False,,0.19308316707611084,0.1648239940404892,0.041085582226514816,0.3816099762916565,0.10766380280256271,0.005729166666666666,0.0,excluded,redundant_high_similarity_perceptual_duplicate,data/Testing/notumor/Te-no_245.jpg,excluded,dup_03066
data/Training/notumor/Tr-no_437.jpg,Tr-no_437.jpg,notumor,2,Training,False,17058,094d704894ade3c741e4468742b44b7e404cb3896f3735a3dce775b2ed2f1a51,False,,227,262,0.8664122137404581,JPEG,RGB,c45bf268307341cc7ff960b03b03435fcea30b56f98b7d3eadd8bfb893c5564f,41103b332eeff0dc3d54653234028ccf632dd3b53651725460fbcec234fd926b,True,59932|Artist|ExifOffset|XPAuthor,0.24667681753635406,0.16981224715709686,0.05727226659655571,0.39803346991539,0.14388807117938995,0.0,0.0,excluded,redundant_high_similarity_perceptual_duplicate,data/Training/notumor/Tr-no_1112.jpg,excluded,dup_02809
data/Training/notumor/Tr-no_439.jpg,Tr-no_439.jpg,notumor,2,Training,False,11586,2efebb3666e534338df87352b667c5a31ce913fe877960f9daf662bf0ff2f935,False,,276,326,0.8466257668711656,JPEG,RGB,a6eb181cb1b757d43104a0f82fddf34072bfb71943b93584f7cb91d8df1206d9,5493f71343cc48730d33b6ec333ccbcd78c29708349ac88e6b0f8d33b4ec68f4,False,,0.15549197793006897,0.16527071595191956,0.03404207527637482,0.23605433106422424,0.14421288669109344,0.8375,0.0,excluded,redundant_high_similarity_perceptual_duplicate,data/Training/notumor/Tr-no_1218.jpg,excluded,dup_02905
data/Training/notumor/Tr-no_44.jpg,Tr-no_44.jpg,notumor,2,Training,False,7299,fe20d08e5475898e9b66661cddbe32d6d006438e57c36cd87be27b8dd9c0676d,False,,225,225,1.0,JPEG,RGB,c2de79fb1fee0a5857d7a79ba5a48df86c9ff05613cd73d7fb9308d37083534c,12a97a5d6e12a5a3687ac7a925a4cf9625c1da1e63c79878369ec969661a1c6d,False,,0.22075386345386505,0.19332221150398254,0.06950265914201736,0.37747877836227417,0.18412335216999054,0.0,0.0,excluded,redundant_exact_decoded_rgb_duplicate,data/Training/notumor/Tr-no_1190.jpg,excluded,dup_02884
data/Training/notumor/Tr-no_444.jpg,Tr-no_444.jpg,notumor,2,Training,False,6930,96c0b12ceaca65c8647e28dd45d269f3c320b99784bad067ebaf03f1c264a11d,False,,232,217,1.0691244239631337,JPEG,RGB,11cdbcc9a1aba88537408c34d13decad2fd0c5bf1e238d639e64a80cbd290295,4bc99e1c3c34e1e332d2678ec34b36789b0c994d9931cdb6626727326c9e90cd,False,,0.11802810430526733,0.18409988284111023,1.225490359502146e-05,0.35971298813819885,3.406856194487773e-05,1.0,0.0,excluded,redundant_high_similarity_perceptual_duplicate,data/Testing/notumor/Te-no_286.jpg,excluded,dup_03273
data/Training/notumor/Tr-no_446.jpg,Tr-no_446.jpg,notumor,2,Training,False,7274,465860197b4ccc00fe717b90731d81699bcfd15f2e6d3768fd201ea34ae7910d,False,,236,213,1.107981220657277,JPEG,RGB,fe4f701c94472022f73f11ea2e295934c84c796c6ad5bbc1edbabd701a18fe36,4aabd2d82d104f093c2b4c3f34fd45eca6d44cb6c0d221b2f4cb30d3b4cb3bcd,False,,0.200685515999794,0.19434934854507446,0.08597222715616226,0.4041925072669983,0.21270118653774261,0.6083333333333333,0.03333333333333333,excluded,redundant_high_similarity_perceptual_duplicate,data/Testing/notumor/Te-no_215.jpg,excluded,dup_03275
data/Training/notumor/Tr-no_447.jpg,Tr-no_447.jpg,notumor,2,Training,False,38799,ac76ca3b933520e9519c3fa096e38e281e467ae4bda0412daa34cb966954ff68,False,,428,417,1.026378896882494,JPEG,RGB,6851ca2118819e43ee7c55cebcb31ed2f8c7f451d68ee41a66cd596a144e2938,057a6a9d5b81a54a7a17b5a8297896a579e09e6639e49e4639e09c762187cece,False,,0.13896413147449493,0.1432555615901947,0.04237847402691841,0.18809840083122253,0.22529949247837067,0.8609375,0.0,excluded,redundant_high_similarity_perceptual_duplicate,data/Testing/notumor/Te-no_24.jpg,excluded,dup_02795
data/Training/notumor/Tr-no_448.jpg,Tr-no_448.jpg,notumor,2,Training,False,45175,64eee5cd2516c265ea888fc3d784e97daed289385a487567e66b2aabacf50555,False,,512,512,1.0,JPEG,RGB,7c4249d5796199a960019839ad3bc9d64fdcdd3b9f270e1700afe8121cbe59b7,16e53cce691ae3b865e396e79319ce1ec626386966999923984f65a436343996,False,,0.14038828015327454,0.22807808220386505,0.0,0.3652171492576599,0.0,1.0,0.0,excluded,redundant_high_similarity_perceptual_duplicate,data/Training/notumor/Tr-no_1100.jpg,excluded,dup_02797
data/Training/notumor/Tr-no_450.jpg,Tr-no_450.jpg,notumor,2,Training,False,10441,c39002f0707b330af0043db8c58aed85b4b13dd79da7f442a444d496a832d1c9,False,,196,257,0.7626459143968871,JPEG,RGB,b55318a78d1d3abf8d2804fb16f2b4a853c8472d7d40c0341ba1a6a1c9d43be7,148c91ad4b33de126fda68d43c213d376a5435ed4cc860f83d0b3691672f73c9,False,,0.2877230942249298,0.21577104926109314,0.08685151487588882,0.4157695770263672,0.20889338850975037,0.74921875,0.0,excluded,redundant_high_similarity_perceptual_duplicate,data/Testing/notumor/Te-no_389.jpg,excluded,dup_02735
data/Training/notumor/Tr-no_453.jpg,Tr-no_453.jpg,notumor,2,Training,False,7384,1078c732eff6883e3db6c562b5b50dfb68ba9a74b6ea49ca9595e12fe53b54c4,False,,218,231,0.9437229437229437,JPEG,RGB,c971b59734a2242334daf2f3f743e07222314c6eefa143bdb9cb4483088428f3,06673e667aaa70196a55c1df699ae5a8656037a52c876636269e861ada5a9f1a,False,,0.21861237287521362,0.202395960688591,0.03216810151934624,0.3836071491241455,0.08385688811540604,0.9161458333333333,0.0,excluded,redundant_high_similarity_perceptual_duplicate,data/Training/notumor/Tr-no_1055.jpg,excluded,dup_02750
data/Training/notumor/Tr-no_454.jpg,Tr-no_454.jpg,notumor,2,Training,False,35982,05ec18666c6b751b8845a93824ea25c9bb251606b71f76c0c3875d69e973f72d,False,,354,443,0.7990970654627539,JPEG,RGB,ef989a8ad75630840b5f86ff0ebc8d53c15e6918e84396f5843515e0ae822eff,42043b253febe6902cd0c17b340f97ac627f9295b1f8cf52cc82965e67219c7c,False,,0.31930387020111084,0.31576287746429443,0.01888684369623661,0.6605832576751709,0.028591163456439972,0.9559895833333333,0.003125,excluded,redundant_exact_decoded_rgb_duplicate,data/Training/notumor/Tr-no_1046.jpg,excluded,dup_02742
data/Training/notumor/Tr-no_46.jpg,Tr-no_46.jpg,notumor,2,Training,False,9149,ec6b7f977398cbd6e50c45a93032026314cef1d4414bc719f6c4e5146f313fac,False,,225,225,1.0,JPEG,RGB,2648e05943e05c3bbf03b3ac215735214b270bb967c9e9a4e11abe56bb7fdeb5,4699b0f13f230f0e787a6c3461e6d6d965c92360b6973487361a879ac95a7339,False,,0.20773759484291077,0.24315005540847778,0.005289011634886265,0.41421282291412354,0.012768826447427273,0.9877604166666667,0.0,excluded,redundant_high_similarity_perceptual_duplicate,data/Testing/notumor/Te-no_351.jpg,excluded,dup_02721
data/Training/notumor/Tr-no_460.jpg,Tr-no_460.jpg,notumor,2,Training,False,7975,85c49c178011e38b128c46b38054f9e8d31a793ea56764be0e07a0a0bbf1124a,False,,228,221,1.0316742081447965,JPEG,RGB,4b2681489f0b6b1065783b3d83f2db2cfd365b51122bb7e9e983dd08280f40fb,176885c978975a066178395a59e9706265a569896596b39d6696d966679a99b6,False,,0.16737467050552368,0.20824210345745087,0.013801063410937786,0.3365042805671692,0.04101303964853287,0.9614583333333333,0.0,excluded,redundant_high_similarity_perceptual_duplicate,data/Testing/notumor/Te-no_364.jpg,excluded,dup_03285
data/Training/notumor/Tr-no_461.jpg,Tr-no_461.jpg,notumor,2,Training,False,7760,31aad1489b3f69b2aef9cf221803169dae32403984e8d0a9bda328362c833285,False,,225,225,1.0,JPEG,RGB,36a003d9a5cbce70572fae3d9a87e5882b19c3cbf7ada5aea9bda400b78a30b4,4e9b39cc3c66c633318dc6cee33039c7c64c49389c6396d2f3326d27eccc16c8,False,,0.1370674967765808,0.19425411522388458,0.033559031784534454,0.36394089460372925,0.09221011400222778,0.85859375,0.0,excluded,redundant_high_similarity_perceptual_duplicate,data/Training/notumor/Tr-no_1286.jpg,excluded,dup_02959
data/Training/notumor/Tr-no_463.jpg,Tr-no_463.jpg,notumor,2,Training,False,50259,4c2c103442bacc20c289e01799a028f732816b392a316671549e21810560ac30,False,,626,575,1.088695652173913,JPEG,RGB,96a2c270b37d582f9b29ff8188da97a66c0cf67f78d1714b3f7f36e9dcf0cd78,16e29a6e691fe58961e8992325996472c3c77a9e665a25ee991872993636a70e,False,,0.18504758179187775,0.23608849942684174,0.0017279410967603326,0.4288143515586853,0.0040295785292983055,0.9963541666666667,0.0,excluded,redundant_exact_decoded_rgb_duplicate,data/Training/notumor/Tr-no_356.jpg,excluded,dup_03210
data/Training/notumor/Tr-no_464.jpg,Tr-no_464.jpg,notumor,2,Training,False,5931,c3da82d44359f4a1507b3e235886d2e0e555d0d31fb27a32bb20e6937d401dfc,False,,225,225,1.0,JPEG,RGB,04cf4335a0f544c8a955dcaa9ce56adbbbca699e85160921ba6a26cb49e339e6,40cd32573f700df87b03c2cfcd0d36343d3cccc49c3dd3d334b02d0d8cf27319,False,,0.15941856801509857,0.1551843285560608,0.038753069937229156,0.27642369270324707,0.14019446074962616,0.55859375,0.0,excluded,redundant_high_similarity_perceptual_duplicate,data/Training/notumor/Tr-no_134.jpg,excluded,dup_03004
data/Training/notumor/Tr-no_465.jpg,Tr-no_465.jpg,notumor,2,Training,False,8899,0bc12dee429a9969519f71d07aea7accee2a5ff0bc4ef8871d1d0ffc22393c2f,False,,208,242,0.859504132231405,JPEG,RGB,176850a7518177ca25cfa8d5b7541a9987dad933f38262794dd28cce681d26da,160e4bb14911aeda2eeae5359a942d5ccb21916e3c99c668d8370db9cc3f33a5,False,,0.38601577281951904,0.21640047430992126,0.24793198704719543,0.4991900622844696,0.4966685175895691,0.0,0.045572916666666664,excluded,redundant_high_similarity_perceptual_duplicate,data/Training/notumor/Tr-no_1099.jpg,excluded,dup_02794
data/Training/notumor/Tr-no_467.jpg,Tr-no_467.jpg,notumor,2,Training,False,10470,f4950bd9cb329adc2478c9bed9f3bf9e041f3f845e39b209f79d052d07114119,False,,214,236,0.9067796610169492,JPEG,RGB,9c5a6320d6387e20ebd61fa1fe5862e2bcfe07e5be42120869864153696e4fa8,55dc37620a231adc6f7f72242c30c8cf65e3997c38783720b58d68e1633733a3,False,,0.27125173807144165,0.2222919464111328,0.08512868732213974,0.40062230825424194,0.21249112486839294,0.2625,0.0,excluded,redundant_high_similarity_perceptual_duplicate,data/Training/notumor/Tr-no_312.jpg,excluded,dup_03182
data/Training/notumor/Tr-no_468.jpg,Tr-no_468.jpg,notumor,2,Training,False,10073,a03a70e8f62edf2dd3e60adf6f1c193075ee0c0b8ddef1e16151cd27e0c23746,False,,225,225,1.0,JPEG,RGB,a312d8841b2eeba7c0df60e1615dd4029d6dab29bf72d62922611c5758ef1a2d,42dc90f72c32cf0c3b0f4d036cf8cc7db3b939b4c9a564c09cf03332cdd264c7,False,,0.2355547845363617,0.29408442974090576,0.031686075031757355,0.5227941274642944,0.060609087347984314,0.94609375,0.013541666666666667,excluded,redundant_high_similarity_perceptual_duplicate,data/Testing/notumor/Te-no_10.jpg,excluded,dup_03288
data/Training/notumor/Tr-no_469.jpg,Tr-no_469.jpg,notumor,2,Training,False,28908,b1baea653235312bb0772cce442121b75030b839ce123dd830e264af4f54f59c,False,,428,417,1.026378896882494,JPEG,RGB,134a5c20f4326f8cd3874055ee5d05344b819893d6d219deb24a30f2241784e7,502fc0370fd40fe12f4a1f007c2d3c0f2cb534cc6cb174ed6cb776dc64d2646c,False,,0.24482157826423645,0.24293698370456696,0.07213439792394638,0.33711034059524536,0.2139786034822464,0.83203125,0.01796875,excluded,redundant_high_similarity_perceptual_duplicate,data/Testing/notumor/Te-no_198.jpg,excluded,dup_03129
data/Training/notumor/Tr-no_470.jpg,Tr-no_470.jpg,notumor,2,Training,False,11155,02c2f0e942534a18965e8bf30f8d17df35b265d5587e8c920d8faed6032e537b,False,,227,222,1.0225225225225225,JPEG,RGB,ebc3b1c0449dc90b7da4baeaab369e9a2b54613e9f3a6dee29bc438e312572fb,502fc0370fd40fe12f4a1f007c2d3c0f2cb534cc6cb174ec6cb776dc64d3646c,False,,0.24624624848365784,0.24231556057929993,0.07327614724636078,0.3376895785331726,0.21699261665344238,0.8234375,0.018489583333333334,excluded,redundant_high_similarity_perceptual_duplicate,data/Testing/notumor/Te-no_198.jpg,excluded,dup_03129
data/Training/notumor/Tr-no_472.jpg,Tr-no_472.jpg,notumor,2,Training,False,13582,25c13de1f058a3b2d081828fab9a6589ac1feba9a0c3963e8033115e3b9bc2ee,False,,236,236,1.0,JPEG,RGB,23ba0f822fa01af2201accd13dc5c10c806d05bfd40613948899233dcb6f4e98,155586eb5e8a780478aa2d7e667d72a5e17009f05bd0de13125f324f7962d90e,False,,0.21469032764434814,0.15613608062267303,0.11021242290735245,0.259040892124176,0.42546340823173523,0.0,0.0,excluded,redundant_exact_decoded_rgb_duplicate,data/Training/notumor/Tr-no_250.jpg,excluded,dup_03138
data/Training/notumor/Tr-no_473.jpg,Tr-no_473.jpg,notumor,2,Training,False,14360,2bcf7f2051a470cc90e74522c8141783f4e6e3b36b033e622bb446070804fbce,False,,227,262,0.8664122137404581,JPEG,RGB,9c69ac7235a2e51e34653d7447024a0ed66b3072760639647727fdc4a564dd17,41103b332eeff0dc3d54653234028ccf632dd3b536517254607bcec236fd9363,False,,0.24663540720939636,0.16986414790153503,0.057231418788433075,0.3979951739311218,0.14379927515983582,0.0,0.0,excluded,redundant_high_similarity_perceptual_duplicate,data/Training/notumor/Tr-no_1112.jpg,excluded,dup_02809
data/Training/notumor/Tr-no_474.jpg,Tr-no_474.jpg,notumor,2,Training,False,41544,79d7586597473b154fa184970a2b90b41dc65e931356111c1a57620cc0ebccb4,False,,409,442,0.9253393665158371,JPEG,L,3ca8ac5eee2f30e57d8880f28572212ce67519acd2b68d8dd85e833fd64ca0a5,04574a1c4fa829517a05256a7c5f31a9997871b519e067976dc1379679e3669e,False,,0.1616225391626358,0.18271048367023468,0.04113256186246872,0.25734052062034607,0.15983709692955017,0.8875,0.0,excluded,redundant_high_similarity_perceptual_duplicate,data/Training/notumor/Tr-no_423.jpg,excluded,dup_03258
data/Training/notumor/Tr-no_475.jpg,Tr-no_475.jpg,notumor,2,Training,False,11520,b7c27d5f1a82137601cc7630779fe2aa120bd9cfd9ddf3a2607c86255de7c9f0,False,,228,221,1.0316742081447965,JPEG,RGB,4f38012a9ab4e98d17de961f81da98ff6c0f596bceec689bfee882d822198027,423d2f632dc2f0ac742d93f01cbcdac831f0cb2b30c3192733c373cc33cf333c,False,,0.16689381003379822,0.2088598906993866,0.013460989110171795,0.3365129232406616,0.04000140354037285,0.9614583333333333,0.0,excluded,redundant_high_similarity_perceptual_duplicate,data/Testing/notumor/Te-no_295.jpg,excluded,dup_02985
data/Training/notumor/Tr-no_48.jpg,Tr-no_48.jpg,notumor,2,Training,False,26202,76d577713f1cf4414f780058f2079f7e6446aba86e89a86d7dd36401ca79a727,False,,442,442,1.0,JPEG,RGB,1b62290fb1ee08352420d35d2f095db1b3b940fc62497dd2883ebb87f87593af,4ee439263d1bc6d930b4cdb636d09a4fc3933ccc324dcf34674c90e29b346cc3,False,,0.1848965734243393,0.22035916149616241,0.02448427304625511,0.4610859453678131,0.0531013198196888,0.9153645833333334,0.0,excluded,redundant_high_similarity_perceptual_duplicate,data/Training/notumor/Tr-no_1140.jpg,excluded,dup_02837
data/Training/notumor/Tr-no_480.jpg,Tr-no_480.jpg,notumor,2,Training,False,6166,42a3e40414c55e0c9ad1b9e091d33f5808d2e43d63fccc673778779975825ae5,False,,300,168,1.7857142857142858,JPEG,RGB,0461f311f061e119736911ac1ce3c00a64f929455917b45c6278d75cfbde617d,1a766de1693996966167325acd86c67b3986c26399964e65999a8c6699989ce6,False,,0.12073879688978195,0.18637031316757202,0.039026759564876556,0.2930511236190796,0.1331738978624344,0.903125,0.00026041666666666666,excluded,redundant_high_similarity_perceptual_duplicate,data/Testing/notumor/Te-no_110.jpg,excluded,dup_02833
data/Training/notumor/Tr-no_488.jpg,Tr-no_488.jpg,notumor,2,Training,False,12914,aab9ec9463f3e8f60063d37cad6b04ed800571f074ae8e4dbab728e935bc98b5,False,,201,251,0.8007968127490039,JPEG,RGB,7eb42db86cd579e9d5816d1b29f392a45e936b6639dc43b13d8eae50e155c05d,54ccd2e64b328d0c2f13713b3c0d2db931f260fc3ccf85f0672fd35330b48d8c,False,,0.2979724407196045,0.2522927224636078,0.06731822341680527,0.46308401226997375,0.14536935091018677,0.69296875,0.00026041666666666666,excluded,redundant_high_similarity_perceptual_duplicate,data/Testing/notumor/Te-no_11.jpg,excluded,dup_03032
data/Training/notumor/Tr-no_490.jpg,Tr-no_490.jpg,notumor,2,Training,False,31382,ce8380b51fcf1dbb1347069191fbeabf20712e1b0673efc65c08c87c70b1a1af,False,,452,509,0.888015717092338,JPEG,RGB,63ddb8e111c68e836ca6fac6fa1fc7b7868fdd52d536b3cd8e2c294ef9c42efc,06791a925a96e57e204936df6119c1b861a6cd6569896b85da72dcdeb4e1965a,False,,0.16074052453041077,0.15112704038619995,0.01098958496004343,0.2740684449672699,0.04009795933961868,0.9421875,0.0,excluded,redundant_exact_decoded_rgb_duplicate,data/Training/notumor/Tr-no_1291.jpg,excluded,dup_02963
data/Training/notumor/Tr-no_491.jpg,Tr-no_491.jpg,notumor,2,Training,False,9404,4de334efcbc030b2c983f0f527254fecd00a26f0c313aedd9883f506847529b3,False,,228,221,1.0316742081447965,JPEG,RGB,8efab880c27f5f38bcd72c2b87255f7769b8be994f58f2ee351cb9ecee665d06,17a785e16a56da976999db6a2c65cc4964938ca565991965b3366991193c79c6,False,,0.2605631649494171,0.27872413396835327,0.038023896515369415,0.5449371933937073,0.06977666169404984,0.903125,0.0005208333333333333,excluded,redundant_high_similarity_perceptual_duplicate,data/Testing/notumor/Te-no_17.jpg,excluded,dup_03304
data/Training/notumor/Tr-no_492.jpg,Tr-no_492.jpg,notumor,2,Training,False,51558,fb32f456cca40bf1867369a4abcae84ff15d634bc56637a568d09449114f95ae,False,,630,630,1.0,JPEG,RGB,be6ef15931050e03466f4e717e12d045fb50bd642a98c298ead359a0b04e6a71,13bb3e0c6a50e1f36c6ecbd8352e8f0231b4cd0970e6cc3c33d36cb4338b6cd2,False,,0.21781869232654572,0.21325324475765228,0.030774103477597237,0.42101526260375977,0.07309498637914658,0.9455729166666667,0.0,excluded,redundant_exact_decoded_rgb_duplicate,data/Training/notumor/Tr-no_433.jpg,excluded,dup_03265
data/Training/notumor/Tr-no_494.jpg,Tr-no_494.jpg,notumor,2,Training,False,25759,2ed15a662d8dcdf6077f3bf8bb4d21722e2a3b90ff2cf194db18b75933a4d322,False,,236,357,0.6610644257703081,JPEG,RGB,9f878dadc0d85923313a7a81832cba5dadc3a37e1aa840e8b411e27e81222697,433c6fb82eb3a64b3cccb564ae51c32a330c97b138f68cc1e1bbc37227c1584e,False,,0.40532034635543823,0.35558900237083435,0.054274916648864746,0.7926346063613892,0.06847406923770905,0.83359375,0.0,excluded,redundant_exact_decoded_rgb_duplicate,data/Training/notumor/Tr-no_112.jpg,excluded,dup_02816
data/Training/notumor/Tr-no_495.jpg,Tr-no_495.jpg,notumor,2,Training,False,8154,c38c368116fc00a41aa598c97a4a6d3d89ec8e52a63a8d55ecf74c1dc05f1cfe,False,,225,225,1.0,JPEG,RGB,acaacd49290dcdfb62a4d1db9efd6fc88e6a4674cf9bc78ba1e2ef861557eb85,1bce936669336c9964986c64b665936d9319e392c8363c78a665c78da999bc62,False,,0.13720703125,0.1943054050207138,0.033280231058597565,0.3642386794090271,0.09136929363012314,0.8578125,0.0,excluded,redundant_high_similarity_perceptual_duplicate,data/Testing/notumor/Te-no_152.jpg,excluded,dup_03306
data/Training/notumor/Tr-no_497.jpg,Tr-no_497.jpg,notumor,2,Training,False,5721,c318738441125eabe7c3a6b2e3da11c6962416f340001b646d453f891668fd50,False,,173,201,0.8606965174129353,JPEG,RGB,10d3b3ceb92a15caaff21187e3f2188f6c3cb7bc04ac31c872cae140050e1ed9,1466e99a6abf12792f412dd6259fb164da6a7a092c59a5921daed32e6861ca59,False,,0.1835128664970398,0.1567882001399994,0.022304946556687355,0.3475518822669983,0.06417731195688248,0.8729166666666667,0.0,excluded,redundant_high_similarity_perceptual_duplicate,data/Testing/notumor/Te-no_296.jpg,excluded,dup_02772
data/Training/notumor/Tr-no_498.jpg,Tr-no_498.jpg,notumor,2,Training,False,17978,e8a0c918da9bad8a26e2e5ac950a03dc2711eb7454741a89ddc4272fc22ea9e3,False,,350,393,0.8905852417302799,JPEG,RGB,772d6a7580f86553e14abb20475523dbce82dd6e00781520103479434d6185b7,503fc3ac0fe0af113b131c6f646b28d224b9e92e66c467bd930e2695c26f734a,False,,0.20056727528572083,0.2110009640455246,0.03514399379491806,0.2956342101097107,0.118876613676548,0.8552083333333333,0.0,excluded,redundant_high_similarity_perceptual_duplicate,data/Testing/notumor/Te-no_265.jpg,excluded,dup_03308
data/Training/notumor/Tr-no_499.jpg,Tr-no_499.jpg,notumor,2,Training,False,12235,41efe60c9486d5c559d6ede0449c1da09b12bfbf8241ba4f28c60f82634cfe04,False,,227,222,1.0225225225225225,JPEG,RGB,c11a2a8c53e4ad4cb6fc00071769d5e5ee8930eb8310b534a8f1461ad0f2d5b8,057a6a9d5b81a54a7a17b5a8297896a579e09e6639e49e4639e09c762187cece,False,,0.139444038271904,0.14332039654254913,0.04276858642697334,0.18831093609333038,0.22711685299873352,0.85859375,0.0,excluded,redundant_high_similarity_perceptual_duplicate,data/Testing/notumor/Te-no_24.jpg,excluded,dup_02795
data/Training/notumor/Tr-no_5.jpg,Tr-no_5.jpg,notumor,2,Training,False,55697,c1bf41ddb56396fd0e74b2eb7212c96a6a915ee86737c060c9db8e1439ff0390,False,,630,630,1.0,JPEG,RGB,016dcfa082b34fea7335ba42416b197f3feece21071817691aeaa19289ff0528,46994f0e3f23f0f1787a93cb61e6292665c9cc9fa697cb78321a3864c95a8c86,False,,0.11658313870429993,0.13852785527706146,0.003414011560380459,0.23259902000427246,0.01467766985297203,1.0,0.0,excluded,redundant_exact_decoded_rgb_duplicate,data/Training/notumor/Tr-no_1062.jpg,excluded,dup_02758
data/Training/notumor/Tr-no_50.jpg,Tr-no_50.jpg,notumor,2,Training,False,8945,255308e8a1783223ff317744c2ea14fb8157fc90d93e520c308377246986f7ae,False,,225,225,1.0,JPEG,RGB,f80025f295a00bf79d2348cae6c2281dad3fbddd3a63650ae8a4f0eb89310ac7,1699c7b26a529ec9692c3e7634e61ced36c99960c184336736733099e38bcb36,False,,0.21014165878295898,0.2250179648399353,0.04911152645945549,0.3787990212440491,0.12965062260627747,0.004166666666666667,0.0036458333333333334,excluded,redundant_high_similarity_perceptual_duplicate,data/Testing/notumor/Te-no_242.jpg,excluded,dup_03026
data/Training/notumor/Tr-no_500.jpg,Tr-no_500.jpg,notumor,2,Training,False,9879,6f52961b316f3072bcc798a1178866f44d3f601ee1b5527dfa51907d02a95699,False,,200,252,0.7936507936507936,JPEG,RGB,9260d0036943451b4e6218adb9f2c010adb1e94e9d3c99fdce71b970734eb253,055f43304aa1addb2f7ec331788804dc9e74d9022710867ff18778bcca1f8df5,False,,0.2780362367630005,0.19003064930438995,0.14205780625343323,0.3082031309604645,0.4609226584434509,0.0640625,0.0013020833333333333,excluded,redundant_high_similarity_perceptual_duplicate,data/Testing/notumor/Te-no_182.jpg,excluded,dup_03309
data/Training/notumor/Tr-no_501.jpg,Tr-no_501.jpg,notumor,2,Training,False,8189,e229f5c11b2985e90bc93a180f67344eb8b8a6230e1ff0a48ff74c3277770869,False,,232,217,1.0691244239631337,JPEG,RGB,75dada235d9c24eb0ead1bb54987e8bed3e67a50d83c80e3957ca8bfc378ff1d,4bc99e1c3c34e1e332d2678ec34b32d89b0c996d9c30cd3662e767b2249eb2c9,False,,0.20102635025978088,0.298677533864975,1.225490359502146e-05,0.6110313534736633,2.0056095308973454e-05,1.0,0.0,excluded,redundant_high_similarity_perceptual_duplicate,data/Testing/notumor/Te-no_250.jpg,excluded,dup_03310
data/Training/notumor/Tr-no_502.jpg,Tr-no_502.jpg,notumor,2,Training,False,7049,6288f6902aa4859c9e38bd5e8189ae591d8465a20e576fe0af11c384ed41ce99,False,,236,213,1.107981220657277,JPEG,RGB,563bbc6b8293246f6f49cbdd97a2805f9f5b579bec14f3eaa2466492737e00b3,4aab2d272d10b0f63c2bb3c030fdba33a6d4b349c0d0de4df4cbcf2cb4c3c432,False,,0.20075133442878723,0.19433464109897614,0.0860835462808609,0.4041484594345093,0.21299980580806732,0.6078125,0.03333333333333333,excluded,redundant_high_similarity_perceptual_duplicate,data/Training/notumor/Tr-no_1239.jpg,excluded,dup_02919
data/Training/notumor/Tr-no_503.jpg,Tr-no_503.jpg,notumor,2,Training,False,37052,14963471b7c2744df51c1da54f4e519cecc34aa12944f1968620da1d36d2c5c2,False,,339,415,0.8168674698795181,JPEG,RGB,b0e31d76f8f324fea8e5a85c65a3624d777ad99d6b56b9f1be3c8355efc3e7cf,008a4aef4bffa9542f30b52a3c0b96ad3cb3d2b170ec4b4634ce36c6b4e1e869,False,,0.4008592963218689,0.2921448051929474,0.1372518390417099,0.5122491717338562,0.26793959736824036,0.74375,0.051041666666666666,excluded,redundant_exact_decoded_rgb_duplicate,data/Training/notumor/Tr-no_1021.jpg,excluded,dup_02715
data/Training/notumor/Tr-no_504.jpg,Tr-no_504.jpg,notumor,2,Training,False,12963,fd1cdad6cbf8fa8dc2f67f5bf931313042ab22e0246488d120a7d51a760e8875,False,,227,222,1.0225225225225225,JPEG,RGB,b71959b6c49692212a5624a3d41b81ed967ffdbc015169cea08271d8ba1df660,422fc0350ed40fc12f4ade103c2d3c0f3cb534cc6cb334dc6db776dc64d3662c,False,,0.2707502841949463,0.2967812120914459,0.07590483129024506,0.36367857456207275,0.2087140530347824,0.86796875,0.031510416666666666,excluded,redundant_high_similarity_perceptual_duplicate,data/Testing/notumor/Te-no_102.jpg,excluded,dup_02951
data/Training/notumor/Tr-no_508.jpg,Tr-no_508.jpg,notumor,2,Training,False,49153,638e2c2316fa50c151cde9e1f11e0861f149659ad9de9a700f3ce3fa1a8c4785,False,,630,630,1.0,JPEG,RGB,c591ad77ad6da7991317c30b15b2019fbd272bec6602e6ed2a87ade07f493079,12e53a4b6f16c5b5642dd2d230f10c1e338ec365c79b30c6c27936779d266d98,False,,0.2524193823337555,0.31463420391082764,0.0,0.46805205941200256,0.0,1.0,0.0,excluded,redundant_high_similarity_perceptual_duplicate,data/Testing/notumor/Te-no_339.jpg,excluded,dup_02700
data/Training/notumor/Tr-no_51.jpg,Tr-no_51.jpg,notumor,2,Training,False,31885,50126bf62fc02a8d2a73941ea1cddc7f01510852e01e61a6da2e7fe89e08865e,False,,468,444,1.054054054054054,JPEG,RGB,da9e0431258bec406778b12b7231dbd24c3e1f6456aaef4b4098ee45c0558252,42fdd2bd2f50cb503f0f9f0b3f0e8f2d8c2c9d3c8f3cc93c483ccc344c34cc30,False,,0.2434931993484497,0.25297075510025024,0.08128881454467773,0.4250335097312927,0.1912527233362198,0.6244791666666667,0.03723958333333333,excluded,redundant_high_similarity_perceptual_duplicate,data/Training/notumor/Tr-no_1243.jpg,excluded,dup_02924
data/Training/notumor/Tr-no_510.jpg,Tr-no_510.jpg,notumor,2,Training,False,8955,a55539d13d137f43a7af01f6ad97a8a88b4e495fbe9d0a5803611c908b03f5a2,False,,212,238,0.8907563025210085,JPEG,RGB,bca1462b012f093f372b797277c395c96ce79b66ae2bad99b77842638b294715,056a69065ab515bb6e46b6c5313e927871ec43843391cd17c65b8c3f973ad9e0,False,,0.2021070420742035,0.21095524728298187,0.03724570944905281,0.2976495623588562,0.125132754445076,0.8065104166666667,0.0,excluded,redundant_high_similarity_perceptual_duplicate,data/Testing/notumor/Te-no_220.jpg,excluded,dup_02727
data/Training/notumor/Tr-no_511.jpg,Tr-no_511.jpg,notumor,2,Training,False,7361,a04f7a2254302402e81ad80a6a5ca1ef424df124b7e2ada86e53402f996c89cc,False,,225,225,1.0,JPEG,RGB,aa99049782770f4a473a06eaf5dbff55f1d8c09da4f4889231377126c8bd14b6,47fc2f0a3b43f0f63d2f92fc30f19ac370948b4b3692c92d638a9c3c330f4938,False,,0.22049632668495178,0.19286105036735535,0.06917688250541687,0.37745577096939087,0.18327149748802185,0.0,0.0,excluded,redundant_high_similarity_perceptual_duplicate,data/Training/notumor/Tr-no_326.jpg,excluded,dup_03191
data/Training/notumor/Tr-no_512.jpg,Tr-no_512.jpg,notumor,2,Training,False,46290,06ea0c3b099ba4048faddf7220a226347dc69df955571500a46151b10b4ffb8d,False,,550,664,0.8283132530120482,JPEG,RGB,0e601ebe49e9beb8e90e913139bab2e6715deb48d0cf0085f5a2f10bf9f74b7a,528927ce2f74f0b13d42896f382f1cb4b0f4e0c0b3d2e68763ca730ef3498d3c,False,,0.341569721698761,0.2872413396835327,0.07846712321043015,0.627924919128418,0.12496259063482285,0.13385416666666666,0.0,excluded,redundant_high_similarity_perceptual_duplicate,data/Training/notumor/Tr-no_266.jpg,excluded,dup_03149
data/Training/notumor/Tr-no_513.jpg,Tr-no_513.jpg,notumor,2,Training,False,10127,a6610fccc8e426e55937d6b8f887813791be179c8b5d2f64d8d9133430d2e988,False,,206,244,0.8442622950819673,JPEG,RGB,e9c24ae70cd79938a5cc7df6f020880a8384966e9740388b8e332df03fb06ae6,400237a60effb9086fe0d13b3a01ca783d5f8e4638bacd4830b89da764f4d99f,False,,0.3744252920150757,0.18906213343143463,0.23077921569347382,0.4604530334472656,0.5012003183364868,0.0,0.01171875,excluded,redundant_high_similarity_perceptual_duplicate,data/Testing/notumor/Te-no_53.jpg,excluded,dup_03315
data/Training/notumor/Tr-no_514.jpg,Tr-no_514.jpg,notumor,2,Training,False,12237,393c84a6a4f222c4f9276ed9b2ec5b0bfeadce0b573037fcafd072943938b131,False,,201,251,0.8007968127490039,JPEG,RGB,b3f70505336b120d737d0b8eabf367540d9804a2a502fe9e8db1e6a1bf28dbd6,119987b31e67d8597a4e246e695878ec64a735a9699af0a5727a860665e1d8d9,False,,0.29817065596580505,0.2530550956726074,0.06706596910953522,0.4640721082687378,0.14451627433300018,0.7354166666666667,0.00026041666666666666,excluded,redundant_high_similarity_perceptual_duplicate,data/Testing/notumor/Te-no_35.jpg,excluded,dup_03036
data/Training/notumor/Tr-no_516.jpg,Tr-no_516.jpg,notumor,2,Training,False,14151,6f3bdbdba45d1f985b33e51c93c318e0f04f2c3186dfae874050a99a11b1af02,False,,210,213,0.9859154929577465,JPEG,RGB,6ca49087c681098405f19fd501a3d3b227f4465fb0a0bd6a398a43b7359d0494,15339f587ea470ab6b5ee0f5613923da6b46650b6d7a7706272fcc692508213c,False,,0.3400122821331024,0.30291590094566345,0.04903186112642288,0.5599274635314941,0.0875682383775711,0.7799479166666666,0.0046875,excluded,redundant_exact_decoded_rgb_duplicate,data/Training/notumor/Tr-no_1398.jpg,excluded,dup_03053
data/Training/notumor/Tr-no_517.jpg,Tr-no_517.jpg,notumor,2,Training,False,7602,bea200d27010c2b30d2c813ffef8686efd02924314cba7d72b9dcb333c8a59f8,False,,150,198,0.7575757575757576,JPEG,RGB,fdb2ae58e3510c01104047ca9398425c7e8f46d4378577c0ed5661cbcdf7501e,17dd12621d137fdf12aafa015a952109db57743b495a707c4d2a61f46d2371f0,False,,0.36850374937057495,0.26920321583747864,0.27310559153556824,0.41477102041244507,0.6584490537643433,0.4036458333333333,0.11744791666666667,excluded,redundant_high_similarity_perceptual_duplicate,data/Testing/notumor/Te-no_183.jpg,excluded,dup_03144
data/Training/notumor/Tr-no_521.jpg,Tr-no_521.jpg,notumor,2,Training,False,7047,216effa15cdd3f403ec9c5423d503cb8081c11123e02952b2068fe80b68eef4d,False,,173,201,0.8606965174129353,JPEG,RGB,8f4317d33694e23c467ab89f3c06d4a6663f90074f43e0e325e9714a3965320c,4133bccf3eea4f2c7a14788370cae4318f3e2f1c790ce0c748fb867235349f0c,False,,0.3287968635559082,0.28215691447257996,0.0389869287610054,0.6245126724243164,0.062427762895822525,0.8505208333333333,0.0,excluded,redundant_high_similarity_perceptual_duplicate,data/Testing/notumor/Te-no_139.jpg,excluded,dup_02774
data/Training/notumor/Tr-no_526.jpg,Tr-no_526.jpg,notumor,2,Training,False,5697,d40d92532a039b9826ad4e94e3b6606944ba11b1fae6b257ae56dd9ccd026348,False,,192,192,1.0,JPEG,RGB,e4d81a15800cb998e90fb375498c51225718bfc039be7eb3a757ff621b6886c1,17953859686ae3e765a18c9e6796c272269c18d9ce1bc93932633476cde3c98c,False,,0.18146255612373352,0.2301928550004959,0.0043821488507092,0.4175992012023926,0.010493671521544456,0.971875,0.0,excluded,redundant_high_similarity_perceptual_duplicate,data/Training/notumor/Tr-no_1198.jpg,excluded,dup_02891
data/Training/notumor/Tr-no_528.jpg,Tr-no_528.jpg,notumor,2,Training,False,12536,576168c376f79a02a66ff6f3db8afcf0db303f5764c404ed0dbbb1cef4ef5942,False,,227,262,0.8664122137404581,JPEG,RGB,3e6a196825198692b1e517ccbb2235f5496505a1305ca96df03de8d08713f7fc,1445d1997bba5a766801cf9869572e657478791f6304d8fe352f646863a839c9,False,,0.44052088260650635,0.30235767364501953,0.10062091797590256,0.7122147083282471,0.14127890765666962,0.0,0.0018229166666666667,excluded,redundant_high_similarity_perceptual_duplicate,data/Training/notumor/Tr-no_1246.jpg,excluded,dup_02926
data/Training/notumor/Tr-no_53.jpg,Tr-no_53.jpg,notumor,2,Training,False,7525,03b62d5927d31725332f245f09cd57a5c8fb8008dc87c1a26ee2af3b552c1016,False,,173,201,0.8606965174129353,JPEG,RGB,ac50a00fd9dc7872bf0c67f25a75dd6288426d6ff0f471d2a0be5bdc0c0e28db,413343303eeab8d37a14877470ca1bce8f3fd0e3790c1f3848fb79843d3460f3,False,,0.3300766944885254,0.28151020407676697,0.040893591940402985,0.6245414018630981,0.06547778844833374,0.8354166666666667,0.0,excluded,redundant_high_similarity_perceptual_duplicate,data/Testing/notumor/Te-no_118.jpg,excluded,dup_02971
data/Training/notumor/Tr-no_530.jpg,Tr-no_530.jpg,notumor,2,Training,False,7884,43c9289ac5c1d0e3b95034faf0e0d6597a50023325686c032c95c999085dc646,False,,225,225,1.0,JPEG,RGB,17ac7075e405d17c2fa8e843ba2282ad6145aca8597aec1ab9eb922923748a7b,499266663b6999996ca4167336c79998339acce693393318c764999b9c736669,False,,0.1885201334953308,0.22175109386444092,0.02005208283662796,0.4248822331428528,0.04719444736838341,0.86328125,0.0,excluded,redundant_high_similarity_perceptual_duplicate,data/Testing/notumor/Te-no_70.jpg,excluded,dup_03327
data/Training/notumor/Tr-no_534.jpg,Tr-no_534.jpg,notumor,2,Training,False,11737,dd8db43b9ad7e23ff49ec7c8390fe4982cd1138a73f76af0f655b2568915f789,False,,235,229,1.0262008733624455,JPEG,RGB,499e9e9ddf8f3e08e8bdb61608c935e4c6fa801214adda1faa3654b879308956,12ea6c2c6c3532d3711ec869a4bc9b2796c9c99ee1e16d9270c6278bb31c3679,False,,0.12548254430294037,0.1483815312385559,0.014034928753972054,0.2987074851989746,0.046985525637865067,0.8932291666666666,0.0,excluded,redundant_exact_decoded_rgb_duplicate,data/Training/notumor/Tr-no_1378.jpg,excluded,dup_03038
data/Training/notumor/Tr-no_536.jpg,Tr-no_536.jpg,notumor,2,Training,False,34722,04248c478f495a3c88d414971223bcb94f659a66cf6a47fc22918ea94559e154,False,,630,630,1.0,JPEG,RGB,f015bed45bdff3dcc6d366c040c28836b6be0bdae03bdef13bc1cfe2883dc9bb,1699384d6a526136692cc5c934e6e31236d9669fcd84cd983673cf66e38b34c9,False,,0.21018162369728088,0.22590458393096924,0.04862235113978386,0.37968847155570984,0.1280585378408432,0.0,0.0033854166666666668,excluded,redundant_high_similarity_perceptual_duplicate,data/Training/notumor/Tr-no_1023.jpg,excluded,dup_02717
data/Training/notumor/Tr-no_538.jpg,Tr-no_538.jpg,notumor,2,Training,False,4437,5cf2ebb7d8f93d7919b38b2e52a8d08a8843fbc3a019e10dda1e5fd24d2b6c9f,False,,225,225,1.0,JPEG,RGB,25c81a7f18bada7d8ff708d04a496fa28086a66880b861b044a659083962f704,10d17a4a6b06c5bd6c6992d234f14c0e338ecb69e6da98c66779cc65992ecdd0,False,,0.12643182277679443,0.12729588150978088,0.0135386036708951,0.2162923365831375,0.06259400397539139,0.7205729166666667,0.0,excluded,redundant_high_similarity_perceptual_duplicate,data/Testing/notumor/Te-no_344.jpg,excluded,dup_02734
data/Training/notumor/Tr-no_540.jpg,Tr-no_540.jpg,notumor,2,Training,False,10393,79b6fe05b46ee2a734c4da64cd109bc508bfd1b76f46e9c496dbb406f86139f9,False,,232,217,1.0691244239631337,JPEG,RGB,ff769856f47e4b271001ad82838a976c7a322167f4a7e4b0f31fc682742e99bf,1e9ccb496961b4b6678732db961e632dce598c38c86498e33732326739cbc598,False,,0.11788426339626312,0.18415533006191254,1.225490359502146e-05,0.3596966862678528,3.4070104447891936e-05,1.0,0.0,excluded,redundant_high_similarity_perceptual_duplicate,data/Testing/notumor/Te-no_205.jpg,excluded,dup_02783
data/Training/notumor/Tr-no_541.jpg,Tr-no_541.jpg,notumor,2,Training,False,10832,3ac497cd50c9eaad9f041c265de1853913cbd1565427d5f382c3d970fdd168e1,False,,214,236,0.9067796610169492,JPEG,RGB,7f8d003089776a94df8ced06289c80ad94257b292f284b47be88497258447c7f,55dcc88d0a23e1236f5f89db2c30373065e364833878c8dfb5cd930e6337cc5c,False,,0.2715214788913727,0.22182795405387878,0.08525020629167557,0.4005955457687378,0.21280866861343384,0.27057291666666666,0.0,excluded,redundant_high_similarity_perceptual_duplicate,data/Training/notumor/Tr-no_1162.jpg,excluded,dup_02858
data/Training/notumor/Tr-no_543.jpg,Tr-no_543.jpg,notumor,2,Training,False,12956,040daff6e5eb6eaa70b0f175576954db75ab0f754d1877736f019dccac1a2bd2,False,,212,236,0.8983050847457628,JPEG,RGB,b8642742a895d6c122003a345e27bc62fae94625099fcd4a16154176e1eee6a2,150238c56f91619d6a40974a3d6b986de87f8ce53d7a499765b865d26181679e,False,,0.25206780433654785,0.1635628491640091,0.07287071645259857,0.4084826707839966,0.1783936619758606,0.49505208333333334,0.0,excluded,redundant_exact_decoded_rgb_duplicate,data/Training/notumor/Tr-no_539.jpg,excluded,dup_03333
data/Training/notumor/Tr-no_544.jpg,Tr-no_544.jpg,notumor,2,Training,False,10157,297b8b49c86eb127f38704062c6efb288ba28cc2a3209a267a9e57f6e0831546,False,,200,252,0.7936507936507936,JPEG,RGB,640e2989211d564e3d01645b5416d52eda43abd99b7e282b7b1a69ea4123d527,500ae89a1ff407717a2b698b2dddae26cb2173a872442cc5e4d2d6169f4a275f,False,,0.2780194580554962,0.18995408713817596,0.14212827384471893,0.30840417742729187,0.46085068583488464,0.0625,0.0013020833333333333,excluded,redundant_high_similarity_perceptual_duplicate,data/Testing/notumor/Te-no_385.jpg,excluded,dup_03336
data/Training/notumor/Tr-no_545.jpg,Tr-no_545.jpg,notumor,2,Training,False,10268,2e6b3edd254ee191e482f071b4b08677fc0a4fe40f3e2a8e3df67165c9e3cf72,False,,196,257,0.7626459143968871,JPEG,RGB,c46c4a87ac47ca5937acc831beac2836e1fae6d135a64d8da056c899583dbd3d,148c6e524a3321fd2fda972b3c21d2d86a54da524cc89f07350bc96e672f8cb7,False,,0.2877774238586426,0.215683251619339,0.08705168217420578,0.4157370328903198,0.20939122140407562,0.7463541666666667,0.0,excluded,redundant_high_similarity_perceptual_duplicate,data/Training/notumor/Tr-no_135.jpg,excluded,dup_03012
data/Training/notumor/Tr-no_546.jpg,Tr-no_546.jpg,notumor,2,Training,False,35957,6d35e13594dd22adb1089916a5aa7aff648409fd308f63ff67206dd50fd474f1,False,,428,417,1.026378896882494,JPEG,RGB,034e84b3670b02f03398e72dbd352c6a9a7034fa4cd65d32ee8af5fb93e72a06,057a4a9d5e81a54a7a1fb4a8297896a579e09ee639e49e4631e6987631878ece,False,,0.1516551375389099,0.15923357009887695,0.048299629241228104,0.1946643441915512,0.24811749160289764,0.8458333333333333,0.0,excluded,redundant_high_similarity_perceptual_duplicate,data/Training/notumor/Tr-no_1193.jpg,excluded,dup_02886
data/Training/notumor/Tr-no_547.jpg,Tr-no_547.jpg,notumor,2,Training,False,7075,d8642f2eb5e48b9def1b8ae3adfb53ffc462a1f98202ae944382aaa4ad12e0fd,False,,225,225,1.0,JPEG,RGB,00261bea668139085cfb5e3d5a33818e32881ad0182b4b81df8bac3834743c53,43fc2f0a3b03f0f63d2f92fc30f19ac370948f4b3692cd2d638a9c3c330f4938,False,,0.22069332003593445,0.19324323534965515,0.06922896951436996,0.37751513719558716,0.18338064849376678,0.00026041666666666666,0.0,excluded,redundant_high_similarity_perceptual_duplicate,data/Training/notumor/Tr-no_326.jpg,excluded,dup_03191
data/Training/notumor/Tr-no_549.jpg,Tr-no_549.jpg,notumor,2,Training,False,7214,5822193726fefe5c96d1bbd23b51d328dcde13167d5d1a7cdc3e93ba545a3e03,False,,228,221,1.0316742081447965,JPEG,RGB,13117b307b5c7eec23d45d05f8b44227e0a5db5d4a55bf8c9d412c8f8f5ea0b5,48f20fc93f03703d3ccc70c47930666331ce760be4cc33cd6363c7336c6cd36c,False,,0.14918527007102966,0.16561126708984375,0.02215380035340786,0.31560489535331726,0.07019472867250443,0.9302083333333333,0.0,excluded,redundant_high_similarity_perceptual_duplicate,data/Testing/notumor/Te-no_155.jpg,excluded,dup_03338
data/Training/notumor/Tr-no_55.jpg,Tr-no_55.jpg,notumor,2,Training,False,8681,9abfd64736b07d86d5b188f0757e5ac7b57429b6d11ca46d072d90fff2b592b6,False,,215,234,0.9188034188034188,JPEG,RGB,4e86e13c798d7fb51c9835b04434c61ff70408875c6e5d6c82c3ca5a14ff1be0,057a4e857a81a17a685f172b61f8589565a163d6668779da369e734a96586369,False,,0.21792304515838623,0.20227761566638947,0.04229269176721573,0.3688926696777344,0.11464768648147583,0.22682291666666668,0.0,excluded,redundant_high_similarity_perceptual_duplicate,data/Training/notumor/Tr-no_1074.jpg,excluded,dup_02770
data/Training/notumor/Tr-no_550.jpg,Tr-no_550.jpg,notumor,2,Training,False,14699,1760da4ac516c8564bf06bc349176a1463dbb49f4de7b6d0b986ff015b96bd62,False,,200,252,0.7936507936507936,JPEG,RGB,09bb1640bc8708fd0c74d2ab4afcbef4b4701afc9342679ad5b459197876d55b,500a17651ff4f88e7a2b96742ddd51d9cb218c577245d32ae4d229e99f4ad8a0,False,,0.2781001329421997,0.18994933366775513,0.1422518640756607,0.3085162043571472,0.46108391880989075,0.06145833333333333,0.0013020833333333333,excluded,redundant_high_similarity_perceptual_duplicate,data/Testing/notumor/Te-no_332.jpg,excluded,dup_02694
data/Training/notumor/Tr-no_554.jpg,Tr-no_554.jpg,notumor,2,Training,False,9299,8f4c7f1f6533019316f71d734eeca9a4f4cb5b066bf91295d7ec98e4e7223e68,False,,227,262,0.8664122137404581,JPEG,RGB,6f7dd6075d13f030ee3c9c2fa3200802855e444499cf2840b2e101cc42eb4da4,4110c4cc2eef0f233d54dbcd34027b30632d7c4a36518dab607b393d34fd6d9c,False,,0.24661052227020264,0.16985949873924255,0.05713031440973282,0.39791667461395264,0.1435735672712326,0.0010416666666666667,0.0,excluded,redundant_high_similarity_perceptual_duplicate,data/Testing/notumor/Te-no_294.jpg,excluded,dup_02995
data/Training/notumor/Tr-no_555.jpg,Tr-no_555.jpg,notumor,2,Training,False,6924,e615defa5c0de164da4b279d1c8d9102250cd5b5189de0f5ca4596e7dc90fca2,False,,232,217,1.0691244239631337,JPEG,RGB,630173ba070a6cb5663a3fdf719c37d2f7228f845514eb8ad3d94060b2cd6bee,04bbcaa916ccba144f13941b7a664b6b5c73c3a93c6c912d696ccee5e8649ca5,False,,0.34558871388435364,0.2618999779224396,0.14435049891471863,0.5177657604217529,0.2787949740886688,0.6411458333333333,0.020052083333333335,excluded,redundant_high_similarity_perceptual_duplicate,data/Training/notumor/Tr-no_1292.jpg,excluded,dup_02964
data/Training/notumor/Tr-no_556.jpg,Tr-no_556.jpg,notumor,2,Training,False,10076,66505d78eec85bed4a8a78e9afe09c9e226a5bd0f7e1b4eb904ac6781ed107ef,False,,206,244,0.8442622950819673,JPEG,RGB,adf8d034d79d7441c8b2d4767574d8aab0e864443a3821068b9d5db06ffb4c61,4002c85b0eff46f76fe02ec43a0135873d5f71b938ba72b730b8e25c64f47660,False,,0.3745359182357788,0.1893642693758011,0.2307853400707245,0.46048274636268616,0.5011813044548035,0.0,0.0125,excluded,redundant_high_similarity_perceptual_duplicate,data/Testing/notumor/Te-no_188.jpg,excluded,dup_03342
data/Training/notumor/Tr-no_557.jpg,Tr-no_557.jpg,notumor,2,Training,False,11721,180e4ca84cdbde8a2edf05e45633eda74567cedb678dd49dfd3ceb65a1b58d7a,False,,276,326,0.8466257668711656,JPEG,RGB,6d878b3ab7d73082fd5de6dc457e3f404b1d6293c74393542caab3479ea759bd,5493f71343cc48730d33b6ec333ccbcd78c29708349ac88e6b0f8d33b4ec68f4,False,,0.15565234422683716,0.16501395404338837,0.03421466797590256,0.2359442263841629,0.14501167833805084,0.8372395833333334,0.0,excluded,redundant_high_similarity_perceptual_duplicate,data/Training/notumor/Tr-no_1218.jpg,excluded,dup_02905
data/Training/notumor/Tr-no_558.jpg,Tr-no_558.jpg,notumor,2,Training,False,28658,7e9376ca19b889811fd5c904b731fdea1e313413ee1ac882008847ae926d2773,False,,428,417,1.026378896882494,JPEG,RGB,01d6077058ad64d4e09439635e37663aba20d377bed7a4c236b642f0156748b1,057a95625b815ab47a5f4b572978695a79e0659939e461b93de6238935873139,False,,0.24471819400787354,0.2430546134710312,0.07208333909511566,0.3370327949523926,0.21387633681297302,0.8356770833333333,0.01796875,excluded,redundant_high_similarity_perceptual_duplicate,data/Testing/notumor/Te-no_243.jpg,excluded,dup_02916
data/Training/notumor/Tr-no_559.jpg,Tr-no_559.jpg,notumor,2,Training,False,19344,5b32b70fee5498a7e242f40fd975486691a248ef53c7657ac4c5831133ade0fb,False,,220,275,0.8,JPEG,RGB,ea51b0348239340b9bd205d53966c3d6aa4a2ef8c348c2ae057cc9b843ceca90,119997b31e67d8597a4e246679585cec64273599e99af0a5737a86066561d899,False,,0.17134268581867218,0.16090333461761475,0.03778595104813576,0.27529680728912354,0.13725532591342926,0.8716145833333333,0.0,excluded,redundant_high_similarity_perceptual_duplicate,data/Testing/notumor/Te-no_322.jpg,excluded,dup_02779
data/Training/notumor/Tr-no_56.jpg,Tr-no_56.jpg,notumor,2,Training,False,13213,8df1125bc5a3901ae602be99db7d676e79744a93eb6ed69de91b86cdb087a7a1,False,,225,225,1.0,JPEG,RGB,520197fb5889f1da2259dea80a753c32d86b9dcdff6065b0eb3fbb0cb206e343,1699384d6a526136692cc18934e6e31236d9e69fcd94cd983673cf66e38b34c9,False,,0.2101658284664154,0.22595593333244324,0.049147263169288635,0.3795151710510254,0.1295001208782196,0.0020833333333333333,0.0036458333333333334,excluded,redundant_high_similarity_perceptual_duplicate,data/Training/notumor/Tr-no_1023.jpg,excluded,dup_02717
data/Training/notumor/Tr-no_560.jpg,Tr-no_560.jpg,notumor,2,Training,False,29189,80e201fae2dae2953697e104658c5fa26260cb81c624b464c0cc50428babda66,False,,380,530,0.7169811320754716,JPEG,RGB,67993e56da5c29ecd9b5befc52b82a89a29b8014e9c3eb661eecf75049a19d7c,51be4ecc6b509527256f1b9934b13372c3d26d89cf4e96649c3c365c49a1c98b,False,,0.2230421006679535,0.26549744606018066,1.7361111531499773e-05,0.45742475986480713,3.795402517425828e-05,1.0,0.0,excluded,redundant_high_similarity_perceptual_duplicate,data/Testing/notumor/Te-no_221.jpg,excluded,dup_03343
data/Training/notumor/Tr-no_561.jpg,Tr-no_561.jpg,notumor,2,Training,False,20039,c1865a7d0979fb7726e1ec00bf23c6a32cd0592dd4777baa4bc8129e8e18621c,False,,441,442,0.997737556561086,JPEG,RGB,0c6e20b55057a0229abf1635a7ddcfe4b7d7953ada3b95973ebd53803a772ae0,423f5f902bd0d06f2d4a62d4243d9b4a38f4cf2d36d0cc3c66c3d8b433cb6cb2,False,,0.25424686074256897,0.2124483734369278,0.07199449837207794,0.426029235124588,0.16898956894874573,0.0015625,0.0,excluded,redundant_high_similarity_perceptual_duplicate,data/Testing/notumor/Te-no_197.jpg,excluded,dup_03344
data/Training/notumor/Tr-no_563.jpg,Tr-no_563.jpg,notumor,2,Training,False,12390,8d8e2b5d1b09b10df30a1352aa16f6951d7765cf58c19035076e3cb3627aa2de,False,,208,242,0.859504132231405,JPEG,RGB,bff4fe7748ad63da9a71bccef1dee752025f87cebf8618a6fa1dd36152a15904,114911bf4e226384734174b94d66fbef65082af13526e7d534af1bd567af0304,False,,0.47067970037460327,0.19451092183589935,0.33449143171310425,0.5431487560272217,0.6158376336097717,0.0,0.04635416666666667,excluded,redundant_high_similarity_perceptual_duplicate,data/Testing/notumor/Te-no_356.jpg,excluded,dup_03346
data/Training/notumor/Tr-no_564.jpg,Tr-no_564.jpg,notumor,2,Training,False,14958,3a34904d65c8cc7579373460050623901047e49eec67a5d635390374c5b48634,False,,232,217,1.0691244239631337,JPEG,RGB,65e5538e2fa02ef3e412053dd3559be2f0488e4eecb250c919c4280a5f2cb614,43373f1b2dc030bc342f93f4192cccc235b2c34b34eccf4dc4d3370c7343cb36,False,,0.25678950548171997,0.30216309428215027,0.02638276293873787,0.558962345123291,0.04719953611493111,0.9588541666666667,0.0020833333333333333,excluded,redundant_high_similarity_perceptual_duplicate,data/Testing/notumor/Te-no_14.jpg,excluded,dup_02823
data/Training/notumor/Tr-no_565.jpg,Tr-no_565.jpg,notumor,2,Training,False,71744,65171c43207bd38c794fd14bf5f513325e8a4fe207f71539009bfb4f78b347d8,False,,728,725,1.0041379310344827,JPEG,RGB,68010ee52038d3d53290cf60346df44a0266d0a3979606cd708957c50da7c6f0,43331e332dcab4cc342dd3d330b4cd0c32f29b3333cb2cf6732d9cc3c30c3333,False,,0.16636891663074493,0.22677475214004517,0.0006546160439029336,0.3860648274421692,0.00169561174698174,1.0,0.0,excluded,redundant_exact_decoded_rgb_duplicate,data/Training/notumor/Tr-no_1390.jpg,excluded,dup_03046
data/Training/notumor/Tr-no_566.jpg,Tr-no_566.jpg,notumor,2,Training,False,10172,6aa103ff2ff051edcb48349b226b15b64fc0ae5382a33de8339f31429b899d41,False,,420,280,1.5,JPEG,RGB,a4e022c2f00d1bc8371a02da7403fb77ccca4cf37ac8b0316ac788d4c01f5603,1b4b398c6d34e3c361c6679f32db4c38661f863166d82c99672dcde166348726,False,,0.1547842025756836,0.2042228877544403,0.01306474581360817,0.38853877782821655,0.03362533450126648,0.9575520833333333,0.0,excluded,redundant_high_similarity_perceptual_duplicate,data/Testing/notumor/Te-no_384.jpg,excluded,dup_03236
data/Training/notumor/Tr-no_569.jpg,Tr-no_569.jpg,notumor,2,Training,False,14255,d56567916b5975d9f260f61a4cad99040696bd105293112af3d703c4bec42feb,False,,203,243,0.8353909465020576,JPEG,RGB,423acb8d30e924e754c8e3dcfcfea7813d7fe8fd6b9b943f975f7bce8bba064d,11756add1fcaad527baf325c6c949d6acc1265b31a7e35ac6c6a30a50cf02296,False,,0.38507944345474243,0.2965674102306366,0.11184334754943848,0.587112307548523,0.19049736857414246,0.6575520833333334,0.021354166666666667,excluded,redundant_exact_decoded_rgb_duplicate,data/Training/notumor/Tr-no_1105.jpg,excluded,dup_02801
data/Training/notumor/Tr-no_570.jpg,Tr-no_570.jpg,notumor,2,Training,False,7969,eb24722154a51b65511c985ab4989d7b85d6da4c4b92118c9d451589e22ed859,False,,150,198,0.7575757575757576,JPEG,RGB,5d8691931d3dd9b748fa375a550aa6e8f66542c686a0866d22517b1d0a1dd667,4688b8884c56d57547ff10ab5fc08ba39e429e911c0fca961877cb5a3876db5a,False,,0.36817196011543274,0.2692379653453827,0.2732332646846771,0.41440433263778687,0.6593397855758667,0.4075520833333333,0.1203125,excluded,redundant_high_similarity_perceptual_duplicate,data/Testing/notumor/Te-no_267.jpg,excluded,dup_03189
data/Training/notumor/Tr-no_571.jpg,Tr-no_571.jpg,notumor,2,Training,False,10345,57aa3dae272093eb5efa407adf578957c666b056c2dad06c0f11ae2656c9eae8,False,,200,252,0.7936507936507936,JPEG,RGB,c4f0dfe5e775fdc38d46cf2853e2b11fe9a1cdbb25e50daa507aea19738843b6,500ae89a1ff407717a2b698b2dddae26cb2173a872442cd5e4d2d2169f4a275f,False,,0.27804890275001526,0.1900397539138794,0.14204658567905426,0.30846258997917175,0.460498571395874,0.062239583333333334,0.0013020833333333333,excluded,redundant_high_similarity_perceptual_duplicate,data/Testing/notumor/Te-no_385.jpg,excluded,dup_03336
data/Training/notumor/Tr-no_572.jpg,Tr-no_572.jpg,notumor,2,Training,False,160131,d8534287064d81600cc5db54606ecd3203df242f66abc35ab251bf7e59e84ccb,False,,442,454,0.973568281938326,PNG,RGBA,5688f377da2bed25a31c357694b894a7cf30522b6374f3e66ab5b4d46d9afcd7,43d7cb4b2d0b9cac34b45b3332d230ec73c320d3ffcc330bcb33624c320cdf34,False,,0.1953115463256836,0.17749595642089844,0.049736522138118744,0.3914426565170288,0.12705953419208527,0.1421875,0.0,excluded,redundant_high_similarity_perceptual_duplicate,data/Training/notumor/Tr-no_1168.jpg,excluded,dup_02863
data/Training/notumor/Tr-no_573.jpg,Tr-no_573.jpg,notumor,2,Training,False,11559,8ecda324dfa8c3f67097bc3d520ae91b1ef587796bcab7ae3bd03f44c7ad539b,False,,201,250,0.804,JPEG,RGB,65081cc2fd2d8bebfd3d96b7985bf86a288abda11bb33f0ee482e5355ac02637,55540ed84abbed042f41c43f3d2a90b73cbfcad434cc8f9336bccb7260cc4c8c,False,,0.4374416172504425,0.3170214891433716,0.084041066467762,0.5993767380714417,0.14021410048007965,0.7895833333333333,0.0171875,excluded,redundant_high_similarity_perceptual_duplicate,data/Training/notumor/Tr-no_36.jpg,excluded,dup_03214
data/Training/notumor/Tr-no_575.jpg,Tr-no_575.jpg,notumor,2,Training,False,10284,6db84b3ec7514e85527b4c4b9adb91731a031edf8eb5950b927ee9e8628b78bc,False,,214,236,0.9067796610169492,JPEG,RGB,9d35b3d3452a5ed6e929282896f762cbb3ea74a62d1d26a1adf2a992c403a2e4,55dcc88d0a23e1236f7f89db2c30373065e324833878c8dfb5cd930e6337cc5c,False,,0.2713412642478943,0.22230452299118042,0.08527062833309174,0.40074777603149414,0.21277879178524017,0.25885416666666666,0.00026041666666666666,excluded,redundant_high_similarity_perceptual_duplicate,data/Training/notumor/Tr-no_1162.jpg,excluded,dup_02858
data/Training/notumor/Tr-no_578.jpg,Tr-no_578.jpg,notumor,2,Training,False,8295,534da970738cf2897d8fa9a9b5e36a4a45f674018a4cd51756aea4a5241907d8,False,,215,234,0.9188034188034188,JPEG,RGB,9f8432cefe7511f1117e24871ddbe8b07a35c9dbfd4810c29d2be708e1603905,057a4e857a81a17a685f172b61f8589565a163d6668779da369e734a96586369,False,,0.21784141659736633,0.20267146825790405,0.04174121841788292,0.3690793514251709,0.11309551447629929,0.24270833333333333,0.0,excluded,redundant_high_similarity_perceptual_duplicate,data/Training/notumor/Tr-no_1074.jpg,excluded,dup_02770
data/Training/notumor/Tr-no_581.jpg,Tr-no_581.jpg,notumor,2,Training,False,107824,a8bf58f1fee6cc15adfbbbbe78513606502269b917a52dfe0991621ad5ba401c,False,,825,832,0.9915865384615384,JPEG,RGB,233f2281f3eda4fe047f80bcef9f8debf4805beb00011c5f634d37b1b6068b59,439c369b3c63d86464e8b39335a4c91931f9990c969673f3e34cce1ce6273265,False,,0.18108414113521576,0.2077534943819046,0.030532069504261017,0.3911793529987335,0.07805132865905762,0.8421875,0.0,excluded,redundant_exact_decoded_rgb_duplicate,data/Training/notumor/Tr-no_40.jpg,excluded,dup_03245
data/Training/notumor/Tr-no_582.jpg,Tr-no_582.jpg,notumor,2,Training,False,80949,5f51fecec97f1264f4cb6a9f7d0d847f17e49033ec034b11d2cc5c8b79ba6519,False,,1000,583,1.7152658662092624,JPEG,RGB,cd02ef300d1decd39b225dccaab8cf10271670ecd862dd541a62b67eec67d718,4ec1cb083c27e53439cc3cb333d234c3b349ccc7325b638eacb959cc9cdc3319,False,,0.20802241563796997,0.27302637696266174,0.04962009936571121,0.4673052728176117,0.1061834767460823,0.8505208333333333,0.013802083333333333,excluded,redundant_exact_decoded_rgb_duplicate,data/Training/notumor/Tr-no_421.jpg,excluded,dup_03256
data/Training/notumor/Tr-no_583.jpg,Tr-no_583.jpg,notumor,2,Training,False,5655,896fc66682646e451ed9b2626bdc6241d2216b44c4b08607e134448b7f412184,False,,173,201,0.8606965174129353,JPEG,RGB,c9a699df5ced008db4b8d8d00c67398e517fe00900691541caa033228922fcc6,4133bccf3eea472c7a14788370cae4318f3e2f1c790ce0c748fb867335349f0c,False,,0.1836133897304535,0.1566307246685028,0.022526554763317108,0.34752604365348816,0.06481976062059402,0.8700520833333333,0.0,excluded,redundant_high_similarity_perceptual_duplicate,data/Testing/notumor/Te-no_139.jpg,excluded,dup_02774
data/Training/notumor/Tr-no_585.jpg,Tr-no_585.jpg,notumor,2,Training,False,12796,bad0f688c4ed9d93d3933b95bb003a54063d833b8beaec7c0d5436abbaf4c8d2,False,,227,222,1.0225225225225225,JPEG,RGB,4be7f18b145dac1a60aff519c6eeffcc2f894dbcab46f3f53f575c41f04f4dad,177a6a9e5b81a56b785d34ba697896a169e09a6639e69e6638e09c763186cc86,False,,0.2711538076400757,0.29543694853782654,0.07580474019050598,0.3644751310348511,0.20798330008983612,0.8666666666666667,0.03046875,excluded,redundant_high_similarity_perceptual_duplicate,data/Testing/notumor/Te-no_127.jpg,excluded,dup_03116
data/Training/notumor/Tr-no_586.jpg,Tr-no_586.jpg,notumor,2,Training,False,9789,353cdf95afc633edadfd70487a2057b04973dc53c0182268762b5581316a47eb,False,,201,251,0.8007968127490039,JPEG,RGB,29848c9b5b3bef90fb89dcfdb3aafd907cf8459eeb1264f757d3acd0d46cfb61,44ccd2e64b328d4c2f1b71333c0d0db9317260dcbccfb5f0272fd35330358dcc,False,,0.17298680543899536,0.16008374094963074,0.03833843767642975,0.2756548821926117,0.13908129930496216,0.85390625,0.0,excluded,redundant_high_similarity_perceptual_duplicate,data/Testing/notumor/Te-no_358.jpg,excluded,dup_03098
data/Training/notumor/Tr-no_588.jpg,Tr-no_588.jpg,notumor,2,Training,False,10908,a820973ab9e444f92fdc4e5eb2e584a72d5da660675f1793469f229f40199538,False,,218,231,0.9437229437229437,JPEG,RGB,1a813a68316668d7617fcf7cce4b3d415b7539d86822e11b7faec80ec2997625,06663e667aaa70196a55c1df699ae5a8656037a52c876636269e961ada5a9f1a,False,,0.21846158802509308,0.2025562971830368,0.03211908042430878,0.38355162739753723,0.0837412178516388,0.9174479166666667,0.0,excluded,redundant_high_similarity_perceptual_duplicate,data/Training/notumor/Tr-no_1055.jpg,excluded,dup_02750
data/Training/notumor/Tr-no_590.jpg,Tr-no_590.jpg,notumor,2,Training,False,10502,00fca519867b97d9c0303d8a65c206a280930f81f63ae9d85ca224a31e01c88b,False,,215,234,0.9188034188034188,JPEG,RGB,783fe8e689cf5baa0ce55e652ef9c48e3c7038acfe306063c59d07f2c831dc80,076a4e857a87a17a685d362b61e8189565a563f6668769da361e734e96586369,False,,0.36990705132484436,0.3134916424751282,0.07362847030162811,0.662477970123291,0.11114101111888885,0.20729166666666668,0.0,excluded,redundant_high_similarity_perceptual_duplicate,data/Training/notumor/Tr-no_285.jpg,excluded,dup_03161
data/Training/notumor/Tr-no_594.jpg,Tr-no_594.jpg,notumor,2,Training,False,13765,917104b021c0753870d708b6f50260397d6b8c0c1eaed6ab598635d014d2a1b6,False,,236,295,0.8,JPEG,RGB,4a5d2a59ee52bc7cfa72b0244d4fc2c25231289c927c26deab4373d8788ac800,433359d9044428ae1befcb554fd0cd4a3f81ad6b0e0d2d297c1f34b53cfe24a1,False,,0.2071990668773651,0.1726377159357071,0.11869077384471893,0.26879024505615234,0.44157397747039795,0.6442708333333333,0.0,excluded,redundant_exact_decoded_rgb_duplicate,data/Training/notumor/Tr-no_1169.jpg,excluded,dup_02864
data/Training/notumor/Tr-no_595.jpg,Tr-no_595.jpg,notumor,2,Training,False,12599,26d57c2158c803a1e1683354525072f0301845385a7df32fbd1de32a4b2636e0,False,,201,251,0.8007968127490039,JPEG,RGB,b9c553e643441d2b4bc447fadca9fb666d2607083cd62ad1ec49a31f0568964d,0199784c1e6727a67a46db916958871364a7ca56699a2f5a327a79f965e12726,False,,0.29829439520835876,0.25265294313430786,0.06747958064079285,0.4633607268333435,0.14563077688217163,0.7057291666666666,0.0005208333333333333,excluded,redundant_high_similarity_perceptual_duplicate,data/Testing/notumor/Te-no_392.jpg,excluded,dup_03363
data/Training/notumor/Tr-no_596.jpg,Tr-no_596.jpg,notumor,2,Training,False,9274,ec0ec5fefeaa88f1ccee4e0b117c21e422a575a8b4f1e03a54a36ec2edeb4340,False,,225,225,1.0,JPEG,RGB,7d5ed96d1a478400252f92c698cf43edc342fee600503100474554cee19f6505,52ee34e46d505a5a2d29e1a134bf9f0930b46c3f334265d0e78f9e4ec30f2665,False,,0.2625480890274048,0.3168039321899414,0.0,0.5672066807746887,0.0,1.0,0.0,excluded,redundant_high_similarity_perceptual_duplicate,data/Training/notumor/Tr-no_353.jpg,excluded,dup_03207
data/Training/notumor/Tr-no_597.jpg,Tr-no_597.jpg,notumor,2,Training,False,12245,138da28f706b893f2bbc65877117e7c456ff3df7d406b2b065a710027b92c050,False,,201,251,0.8007968127490039,JPEG,RGB,0124f2474916463d869f7b12a9548614a0a45992330821d88ca80211d7454875,0199784c1e6727a67a46db916958871364a7ca56699a2f5a327a79f965e12764,False,,0.29741597175598145,0.2531830072402954,0.06661765277385712,0.46321234107017517,0.14381666481494904,0.73515625,0.0,excluded,redundant_high_similarity_perceptual_duplicate,data/Testing/notumor/Te-no_392.jpg,excluded,dup_03363
data/Training/notumor/Tr-no_599.jpg,Tr-no_599.jpg,notumor,2,Training,False,7330,09ce7a954b8b4e8074666e36f2d33e6ade48051d6c9794b4e820e56d239843de,False,,236,213,1.107981220657277,JPEG,RGB,076062937e6c9598cb977ed7b42ad4b64c4de46851dac2f972716f522dc6bc98,1ffe78727805e5a3697ee69561a8ef26f181e61c95858b18a19e9839e1969066,False,,0.20068815350532532,0.1943221241235733,0.08622651547193527,0.40404415130615234,0.21340864896774292,0.6104166666666667,0.031510416666666666,excluded,redundant_high_similarity_perceptual_duplicate,data/Training/notumor/Tr-no_333.jpg,excluded,dup_03194
data/Training/notumor/Tr-no_60.jpg,Tr-no_60.jpg,notumor,2,Training,False,4386,2db2426323e2d116ddfd79ca17da4f0c3861a527eba11414ce1ffe403b5810bd,False,,150,198,0.7575757575757576,JPEG,RGB,bd1e131324d683b71e083a6109d871b0cfae879f504886d908a78f1c841fd44d,17dd126219137fff12aafa011b952509db57343f495a607c4d2a61f46d2371f0,False,,0.211812824010849,0.16739177703857422,0.16929228603839874,0.231078639626503,0.7326176166534424,0.528125,0.0,excluded,redundant_high_similarity_perceptual_duplicate,data/Testing/notumor/Te-no_115.jpg,excluded,dup_03166
data/Training/notumor/Tr-no_600.jpg,Tr-no_600.jpg,notumor,2,Training,False,58801,dc811fda9f7bc3506f21d4094da84c5e3a81d3878b28967b830536fda342a33e,False,,630,630,1.0,JPEG,RGB,61c5fd896dd1ce468ea2e3fb479ec7af66bf68c0e3edb88f18d35691620c3cbb,10d17a4a6b06c5bd6d6d92d234f14c0e338ecb69e69a98e66379cc25992ecdd0,False,,0.12605196237564087,0.1268633008003235,0.01318525243550539,0.21625211834907532,0.06097166985273361,0.7190104166666667,0.0,excluded,redundant_high_similarity_perceptual_duplicate,data/Testing/notumor/Te-no_344.jpg,excluded,dup_02734
data/Training/notumor/Tr-no_604.jpg,Tr-no_604.jpg,notumor,2,Training,False,8136,39e0e05182312576de8b46eea9c6b96908335a0ae2f4d25d50d86143b900d874,False,,225,225,1.0,JPEG,RGB,72260db3e0325eee0cc97457d7e13a3f765fe3ed40e213ab66c39294bc4160e6,17993e197866c9e66158961a24626d696785c3679c9b9998e7666d933c9cb262,False,,0.1894110143184662,0.16428400576114655,0.06188010796904564,0.35037723183631897,0.17660996317863464,0.006510416666666667,0.0,excluded,redundant_high_similarity_perceptual_duplicate,data/Testing/notumor/Te-no_82.jpg,excluded,dup_02813
data/Training/notumor/Tr-no_606.jpg,Tr-no_606.jpg,notumor,2,Training,False,15730,f90baa21f7026f0f5c8595cb4c58a728618b80c679b18dbb42f4e77420262ac5,False,,235,227,1.0352422907488987,JPEG,RGB,a3084d1e3a8b2d6a83027d00af27bce75e4ac62e48cf9a496c0a57051e3b94d6,42f24d272d0bb4f030b493db32d3792de34f393ccf1c33c29838a4cbcda1ce49,False,,0.3002740442752838,0.31837892532348633,0.02652471512556076,0.6962412595748901,0.038097016513347626,0.7979166666666667,0.0,excluded,redundant_exact_decoded_rgb_duplicate,data/Training/notumor/Tr-no_1261.jpg,excluded,dup_02938
data/Training/notumor/Tr-no_609.jpg,Tr-no_609.jpg,notumor,2,Training,False,7366,92a322e56c4901f5f15ccbae7c8be951d73ac18f882c7b7bdbb8992d481904f3,False,,236,213,1.107981220657277,JPEG,RGB,9878f621fc44a29461cb645e302d3d4fedb4fd37f3f3cfcd294ba8658c6cace8,1ffe878d78451a5c697e196a61a81099f38119e3958574e7a19e65c6a19e6e98,False,,0.20060771703720093,0.19444426894187927,0.08549632877111435,0.4040757119655609,0.2115849256515503,0.6119791666666666,0.03229166666666667,excluded,redundant_high_similarity_perceptual_duplicate,data/Testing/notumor/Te-no_143.jpg,excluded,dup_03372
data/Training/notumor/Tr-no_61.jpg,Tr-no_61.jpg,notumor,2,Training,False,5033,0223943a2b28b7ae5e7836f590dc9d3576b2b80202392a3692f2b4df830ab50e,False,,206,244,0.8442622950819673,JPEG,RGB,ebffebdad78752ff04a58a40b026024ea662eaab7520cbbd0acb87bed1bbbcb2,155762b05baaec5d3ab5846a6b549f2d680adb136def9a1c65ed88d231a18c4a,False,,0.21135854721069336,0.11206070333719254,0.13244180381298065,0.2568206191062927,0.515697717666626,0.0,0.0,excluded,redundant_high_similarity_perceptual_duplicate,data/Testing/notumor/Te-no_281.jpg,excluded,dup_03010
data/Training/notumor/Tr-no_611.jpg,Tr-no_611.jpg,notumor,2,Training,False,46099,3d2e27086db6e9797258b3d352df32cc3a4a20f6038a9bf18dbc1472915177a6,False,,630,630,1.0,JPEG,L,883a60e17f089c06f9172f4fd9efc8e73ac2efc3388128950eaa302133f19ba7,12cc1a5b6a72a5a42d2fc69e34b37c71309c89cae3c29e2d634f6d309c0f99d3,False,,0.20709851384162903,0.24321232736110687,0.005881332326680422,0.4139792323112488,0.014206829480826855,0.9677083333333333,0.0,excluded,redundant_high_similarity_perceptual_duplicate,data/Testing/notumor/Te-no_189.jpg,excluded,dup_03131
data/Training/notumor/Tr-no_612.jpg,Tr-no_612.jpg,notumor,2,Training,False,36340,1c62114d3764a574332b44ab41847ac1b2104db7bd4cc92f47f3871632b67e4a,False,,630,630,1.0,JPEG,RGB,524f387941457d690762877aa740125486164f61fd6c4eec90db362bae406297,1699384d6a526136692cc5c934e6e31236d9669fcd84cd983673cf66e38b34c9,False,,0.21005237102508545,0.22575002908706665,0.048588648438453674,0.3794213533401489,0.12805986404418945,0.00026041666666666666,0.0033854166666666668,excluded,redundant_high_similarity_perceptual_duplicate,data/Training/notumor/Tr-no_1023.jpg,excluded,dup_02717
data/Training/notumor/Tr-no_613.jpg,Tr-no_613.jpg,notumor,2,Training,False,8988,cbf2da8c6f0e9324fdcd07218a82848dee6acf0a6c317ff20bec7dcb1d30f340,False,,201,250,0.804,JPEG,RGB,16aa972dabeb36cb8bb532e9d8477e344a3fef3848638106edba9ffbbe1223e5,555cf1074aab12fb2b513bc43d2a6f483cb32d0b3ccc726c36bc348968dc3372,False,,0.24844421446323395,0.1855141669511795,0.047931987792253494,0.34170690178871155,0.14027222990989685,0.82890625,0.0,excluded,redundant_high_similarity_perceptual_duplicate,data/Training/notumor/Tr-no_378.jpg,excluded,dup_03228
data/Training/notumor/Tr-no_614.jpg,Tr-no_614.jpg,notumor,2,Training,False,21156,b4531b317308ad08f6f4c96da6e7244a9875a52d490ecdcab426249236587074,False,,400,442,0.9049773755656109,JPEG,RGB,c8be36a421fbb393dbdefb98ed0c5d9d34ffbbfd70887d21909e82642ba3c98c,06a63a9b7a5ae06065a9c79733b7c978979896c5ca675a1b31248d886692d8fd,False,,0.19297641515731812,0.16488432884216309,0.040820058435201645,0.38156211376190186,0.10698142647743225,0.016145833333333335,0.0,excluded,redundant_high_similarity_perceptual_duplicate,data/Training/notumor/Tr-no_39.jpg,excluded,dup_03234
data/Training/notumor/Tr-no_615.jpg,Tr-no_615.jpg,notumor,2,Training,False,8726,0578ce3a9dc5761f9374d76cbd36a3d9c5937a6cedc02d44cfc6ee5c1abc6b90,False,,228,221,1.0316742081447965,JPEG,RGB,e16f0e25450da8c89bb79c71dbbe835abec1f7452143a310009061c2d97fd7bf,42f22f493f03703d3ccc71c0793066e331c6360f30ceb3cde663c33b4c69d36c,False,,0.26049256324768066,0.2791568636894226,0.037520427256822586,0.5454226136207581,0.0687914788722992,0.9143229166666667,0.00026041666666666666,excluded,redundant_high_similarity_perceptual_duplicate,data/Training/notumor/Tr-no_313.jpg,excluded,dup_03183
data/Training/notumor/Tr-no_617.jpg,Tr-no_617.jpg,notumor,2,Training,False,66814,6296fc94ca1dba543a77ac0312ae4eda86053a44d81a9151e77e1e6b90bd91d3,False,,630,630,1.0,JPEG,RGB,db7d968d2b5820bab84a023dbcbf5999a72f5269ac7ca597aa132e3991636eda,50cc2b4e2f3334b1342bb2d330bbc3c873cccf0e8ca4d33363d30c793ccfc3b0,False,,0.20656785368919373,0.20535647869110107,0.047632765024900436,0.3910309672355652,0.12181328237056732,0.0,0.0,excluded,redundant_exact_decoded_rgb_duplicate,data/Training/notumor/Tr-no_524.jpg,excluded,dup_03323
data/Training/notumor/Tr-no_618.jpg,Tr-no_618.jpg,notumor,2,Training,False,12066,0841062307b8a925d89cae0ddadb015d9213153952aad7490b6c9c7df5864e77,False,,208,242,0.859504132231405,JPEG,RGB,24a13c7b1422b386c232b2e2bb64782ba0ca129648245fcb5d1619556de1da84,425bf11b1c4404707bbf4f9fcbc187f69e743bc469cc64c28d628713996a190f,False,,0.3858403265476227,0.21613553166389465,0.2477594017982483,0.4991843104362488,0.4963285028934479,0.0,0.04479166666666667,excluded,redundant_high_similarity_perceptual_duplicate,data/Testing/notumor/Te-no_273.jpg,excluded,dup_03375
data/Training/notumor/Tr-no_62.jpg,Tr-no_62.jpg,notumor,2,Training,False,28313,43c7fb765b0d878dca03cd26cb414b56a2e3280ce2510f3a84dac11003bbd0a0,False,,350,350,1.0,JPEG,RGB,7f4ffeb5abe0fd73e2d2a731a96c35572dee621614fa0166e059393f8451d645,1d996a596e6735a678cc33853372ce9d2d99ca368ce33e4831a4d9d9218e8731,False,,0.1565985083580017,0.2158210724592209,0.012327412143349648,0.35537397861480713,0.0346885621547699,0.9731770833333333,0.0,excluded,redundant_exact_decoded_rgb_duplicate,data/Training/notumor/Tr-no_1079.jpg,excluded,dup_02775
data/Training/notumor/Tr-no_620.jpg,Tr-no_620.jpg,notumor,2,Training,False,11020,50b07fb6e5b04d44340aaa19e0dc4aa6588af62e73a4ade8f3ec34cace05524c,False,,220,275,0.8,JPEG,L,52a1e45a1deb29e6e883d67574cb213a9389cd0c4c0c94475e0d38b62570cbb8,119997b31e67d8597a4e246679585cec64273599e99af0a5737a86066561d899,False,,0.17151406407356262,0.16060838103294373,0.037627656012773514,0.2751072347164154,0.13677451014518738,0.8651041666666667,0.0,excluded,redundant_high_similarity_perceptual_duplicate,data/Testing/notumor/Te-no_322.jpg,excluded,dup_02779
data/Training/notumor/Tr-no_621.jpg,Tr-no_621.jpg,notumor,2,Training,False,6034,b1da8fe4e26b93b3fadab285538d4578e25cd114bb6e763477657f2be5688f95,False,,300,168,1.7857142857142858,JPEG,RGB,f9889eb556860d9b1aafa1e0187e587fda61a975d8fc94c351aa0e49b5f1e69d,1a76921669f969696167cda5cd86398439863d9c9996b19a999a739999986399,False,,0.120546355843544,0.18642780184745789,0.03887459263205528,0.29309895634651184,0.1326330006122589,0.9057291666666667,0.00078125,excluded,redundant_high_similarity_perceptual_duplicate,data/Testing/notumor/Te-no_210.jpg,excluded,dup_03377
data/Training/notumor/Tr-no_623.jpg,Tr-no_623.jpg,notumor,2,Training,False,6007,92c7e180580f5f9e7adeef2101de2df68532ae02f2d2c8d75782801f07d64bc6,False,,192,192,1.0,JPEG,RGB,bab8e31e1028ae7f093cdb4848a0be67f5814e0d4d18cf6acd4f63d370ceaf6d,17953859686ae3e765a18c9e6396e272369c18d9ce1bc93932633476cce3c98c,False,,0.18198242783546448,0.2299456000328064,0.004348448012024164,0.4177016317844391,0.01041041687130928,0.97734375,0.0,excluded,redundant_high_similarity_perceptual_duplicate,data/Training/notumor/Tr-no_1198.jpg,excluded,dup_02891
data/Training/notumor/Tr-no_625.jpg,Tr-no_625.jpg,notumor,2,Training,False,157613,9f1843e9d1a4ed476714ed37cb22b406993a1e05b6a0869f052d46ad1e287836,False,,728,725,1.0041379310344827,PNG,P,882002afc57effffcf86582636262d33e1896074ee87774762b643c1785baebc,43331e332dcae4cc342dd3d330b4cd0c32f29b3333cb2cf6732d9cc3c30c3333,False,,0.16468051075935364,0.22753754258155823,0.0003921568568330258,0.3844573497772217,0.001020026975311339,1.0,0.0,excluded,redundant_high_similarity_perceptual_duplicate,data/Training/notumor/Tr-no_1390.jpg,excluded,dup_03046
data/Training/notumor/Tr-no_626.jpg,Tr-no_626.jpg,notumor,2,Training,False,9061,29273d7176d172d331108aabfa065c4ae7ca6dd366549a9b141259b3967b33df,False,,225,225,1.0,JPEG,RGB,c1055e03a79ececa2dc3b1a69e0cb01a18217877b49484a2f2cdd4cf57ced9f4,43cc6d183f0734633c7994dc61b3b647638c33ca90d199cd63269a33b6de619c,False,,0.21017470955848694,0.2249244898557663,0.049109481275081635,0.37871479988098145,0.1296740472316742,0.004427083333333333,0.0036458333333333334,excluded,redundant_high_similarity_perceptual_duplicate,data/Testing/notumor/Te-no_166.jpg,excluded,dup_03184
data/Training/notumor/Tr-no_627.jpg,Tr-no_627.jpg,notumor,2,Training,False,19375,f02decb2f38f7b0dcf3d05495e0c72e296fc0bad5ec66c5343e17af3692521a9,False,,441,442,0.997737556561086,JPEG,RGB,8201230651d49cace359b754a836c2072cea1ffe6379704f5c5217aa91afdf17,176a0ac57e85853a781f37817168ce1f6da19a786385196833968de1669e39e7,False,,0.25428685545921326,0.21249236166477203,0.07186070829629898,0.4262053966522217,0.16860581934452057,0.0018229166666666667,0.0,excluded,redundant_high_similarity_perceptual_duplicate,data/Training/notumor/Tr-no_441.jpg,excluded,dup_03270
data/Training/notumor/Tr-no_628.jpg,Tr-no_628.jpg,notumor,2,Training,False,28630,a1661a8202874ff2a6a244a3e1a96978a7d994b30b9ce857a3e677089295f72e,False,,428,417,1.026378896882494,JPEG,RGB,bdeb15622b84434ef2afc83ac3c54893ab37295ed3f5aa5a353b80a0d46607ad,057a6a9d5a81a54b7a1fb4a8297896a579e09a6639e49e4639e29c763187cec6,False,,0.2447112500667572,0.2433454692363739,0.07209661602973938,0.3370222747325897,0.2139224112033844,0.8380208333333333,0.018229166666666668,excluded,redundant_high_similarity_perceptual_duplicate,data/Testing/notumor/Te-no_161.jpg,excluded,dup_03003
data/Training/notumor/Tr-no_63.jpg,Tr-no_63.jpg,notumor,2,Training,False,35854,da9ef6cef60bdcf63e1cb2c07ebe5bfb5a1c08c74dadf280915d55d7c3e36d9a,False,,409,442,0.9253393665158371,JPEG,RGB,47e9aa706a7e99da3b5418aee29222edc7e8be79ba103b0a062450147910621f,04574a1c4fa829517a05256a7c5f71a9997871b519e067976dc1279679e3669e,False,,0.1616639494895935,0.1826798915863037,0.041147876530885696,0.25731080770492554,0.15991507470607758,0.8877604166666667,0.0,excluded,redundant_exact_decoded_rgb_duplicate,data/Training/notumor/Tr-no_423.jpg,excluded,dup_03258
data/Training/notumor/Tr-no_631.jpg,Tr-no_631.jpg,notumor,2,Training,False,10124,342d3cce7b3cdc691766a7f1ea7df73ad66c39e2956310e907ff9e6fb3cd332f,False,,225,225,1.0,JPEG,RGB,59c0f5f8f17740e4ad2b0495a8db1c1ee81d4ed950f75194ec888b005d71e218,1789c5a679779a596e5a185739ad9928e46c6ce19cf0319549a5666799c73192,False,,0.23560097813606262,0.29336801171302795,0.031717728823423386,0.5223690271377563,0.06071900576353073,0.9440104166666666,0.01328125,excluded,redundant_high_similarity_perceptual_duplicate,data/Testing/notumor/Te-no_257.jpg,excluded,dup_02853
data/Training/notumor/Tr-no_632.jpg,Tr-no_632.jpg,notumor,2,Training,False,55676,019ff9b5736b365a41491635a581837fc4cc2506ca559009e81480d80839b003,False,,550,664,0.8283132530120482,JPEG,RGB,e2f4154c544b18b799238cdb5581d6656dc8f4c48e31265ab9bc6c9c8a889117,07dc729d7aa1a5606817dc3a697a58a5e5a195946787b3523697635ba61a5869,False,,0.19977524876594543,0.18870417773723602,0.04549223929643631,0.34996265172958374,0.12999169528484344,0.14192708333333334,0.0,excluded,redundant_high_similarity_perceptual_duplicate,data/Training/notumor/Tr-no_22.jpg,excluded,dup_03113
data/Training/notumor/Tr-no_633.jpg,Tr-no_633.jpg,notumor,2,Training,False,32264,4e8128f0ab7851669e46d62f1ce1b51dbcae2d24b1b13fe29efc0146c218364c,False,,468,444,1.054054054054054,JPEG,RGB,cd7eb8ebdfd07fdb0beba95e98c758ab1bff6bbce560ba39ba8d03cd5454cc37,42fd2d422f5034af3f0f60f43f0e70d28c2c60c38f3c36c3583c33cbccb433cf,False,,0.2435525357723236,0.2526964545249939,0.08147875964641571,0.42493492364883423,0.19174408912658691,0.61640625,0.03723958333333333,excluded,redundant_high_similarity_perceptual_duplicate,data/Training/notumor/Tr-no_277.jpg,excluded,dup_03156
data/Training/notumor/Tr-no_634.jpg,Tr-no_634.jpg,notumor,2,Training,False,15484,71e009bf2b7388807dc1a7ea4543c59669e6e051b4f704c9fb7ad64e25ec2d4e,False,,339,340,0.9970588235294118,JPEG,RGB,054dc85c490cd890f0230e84266f91d960b8077dee1f9c97bb20e4d74e9d816d,5fcc2c7d7d23f1f375ccd7cc21d2ff0a22d8dd208871a8b0a32788e388cca332,False,,0.13033831119537354,0.1659422367811203,0.031915850937366486,0.30463963747024536,0.10476591438055038,0.87734375,0.0,excluded,redundant_high_similarity_perceptual_duplicate,data/Training/notumor/Tr-no_1216.jpg,excluded,dup_02904
data/Training/notumor/Tr-no_635.jpg,Tr-no_635.jpg,notumor,2,Training,False,8523,dea6f3f009b126786a8925318e2b68d65826027cfe27a9fa235bf07941c641b5,False,,225,225,1.0,JPEG,RGB,70869f3b3aba555b50c26cdb13c7bf18c2057c6bfe8e43e8ce60c01fafcd2b46,12a97a4d6c12a5a6697a9e3925a4cdb425c0da566367987a369f6349665a366d,False,,0.3767154812812805,0.2991982400417328,0.12253165990114212,0.6778023838996887,0.18077784776687622,0.0,0.0,excluded,redundant_high_similarity_perceptual_duplicate,data/Testing/notumor/Te-no_95.jpg,excluded,dup_03382
data/Training/notumor/Tr-no_636.jpg,Tr-no_636.jpg,notumor,2,Training,False,18154,b7217d07fe4b60f472aaeee4b36e8429d4a1685bbb9fd13c1d471835326e801d,False,,276,326,0.8466257668711656,JPEG,RGB,6a329a853c12510840cf1f6ae1c82526faa941d1c8832d4721b9219bb7e661d0,549308ec43ccb79c0d334913333c343278c278ff349a37716f0f72ccb4ec970b,False,,0.1554165780544281,0.1653706282377243,0.03395731374621391,0.23612037301063538,0.14381356537342072,0.8375,0.0,excluded,redundant_high_similarity_perceptual_duplicate,data/Testing/notumor/Te-no_214.jpg,excluded,dup_03101
data/Training/notumor/Tr-no_637.jpg,Tr-no_637.jpg,notumor,2,Training,False,8829,478a02a2c7269cf6740e713bbf6ff27feac16ed6099baefd689610ea2320f832,False,,225,225,1.0,JPEG,RGB,56cd98c7c1a8956822af1d0cf6dcfc498c1a382d2ecd87ce53e31fc54ba08bc9,12e5324b6f16c5b5642d92d230f10c1e339ec361c79b38c6c2793e779d266d98,False,,0.25401756167411804,0.3151792287826538,6.638072954956442e-05,0.4681152403354645,0.00014180425205267966,1.0,0.0,excluded,redundant_high_similarity_perceptual_duplicate,data/Testing/notumor/Te-no_339.jpg,excluded,dup_02700
data/Training/notumor/Tr-no_639.jpg,Tr-no_639.jpg,notumor,2,Training,False,5713,f64c5b137db85b27a8d909dd0f0cdf9bcda986bae8ff2bd8491b25e45615c7b2,False,,236,236,1.0,JPEG,RGB,022254afd87eee323db747156306ba9bb438c59cd0a797f90236ce8698c32103,1206697a6979968165a69b3e92986ce99a6bd9b6c86c365e64b3639931969a66,False,,0.21505437791347504,0.12944726645946503,0.12341095507144928,0.3858829140663147,0.3198145031929016,0.0,0.0,excluded,redundant_exact_decoded_rgb_duplicate,data/Training/notumor/Tr-no_1205.jpg,excluded,dup_02898
data/Training/notumor/Tr-no_64.jpg,Tr-no_64.jpg,notumor,2,Training,False,20996,2d0c621b0f3868cd99c6f80a27d871ac054259363582d143fce392ba7d75e6d0,False,,400,442,0.9049773755656109,JPEG,RGB,7fc5f4a7890b301c8e1ced1eec493a6f7f2ae8c431fe78b01b534aa186825d16,06a7c5647a5e1b9f65a9386833b736879798693aca67a5a43524727567d22702,False,,0.1930331438779831,0.1648121178150177,0.040914010256528854,0.38152286410331726,0.10723868757486343,0.009635416666666667,0.0,excluded,redundant_high_similarity_perceptual_duplicate,data/Testing/notumor/Te-no_165.jpg,excluded,dup_03384
data/Training/notumor/Tr-no_640.jpg,Tr-no_640.jpg,notumor,2,Training,False,8776,46e2b5f4f2ffc80a80a948ac0d47a6c41f183f9edcd26e81408bb56f1b78bc3d,False,,212,238,0.8907563025210085,JPEG,RGB,f9b6346900b4f5d72a16120a9be92173552def9b1d9490a41590436084a1c5bc,056a96f95ab5ea446e46093a313a6d8371ecbc7b339132e8c65b73c0971a261f,False,,0.2022075653076172,0.2105400264263153,0.03764604032039642,0.2976840138435364,0.12646308541297913,0.7739583333333333,0.0,excluded,redundant_high_similarity_perceptual_duplicate,data/Training/notumor/Tr-no_1132.jpg,excluded,dup_02830
data/Training/notumor/Tr-no_641.jpg,Tr-no_641.jpg,notumor,2,Training,False,32632,000fc159d99f54d7f29d4e7c505e77c8854fd837a8a0eb10f616945024bd3876,False,,468,444,1.054054054054054,JPEG,RGB,f35d3dcde4d7d6d1ecd8715c9de766aad29cd50c01c916076449f457caab88ff,17a887e87a059e056a5aca5e6a5bda78d979c869da699c690d69996199619965,False,,0.243430957198143,0.2530304193496704,0.08119792491197586,0.42506033182144165,0.19102682173252106,0.62421875,0.03723958333333333,excluded,redundant_high_similarity_perceptual_duplicate,data/Testing/notumor/Te-no_310.jpg,excluded,dup_03385
data/Training/notumor/Tr-no_642.jpg,Tr-no_642.jpg,notumor,2,Training,False,44008,8a05324c1e59d079c88ad71e484739999eab506d3e7eb1bca857264329113b94,False,,414,496,0.8346774193548387,JPEG,RGB,226c0f940b79b404623bd9934ca2d00908bb5655153d349b2d9d520e131df468,111999b756ea96087885e9576a5e4d7e6961670949a92de6239f626d7ca21798,False,,0.28002190589904785,0.238250732421875,0.07312193512916565,0.41769877076148987,0.1750590205192566,0.7596354166666667,0.0005208333333333333,excluded,redundant_exact_decoded_rgb_duplicate,data/Training/notumor/Tr-no_1393.jpg,excluded,dup_03048
data/Training/notumor/Tr-no_643.jpg,Tr-no_643.jpg,notumor,2,Training,False,24948,cd96b1d5fbe7d99976c7622fabcb89896c25c07f9837f9ff3756b4effdcbed7f,False,,359,449,0.799554565701559,JPEG,RGB,09b354ef89d75c153119b499c83508b6da49f8eb7bc6bc4ef6c703b488149c88,44ccd2e64b328d0c2f1b713b3c1d2db931f260dcbccf85f0272fd35330348dcc,False,,0.29655787348747253,0.2500883638858795,0.06563419848680496,0.46898937225341797,0.13994815945625305,0.7065104166666667,0.0,excluded,redundant_high_similarity_perceptual_duplicate,data/Training/notumor/Tr-no_234.jpg,excluded,dup_03124
data/Training/notumor/Tr-no_645.jpg,Tr-no_645.jpg,notumor,2,Training,False,9422,bfb2ba1aaacaa90bf7eac52cf8953ca98abbb7070f91051a908e092d294bdb8c,False,,227,262,0.8664122137404581,JPEG,RGB,90cc0c8c7dc23a9b5b690171aa3c93eff6946b25d713497126961e9f46e6f148,14456e667bbae589680171676157d99a7678d7e06704270135af9b9761a8c736,False,,0.2465432584285736,0.1698130965232849,0.05704759061336517,0.3978075385093689,0.1434050053358078,0.0010416666666666667,0.0,excluded,redundant_high_similarity_perceptual_duplicate,data/Testing/notumor/Te-no_36.jpg,excluded,dup_02935
data/Training/notumor/Tr-no_647.jpg,Tr-no_647.jpg,notumor,2,Training,False,9989,f7bffee7b1c763bff3321b1a66dd57ece595f11fab1238839c6bcdfde2f53999,False,,225,225,1.0,JPEG,RGB,5440260298c38bdb3328ce35206f6bb842378bb62e54f7927a360c9099fdf7fc,12c1c7b66a521ec96d2c9c3e34e71c7c36c93964e58c32e5327330dbe383c5c6,False,,0.33808714151382446,0.3140588104724884,0.08383987098932266,0.6248238682746887,0.13418160378932953,0.0005208333333333333,0.00703125,excluded,redundant_high_similarity_perceptual_duplicate,data/Training/notumor/Tr-no_1137.jpg,excluded,dup_02834
data/Training/notumor/Tr-no_65.jpg,Tr-no_65.jpg,notumor,2,Training,False,9720,a1a28845e45e575a6456513331c78c700aede806af4c05f3ba32c31fb0d09ac3,False,,232,217,1.0691244239631337,JPEG,RGB,6821fd2900594e20e48a1e2c8de141f19917f1ae8fd482c33160f59fb585fc44,04bb355636cc45eb4f136bc47a66b4945c773c523c6c6ed2696c311ae864635a,False,,0.34664762020111084,0.2606767416000366,0.14696182310581207,0.5177571773529053,0.28384312987327576,0.61640625,0.01953125,excluded,redundant_high_similarity_perceptual_duplicate,data/Training/notumor/Tr-no_592.jpg,excluded,dup_03361
data/Training/notumor/Tr-no_651.jpg,Tr-no_651.jpg,notumor,2,Training,False,22573,21fd26b23c30b4f39052dd1cccfaa6a73e453d300bcf4dd64e5491022c799acc,False,,428,417,1.026378896882494,JPEG,RGB,9ed8337f43e56710ca898cb32c9a1c6ee597a2f6054ba06f004d859049477944,057a6a9d5b81a54a7a17b5a8297896a579e09e6639e49e4639e09c762187cece,False,,0.1391204297542572,0.14305227994918823,0.04257353022694588,0.1879720240831375,0.2264886498451233,0.86015625,0.0,excluded,redundant_high_similarity_perceptual_duplicate,data/Testing/notumor/Te-no_24.jpg,excluded,dup_02795
data/Training/notumor/Tr-no_652.jpg,Tr-no_652.jpg,notumor,2,Training,False,4142,91eb18f61d813028c6de3d9a78b79f807712662d006287ddec80b945f6edeb51,False,,275,183,1.5027322404371584,JPEG,RGB,c2a338d97a3495e2f26b10da192189555fcdd47adb034b997933df56adb0109b,4e1e6cd93861b696349332ca67ce986d334ad366338d79cc32789cb43361d233,False,,0.15517650544643402,0.2040693759918213,0.01355085801333189,0.3887111246585846,0.0348609983921051,0.95546875,0.0,excluded,redundant_high_similarity_perceptual_duplicate,data/Testing/notumor/Te-no_8.jpg,excluded,dup_02839
data/Training/notumor/Tr-no_655.jpg,Tr-no_655.jpg,notumor,2,Training,False,27933,02dc5494993363f9910138ba37f237ad978fb78fc85b371222b2b6867477c743,False,,400,442,0.9049773755656109,JPEG,RGB,8dba621ad9932535b8330626ea9f6369b30f1da7c0a21426cdae2277cf417fc6,53f26fce2f0fb13530bc92c266e29c2dc2cdc3909f320f0e6071d8df32878da8,False,,0.3457670509815216,0.2962065041065216,0.07234988361597061,0.6844985485076904,0.1056976467370987,0.0,0.0,excluded,redundant_high_similarity_perceptual_duplicate,data/Testing/notumor/Te-no_245.jpg,excluded,dup_03066
data/Training/notumor/Tr-no_657.jpg,Tr-no_657.jpg,notumor,2,Training,False,9126,67850a5361df8dc320baf82e8bdf37cc496bb5d6ea91b17cdceab32a7cdd5cdb,False,,225,225,1.0,JPEG,RGB,ac26baf6e6953a28dcc25d3ac1d3168b6952321d4192c9f6b0a0c6de2d464ff4,1699384d6a526136692cc18934e6e31236d9e69fcd94cd983673cf66e38b34c9,False,,0.21013830602169037,0.22461742162704468,0.04911254346370697,0.37838637828826904,0.12979468703269958,0.003125,0.0036458333333333334,excluded,redundant_high_similarity_perceptual_duplicate,data/Training/notumor/Tr-no_1023.jpg,excluded,dup_02717
data/Training/notumor/Tr-no_659.jpg,Tr-no_659.jpg,notumor,2,Training,False,10156,03bb9c99ad697aa275960fbd9e11dc1bd23ae388fde6b6ea27bc3f67002768fc,False,,206,244,0.8442622950819673,JPEG,RGB,976951141c57c1535d54da34b578b47a4c67a7c4ad21ebf0d4ea7c8fc7a77291,155762f25baaec4c3ab5846e6f548f2c680adb136def981d65ec08f231a18cca,False,,0.3742220997810364,0.18936577439308167,0.23073633015155792,0.45993703603744507,0.5016694068908691,0.0,0.0125,excluded,redundant_high_similarity_perceptual_duplicate,data/Testing/notumor/Te-no_45.jpg,excluded,dup_03395
data/Training/notumor/Tr-no_66.jpg,Tr-no_66.jpg,notumor,2,Training,False,3848,3c3bdbcf86cd640b0efb1f4a95726f65664a2b760cf385302947c2549ac78eba,False,,173,201,0.8606965174129353,JPEG,RGB,a7a4105c474b3d9687e24cd7a907bbbb7dcee08f7d201555c1d20c75bc4c84c7,433343303eeab0d37a14877c70ca1bce8f3ed0e3790c1f3848fb79843d3460f3,False,,0.18316195905208588,0.15722602605819702,0.021599264815449715,0.34784966707229614,0.06209367513656616,0.8768229166666667,0.0,excluded,redundant_high_similarity_perceptual_duplicate,data/Testing/notumor/Te-no_118.jpg,excluded,dup_02971
data/Training/notumor/Tr-no_660.jpg,Tr-no_660.jpg,notumor,2,Training,False,46209,90b09a698e88ffae221f5f5c0c732e7a17e93387b4e91fc0be28b3aa3b91ba33,False,,411,496,0.8286290322580645,JPEG,RGB,ec17e9ec59b6f325e1970977d99482bf5610f5b086c8e71b8855b9000db5bedd,015d19b356e2ee0d2c9768566b6e857a689177893d1aacf673daf220d8b21991,False,,0.29527708888053894,0.25778964161872864,0.10029923170804977,0.4084625840187073,0.24555304646492004,0.68828125,0.00026041666666666666,excluded,redundant_exact_decoded_rgb_duplicate,data/Training/notumor/Tr-no_1397.jpg,excluded,dup_03052
data/Training/notumor/Tr-no_663.jpg,Tr-no_663.jpg,notumor,2,Training,False,7845,b53b2e120a974735fb7fe2a0c543c4b17dc9553aaa221f36d53e85c3e75d04d6,False,,225,225,1.0,JPEG,RGB,02cda73b209108bb611fc96b16bddd8ec63d22362b57ac44166ffef56b06b370,42eeb4a46b545a5a3d2b31e1343d9d2930f4e83573c263c0678fce4ec30f266d,False,,0.21106724441051483,0.23938390612602234,0.005937500391155481,0.4164617955684662,0.014257011003792286,0.9736979166666667,0.0,excluded,redundant_high_similarity_perceptual_duplicate,data/Testing/notumor/Te-no_333.jpg,excluded,dup_03103
data/Training/notumor/Tr-no_664.jpg,Tr-no_664.jpg,notumor,2,Training,False,14611,29f5011764730ed401f04b4978195c0b9fcedb005c3408f89a7586259cb1b675,False,,233,210,1.1095238095238096,JPEG,RGB,0b445f4670ee6529d601181f0dcf04f4051607a385dd041cfb80b9e85ef9e527,15555aaa36a23a9d3a5eb1d173e861834b0f274b673acc6c2e356c69c6632535,False,,0.21825933456420898,0.21863587200641632,0.08295139670372009,0.29132968187332153,0.28473377227783203,0.7692708333333333,0.0046875,excluded,redundant_exact_decoded_rgb_duplicate,data/Training/notumor/Tr-no_493.jpg,excluded,dup_03305
data/Training/notumor/Tr-no_665.jpg,Tr-no_665.jpg,notumor,2,Training,False,9008,5b78a3ddd88c805610aee8a4bc247021c97e0133aab8c43966d8142f0b742ea6,False,,225,225,1.0,JPEG,RGB,fc813b179600d50146e91b040c2456719d1ed01cce23d3d43cfd0439bcc692d6,43cc6d183f0734633c7994dc61b3b647638c33ca94c199cd63269a33b6de619c,False,,0.21011221408843994,0.22495365142822266,0.04910130798816681,0.3787674307823181,0.12963445484638214,0.002864583333333333,0.0036458333333333334,excluded,redundant_high_similarity_perceptual_duplicate,data/Testing/notumor/Te-no_166.jpg,excluded,dup_03184
data/Training/notumor/Tr-no_666.jpg,Tr-no_666.jpg,notumor,2,Training,False,11710,1bf4beb75eb2152e7236e838651b88d335ad3f95d8e79cd34e9d15e17f22b0e6,False,,225,225,1.0,JPEG,RGB,f3acded2c4d7f534499837f4b5f6a93366f639b5c5dc79bf9d4a994424114645,17893a1f786665a26e5ae7a839296697646c931a98f0ce6a49a599999cc6ce65,False,,0.1377948820590973,0.18051905930042267,0.02041769213974476,0.30132123827934265,0.06776054948568344,0.9526041666666667,0.0,excluded,redundant_high_similarity_perceptual_duplicate,data/Testing/notumor/Te-no_314.jpg,excluded,dup_03114
data/Training/notumor/Tr-no_667.jpg,Tr-no_667.jpg,notumor,2,Training,False,22354,a060cabec183204f051f9c7d153b82d952b886fe2bb34efb8f812c50ce123287,False,,350,393,0.8905852417302799,JPEG,RGB,e3fb0b9b9d3189d60b21ddd3344bf4905bfeece8f52aa0b48166774bbaf40d54,502fd3ac6fa0a7113d135c6f746a2cd224b1e1a666c463bd930e2691c36ff34a,False,,0.3259114623069763,0.2911394238471985,0.06063215434551239,0.5250833034515381,0.1154714971780777,0.007552083333333333,0.0,excluded,redundant_high_similarity_perceptual_duplicate,data/Testing/notumor/Te-no_96.jpg,excluded,dup_02828
data/Training/notumor/Tr-no_668.jpg,Tr-no_668.jpg,notumor,2,Training,False,7283,090dac42b804f6ffe3719c23f945985189585b692901f195bac20bf5466ad98c,False,,225,225,1.0,JPEG,RGB,359241185c7083ed4f572783e97e71b6eee5ac631e5e5b8f6a0f7ba5c2107e12,43fc2f0a3b43f0f63d2f92fc30f19ac370948b4b3692c92d63ca9c3c330f4938,False,,0.2206241488456726,0.1929381638765335,0.06920240819454193,0.37753045558929443,0.1833028495311737,0.00026041666666666666,0.0,excluded,redundant_high_similarity_perceptual_duplicate,data/Training/notumor/Tr-no_326.jpg,excluded,dup_03191
data/Training/notumor/Tr-no_671.jpg,Tr-no_671.jpg,notumor,2,Training,False,5710,5251cbe73ab9ba7b7c06c268b4c46b8741b7655d52eb5210373cc470ced739fb,False,,192,192,1.0,JPEG,RGB,f4976de27961dbc8e779a949af23f7b2fea7373cf366da8c7787b4c945cf7366,1795c7a6686a1c1865a1736167963d8d269ce726ce1b36c63263cb89cca33673,False,,0.18148672580718994,0.23003806173801422,0.0043821488507092,0.41751495003700256,0.010495789349079132,0.971875,0.0,excluded,redundant_high_similarity_perceptual_duplicate,data/Training/notumor/Tr-no_381.jpg,excluded,dup_03231
data/Training/notumor/Tr-no_673.jpg,Tr-no_673.jpg,notumor,2,Training,False,31704,8d1b8cb2975b43db869caaecbffd11f51651b6c25d35928f84cc295215cfb822,False,,442,442,1.0,JPEG,RGB,09c92845c502d8b0f9db145e4ea16c146d7881f2b6420a8d36866a4ef3073bb7,13e93e1f6a56a1b16c3ac3d034bdcf0f61948f2e72d21c3c334b6cf0862d8cc3,False,,0.21957674622535706,0.20556911826133728,0.06430044770240784,0.38408106565475464,0.16741374135017395,0.0,0.0,excluded,redundant_high_similarity_perceptual_duplicate,data/Testing/notumor/Te-no_330.jpg,excluded,dup_02930
data/Training/notumor/Tr-no_675.jpg,Tr-no_675.jpg,notumor,2,Training,False,44244,ec4bf9270aa3ef29260745b1bd95ca6577dee7c388d41999fb9eb2acd6874de1,False,,630,630,1.0,JPEG,RGB,39289fe85526301429cb022ad05023526f1ebfca3dcfd7c15fee975d4d2da6d2,10d17a4a6f06c5bd6c6d92d234f10c0e338ec369e6dbb0c64379ce25992eedd0,False,,0.2233089804649353,0.2218945473432541,0.022691993042826653,0.38682979345321655,0.05866144225001335,0.6119791666666666,0.0,excluded,redundant_high_similarity_perceptual_duplicate,data/Testing/notumor/Te-no_163.jpg,excluded,dup_02782
data/Training/notumor/Tr-no_677.jpg,Tr-no_677.jpg,notumor,2,Training,False,13121,a8d8bd68e37588a5be079ea92de410d9097988aea40552f6fd08ca44a7dd6c74,False,,236,243,0.9711934156378601,JPEG,RGB,633b6658e964f393823c7aed109d657532722ea5be3483a26e597f5e311bbac1,13916c9b7e4e936469ba32853667c99663999239862669c972799c369cf662c6,False,,0.1613793671131134,0.2154335379600525,4.901961438008584e-05,0.37947404384613037,0.00012917777348775417,1.0,0.0,excluded,redundant_exact_decoded_rgb_duplicate,data/Training/notumor/Tr-no_1180.jpg,excluded,dup_02875
data/Training/notumor/Tr-no_678.jpg,Tr-no_678.jpg,notumor,2,Training,False,19831,2ca91b5fa2b1bbca449039c10659e0acb52cdb5ee33b9b86dd819d9e0ffbbbdf,False,,441,442,0.997737556561086,JPEG,RGB,c7dedbb720b8a5b22e176b6d7e7b0d7784e804abc59e7532f56da49276913fbb,423fe06f2bd02f902d4a9d2b243d64b538f430d236d0b3c366c3674f33cb934d,False,,0.25426506996154785,0.21244078874588013,0.07194750756025314,0.42617762088775635,0.16882047057151794,0.0018229166666666667,0.0,excluded,redundant_high_similarity_perceptual_duplicate,data/Training/notumor/Tr-no_393.jpg,excluded,dup_03237
data/Training/notumor/Tr-no_68.jpg,Tr-no_68.jpg,notumor,2,Training,False,10062,38fe0004cd2687faff096d4f69f781dd10e03b4950129d38023ac46a701ad402,False,,232,217,1.0691244239631337,JPEG,RGB,57eedb400403063eb03927959825dc902fae511cb0a1342d155acb026458749a,166295b178959a16617a395e4c79666864e769e161b9e5e791869da66656619c,False,,0.2574079930782318,0.3015831410884857,0.026609476655721664,0.5593673586845398,0.047570664435625076,0.95859375,0.0015625,excluded,redundant_high_similarity_perceptual_duplicate,data/Testing/notumor/Te-no_107.jpg,excluded,dup_03405
data/Training/notumor/Tr-no_680.jpg,Tr-no_680.jpg,notumor,2,Training,False,8899,faa1644d7275469310aceeb80795b5fed741df6b47cd6ab6565298620d6c469c,False,,201,250,0.804,JPEG,RGB,32a83d52a648016125a4969171e5679c2176fc35177264ce246f2c7e10654a44,555c0ed84aabad042f50c43b3d2a90a73cb7d2f43ccc8d9336bccb7668dc4c8c,False,,0.24852749705314636,0.18532495200634003,0.048148494213819504,0.3414713740348816,0.14100301265716553,0.82421875,0.0,excluded,redundant_high_similarity_perceptual_duplicate,data/Testing/notumor/Te-no_178.jpg,excluded,dup_03406
data/Training/notumor/Tr-no_681.jpg,Tr-no_681.jpg,notumor,2,Training,False,8190,ad1d10ca71f6f4790709285a60994693a8330210298f3a8482dd70a1085dd38e,False,,225,225,1.0,JPEG,RGB,e78e0adf001c2cf90448b935e4ad649f387619e2141f6121ce5fdae8b1bac88b,40cd32573f700df83b03c2cfcd0d36343d3cccc49c7dd3d334b02d0d8cf27319,False,,0.15937310457229614,0.15519051253795624,0.038586609065532684,0.2764351963996887,0.1395864486694336,0.5692708333333333,0.0,excluded,redundant_high_similarity_perceptual_duplicate,data/Training/notumor/Tr-no_134.jpg,excluded,dup_03004
data/Training/notumor/Tr-no_682.jpg,Tr-no_682.jpg,notumor,2,Training,False,22462,5320f1056b0c6bed19df56dc3cfdce2f415cc986ce67f2406514a5a9d7cedb40,False,,442,442,1.0,JPEG,RGB,fd08ba619b18e09701c924f81db5770174ec59d85edb4157fa7981663606bd3a,46b66b483c11b4e6316f960561ecda92b6c1db5b27066969e61e31ad937899a6,False,,0.3683550953865051,0.304271936416626,0.11243157088756561,0.6895383596420288,0.16305339336395264,0.0,0.0,excluded,redundant_high_similarity_perceptual_duplicate,data/Training/notumor/Tr-no_1353.jpg,excluded,dup_03016
data/Training/notumor/Tr-no_683.jpg,Tr-no_683.jpg,notumor,2,Training,False,72738,f98f84c8efdfc33cbad78e557e1e4dd58e22567d3f3bf0a42da1fd57d8653412,False,,680,680,1.0,JPEG,RGB,379e16a7a9422d2210631e7cc38eac7ae0ba98fb5be0e479a2852d631deb4bc5,16e86a193997e1e27a7ec5a169698787d9a5c61685a5a65a9987967961969a61,False,,0.19937145709991455,0.17563964426517487,0.06797181814908981,0.3700913190841675,0.1836622804403305,0.02578125,0.0,excluded,redundant_high_similarity_perceptual_duplicate,data/Testing/notumor/Te-no_86.jpg,excluded,dup_02975
data/Training/notumor/Tr-no_687.jpg,Tr-no_687.jpg,notumor,2,Training,False,7999,d8be34ad89aff5bac28c58fc73dee8c2b0666e7aefe6f2390d670829d9515776,False,,235,214,1.0981308411214954,JPEG,RGB,0f4a71d9aa4db596762ba0ca5c48f603c4a706f64e84ad4ef7f7f868a796bd08,50420bcd2f3fb4302cd4300b2bcaf0bd2f02f2f49f2fc3d29c3d8bd22cb68fc1,False,,0.280988872051239,0.2507302165031433,0.050697509199380875,0.5099676847457886,0.0994131788611412,0.8669270833333333,0.0,excluded,redundant_high_similarity_perceptual_duplicate,data/Testing/notumor/Te-no_228.jpg,excluded,dup_02865
data/Training/notumor/Tr-no_689.jpg,Tr-no_689.jpg,notumor,2,Training,False,31736,9de46a6ed6c5c6ce5906890ff1d96ab5a544ec90d95c1712812889b72cc3593f,False,,512,512,1.0,JPEG,RGB,88dc27827831a49dd53913c90ef2461b3cbb188bbe425f564e7ee29f598431c3,42fc2f0a3b03f0f63d2f92fc30f19ac330948f4b3692c92d63cabc3c330f6938,False,,0.21792255342006683,0.19626736640930176,0.0644434243440628,0.3782159686088562,0.1703878939151764,0.0,0.0,excluded,redundant_high_similarity_perceptual_duplicate,data/Training/notumor/Tr-no_326.jpg,excluded,dup_03191
data/Training/notumor/Tr-no_69.jpg,Tr-no_69.jpg,notumor,2,Training,False,14296,db13da94073aaa03960e97acb4ab41019e4be57c88c8b708e66791696f4bc4b9,False,,207,243,0.8518518518518519,JPEG,RGB,70bf312066152a528a2bea86f0a137f4dbc5f75da6c027bc821736acb907d17e,065d5e0e5ba888796a036644795f459b69689a6665a2711d65af9d96678d9e52,False,,0.2949434220790863,0.2646082937717438,0.03921874985098839,0.48866039514541626,0.08025768399238586,0.9046875,0.0,excluded,redundant_exact_decoded_rgb_duplicate,data/Training/notumor/Tr-no_1095.jpg,excluded,dup_02790
data/Training/notumor/Tr-no_690.jpg,Tr-no_690.jpg,notumor,2,Training,False,24534,183a45ce31d8c56ccb92b044538fc221d7842b1c27cbdf9e1b8d1caf1fa747c9,False,,359,449,0.799554565701559,JPEG,RGB,e8c79d75de2b74d4b32428e7c315d7bb2bb7dff6f06a1b290aab0998b7aafd51,44cc2d194b3272f33f1b8ec43c1dd24631f29f23bccf7a0f262f2cac30347233,False,,0.2965245842933655,0.250116229057312,0.06555964052677155,0.4689692556858063,0.139795184135437,0.7018229166666666,0.0,excluded,redundant_high_similarity_perceptual_duplicate,data/Testing/notumor/Te-no_338.jpg,excluded,dup_03411
data/Training/notumor/Tr-no_692.jpg,Tr-no_692.jpg,notumor,2,Training,False,52569,2ad6ffff97ce8cbfd5d4785955ea16a6ccf7090eb67a8015e47cd8902571b827,False,,416,512,0.8125,JPEG,RGB,531aa89c935d2f26a58e34bc9555d8930d3345b9bd33c0ce077c1e435ccc405a,01d57a887e6a28677998a1da3a6625da66999ba1c99e67631e661c9f61589267,False,,0.22691529989242554,0.19598951935768127,0.06462214142084122,0.37865063548088074,0.17066429555416107,0.14973958333333334,0.0,excluded,redundant_exact_decoded_rgb_duplicate,data/Training/notumor/Tr-no_1085.jpg,excluded,dup_02781
data/Training/notumor/Tr-no_693.jpg,Tr-no_693.jpg,notumor,2,Training,False,55697,c1bf41ddb56396fd0e74b2eb7212c96a6a915ee86737c060c9db8e1439ff0390,False,,630,630,1.0,JPEG,RGB,016dcfa082b34fea7335ba42416b197f3feece21071817691aeaa19289ff0528,46994f0e3f23f0f1787a93cb61e6292665c9cc9fa697cb78321a3864c95a8c86,False,,0.11658313870429993,0.13852785527706146,0.003414011560380459,0.23259902000427246,0.01467766985297203,1.0,0.0,excluded,redundant_exact_decoded_rgb_duplicate,data/Training/notumor/Tr-no_1062.jpg,excluded,dup_02758
data/Training/notumor/Tr-no_694.jpg,Tr-no_694.jpg,notumor,2,Training,False,7882,3e7a6a53891855f9773da2427b7621464e87e48634af7203ae4416761d087b60,False,,232,217,1.0691244239631337,JPEG,RGB,102f19f25a2da64daabde3c2afa57e24d8e18b31fabe1c776d7fdf4285dfe5bb,43373f1b2dc030bc342f93f4192cccc235b2c34b34eccf4dc4d3370c7343cb36,False,,0.25670215487480164,0.30233728885650635,0.026404209434986115,0.5589269399642944,0.04724089428782463,0.9588541666666667,0.0020833333333333333,excluded,redundant_high_similarity_perceptual_duplicate,data/Testing/notumor/Te-no_14.jpg,excluded,dup_02823
data/Training/notumor/Tr-no_696.jpg,Tr-no_696.jpg,notumor,2,Training,False,7159,233edd18fdd991f4fd5960eb0076de22f3347afe983cf303f40f7bf154ac4bd6,False,,225,225,1.0,JPEG,RGB,b22657ca61a6c95b224454d4ffe2bf2dc8d3f1b871691f77fe15ce38060f2aba,16a985a26e565a5c687e385665a4306965c125e173c7678736df3696665ae392,False,,0.22059327363967896,0.19322243332862854,0.06914521753787994,0.3775026798248291,0.1831648349761963,0.00026041666666666666,0.0,excluded,redundant_high_similarity_perceptual_duplicate,data/Training/notumor/Tr-no_587.jpg,excluded,dup_03357
data/Training/notumor/Tr-no_699.jpg,Tr-no_699.jpg,notumor,2,Training,False,24589,7c103b082c141631e8475390a8b06ef7ef0cfba10e61cf2d4ce9dd1e2b08dfb0,False,,442,442,1.0,JPEG,RGB,9511c2798ca953ec9f50b368c948fddde2ce08202a48e55b6ec9db70a1cb2bc4,443b3bd12fc4e44f2d0b84a530edcbd234f09b1f37d0cb2833878d2c633f9d60,False,,0.17172062397003174,0.1904417723417282,0.008053513243794441,0.3368690609931946,0.023906953632831573,1.0,0.0,excluded,redundant_exact_decoded_rgb_duplicate,data/Training/notumor/Tr-no_1309.jpg,excluded,dup_02979
data/Training/notumor/Tr-no_70.jpg,Tr-no_70.jpg,notumor,2,Training,False,12126,9abc17e36fae0216bb2b2fe2829af1d92f05cf2db522947070e88f7ade9f266a,False,,420,280,1.5,JPEG,RGB,8e3de1035ff47833fc246e8e2ee346806055956dc423da1b7e52f0dc72edb052,4e1e6cf93961b696349392ca66cf986d334ac366339d79cc325899b632659238,False,,0.27381449937820435,0.3568609058856964,0.0230576004832983,0.6851170063018799,0.03365498036146164,0.9552083333333333,0.004166666666666667,excluded,redundant_high_similarity_perceptual_duplicate,data/Training/notumor/Tr-no_107.jpg,excluded,dup_02765
data/Training/notumor/Tr-no_701.jpg,Tr-no_701.jpg,notumor,2,Training,False,8015,15de12ab703d346ae376cd9733744eb06e094ff88fd36ce13f276aeed31b806e,False,,228,221,1.0316742081447965,JPEG,RGB,5ea9d9d7ebc512c8d5ecdd2c7982b6720dd4f4c93f8baca6fda9b47133352deb,423d2f632dc2f0ac742d93f01cbcdac831f0cb2b30c3192733c373cc33cf333c,False,,0.1677485555410385,0.20784318447113037,0.013768384233117104,0.33672448992729187,0.04088916629552841,0.9604166666666667,0.0,excluded,redundant_high_similarity_perceptual_duplicate,data/Testing/notumor/Te-no_295.jpg,excluded,dup_02985
data/Training/notumor/Tr-no_703.jpg,Tr-no_703.jpg,notumor,2,Training,False,6118,9561ec8adfadc55b0e5ff07eb2b32ed3e0dc5fb89cc96a65a35e597728e54dec,False,,150,198,0.7575757575757576,JPEG,RGB,21a42d61c61218ee3266df247568c6cce41480e0d13829c2a50f427548d1f7ae,13ddfddd1903800012aa45ff0a95def6cb17cbc4491a9fc34d2a9e0b6d238e0f,False,,0.21220441162586212,0.16727983951568604,0.1696803718805313,0.2311829924583435,0.7339656352996826,0.5216145833333333,0.0,excluded,redundant_high_similarity_perceptual_duplicate,data/Training/notumor/Tr-no_1372.jpg,excluded,dup_03033
data/Training/notumor/Tr-no_704.jpg,Tr-no_704.jpg,notumor,2,Training,False,8544,7023c4dcf7120a2bd4dd9064ea400f14aa323af508bd805eadee4c928e021ff8,False,,227,222,1.0225225225225225,JPEG,RGB,390443627feadd08b3df8838cef3c2f85e1884148a4945fda4a9ada2105ed16d,502fc0370ed40fe12f421f027c2f3c0f2cb534cc6cb174fc6cb776dc74d26464,False,,0.13988229632377625,0.1430155485868454,0.042976923286914825,0.18835976719856262,0.22816403210163116,0.8567708333333334,0.0,excluded,redundant_high_similarity_perceptual_duplicate,data/Testing/notumor/Te-no_336.jpg,excluded,dup_02780
data/Training/notumor/Tr-no_707.jpg,Tr-no_707.jpg,notumor,2,Training,False,12875,8754d6582bc14adc7e7121a1c48e3c7768bb815646e0a77a9767a2b0cb373f29,False,,214,236,0.9067796610169492,JPEG,RGB,11f542357e2026bdddf35dc3a05bd40fd26a549b9e056d7459e3f61429c6deff,008d6a675ff46799386ab13179659d9a30b68e296d2d6275e1b83cb436626696,False,,0.45238804817199707,0.33415642380714417,0.13753269612789154,0.6764964461326599,0.20330142974853516,0.009114583333333334,0.03203125,excluded,redundant_high_similarity_perceptual_duplicate,data/Training/notumor/Tr-no_1226.jpg,excluded,dup_02912
data/Training/notumor/Tr-no_708.jpg,Tr-no_708.jpg,notumor,2,Training,False,10192,86f1acd7e6ff5e5f800ac718af1deee21ed2029aa3759cf5d931c3957d21d547,False,,214,236,0.9067796610169492,JPEG,RGB,02c235e01f8db502285b897c7293d66812e037997bab0057a28fa446a0413594,55dcc88d0a23e1236f5f89db2c30373065e364833878c8dfb5cd930e6337cc5c,False,,0.2713177800178528,0.22213585674762726,0.08541259169578552,0.4005764126777649,0.21322421729564667,0.24427083333333333,0.00026041666666666666,excluded,redundant_high_similarity_perceptual_duplicate,data/Training/notumor/Tr-no_1162.jpg,excluded,dup_02858
data/Training/notumor/Tr-no_709.jpg,Tr-no_709.jpg,notumor,2,Training,False,7131,102fa3d1e695596fe1dc29e98c8f75c4790a9ad436186fd18c628ad36f517531,False,,225,225,1.0,JPEG,RGB,ccd257da22849f2a5e2d09a199cfdcd740a09c19cb443cd792b18231190d7fed,128c1a5b6a72a5a42d2bc69e34b36e73309c89caf3c29e2d634f6d309c0f99d3,False,,0.11704030632972717,0.13854703307151794,0.00340788415633142,0.2325463593006134,0.014654643833637238,1.0,0.0,excluded,redundant_high_similarity_perceptual_duplicate,data/Testing/notumor/Te-no_189.jpg,excluded,dup_03131
data/Training/notumor/Tr-no_714.jpg,Tr-no_714.jpg,notumor,2,Training,False,8183,f9650a60cedb447d86bbb6a8b7678487aace1d134171f384856a3b7569fd03f3,False,,232,217,1.0691244239631337,JPEG,RGB,d7afc2a077413bf8ba7617a48bb517fd3cf79a2ed5f276ee56811ef2dcbec6b9,1e9ccb496961b4b6678732db961a670d8e598c38c965986336b232c730cbe79c,False,,0.2009698748588562,0.29827338457107544,1.225490359502146e-05,0.6106148362159729,2.0069777747266926e-05,1.0,0.0,excluded,redundant_high_similarity_perceptual_duplicate,data/Testing/notumor/Te-no_135.jpg,excluded,dup_03426
data/Training/notumor/Tr-no_715.jpg,Tr-no_715.jpg,notumor,2,Training,False,79678,3163618e3155c4d97bfb4719da81fcc720a161d43a4c2a853e9b7d07064849fe,False,,630,630,1.0,JPEG,RGB,70fb7221b54ef5c0bc56b3ff1e45de9573902af8d0e4c3f382b3fc73bcf21c66,10d17a4a6b06c5bd6d6992d234f14c1e338ecb69e69a98e66379cc25992ecdd0,False,,0.12605628371238708,0.12685315310955048,0.013167892582714558,0.21625404059886932,0.06089084967970848,0.7140625,0.0,excluded,redundant_high_similarity_perceptual_duplicate,data/Testing/notumor/Te-no_344.jpg,excluded,dup_02734
data/Training/notumor/Tr-no_716.jpg,Tr-no_716.jpg,notumor,2,Training,False,22081,a323163a029cffe0d7d5320c9662a6e83b11904ce894976c38f068de83dcb82b,False,,428,417,1.026378896882494,JPEG,RGB,28df86f571c450c351af82cf55af311c49afbfa1d90fb821eb2c60acc7e678e0,057a6a9d5b81a54a7a17b5a8297896a579e09e6639e49e4639e09c762187cece,False,,0.1390395313501358,0.14314857125282288,0.04239277169108391,0.18807923793792725,0.2253984659910202,0.86015625,0.0,excluded,redundant_high_similarity_perceptual_duplicate,data/Testing/notumor/Te-no_24.jpg,excluded,dup_02795
data/Training/notumor/Tr-no_717.jpg,Tr-no_717.jpg,notumor,2,Training,False,6230,7bd4d5d58606af2e040836ab4dd73e35130ec425c538d619dc514f5494d84c39,False,,225,225,1.0,JPEG,RGB,972d2fa1bade3af93a70816969872d864d82d3735709e74d6dadb70d81fda740,17993e197866c9e661d8961a24626d696385c3679c9b9998e7666d933c9cb262,False,,0.18947778642177582,0.16422951221466064,0.061863768845796585,0.35038965940475464,0.17655706405639648,0.008333333333333333,0.0,excluded,redundant_high_similarity_perceptual_duplicate,data/Testing/notumor/Te-no_82.jpg,excluded,dup_02813
data/Training/notumor/Tr-no_718.jpg,Tr-no_718.jpg,notumor,2,Training,False,6759,c0c1366974fcbed4ecea76ba9d2b8043a44168dcf522ea6e6bd9ab9dbb857d38,False,,225,225,1.0,JPEG,RGB,31a612adbcafd44b627e1b41cba6183ad4795fd6a258899cf934a2faae4e13cf,12a97a5f6e12a5a3687ac7a925a4cf9625c1da1e63879878369f4969661a1c6d,False,,0.22063300013542175,0.19305016100406647,0.06931066513061523,0.3775036334991455,0.18360264599323273,0.00026041666666666666,0.0,excluded,redundant_high_similarity_perceptual_duplicate,data/Training/notumor/Tr-no_1190.jpg,excluded,dup_02884
data/Training/notumor/Tr-no_72.jpg,Tr-no_72.jpg,notumor,2,Training,False,8006,a35fa2f008fae05b592a376704ffb1805f8883e393bee718253d8817bccfe18b,False,,225,225,1.0,JPEG,RGB,22c001b330c6002b36c0deecaac870af755549c9ef8c8ff3d198aa2709ff9bad,4e9bc6333c6639cc318d3931e330c638c64cb6c79863692df33292d8eccce933,False,,0.1367369294166565,0.19439193606376648,0.03312091901898384,0.3637657165527344,0.09105014055967331,0.859375,0.0,excluded,redundant_high_similarity_perceptual_duplicate,data/Testing/notumor/Te-no_290.jpg,excluded,dup_03428
data/Training/notumor/Tr-no_720.jpg,Tr-no_720.jpg,notumor,2,Training,False,38799,ac76ca3b933520e9519c3fa096e38e281e467ae4bda0412daa34cb966954ff68,False,,428,417,1.026378896882494,JPEG,RGB,6851ca2118819e43ee7c55cebcb31ed2f8c7f451d68ee41a66cd596a144e2938,057a6a9d5b81a54a7a17b5a8297896a579e09e6639e49e4639e09c762187cece,False,,0.13896413147449493,0.1432555615901947,0.04237847402691841,0.18809840083122253,0.22529949247837067,0.8609375,0.0,excluded,redundant_high_similarity_perceptual_duplicate,data/Testing/notumor/Te-no_24.jpg,excluded,dup_02795
data/Training/notumor/Tr-no_721.jpg,Tr-no_721.jpg,notumor,2,Training,False,11391,f932387c00c74ebaede60e0b5e0d79dbff6b944e066d510f4c95834f05050e3e,False,,225,225,1.0,JPEG,RGB,72336324a7a6fcb6ba9fee9dae0d2d908dc7929d591c3a70387fd7b7d7a44044,1cc7cccc6e3e333339f1bcd96392333266cf664cc66c993292313331c926ccc3,False,,0.18852373957633972,0.22179731726646423,0.020239992067217827,0.4249521493911743,0.047628872096538544,0.85,0.0,excluded,redundant_high_similarity_perceptual_duplicate,data/Testing/notumor/Te-no_145.jpg,excluded,dup_02804
data/Training/notumor/Tr-no_722.jpg,Tr-no_722.jpg,notumor,2,Training,False,6679,9e16dfeb865c44a91f37fe814f3f06a0989311ca2a348bbb0d132dc3800f9d9d,False,,228,221,1.0316742081447965,JPEG,RGB,7aaf02bc2b2ba238d907b9435b97591efb84232b348d02e95c70f512ac00c1b9,1da75a9c6a56256a699925912c653336649b735eb199e6983636926e3939c639,False,,0.1492953598499298,0.16544070839881897,0.022417280822992325,0.3155311942100525,0.07104616612195969,0.9346354166666667,0.0,excluded,redundant_high_similarity_perceptual_duplicate,data/Training/notumor/Tr-no_186.jpg,excluded,dup_03088
data/Training/notumor/Tr-no_723.jpg,Tr-no_723.jpg,notumor,2,Training,False,8175,e1b254a21bc888bd0a4ecfc378a9416b7844b06baaa7f7a13d63bcaae871e5e9,False,,232,217,1.0691244239631337,JPEG,RGB,44992608461da112e71dfa48c921eb12396084f86865d514a71fa747768b2501,1e9ccb496961b4b6678732db961a670d8e598c38c965986336b232c730cbe79c,False,,0.20077741146087646,0.29869282245635986,1.225490359502146e-05,0.6108503937721252,2.0062037947354838e-05,1.0,0.0,excluded,redundant_high_similarity_perceptual_duplicate,data/Testing/notumor/Te-no_135.jpg,excluded,dup_03426
data/Training/notumor/Tr-no_724.jpg,Tr-no_724.jpg,notumor,2,Training,False,24761,1baef946656a32a680aea48c0b6536e74e5f9cc5bb69ceeb549b7247dea39184,False,,356,474,0.7510548523206751,JPEG,RGB,63cf39a6af0774cebf7fdc6e2a3b17fc6c2147691e0363d560ef6471fcbdfcb6,53107a243aefe6db3cd06970b50a968793fd5a559390c9588f02dc3ad22f6725,False,,0.2995234727859497,0.3133865296840668,0.01791870966553688,0.6573194265365601,0.027260277420282364,0.9166666666666666,0.0,excluded,redundant_high_similarity_perceptual_duplicate,data/Training/notumor/Tr-no_542.jpg,excluded,dup_03335
data/Training/notumor/Tr-no_725.jpg,Tr-no_725.jpg,notumor,2,Training,False,10979,840e12a9d0fc509d61fab11db74d1716234312bd96939b632e19b8f102ace3cf,False,,225,225,1.0,JPEG,RGB,781ebd69fb2ad336262013ce025af651be119a91600b16bff2c8cc3309c22ae8,07a96a5e7e173169787697a56878c69634e3661e31299e5c31a59b7809a69c71,False,,0.18985165655612946,0.224628284573555,0.027302904054522514,0.3869858682155609,0.07055271416902542,0.9591145833333333,0.011197916666666667,excluded,redundant_high_similarity_perceptual_duplicate,data/Testing/notumor/Te-no_134.jpg,excluded,dup_02896
data/Training/notumor/Tr-no_727.jpg,Tr-no_727.jpg,notumor,2,Training,False,10961,a3911d3779563b7e4a1750fd41041f2507924dd0fcd4a54d7feb2d9c7076cc01,False,,214,236,0.9067796610169492,JPEG,RGB,c3d2aaa5145f204d5a94cc9214ced7ca885750252ab5de088f156b77070a32a9,55dc37620a231edc6f7f72242c30c8cf65e3997c38783720b5a968c1633733a3,False,,0.2712959945201874,0.2220403105020523,0.08494894206523895,0.400354266166687,0.21218442916870117,0.3,0.00026041666666666666,excluded,redundant_high_similarity_perceptual_duplicate,data/Training/notumor/Tr-no_312.jpg,excluded,dup_03182
data/Training/notumor/Tr-no_728.jpg,Tr-no_728.jpg,notumor,2,Training,False,10754,1213a51af133b06ae1be9f2c724c17e4c64c0b2d0bcda72175dd29bab67e2750,False,,196,257,0.7626459143968871,JPEG,RGB,dcf658c1bd455647825d337bdc2906bdee024e150a2b8bd69217bd4930b12026,41d9c4f81f668b577a8f3d81697478723f0170f8199d35ad605e63c4327a261d,False,,0.28779011964797974,0.21560515463352203,0.08704248815774918,0.4157331883907318,0.20937103033065796,0.7471354166666667,0.0,excluded,redundant_high_similarity_perceptual_duplicate,data/Training/notumor/Tr-no_1043.jpg,excluded,dup_02739
data/Training/notumor/Tr-no_73.jpg,Tr-no_73.jpg,notumor,2,Training,False,13213,8df1125bc5a3901ae602be99db7d676e79744a93eb6ed69de91b86cdb087a7a1,False,,225,225,1.0,JPEG,RGB,520197fb5889f1da2259dea80a753c32d86b9dcdff6065b0eb3fbb0cb206e343,1699384d6a526136692cc18934e6e31236d9e69fcd94cd983673cf66e38b34c9,False,,0.2101658284664154,0.22595593333244324,0.049147263169288635,0.3795151710510254,0.1295001208782196,0.0020833333333333333,0.0036458333333333334,excluded,redundant_high_similarity_perceptual_duplicate,data/Training/notumor/Tr-no_1023.jpg,excluded,dup_02717
data/Training/notumor/Tr-no_730.jpg,Tr-no_730.jpg,notumor,2,Training,False,17433,e22d67d921a2663d6bf14de06248488fcc2feb8984ba1fd2a3951f02057b3206,False,,350,393,0.8905852417302799,JPEG,RGB,c93b1c475df9114ef6361f82faf018865976905d10ab8fdf4bbf17af6b8cf6b6,056a69065ab515bb6e46b6c5313e827c71ec43843391cd17c65b8c3f973ad9e0,False,,0.20060987770557404,0.21146684885025024,0.0350194051861763,0.2956973910331726,0.11842987686395645,0.85703125,0.0,excluded,redundant_high_similarity_perceptual_duplicate,data/Testing/notumor/Te-no_220.jpg,excluded,dup_02727
data/Training/notumor/Tr-no_731.jpg,Tr-no_731.jpg,notumor,2,Training,False,7230,4df6b22426938011a6f818b43f17b9de4e4507ceeb9d573cad98b95460299baa,False,,228,221,1.0316742081447965,JPEG,RGB,d9ac3cdfb64de807c8b43b5b4df4ae53397961f2126a6471292577be59ff2fd9,1da75a9c6a56256a699925912c653336649b335eb19d6698b636926e3939c639,False,,0.14933724701404572,0.16554495692253113,0.022416260093450546,0.3155685365200043,0.0710345208644867,0.93046875,0.0,excluded,redundant_high_similarity_perceptual_duplicate,data/Training/notumor/Tr-no_186.jpg,excluded,dup_03088
data/Training/notumor/Tr-no_733.jpg,Tr-no_733.jpg,notumor,2,Training,False,10057,7adf2a6f7adfa45e65caf2818e2afccca62b96c370a254de3c860a154cc756f4,False,,225,225,1.0,JPEG,RGB,ffff9048172c3a5c4c4c50f2eede94d9b44883472d54ad69a84c1d9b3ec8b8a5,17993e197866e1e66058861a656069696785c3a7989f99d8e76665963c9eb278,False,,0.3300549387931824,0.2700466811656952,0.10864072293043137,0.6025227904319763,0.1803097277879715,0.0018229166666666667,0.0,excluded,redundant_high_similarity_perceptual_duplicate,data/Training/notumor/Tr-no_132.jpg,excluded,dup_02989
data/Training/notumor/Tr-no_734.jpg,Tr-no_734.jpg,notumor,2,Training,False,12235,41efe60c9486d5c559d6ede0449c1da09b12bfbf8241ba4f28c60f82634cfe04,False,,227,222,1.0225225225225225,JPEG,RGB,c11a2a8c53e4ad4cb6fc00071769d5e5ee8930eb8310b534a8f1461ad0f2d5b8,057a6a9d5b81a54a7a17b5a8297896a579e09e6639e49e4639e09c762187cece,False,,0.139444038271904,0.14332039654254913,0.04276858642697334,0.18831093609333038,0.22711685299873352,0.85859375,0.0,excluded,redundant_high_similarity_perceptual_duplicate,data/Testing/notumor/Te-no_24.jpg,excluded,dup_02795
data/Training/notumor/Tr-no_736.jpg,Tr-no_736.jpg,notumor,2,Training,False,7095,8e32a8ba56648406acb94a24fe5022766d4c0023d1bb49fba79e65bc36f9b9a2,False,,236,213,1.107981220657277,JPEG,RGB,60fabf01228f1d4a54b352843cfaeb23cae4a675cee88a263c6c3fc9ce6076d2,4aab2d272d10b0f63c2bb3c034fdba13a6d0b349c0d0de4df4cbcf2cb4cbc432,False,,0.20054525136947632,0.19438455998897552,0.0854187160730362,0.4039722979068756,0.21144697070121765,0.5979166666666667,0.03333333333333333,excluded,redundant_high_similarity_perceptual_duplicate,data/Training/notumor/Tr-no_1239.jpg,excluded,dup_02919
data/Training/notumor/Tr-no_738.jpg,Tr-no_738.jpg,notumor,2,Training,False,18352,8c7a08207a2f8e5bf03ed590b3a482491a6abeb9b233a40604f3422065424112,False,,236,236,1.0,JPEG,RGB,47a5c9013cd67133b1b5704b2d6f3eedb4fd39d7cb858af17c00c01195f5abbf,15a98b426eb53811295ae45f6148396c2d6be5a169a530b77716c58766de769a,False,,0.3235505223274231,0.30020108819007874,0.04761029779911041,0.5383932590484619,0.08843033760786057,0.7427083333333333,0.0,excluded,redundant_high_similarity_perceptual_duplicate,data/Training/notumor/Tr-no_1394.jpg,excluded,dup_03049
data/Training/notumor/Tr-no_739.jpg,Tr-no_739.jpg,notumor,2,Training,False,10068,6961473365de7b6378f5572fe8556b980ca08140c23210c7d77533430fa904aa,False,,206,244,0.8442622950819673,JPEG,RGB,9b137e72ad7dc4bbc0b35d8674ae45249e16cd3884e1c33fb210604ff91bcd31,4002c85b0eff47f76fe02e443a0135873d5f71b938ba72b730b8e25d64f46660,False,,0.3746179938316345,0.1892433762550354,0.2311335951089859,0.4603266716003418,0.5021077394485474,0.0,0.0125,excluded,redundant_high_similarity_perceptual_duplicate,data/Testing/notumor/Te-no_188.jpg,excluded,dup_03342
data/Training/notumor/Tr-no_74.jpg,Tr-no_74.jpg,notumor,2,Training,False,14570,05dd7e959136e0832a7aa000825529956c7b6255fcef97b9b92c38266b77a453,False,,220,275,0.8,JPEG,L,f72e11b05a66bdaa321cce2cc5f34d8ccb34540ffd41aba2d7f2feb2b02caa3d,019987b31e67d8597a4e246e69587cec64a735a9699ad0a5737a860665e1d8d9,False,,0.2956485450267792,0.2523826062679291,0.06662479788064957,0.4626072347164154,0.1440202295780182,0.7028645833333333,0.00026041666666666666,excluded,redundant_high_similarity_perceptual_duplicate,data/Testing/notumor/Te-no_35.jpg,excluded,dup_03036
data/Training/notumor/Tr-no_740.jpg,Tr-no_740.jpg,notumor,2,Training,False,11316,ddb24391b40956c69ffc3f2c50ecb6eba7779774e9a9d84aea47e0c270feebb1,False,,227,222,1.0225225225225225,JPEG,RGB,81f4d2e8fe6cd1a78be3778bb22e3beb826c68c476bb56c504100a90619891d5,057a95625b815ab47a5f4b556978695e79e0619939e421b93de6638935873139,False,,0.24645231664180756,0.24166953563690186,0.07342524826526642,0.3379270136356354,0.21728138625621796,0.8216145833333334,0.0171875,excluded,redundant_high_similarity_perceptual_duplicate,data/Testing/notumor/Te-no_243.jpg,excluded,dup_02916
data/Training/notumor/Tr-no_741.jpg,Tr-no_741.jpg,notumor,2,Training,False,6668,1943c6d2df4c2bb228ca1fb0da17f07584d25055c7640b1fbbac8f35483fa7af,False,,192,192,1.0,JPEG,RGB,463f379b82b21154b2d943194dcbe74a2d2010848d62be082bfcb82e3ef478e8,42c8b2f33d3e494c30f4a63432d358fc63c892f3cb0f638b67349e5c98d66332,False,,0.2385452687740326,0.32713931798934937,4.493464439292438e-05,0.5763442516326904,7.796494173817337e-05,1.0,0.0,excluded,redundant_high_similarity_perceptual_duplicate,data/Training/notumor/Tr-no_1184.jpg,excluded,dup_02878
data/Training/notumor/Tr-no_742.jpg,Tr-no_742.jpg,notumor,2,Training,False,7991,84d46119ac6576ace21ef904553037e30b4c3c44b45b74e17ef04d908b51ee80,False,,150,198,0.7575757575757576,JPEG,RGB,6fe061e7a64d41b560955ae6aff7b5acf24cb49df3d016d2c1bf3204ff779e95,468847774c562a8a47ffef545fd0745c9e42616e1c0f3569187f34a1387624b5,False,,0.368496298789978,0.26866745948791504,0.272937148809433,0.4149184226989746,0.6578091979026794,0.39427083333333335,0.11692708333333333,excluded,redundant_high_similarity_perceptual_duplicate,data/Testing/notumor/Te-no_37.jpg,excluded,dup_03181
data/Training/notumor/Tr-no_747.jpg,Tr-no_747.jpg,notumor,2,Training,False,10600,4f3c00ef520660295576c472a0cafc9f1bb400d736b352b736966af08bf09235,False,,236,236,1.0,JPEG,RGB,d1a2e46af251531a83d74108ee40b463bd91757d672cef3821bda5bb5915db80,46ce3e6f2d21e1f034b4cb09b398cd3fc6c3ccb6664634c9630c73599a1a9b31,False,,0.13196590542793274,0.1382889300584793,0.01960477977991104,0.31287437677383423,0.06266022473573685,0.70078125,0.0,excluded,redundant_exact_decoded_rgb_duplicate,data/Training/notumor/Tr-no_3.jpg,excluded,dup_03171
data/Training/notumor/Tr-no_748.jpg,Tr-no_748.jpg,notumor,2,Training,False,6890,1282b728ea8af80b1d72048d4535d7dc555e03caad8f6a8bd5deb03f9f3084e6,False,,206,244,0.8442622950819673,JPEG,RGB,ccab8e533c789703128682339443c16565bfb09c3f718a47696660b72c2b7871,155762b05baaec553ab5846a6f549f2d680adb136def9a1c65ed88d231a18c4a,False,,0.21123407781124115,0.11215750873088837,0.13232742249965668,0.2565965950489044,0.5157021880149841,0.0,0.0,excluded,redundant_high_similarity_perceptual_duplicate,data/Testing/notumor/Te-no_281.jpg,excluded,dup_03010
data/Training/notumor/Tr-no_749.jpg,Tr-no_749.jpg,notumor,2,Training,False,33685,ca5a51914cad005d72af57fa6c9142fc9d650ca06ba23f3e839991c3fa4c8b36,False,,512,512,1.0,JPEG,RGB,a9f2546ed6e241f759d1f76291e38982c87dc6f5ec221ff488694a86ae80a8a2,4ee439263d1bc6d930b4cdb636d09a4fc3933ccc324dcf34674c90e29b346cc3,False,,0.19632327556610107,0.21158519387245178,0.040614787489175797,0.4612276256084442,0.08805800974369049,0.00026041666666666666,0.0,excluded,redundant_exact_decoded_rgb_duplicate,data/Training/notumor/Tr-no_1140.jpg,excluded,dup_02837
data/Training/notumor/Tr-no_751.jpg,Tr-no_751.jpg,notumor,2,Training,False,7869,2edca8bd01b8925e4d30afddedf7f1c95fcd76fc78debac448eaa8b43b415ee7,False,,225,225,1.0,JPEG,RGB,ab445dde8a12df0a438770913377de8943ab36d0a94ea1a24525e1132b21ff68,1cc7cccc6e3c333339f1bcd96392333266cf664cc66c99b292313331c926ccc3,False,,0.18848472833633423,0.22176292538642883,0.020408498123288155,0.42463332414627075,0.04806146025657654,0.8403645833333333,0.0,excluded,redundant_high_similarity_perceptual_duplicate,data/Testing/notumor/Te-no_145.jpg,excluded,dup_02804
data/Training/notumor/Tr-no_752.jpg,Tr-no_752.jpg,notumor,2,Training,False,25300,7552cb291b6c1823dba4d9e7c22e6fe6822f3b7a6d320aaed4afd28f820ce47e,False,,356,474,0.7510548523206751,JPEG,RGB,dfb90f8ab04f36d9aa157e2a51ea450c0bbf1d9a61ff863fc10fe5e00f1b39a2,0641d08e6eba4c616981c3dae05f3c2dc6a8d0fdc6c563f29a577690877a4d8f,False,,0.29981285333633423,0.31286361813545227,0.018767360597848892,0.6572467088699341,0.028554514050483704,0.9138020833333333,0.0,excluded,redundant_high_similarity_perceptual_duplicate,data/Training/notumor/Tr-no_286.jpg,excluded,dup_03162
data/Training/notumor/Tr-no_753.jpg,Tr-no_753.jpg,notumor,2,Training,False,10393,79b6fe05b46ee2a734c4da64cd109bc508bfd1b76f46e9c496dbb406f86139f9,False,,232,217,1.0691244239631337,JPEG,RGB,ff769856f47e4b271001ad82838a976c7a322167f4a7e4b0f31fc682742e99bf,1e9ccb496961b4b6678732db961e632dce598c38c86498e33732326739cbc598,False,,0.11788426339626312,0.18415533006191254,1.225490359502146e-05,0.3596966862678528,3.4070104447891936e-05,1.0,0.0,excluded,redundant_high_similarity_perceptual_duplicate,data/Testing/notumor/Te-no_205.jpg,excluded,dup_02783
data/Training/notumor/Tr-no_755.jpg,Tr-no_755.jpg,notumor,2,Training,False,41446,37d13e11e66c736b2174792a44b897777f212e935d5c74141ced8dc58d610672,False,,400,442,0.9049773755656109,JPEG,RGB,e0ace358d7710f2ae714641b0158f367d035e0139e034cba3371c6aab57e6e69,53f26fce2f0fb13530bc92c266e29c2dc2cdc3909f320f0e6071d8df32878da8,False,,0.19308316707611084,0.1648239940404892,0.041085582226514816,0.3816099762916565,0.10766380280256271,0.005729166666666666,0.0,excluded,redundant_high_similarity_perceptual_duplicate,data/Testing/notumor/Te-no_245.jpg,excluded,dup_03066
data/Training/notumor/Tr-no_758.jpg,Tr-no_758.jpg,notumor,2,Training,False,10943,6fe64da08f0a8e68b2b0a183e78fad71fcc8db1c933fa632553ab8a8bca3bb95,False,,196,257,0.7626459143968871,JPEG,RGB,f6f7dfd6ef7ba7145347ec2d34d50038f56451b658c9f332d20db8bb9dd13388,41d93b071f6674a83a8fc27e6974878d3f018f07199dca52605e9c3b307ad9e2,False,,0.2878200113773346,0.2155296355485916,0.08724060654640198,0.4155895709991455,0.20992010831832886,0.74375,0.0,excluded,redundant_high_similarity_perceptual_duplicate,data/Training/notumor/Tr-no_507.jpg,excluded,dup_03313
data/Training/notumor/Tr-no_759.jpg,Tr-no_759.jpg,notumor,2,Training,False,9293,b1b258f417fb1dd61e6c530031e231bd351464c402ac80ada15642ed3cdbdf71,False,,225,225,1.0,JPEG,RGB,5594331e496327245f58d2149f1dfef4395767c02baf1d957f58ecfe146423b2,47fc2f183947f0f23c2fcb6c70f198e170958f033632cd2f63ca361c330e6338,False,,0.37667718529701233,0.29913344979286194,0.12233660370111465,0.6778971552848816,0.18046484887599945,0.0,0.0,excluded,redundant_high_similarity_perceptual_duplicate,data/Testing/notumor/Te-no_207.jpg,excluded,dup_03443
data/Training/notumor/Tr-no_760.jpg,Tr-no_760.jpg,notumor,2,Training,False,6882,4e3bfe7a0603559945c5c2de55311ce6d4269ebb816339bca3f13bd57f565994,False,,236,236,1.0,JPEG,RGB,0f7087085d9fe6e21550be15b1d9663782ec3a76a649c11f2c1bfac45f99df28,13e47e666c13319931f8ce6664c93199e334d98e66c73a64b74e9999b218cc66,False,,0.13524481654167175,0.15667389333248138,0.0015716912457719445,0.29291707277297974,0.005365652497857809,0.98828125,0.0,excluded,redundant_exact_decoded_rgb_duplicate,data/Testing/notumor/Te-no_315.jpg,excluded,dup_03445
data/Training/notumor/Tr-no_761.jpg,Tr-no_761.jpg,notumor,2,Training,False,10940,f1b05dbaf79ef7ed9f35cbc79d1aaedbd07ae94c53f51df118b62061f3eed6e9,False,,225,225,1.0,JPEG,RGB,a4ae5aabb774fe03f26e76ff87e1c95ee1cf6532cdcc6f0af5e9cc0459a4f31c,46fb4b33394094ec313f4343e1bc499cc6c434e2c78763b29e1b2697ce6c62da,False,,0.24720101058483124,0.2858574092388153,0.07576186209917068,0.5272939801216125,0.14368049800395966,0.8190104166666666,0.0013020833333333333,excluded,redundant_high_similarity_perceptual_duplicate,data/Testing/notumor/Te-no_236.jpg,excluded,dup_03177
data/Training/notumor/Tr-no_762.jpg,Tr-no_762.jpg,notumor,2,Training,False,6118,a35018439ac8eef2e60924dbaca2bbbe2892b063672a793b486af027ce6907b1,False,,150,198,0.7575757575757576,JPEG,RGB,dc182f6cf6915260479c12381fa4bf050190820959dcb6c0b2c6b04150406c1f,468857774c562aaa47ffef554fc0745c9e42616e1c0f3569187f34a1387624a5,False,,0.21213260293006897,0.1671285778284073,0.16972120106220245,0.23093119263648987,0.7349427342414856,0.52109375,0.0,excluded,redundant_high_similarity_perceptual_duplicate,data/Testing/notumor/Te-no_302.jpg,excluded,dup_02760
data/Training/notumor/Tr-no_764.jpg,Tr-no_764.jpg,notumor,2,Training,False,127722,2e9979eb629886f51f2e4b143f7526fe57537077b3bcb1bfd7d4ecad00b30547,False,,1024,1024,1.0,JPEG,RGB,e31612a9c85f905ce12b6eed9b8956ec49ab4ad23453b2326c01d6b23f4e9eb7,46e44e466d1b95a96c3cd27334e46ccc319049bb72cc343e36c765c974c333b3,False,,0.2657475471496582,0.2676425874233246,0.027495918795466423,0.5404881238937378,0.050872381776571274,0.9348958333333334,0.0033854166666666668,excluded,redundant_exact_decoded_rgb_duplicate,data/Training/notumor/Tr-no_577.jpg,excluded,dup_03352
data/Training/notumor/Tr-no_765.jpg,Tr-no_765.jpg,notumor,2,Training,False,7322,44c821a4b213d1b3d353f91393fdeb7fa076335610371436c3e3c450c0ba979e,False,,225,225,1.0,JPEG,RGB,f61dd1360d5fdcb1e4f524765dc1665b42c714dc04335aa1defd8ca5e528534d,16a985a26e565a5c687a385665a4306965c125e173c7678736dfb696665ae392,False,,0.22047144174575806,0.19297870993614197,0.06900020688772202,0.37741076946258545,0.1828252226114273,0.0,0.0,excluded,redundant_high_similarity_perceptual_duplicate,data/Training/notumor/Tr-no_587.jpg,excluded,dup_03357
data/Training/notumor/Tr-no_767.jpg,Tr-no_767.jpg,notumor,2,Training,False,52569,2ad6ffff97ce8cbfd5d4785955ea16a6ccf7090eb67a8015e47cd8902571b827,False,,416,512,0.8125,JPEG,RGB,531aa89c935d2f26a58e34bc9555d8930d3345b9bd33c0ce077c1e435ccc405a,01d57a887e6a28677998a1da3a6625da66999ba1c99e67631e661c9f61589267,False,,0.22691529989242554,0.19598951935768127,0.06462214142084122,0.37865063548088074,0.17066429555416107,0.14973958333333334,0.0,excluded,redundant_exact_decoded_rgb_duplicate,data/Training/notumor/Tr-no_1085.jpg,excluded,dup_02781
data/Training/notumor/Tr-no_771.jpg,Tr-no_771.jpg,notumor,2,Training,False,22304,69c42f6c43bd792901c446df8bb12bcd3c49b4f40dfcba623c7e8ffcdb52aa24,False,,428,417,1.026378896882494,JPEG,RGB,eedd13344a83be48327ad4e0c3625c5f8e98eae1e498d648d357d33e3bc07d37,057a95625f815ab57a174a57297a695a79e0619939e461b93de6638935873139,False,,0.1391393393278122,0.14311662316322327,0.042474471032619476,0.18817594647407532,0.22571679949760437,0.8606770833333334,0.0,excluded,redundant_high_similarity_perceptual_duplicate,data/Testing/notumor/Te-no_175.jpg,excluded,dup_03084
data/Training/notumor/Tr-no_772.jpg,Tr-no_772.jpg,notumor,2,Training,False,29026,ba7002495f10faabd61751b0acda4545a4c7e95f2f2a09b002f4ee3a572a5031,False,,428,417,1.026378896882494,JPEG,RGB,cc05ff5e653a8c154961c7f1d07dcb82a46366071010d899a8242da73db29cc2,502fc0370fd40fe12f4a1f007c2d3c0f2cb534cc6cb174ed6cb776dc64d2646c,False,,0.24473853409290314,0.24278075993061066,0.07212827354669571,0.33708542585372925,0.21397624909877777,0.8356770833333333,0.01796875,excluded,redundant_high_similarity_perceptual_duplicate,data/Testing/notumor/Te-no_198.jpg,excluded,dup_03129
data/Training/notumor/Tr-no_773.jpg,Tr-no_773.jpg,notumor,2,Training,False,5628,c4a3cf42c2c5a22ae6017faebad04c285331b375c6916a7f59564231b9ef19b2,False,,173,201,0.8606965174129353,JPEG,RGB,6a6d01edc10d4714cbd5cde5d57663889c323a1cb43db3083fc957b4d68d9062,433343303eeab0d37a14877c70ca1bce8f3fd0e3790c1f3848fb7984353460f3,False,,0.18384674191474915,0.15659742057323456,0.022832926362752914,0.347696453332901,0.06566913425922394,0.8703125,0.0,excluded,redundant_high_similarity_perceptual_duplicate,data/Testing/notumor/Te-no_118.jpg,excluded,dup_02971
data/Training/notumor/Tr-no_774.jpg,Tr-no_774.jpg,notumor,2,Training,False,6770,e5c87d653a311de04785f51edbebb5cd06276ca38494f6a056e930f83015c46f,False,,225,225,1.0,JPEG,RGB,f493ffd4ebcbdfd6364c8ce465e7b02238543d6327c9d86584aa5ec5e1bbdd6a,16e53cce691ae3b865e396e7b319ce1e8626186966d99923984f65a436343996,False,,0.14210014045238495,0.22817504405975342,0.0,0.36715972423553467,0.0,1.0,0.0,excluded,redundant_high_similarity_perceptual_duplicate,data/Training/notumor/Tr-no_1100.jpg,excluded,dup_02797
data/Training/notumor/Tr-no_775.jpg,Tr-no_775.jpg,notumor,2,Training,False,9774,490f753826a6343e78d82eb39d7f08ae43ed1a87fa10212d5592678b1dd76943,False,,207,243,0.8518518518518519,JPEG,RGB,7722c353cc9d6a1b60633d7d7f7a163b5ff4a2ef92ddddf4ff002f0b1696b7c3,53080b5b0effdd2c3f5633112c0a30ce3c3dcf3330f7644830fac9c732d8cf07,False,,0.2953338027000427,0.26424071192741394,0.0398692823946476,0.48872071504592896,0.08157886564731598,0.9020833333333333,0.0,excluded,redundant_high_similarity_perceptual_duplicate,data/Testing/notumor/Te-no_289.jpg,excluded,dup_03452
data/Training/notumor/Tr-no_778.jpg,Tr-no_778.jpg,notumor,2,Training,False,14360,2bcf7f2051a470cc90e74522c8141783f4e6e3b36b033e622bb446070804fbce,False,,227,262,0.8664122137404581,JPEG,RGB,9c69ac7235a2e51e34653d7447024a0ed66b3072760639647727fdc4a564dd17,41103b332eeff0dc3d54653234028ccf632dd3b536517254607bcec236fd9363,False,,0.24663540720939636,0.16986414790153503,0.057231418788433075,0.3979951739311218,0.14379927515983582,0.0,0.0,excluded,redundant_high_similarity_perceptual_duplicate,data/Training/notumor/Tr-no_1112.jpg,excluded,dup_02809
data/Training/notumor/Tr-no_779.jpg,Tr-no_779.jpg,notumor,2,Training,False,17096,3e66ecd9f2d07394ea13b8f2ce9212677a14aea1066e13a1445b00cbc59b998e,False,,224,286,0.7832167832167832,JPEG,RGB,a7f093c4d5f9be5d71b01cfb04c793ed48de23ee14e4171298a04169f7929994,504c4e9a1b3bba257ebfe49c3b606172658370ed4c9c0d81737ec2332cc933cd,False,,0.21379706263542175,0.17718958854675293,0.06930862367153168,0.3256635069847107,0.2128228098154068,0.7567708333333333,0.0,excluded,redundant_exact_decoded_rgb_duplicate,data/Training/notumor/Tr-no_349.jpg,excluded,dup_03204
data/Training/notumor/Tr-no_780.jpg,Tr-no_780.jpg,notumor,2,Training,False,7476,93f59c5b88dca15896cc04f9ee23a7ed580d2f46b1162e62f28e2026324fe002,False,,173,201,0.8606965174129353,JPEG,RGB,e37f27e2ba993d7092fd3459f86314bd6ad21a9532b34509f00ae3aa9e1aea52,1466e99a6bbf12792f412dd2259fb164da6a7a492c58b5921daed32e6061ca59,False,,0.32902711629867554,0.2817935049533844,0.039541468024253845,0.6242733597755432,0.06333998590707779,0.85,0.0,excluded,redundant_high_similarity_perceptual_duplicate,data/Testing/notumor/Te-no_296.jpg,excluded,dup_02772
data/Training/notumor/Tr-no_781.jpg,Tr-no_781.jpg,notumor,2,Training,False,14368,17bd1588f84aafbccb846c974ae1f24cef5ce6f0fc0f32a4417af50bfe9f52cd,False,,201,251,0.8007968127490039,JPEG,RGB,a5272b5493f9f7e33ff3eb7a33d04e4eb0dd185cda3c89a5a5dabcf0da36d2a9,119997b31e67d8597a4e246679585cec64273599e99af0a5737a86066561d899,False,,0.17236879467964172,0.16031157970428467,0.03786560520529747,0.27539828419685364,0.13749398291110992,0.8609375,0.0,excluded,redundant_high_similarity_perceptual_duplicate,data/Testing/notumor/Te-no_322.jpg,excluded,dup_02779
data/Training/notumor/Tr-no_787.jpg,Tr-no_787.jpg,notumor,2,Training,False,16121,dae58f5faefd3a8b904e12f207a380d75a02f5ad558b2c5076cf84a2d5f2dff2,False,,442,442,1.0,JPEG,L,41d769c35f3f95715cc51a9d36c02c01c0123c9e8453d77be06a5eeca4050939,42ee5b5a6b50b5a52d0b8c1e343d62d630f48fca33c29c3f278f3191c30f59d2,False,,0.11982734501361847,0.1408500075340271,0.0036907680332660675,0.23212222754955292,0.015900105237960815,0.9994791666666667,0.0,excluded,redundant_high_similarity_perceptual_duplicate,data/Training/notumor/Tr-no_206.jpg,excluded,dup_03104
data/Training/notumor/Tr-no_788.jpg,Tr-no_788.jpg,notumor,2,Training,False,21197,e16a2a24b2764e4719eb40895cd29937f5d5efca5a2fe9f7c9bac3810ef21348,False,,400,442,0.9049773755656109,JPEG,RGB,4071f350ba2d4f7208f02e77c951faf8fb519700b475fdb2a68f722d202fba16,06a7c5647a5a1b9f65e9386833b736879798693aca67a5a43524727567d22702,False,,0.1930752843618393,0.16488181054592133,0.040950775146484375,0.38156595826148987,0.10732292383909225,0.015625,0.0,excluded,redundant_high_similarity_perceptual_duplicate,data/Testing/notumor/Te-no_165.jpg,excluded,dup_03384
data/Training/notumor/Tr-no_789.jpg,Tr-no_789.jpg,notumor,2,Training,False,8440,bb3d2ea7dcb807285e538840186e14f75f7d007bd1d59caf71791e8cb43d2d84,False,,225,225,1.0,JPEG,RGB,d7f4c86a9c29e154f2abb62ec636fb8d229b56c8bb9e0f22556d550b4cb96f4d,42cc6b4c2d339cb3350dc34f7137383c32d09632c9cecccdb23338c669c9e735,False,,0.18955940008163452,0.16417677700519562,0.061970993876457214,0.35015320777893066,0.17698250710964203,0.00546875,0.0,excluded,redundant_high_similarity_perceptual_duplicate,data/Training/notumor/Tr-no_1018.jpg,excluded,dup_02711
data/Training/notumor/Tr-no_790.jpg,Tr-no_790.jpg,notumor,2,Training,False,33173,2cfbc2d779fce343dfa5ec84d4715427a2a9c538ac2c532c99ee607e9cfe8619,False,,550,664,0.8283132530120482,JPEG,RGB,8f570aaf3a4850d5e97c15f4fdbf8f598df1e83a7f4353bf29a91e3063c731c1,075c8d627aa15a1f681723c5697a275ae1e16a6b67874cad36978ca4261ea796,False,,0.19970417022705078,0.18524886667728424,0.04435865953564644,0.34964194893836975,0.1268688142299652,0.16640625,0.0,excluded,redundant_high_similarity_perceptual_duplicate,data/Training/notumor/Tr-no_282.jpg,excluded,dup_03159
data/Training/notumor/Tr-no_791.jpg,Tr-no_791.jpg,notumor,2,Training,False,12128,b40c80842358663ba771d188038e44454bf6fcb5654ba953a6a2b946f9c65c3f,False,,227,262,0.8664122137404581,JPEG,RGB,24f99443c4e4e2c65b93ae368ca27d5aed44998735dfaf3115bf5a10f7d1467c,41107b3b2eeff0dc3d5465323c0284cf612d93b536517254607bcec236fd926b,False,,0.4404955208301544,0.30242398381233215,0.10055964440107346,0.7122243046760559,0.14119097590446472,0.0,0.0018229166666666667,excluded,redundant_high_similarity_perceptual_duplicate,data/Testing/notumor/Te-no_120.jpg,excluded,dup_03462
data/Training/notumor/Tr-no_793.jpg,Tr-no_793.jpg,notumor,2,Training,False,10668,8c62230cc10cac39b064259eb489eb8ef4b9789ce95b13f13aa0e7ee959a3fdf,False,,194,259,0.749034749034749,JPEG,RGB,43aac67a8e41a29e31ecde1330a1512cb7cb24aa4413ffac1ac9a0f0989fc9c3,57ffcc662ee8a79168051919287ab13eb9ac38e071e11969a78739e3f292e494,False,,0.33688414096832275,0.295976459980011,0.10407475382089615,0.5674794912338257,0.1833982616662979,0.78515625,0.021354166666666667,excluded,redundant_high_similarity_perceptual_duplicate,data/Testing/notumor/Te-no_219.jpg,excluded,dup_03057
data/Training/notumor/Tr-no_794.jpg,Tr-no_794.jpg,notumor,2,Training,False,30086,78c0ff19b71d9c8bef0458fe599f6dd7e7f452b257988b19a36852e160c5ecf5,False,,630,630,1.0,JPEG,RGB,d0b5793f4f2cdc160f9172f4cdf50f0e3c33db74312507b6fb50c6089f0325d4,458490e03e536f17393c387861a4e6a466db61c3b3cf324c362c668fcc79677a,False,,0.12598662078380585,0.1268783062696457,0.013070875778794289,0.21616977453231812,0.06046578660607338,0.715625,0.0,excluded,redundant_high_similarity_perceptual_duplicate,data/Testing/notumor/Te-no_72.jpg,excluded,dup_03464
data/Training/notumor/Tr-no_795.jpg,Tr-no_795.jpg,notumor,2,Training,False,9595,7a3b3888385d027b2be2fe13b89c7998edab72283cef267944fff8ca7f7a09b5,False,,218,231,0.9437229437229437,JPEG,RGB,589931a6abc169ab9732b62df219e6cbdbefffd341b254be0a40a7ca896b9ff9,06673e667aaa70196a55c19f299ae7a8656027a52c87f676249e961ad85a9f1a,False,,0.38505521416664124,0.3504124879837036,0.051261235028505325,0.6875182390213013,0.07455981522798538,0.9057291666666667,0.013802083333333333,excluded,redundant_high_similarity_perceptual_duplicate,data/Training/notumor/Tr-no_1227.jpg,excluded,dup_02913
data/Training/notumor/Tr-no_797.jpg,Tr-no_797.jpg,notumor,2,Training,False,41831,473ca73a3383ab0c3be65edf0afd0d24739cf53086fea2236221a84161ce13b3,False,,630,630,1.0,JPEG,RGB,3e17e2fe8d12d110a867fb84916658b70aaae4f076c06542021a517fe469d116,4584d0e03a536f17393c387861a4e6a466db69c3b38e1a6c172c648fcc796f7a,False,,0.2233898788690567,0.22210080921649933,0.022677697241306305,0.3869839608669281,0.05860112980008125,0.6145833333333334,0.0,excluded,redundant_high_similarity_perceptual_duplicate,data/Testing/notumor/Te-no_180.jpg,excluded,dup_02746
data/Training/notumor/Tr-no_798.jpg,Tr-no_798.jpg,notumor,2,Training,False,22083,da242ce7b5523961d341ba274f4e87382e856a8223aa0e4793000ae2c8b4ed40,False,,442,442,1.0,JPEG,RGB,c3d0a3dd855bafc2ac0c81a7d014b972fa662d0f0135b80804df83856482c763,13e33e1d6944e1b3643ac35034b98fc7e3948e0e72523c3cb34b64f8c62d8cf3,False,,0.3684041500091553,0.3043471574783325,0.11235702782869339,0.6896504163742065,0.162918820977211,0.0,0.0,excluded,redundant_high_similarity_perceptual_duplicate,data/Training/notumor/Tr-no_770.jpg,excluded,dup_03451
data/Training/notumor/Tr-no_799.jpg,Tr-no_799.jpg,notumor,2,Training,False,35860,1d9c9f0e06ea80897c95d816c7ea55f6e217781de993759da522afe11f60ad68,False,,630,630,1.0,JPEG,RGB,316c0d89fc2cfccac1a09e0c3210692e9260bda14ee099bcf369b3bd9fa7f0f2,1699c7b26a529ec9692c3e3634e61ced36d99960c984326736733099e38bcb36,False,,0.21019861102104187,0.22598311305046082,0.04862133041024208,0.37965303659439087,0.12806780636310577,0.0,0.0033854166666666668,excluded,redundant_high_similarity_perceptual_duplicate,data/Testing/notumor/Te-no_242.jpg,excluded,dup_03026
data/Training/notumor/Tr-no_8.jpg,Tr-no_8.jpg,notumor,2,Training,False,165993,e3ea07d69e4b3242a2bc56046a2c9547c6e15d8169d3bdad7d4f8f9baf2a2442,False,,850,872,0.9747706422018348,JPEG,RGB,dc3194267626055263b24104ba463b68902205a2fa8be1e86c46ea206818f72e,10ef4ace7b1115396d264eb6b4b92c5be4c468cce38932ec965a199ce72f4193,False,,0.23116694390773773,0.22295449674129486,0.1453564316034317,0.3302801549434662,0.44010040163993835,0.03463541666666667,0.1,excluded,redundant_exact_decoded_rgb_duplicate,data/Training/notumor/Tr-no_315.jpg,excluded,dup_03185
data/Training/notumor/Tr-no_80.jpg,Tr-no_80.jpg,notumor,2,Training,False,32048,d144a1a4272ccd429089664ca8e772afc3864714b2105f2cddfbdc88e5e8d59e,False,,504,540,0.9333333333333333,JPEG,RGB,c01a8a6495dba7e81aac1ff58f7774993bd7b9ecef470728cb903314dd28079e,169193a1785b6e1e61e834e925a7cce0639ee666b70be6ce96699c18d3319331,False,,0.25395792722702026,0.25625109672546387,0.03422079607844353,0.5194087028503418,0.06588414311408997,0.5734375,0.0,excluded,redundant_high_similarity_perceptual_duplicate,data/Testing/notumor/Te-no_48.jpg,excluded,dup_02907
data/Training/notumor/Tr-no_800.jpg,Tr-no_800.jpg,notumor,2,Training,False,6019,084e3535059ecd9c8ab9f30734eaa0a703a9eb9d18a2d6ea1ff7d0fbcaa75674,False,,192,192,1.0,JPEG,RGB,8af3a9faf92058e3058ce001409e18e28f13f835c9f15e24d819374434a2bf6a,42c092f33d3f494d30f4263432c348d873c9b2739b4e639367369edc99b66326,False,,0.18193551898002625,0.23029270768165588,0.004348448012024164,0.4178873896598816,0.010405789129436016,0.97734375,0.0,excluded,redundant_high_similarity_perceptual_duplicate,data/Training/notumor/Tr-no_1139.jpg,excluded,dup_02835
data/Training/notumor/Tr-no_804.jpg,Tr-no_804.jpg,notumor,2,Training,False,9459,0c7c551a0a247e33aa03901bcfa5a3cc63d72dab805d03ac6c7d7854decd640c,False,,225,225,1.0,JPEG,RGB,ccc4a7a62762621fbaf5de4b1c19bc3bd9c5e87ef8f113d1181cf4096f0dc11a,47994f0e3d27b8f17078934b61e6692465c9c497b695cb7ab6123864c9da8cc6,False,,0.2541487216949463,0.3256262242794037,0.0,0.5394809246063232,0.0,1.0,0.0,excluded,redundant_high_similarity_perceptual_duplicate,data/Testing/notumor/Te-no_231.jpg,excluded,dup_03469
data/Training/notumor/Tr-no_808.jpg,Tr-no_808.jpg,notumor,2,Training,False,10349,bce62a8ea2cf130bcf91de7c03c2c6e9c8e93d4f0b0fd07915dcc493a5af0b52,False,,200,252,0.7936507936507936,JPEG,RGB,1846943a94ddc8d1f67813351267c69296c0c6c558fae8df1f96c38f7079aad4,055ebdcf4aa152242f7e3cde7888fb639e7426fd27107980b1878343ca1f720a,False,,0.278032124042511,0.19006609916687012,0.14200980961322784,0.30846258997917175,0.46037936210632324,0.0625,0.0013020833333333333,excluded,redundant_high_similarity_perceptual_duplicate,data/Testing/notumor/Te-no_43.jpg,excluded,dup_03473
data/Training/notumor/Tr-no_809.jpg,Tr-no_809.jpg,notumor,2,Training,False,11268,7eea0661786fe6467878af7385145e28c36462c18a4bf4388c99aebe85248792,False,,215,234,0.9188034188034188,JPEG,RGB,60fbbf64af9659772741407e2f55d90f155c6b3b7203edd61b6878fc5159b811,523fe42f2fd20bf03d089c8034bdb23f70f0c97c33d2c370634bd9e4c30dc9c3,False,,0.36978185176849365,0.31349244713783264,0.0737561285495758,0.6623573303222656,0.11135398596525192,0.20729166666666668,0.0,excluded,redundant_high_similarity_perceptual_duplicate,data/Training/notumor/Tr-no_553.jpg,excluded,dup_03341
data/Training/notumor/Tr-no_81.jpg,Tr-no_81.jpg,notumor,2,Training,False,11391,f932387c00c74ebaede60e0b5e0d79dbff6b944e066d510f4c95834f05050e3e,False,,225,225,1.0,JPEG,RGB,72336324a7a6fcb6ba9fee9dae0d2d908dc7929d591c3a70387fd7b7d7a44044,1cc7cccc6e3e333339f1bcd96392333266cf664cc66c993292313331c926ccc3,False,,0.18852373957633972,0.22179731726646423,0.020239992067217827,0.4249521493911743,0.047628872096538544,0.85,0.0,excluded,redundant_high_similarity_perceptual_duplicate,data/Testing/notumor/Te-no_145.jpg,excluded,dup_02804
data/Training/notumor/Tr-no_810.jpg,Tr-no_810.jpg,notumor,2,Training,False,29015,84b2155377f2b5ec87d3988642b885d5b6249e7907486184ac311e15a8a599a9,False,,442,442,1.0,JPEG,RGB,5361c8fc734c2b04b79eff61cc49913fda3a6568008d8575d4e097a77a123398,17bb0e0f3e01e0f0785eb94b61683f8365a1da9f6697c96a32da64e4965a0c87,False,,0.11974236369132996,0.1409275084733963,0.0036785132251679897,0.23210498690605164,0.015848487615585327,0.9994791666666667,0.0,excluded,redundant_high_similarity_perceptual_duplicate,data/Training/notumor/Tr-no_1063.jpg,excluded,dup_02759
data/Training/notumor/Tr-no_811.jpg,Tr-no_811.jpg,notumor,2,Training,False,34543,5865295199900345459fc27f5627714da942a67d44d5005f43fb7d31d1f6889c,False,,428,417,1.026378896882494,JPEG,RGB,9937e3653fd5c71c21e93d9cc63b0fbed90e988980852da193d9daabf91bf3b6,422f3fca0ed4f03e2f0821ef3c2dc3f03cb5ce332cb3cb3368b1892360d299d3,False,,0.2752281129360199,0.29965707659721375,0.07568933814764023,0.374515563249588,0.20209930837154388,0.8684895833333334,0.030989583333333334,excluded,redundant_high_similarity_perceptual_duplicate,data/Testing/notumor/Te-no_114.jpg,excluded,dup_02799
data/Training/notumor/Tr-no_817.jpg,Tr-no_817.jpg,notumor,2,Training,False,32715,23a839738271bed355a592894783aaec5b225a7ea883e26b116b63a6edb819a1,False,,411,501,0.8203592814371258,JPEG,RGB,76a80796ebdbe7b0183c734fcc014a326794edd07780cf05436a745a428a925c,54445aaf0abfab552fd605ca2f283fad3d1136b43c0e6cc6749f3231303b64c6,False,,0.289406955242157,0.1920824646949768,0.073558010160923,0.40766027569770813,0.18043948709964752,0.7442708333333333,0.0,excluded,redundant_exact_decoded_rgb_duplicate,data/Training/notumor/Tr-no_649.jpg,excluded,dup_03389
data/Training/notumor/Tr-no_819.jpg,Tr-no_819.jpg,notumor,2,Training,False,14989,9a1a7d12c935c0029511710dba377c2d37ecf4924ec19c1644b6116b48c33610,False,,236,220,1.0727272727272728,JPEG,RGB,a861440d600199a5a44300a5650f904105c0506ee8d2b5595b7bfd3120a56245,151eda915ee93b6f4a51ccb4395ad857397a48c87968b1a119e939e56185658d,False,,0.2383217066526413,0.21727310121059418,0.09622550010681152,0.3355756103992462,0.28674760460853577,0.0109375,0.0036458333333333334,excluded,redundant_exact_decoded_rgb_duplicate,data/Training/notumor/Tr-no_1016.jpg,excluded,dup_02709
data/Training/notumor/Tr-no_82.jpg,Tr-no_82.jpg,notumor,2,Training,False,5188,a638ba6f81ce54a12698eeb5abda3ad60665ecb817d3d94ebeb5ffc73aff5a38,False,,225,225,1.0,JPEG,RGB,e28edbd365f34908eedba2e8f8fe01fbf2a5bdc84a3e39db74d965088800678b,46994f0e3f23f0f1787a93cb61e6292665c1dc9ea697cb78361a3864c95a8c86,False,,0.11668414622545242,0.13865801692008972,0.003552900394424796,0.23259231448173523,0.015275226905941963,1.0,0.0,excluded,redundant_high_similarity_perceptual_duplicate,data/Training/notumor/Tr-no_1062.jpg,excluded,dup_02758
data/Training/notumor/Tr-no_820.jpg,Tr-no_820.jpg,notumor,2,Training,False,8040,69707646dfb0dbebd705608020ebbe6aa8af87e6911c2b1ea8ccd6a523c8bf48,False,,225,225,1.0,JPEG,RGB,1f95e4291dbd0767cd7adb5bdb774b4edf7e2b8fc4a7a51931147ae65a6ea0de,4ebb39cc3c66c633318dc6cee33039c7c64c4938986396d2f3326d27eccc16c8,False,,0.13803112506866455,0.1938989758491516,0.03466707840561867,0.36441099643707275,0.09513181447982788,0.85546875,0.0,excluded,redundant_high_similarity_perceptual_duplicate,data/Training/notumor/Tr-no_1286.jpg,excluded,dup_02959
data/Training/notumor/Tr-no_821.jpg,Tr-no_821.jpg,notumor,2,Training,False,200227,5e984e1fb53f99176d490aa0122a7ebe4f5421c3f1dfe2d0e865efe621b67884,False,,680,680,1.0,JPEG,RGB,bfc1588dcb09f2a7327f0fe705de653a7f5993ba200362cca4aff47711c95fde,16e86a193997e1e27a7ec5a169698787d9a5c61685a5265a998796796196da61,False,,0.19870391488075256,0.17178019881248474,0.06724265217781067,0.3698510527610779,0.18181008100509644,0.03333333333333333,0.0,excluded,redundant_high_similarity_perceptual_duplicate,data/Testing/notumor/Te-no_86.jpg,excluded,dup_02975
data/Training/notumor/Tr-no_823.jpg,Tr-no_823.jpg,notumor,2,Training,False,8838,80e8ad1c7729005d2b8472f9419d38c0bf6ed9906376bd44b0ac5a06cfe032cb,False,,225,225,1.0,JPEG,RGB,998e37318e0a97385c77a42c9d4309a345f12f9eeb4ca700e27ccbb1cdad25ec,46ff4b333bc094ec313f16c3e1bc4998a6c435e0c78761b49e1b2697cc6922da,False,,0.14524763822555542,0.18077701330184937,0.04502757266163826,0.29396161437034607,0.1531750112771988,0.8364583333333333,0.0,excluded,redundant_high_similarity_perceptual_duplicate,data/Testing/notumor/Te-no_104.jpg,excluded,dup_03042
data/Training/notumor/Tr-no_824.jpg,Tr-no_824.jpg,notumor,2,Training,False,8681,c75e3a81c47a1fe7741c595eccc96456a9e40abe992e9ba537ba52de622bbdc7,False,,230,282,0.8156028368794326,JPEG,RGB,0e9c9b1f5e9a24d624d23c7b472099f43030b352098dc147e1261dddf4db96e3,017a90ce3bb14fb16c5e6e15307a396a63cc61a9c7c360a5930f34939b2fc39e,False,,0.21471115946769714,0.18983173370361328,0.03234885632991791,0.37365007400512695,0.08657526969909668,0.14583333333333334,0.0,excluded,redundant_high_similarity_perceptual_duplicate,data/Training/notumor/Tr-no_372.jpg,excluded,dup_03225
data/Training/notumor/Tr-no_825.jpg,Tr-no_825.jpg,notumor,2,Training,False,28639,1180fefcd5ba2a8f43c541c3158c3d6b3edb8309eab8dc9c61f109d10d5b5050,False,,468,444,1.054054054054054,JPEG,RGB,072c47dbbcec0f4d486884695a704e113eff6ec78f543f86f0c5c9bbff9f0d6f,42bd2d522bd034af3f0f60f43f0e70d28c2c72c3cd3c32c3cc3c33cbccb0334f,False,,0.14253146946430206,0.16254378855228424,0.049809034913778305,0.2373659759759903,0.20984067022800446,0.86875,0.0,excluded,redundant_high_similarity_perceptual_duplicate,data/Testing/notumor/Te-no_31.jpg,excluded,dup_02771
data/Training/notumor/Tr-no_827.jpg,Tr-no_827.jpg,notumor,2,Training,False,6224,998c2a4700692782dcac1615edfacd957299b9d32a58a5b38a3640913e0e2005,False,,150,198,0.7575757575757576,JPEG,RGB,30e3a9f074876ffbf156b7eb104a35996cd876c7018889411d4b49dba4c59bed,13ddfddd1903800012aa45ff0a95def6cb17cbc4491a9fc34d2a9e0b6d238e0f,False,,0.21204404532909393,0.1672041416168213,0.1696956753730774,0.2310202270746231,0.7345489859580994,0.5200520833333333,0.0,excluded,redundant_high_similarity_perceptual_duplicate,data/Training/notumor/Tr-no_1372.jpg,excluded,dup_03033
data/Training/notumor/Tr-no_828.jpg,Tr-no_828.jpg,notumor,2,Training,False,28358,53121673ed6187260bc522e3b7e5f801f255ab0cfdfbc861849cd8f3f752fce8,False,,359,449,0.799554565701559,JPEG,RGB,23f9310c907511fa8c2cad0d868d0e8b00fd1cf14d61929c7d3c0dd72870d16c,0199686c1e6527a66a4edb116968871b65a74a66e19b2f4a327a79f96569a726,False,,0.28628599643707275,0.30990180373191833,0.044751834124326706,0.4675446152687073,0.09571671485900879,0.9044270833333333,0.008333333333333333,excluded,redundant_high_similarity_perceptual_duplicate,data/Training/notumor/Tr-no_126.jpg,excluded,dup_02936
data/Training/notumor/Tr-no_829.jpg,Tr-no_829.jpg,notumor,2,Training,False,7965,c4eb8c4679e9db838599df9ff85253dc6b326e160b356c619f74875688244620,False,,225,225,1.0,JPEG,RGB,ca7212848cd8fe6a5dd5b23e70de542753509e70adf31afa4c0813692ba478b1,17bbe1f13e010f0f687e64b46168c87c65a1bd602697369532da9b1b965a7338,False,,0.2112008035182953,0.23901841044425964,0.005983456503599882,0.41639572381973267,0.014369639568030834,0.9700520833333334,0.0,excluded,redundant_high_similarity_perceptual_duplicate,data/Training/notumor/Tr-no_1321.jpg,excluded,dup_02990
data/Training/notumor/Tr-no_83.jpg,Tr-no_83.jpg,notumor,2,Training,False,21155,1b4a6568da8580f8bb597211cb2edc505efae4cfc9cabcd78eeea2a081fe6724,False,,400,442,0.9049773755656109,JPEG,RGB,23a7d0a756f9a9d960726a20d8e656136162432000745f9576524556677ba0da,53f290312f0f4eca30bc6d3d66e263d2c2cd3c6f9f32f0f16071272032877257,False,,0.1930736005306244,0.16488294303417206,0.040944647043943405,0.38156500458717346,0.10730713605880737,0.015104166666666667,0.0,excluded,redundant_high_similarity_perceptual_duplicate,data/Testing/notumor/Te-no_307.jpg,excluded,dup_03068
data/Training/notumor/Tr-no_830.jpg,Tr-no_830.jpg,notumor,2,Training,False,8388,0cc3de7aa5dd5d7b3456f85f323f0049d6fbbc32a08d3bbc9c087145bc1d290b,False,,235,214,1.0981308411214954,JPEG,RGB,045abcf1a3a0617c72576265c9208ecb818f16a22a96f9d358cb6bd1347d7ce9,0517a1677a6a1e9a79819aa17e9f5a177a57585eca7a4978c968216839e3216b,False,,0.2810927629470825,0.25073274970054626,0.05079759284853935,0.510044276714325,0.09959447383880615,0.8677083333333333,0.0,excluded,redundant_high_similarity_perceptual_duplicate,data/Testing/notumor/Te-no_51.jpg,excluded,dup_03482
data/Training/notumor/Tr-no_831.jpg,Tr-no_831.jpg,notumor,2,Training,False,136631,2779f5d9e97ff8a2283e34ab88a7e6de22c561367944758e2796f427fd2dddd9,False,,785,848,0.9257075471698113,JPEG,RGB,d1f6fdbc277d471259f0367c03c5c139e031c0b9a0678c86e27fdb8f15097188,5198da9f0f73bd606e4025836d2e64b630bef1b468f938d33664673269c1960f,False,,0.27684780955314636,0.21062076091766357,0.11067300289869308,0.42487651109695435,0.2604827582836151,0.0010416666666666667,0.0,excluded,redundant_exact_decoded_rgb_duplicate,data/Training/notumor/Tr-no_1288.jpg,excluded,dup_02961
data/Training/notumor/Tr-no_832.jpg,Tr-no_832.jpg,notumor,2,Training,False,9821,9e4d567cc1c9654db6c31518f61e6f3832fd18f2c07551468ab0becf30ccd345,False,,236,236,1.0,JPEG,RGB,a2ca9864d1975ff9e37e2e986d1f04f04f0c628ec2b8ff6990588ac365cc7569,145a2fe17a9660296b52fc27617a43f4e5211e0a87c5e43f9e5c9bb01f4398f8,False,,0.21313956379890442,0.1810036450624466,0.0666656494140625,0.3482843339443207,0.1914115697145462,0.00026041666666666666,0.00078125,excluded,redundant_exact_decoded_rgb_duplicate,data/Testing/notumor/Te-no_121.jpg,excluded,dup_03483
data/Training/notumor/Tr-no_835.jpg,Tr-no_835.jpg,notumor,2,Training,False,6293,f2de2f425f3bb3992229478d49d3ca7e10d1a0a32f301d88c8e5b93873538e12,False,,300,168,1.7857142857142858,JPEG,RGB,e487ca6c2e89283ab9efe40ea9d831c4356670bb057ebdbde4aa8e61b19bf696,4f2338b43c2cc3c33432670f98d3932e6cd39332ccc31b30cccfd9338ccdc9b3,False,,0.12055617570877075,0.18640564382076263,0.03887561708688736,0.2929084300994873,0.13272276520729065,0.9044270833333333,0.00078125,excluded,redundant_high_similarity_perceptual_duplicate,data/Testing/notumor/Te-no_164.jpg,excluded,dup_03486
data/Training/notumor/Tr-no_837.jpg,Tr-no_837.jpg,notumor,2,Training,False,11646,763527a6a5d96c7c7777f109a2910dd11c3d9b8b94f1e59b21bc2a52226f756c,False,,276,326,0.8466257668711656,JPEG,RGB,9755cbb0c4f49f2cc1d5ef02c2667c3323889c6afb844215813a439461ef4ea2,549308ec43ccb79c0d334913333c343278c278ff349a37716f0f72ccb4ec970b,False,,0.15559083223342896,0.16521501541137695,0.03408905118703842,0.23611176013946533,0.1443767547607422,0.8372395833333334,0.0,excluded,redundant_high_similarity_perceptual_duplicate,data/Testing/notumor/Te-no_214.jpg,excluded,dup_03101
data/Training/notumor/Tr-no_838.jpg,Tr-no_838.jpg,notumor,2,Training,False,7229,07fcf1564f15ce96e1589d7186878ce55bec37950736fdb356d656ac1be21629,False,,228,221,1.0316742081447965,JPEG,RGB,fcf1041f2bbed279b5c45ca58c2ccba362b398f1ffd578f3adfd014a62977cce,1da7a5636a569a956999da6e2c64ccc9649b8cb1a199996732366d91393939c6,False,,0.14937937259674072,0.1654258817434311,0.0223641749471426,0.3156508803367615,0.07085098326206207,0.9322916666666666,0.0,excluded,redundant_high_similarity_perceptual_duplicate,data/Testing/notumor/Te-no_133.jpg,excluded,dup_03488
data/Training/notumor/Tr-no_839.jpg,Tr-no_839.jpg,notumor,2,Training,False,38799,ac76ca3b933520e9519c3fa096e38e281e467ae4bda0412daa34cb966954ff68,False,,428,417,1.026378896882494,JPEG,RGB,6851ca2118819e43ee7c55cebcb31ed2f8c7f451d68ee41a66cd596a144e2938,057a6a9d5b81a54a7a17b5a8297896a579e09e6639e49e4639e09c762187cece,False,,0.13896413147449493,0.1432555615901947,0.04237847402691841,0.18809840083122253,0.22529949247837067,0.8609375,0.0,excluded,redundant_high_similarity_perceptual_duplicate,data/Testing/notumor/Te-no_24.jpg,excluded,dup_02795
data/Training/notumor/Tr-no_84.jpg,Tr-no_84.jpg,notumor,2,Training,False,9498,fdd96cf03b0731b6850ae5ff76eccd951868d4d6a2b876ca531fa8ea7f22eab7,False,,150,198,0.7575757575757576,JPEG,RGB,54aa5f5b32da0bc8c235d725dc99d2f0239337ba81ae6625e1cee2e8fc34a09e,17dd00aa10137fdf1aaafa015a952109cb57743f4d5a703c6d3a63f06d2373f0,False,,0.2409479022026062,0.22775039076805115,0.18950776755809784,0.24752894043922424,0.7655984163284302,0.5515625,0.05677083333333333,excluded,redundant_high_similarity_perceptual_duplicate,data/Training/notumor/Tr-no_1092.jpg,excluded,dup_02787
data/Training/notumor/Tr-no_840.jpg,Tr-no_840.jpg,notumor,2,Training,False,69322,f9ab73351fe5dd8b0cac9d28282c9faff3f83bb3aad1a4fb2769c6e94cb25eb4,False,,655,602,1.0880398671096345,JPEG,RGB,f982ee7e65e884ec8eb6352c0d5493ccf325ec9d2bcc0b87b242d01406ba2926,15134b5c1eaa79080a55fe95685e185fe3c0696d39fa71a1c96979e321876d2d,False,,0.38152000308036804,0.2922069728374481,0.11768382042646408,0.5606627464294434,0.20990127325057983,0.73359375,0.01875,excluded,redundant_exact_decoded_rgb_duplicate,data/Training/notumor/Tr-no_1374.jpg,excluded,dup_03035
data/Training/notumor/Tr-no_841.jpg,Tr-no_841.jpg,notumor,2,Training,False,29734,b682b55de2a394378cc68109a8648cb47b7f75fa012fee27245814f74d9dd33d,False,,359,449,0.799554565701559,JPEG,RGB,90a8c3b1dcdc878929195565eeb6bb29e2e61103f27561ce0257350059931411,119997b31e67d8597a46246679585cec64673599e998f0a573fa86066561d899,False,,0.1767997145652771,0.17002645134925842,0.04108762368559837,0.27503257989883423,0.14939184486865997,0.8458333333333333,0.0,excluded,redundant_high_similarity_perceptual_duplicate,data/Testing/notumor/Te-no_322.jpg,excluded,dup_02779
data/Training/notumor/Tr-no_843.jpg,Tr-no_843.jpg,notumor,2,Training,False,20463,413708f4f5a9e003997c5c966035431a1bd741b16cde99a42ca6155cccf8f17d,False,,236,236,1.0,JPEG,RGB,5f59eab04e6a33c0fd9f143a3f258df7bca5097a8479794c415c74e395609998,51921b492e657891394ee6d2310e996fc60964ec39ec3330c3f3cda63c9f239e,False,,0.3007446527481079,0.3275656998157501,0.05528696998953819,0.5120097994804382,0.10798029601573944,0.83828125,0.002864583333333333,excluded,redundant_exact_decoded_rgb_duplicate,data/Training/notumor/Tr-no_750.jpg,excluded,dup_03439
data/Training/notumor/Tr-no_845.jpg,Tr-no_845.jpg,notumor,2,Training,False,7882,1951d119c665308d6d1a1cbd3111392edca066f806f9f5e97ce65a4ab777ac28,False,,228,221,1.0316742081447965,JPEG,RGB,d9f3fdeacd8b23096574af1a05e48b2e71259bc5d3ff53a700c0273fa0772d5d,423dd0dd2dc20f53742d6c4f1cbc253731f034d430c3e6d833c39c3333cfccc3,False,,0.16749149560928345,0.20815512537956238,0.013710171915590763,0.33678096532821655,0.04070946201682091,0.9609375,0.0,excluded,redundant_high_similarity_perceptual_duplicate,data/Testing/notumor/Te-no_325.jpg,excluded,dup_03219
data/Training/notumor/Tr-no_846.jpg,Tr-no_846.jpg,notumor,2,Training,False,16812,1cc081e753d825a7a043b7968fa48c166d3518426790468025d6674794791327,False,,235,261,0.9003831417624522,JPEG,RGB,bba8800f4851bc26e45d08df003e7c6766769854c0ee6f61dc86a9379f23f4f0,012c1eec4ed338511a32b12e287174df69d3e3fa650cb0e9358fb6b1cb0ec674,False,,0.3336179554462433,0.23423999547958374,0.09104473143815994,0.48538893461227417,0.18757067620754242,0.7020833333333333,0.0,excluded,redundant_exact_decoded_rgb_duplicate,data/Training/notumor/Tr-no_292.jpg,excluded,dup_03165
data/Training/notumor/Tr-no_847.jpg,Tr-no_847.jpg,notumor,2,Training,False,6758,7fee25502789cdb5539576d02fe3aa3ee9789559ded65b8fc7d67606d69f7ff0,False,,225,225,1.0,JPEG,RGB,8d0362471bb8920f7873e674a8a0ed54f3ac8456872542c5a35138dd95b6a91d,12a97a5d6e12a5a3687ac7a925a4cf9625c1da1e63c79878369f4969661a1c6d,False,,0.22063873708248138,0.19314789772033691,0.0691564530134201,0.37740790843963623,0.183240607380867,0.00026041666666666666,0.0,excluded,redundant_high_similarity_perceptual_duplicate,data/Training/notumor/Tr-no_1190.jpg,excluded,dup_02884
data/Training/notumor/Tr-no_848.jpg,Tr-no_848.jpg,notumor,2,Training,False,8901,fbaa8d065f778f2b7e1b7723351fcbd2347756bc00a0c7b5860906bcb8af68cd,False,,201,251,0.8007968127490039,JPEG,RGB,aa8fda6baeb5bc10109d0e6b22ee26bf0b59171b103dbc2b7ec206ad004b066e,0260a22875d71555579a47aa962c96883ac19e959e959e17e755ca5a5e1fca7a,False,,0.2849899232387543,0.21232099831104279,0.15945670008659363,0.44921875,0.3549644947052002,0.018229166666666668,0.013802083333333333,excluded,redundant_high_similarity_perceptual_duplicate,data/Testing/notumor/Te-no_362.jpg,excluded,dup_03491
data/Training/notumor/Tr-no_851.jpg,Tr-no_851.jpg,notumor,2,Training,False,10148,53440686dc5d33a9b5f0d3a63e70b3e6310766078ed4693bca3ad3fa1e444b86,False,,200,252,0.7936507936507936,JPEG,RGB,ee15126a6ffc3a830550afd9a6fec6ce54bce1d74b7d25e2ea152a2b54082372,5555a54d480a02a24fbf0aff6f541bd5cc000b42ec1b0d4bfc7e9d2ffc380c3d,False,,0.2956339716911316,0.2183508276939392,0.18493464589118958,0.38437309861183167,0.4811331629753113,0.4973958333333333,0.010416666666666666,excluded,redundant_high_similarity_perceptual_duplicate,data/Testing/notumor/Te-no_321.jpg,excluded,dup_02974
data/Training/notumor/Tr-no_852.jpg,Tr-no_852.jpg,notumor,2,Training,False,8408,efb3c3916e81dfe696832d0a8f8192b95b150930e856582ab241e04897c30098,False,,227,222,1.0225225225225225,JPEG,RGB,c8ddee472bbb840469cdfd3dac8f748542a72c7be62a52d282879a4e1f91942d,057a95625f815ab57a174a57697a695a79e0619939e461b939e663a935873131,False,,0.13999861478805542,0.14306621253490448,0.04297589883208275,0.18844018876552582,0.22806121408939362,0.8536458333333333,0.0,excluded,redundant_high_similarity_perceptual_duplicate,data/Testing/notumor/Te-no_175.jpg,excluded,dup_03084
data/Training/notumor/Tr-no_853.jpg,Tr-no_853.jpg,notumor,2,Training,False,73877,d030727998485dde92c001f43f924606d27d28d1d02ba4da1abf4d015e5ff20f,False,,550,664,0.8283132530120482,JPEG,RGB,ccb9ea9eff9d01137a8ba7b74811a3136811d95db65fc3b36bdafb334ffa6049,079c72997a21a5e46817dc3a6d7a49e1e5a1b195e687b3d2369f261b261c5869,False,,0.3396017551422119,0.2872151732444763,0.08080168068408966,0.6277257204055786,0.12872131168842316,0.13072916666666667,0.0,excluded,redundant_high_similarity_perceptual_duplicate,data/Training/notumor/Tr-no_1358.jpg,excluded,dup_03020
data/Training/notumor/Tr-no_854.jpg,Tr-no_854.jpg,notumor,2,Training,False,20545,25dbc9664f03a7af82b74aec6c5497cd94dc5f6f639907656725d0ac88cfd111,False,,236,269,0.8773234200743495,JPEG,RGB,d468a09e3cdd549adafc38afe79f02315720bf0c21584a9ccd0ff82fbb3cf32a,40070fe43bb8207f2fc49a35a1fc6e080f028de4b8bb6c0f66c4d6bf983f6cd2,False,,0.2748870253562927,0.2302207052707672,0.08280841261148453,0.4247271418571472,0.19496849179267883,0.6427083333333333,0.0013020833333333333,excluded,redundant_exact_decoded_rgb_duplicate,data/Training/notumor/Tr-no_1154.jpg,excluded,dup_02850
data/Training/notumor/Tr-no_855.jpg,Tr-no_855.jpg,notumor,2,Training,False,8307,d8723069d6425a30345f16d9aba46c4205ba21532cc55ef038bf947264550903,False,,201,251,0.8007968127490039,JPEG,RGB,e0bd379e191e0044572aff4ac942272a844ebb43da7cbef02bbdb4e4ded08b4b,57350ae32882bfff02efed00c3793c227fd4743fcbc034bdb30460f01b4a62f0,False,,0.2850169539451599,0.21234267950057983,0.1592933088541031,0.4492216408252716,0.3545984625816345,0.017447916666666667,0.01328125,excluded,redundant_high_similarity_perceptual_duplicate,data/Testing/notumor/Te-no_324.jpg,excluded,dup_02757
data/Training/notumor/Tr-no_856.jpg,Tr-no_856.jpg,notumor,2,Training,False,10853,bbb969da9e00cad757ce4cfed82cc780afa9a95f02720d0a9dcbaf64423f166b,False,,214,236,0.9067796610169492,JPEG,RGB,1c35f324985799d493564f22d9f499279e819c42fd354fa475617a9c8c53de1b,00899dd85f76b4763a2adc8e7965626530b673d66d2d9d8ae0b8c65b36629909,False,,0.27149468660354614,0.22194431722164154,0.08531149476766586,0.4005955159664154,0.21296168863773346,0.259375,0.0,excluded,redundant_high_similarity_perceptual_duplicate,data/Training/notumor/Tr-no_1152.jpg,excluded,dup_02848
data/Training/notumor/Tr-no_858.jpg,Tr-no_858.jpg,notumor,2,Training,False,16501,9e38578d8d8cd7dd19b789f441377e08abca23b363e785afdf8e0412d9129fbc,False,,393,400,0.9825,JPEG,RGB,42c0ce6345e2565cc87e9c397b81a6c97182a5594dd4b80ac35df3386b725f61,40cc4bcc2f5bb5333c3564cc6c329c3334db6364c8ec98ce334dd333993334dc,False,,0.22356459498405457,0.20101860165596008,0.05677390098571777,0.40853631496429443,0.1389690488576889,0.0,0.0,excluded,redundant_high_similarity_perceptual_duplicate,data/Training/notumor/Tr-no_1015.jpg,excluded,dup_02708
data/Training/notumor/Tr-no_859.jpg,Tr-no_859.jpg,notumor,2,Training,False,24645,36f99ff27130d024d8519002146f1bcfa1412717beee43f017d52711fd5b7a06,False,,512,512,1.0,JPEG,RGB,9f31a04fff0acc7616add558c64d5f8418f682d24da0e63f1ccd1e82810eeece,12a17a4d6c12a5a6697ada3925a4cdb425c0da5663679c7a369f6349665a366d,False,,0.3749375343322754,0.3008643090724945,0.11352328956127167,0.6780799627304077,0.1674187332391739,0.0,0.0,excluded,redundant_high_similarity_perceptual_duplicate,data/Testing/notumor/Te-no_95.jpg,excluded,dup_03382
data/Training/notumor/Tr-no_861.jpg,Tr-no_861.jpg,notumor,2,Training,False,11744,3ae166857f23d999883374bd2cfe6b5eb17ecffb809dc18f35c4131a312a7b5b,False,,208,242,0.859504132231405,JPEG,RGB,f50d104e5decb100cd9ad008945d4164bd17df9eb0cacdee8bf6ac15275c08e7,160e4bb14911aeda2eeae5359a942d5ccb21916e3c99c668d8370db9cc3f33a5,False,,0.3859231472015381,0.21614614129066467,0.24787479639053345,0.49921488761901855,0.4965292513370514,0.0,0.04505208333333333,excluded,redundant_high_similarity_perceptual_duplicate,data/Training/notumor/Tr-no_1099.jpg,excluded,dup_02794
data/Training/notumor/Tr-no_863.jpg,Tr-no_863.jpg,notumor,2,Training,False,136631,2779f5d9e97ff8a2283e34ab88a7e6de22c561367944758e2796f427fd2dddd9,False,,785,848,0.9257075471698113,JPEG,RGB,d1f6fdbc277d471259f0367c03c5c139e031c0b9a0678c86e27fdb8f15097188,5198da9f0f73bd606e4025836d2e64b630bef1b468f938d33664673269c1960f,False,,0.27684780955314636,0.21062076091766357,0.11067300289869308,0.42487651109695435,0.2604827582836151,0.0010416666666666667,0.0,excluded,redundant_exact_decoded_rgb_duplicate,data/Training/notumor/Tr-no_1288.jpg,excluded,dup_02961
data/Training/notumor/Tr-no_864.jpg,Tr-no_864.jpg,notumor,2,Training,False,6264,d22f76ae6780bc947ddeb36446b3bb97bfcc5ada33b8db69753949c9d214111a,False,,225,225,1.0,JPEG,RGB,0d4c4dbc62f0a6291f698bd3251e0ca28dc634857056afc5a151bd92c9e660e9,17bb0e0f3e01e0f0785e994b61683f8365a1da9f6697c96a32da64e4965a0cc7,False,,0.11992691457271576,0.1409263014793396,0.0037489791866391897,0.2321978509426117,0.016145624220371246,1.0,0.0,excluded,redundant_exact_decoded_rgb_duplicate,data/Training/notumor/Tr-no_1063.jpg,excluded,dup_02759
data/Training/notumor/Tr-no_865.jpg,Tr-no_865.jpg,notumor,2,Training,False,20013,0e4c329816794910ea5acc4201d05217b93c22bbf138aa55cee98ae7680e1320,False,,235,257,0.914396887159533,JPEG,RGB,b501dc546646f4032b8ecd50211d8a1fb3f309ee6253fc4a1c47fe1b55966a68,1425635848c71f216b7269d31f256d102d0eb4b1725cb0f65c6b378c39f3d8ed,False,,0.25971704721450806,0.19057637453079224,0.12326899915933609,0.3465389609336853,0.35571467876434326,0.010677083333333334,0.0005208333333333333,excluded,redundant_high_similarity_perceptual_duplicate,data/Training/notumor/Tr-no_116.jpg,excluded,dup_02855
data/Training/notumor/Tr-no_866.jpg,Tr-no_866.jpg,notumor,2,Training,False,37869,b19b70050792743117c0ca8237e721b433a3d76b7cd1ae7e2bfaa50f73985957,False,,267,328,0.8140243902439024,JPEG,RGB,d2ac29ee261c6d3ad1d63b689e8bb5cbf2cbeb7b71e606c5966d3b357b8ca2d7,05626c6c5e66f8866699971979649a796d6476a786898399619ad266b9cb9b1a,False,,0.4231785535812378,0.3261711597442627,0.10193219035863876,0.6166063547134399,0.16531160473823547,0.6833333333333333,0.0010416666666666667,excluded,redundant_exact_decoded_rgb_duplicate,data/Training/notumor/Tr-no_455.jpg,excluded,dup_03280
data/Training/notumor/Tr-no_867.jpg,Tr-no_867.jpg,notumor,2,Training,False,7675,93171133cad17dcc6a31c80aca685a9a5ffec083cbddcb3be5242547a19b3962,False,,228,221,1.0316742081447965,JPEG,RGB,b908838706ccb091dde10935f5b3eee142abc61f6ad688b5684ae8d9e6d08d78,423d2f632dc2f0ac742d93f01cbcdac831f0cb2b30c3192733c373cc33cf333c,False,,0.16730791330337524,0.20845535397529602,0.013637663796544075,0.3367350697517395,0.04049968346953392,0.9611979166666667,0.0,excluded,redundant_high_similarity_perceptual_duplicate,data/Testing/notumor/Te-no_295.jpg,excluded,dup_02985
data/Training/notumor/Tr-no_868.jpg,Tr-no_868.jpg,notumor,2,Training,False,8484,e7104cf03a0918840f020ffd6e728312e799235b0b9af04ecdcf4200b669e39b,False,,225,225,1.0,JPEG,RGB,c5a2774beec740a32b6fc3e2ba5e6952834663880c9058f35df0552779be3606,13aae1996e943e46646abc69b4e9e336b3919e4992d2cb1ecb4e8c3d9938c870,False,,0.14437255263328552,0.18153934180736542,0.04365094006061554,0.2937183976173401,0.14861492812633514,0.8466145833333333,0.0,excluded,redundant_high_similarity_perceptual_duplicate,data/Training/notumor/Tr-no_103.jpg,excluded,dup_02724
data/Training/notumor/Tr-no_87.jpg,Tr-no_87.jpg,notumor,2,Training,False,17493,9a858533a6d8ca133d2c6d83a8ae92115d1df82a57d88b8a57c77e3b145d38d7,False,,350,393,0.8905852417302799,JPEG,RGB,2056f1a13345c03cf6a03465bb6f84f96439380974e5ba72eaefc33f05dc8dbf,503f3c530fe450ee3b13e394646fd72d24b916d166c49842930ed96ac26fccb5,False,,0.20045357942581177,0.21133151650428772,0.03457210212945938,0.2957175076007843,0.1169092133641243,0.8526041666666667,0.0,excluded,redundant_high_similarity_perceptual_duplicate,data/Testing/notumor/Te-no_347.jpg,excluded,dup_03500
data/Training/notumor/Tr-no_870.jpg,Tr-no_870.jpg,notumor,2,Training,False,45254,04d198008786b8d2c347edd4d2f4273cbcebbe7085a1837c6cb91db5a0219e23,False,,630,630,1.0,JPEG,L,3d0dbb6617a6f768e927b8a51c0a295b694eb617237841c4f346a4bc2787df1e,47994f0e3d27b8f17078934b61e669a465c9c493b695cb7ab6123064d9da8cc6,False,,0.25308358669281006,0.32481658458709717,0.0,0.5389810800552368,0.0,1.0,0.0,excluded,redundant_high_similarity_perceptual_duplicate,data/Testing/notumor/Te-no_231.jpg,excluded,dup_03469
data/Training/notumor/Tr-no_872.jpg,Tr-no_872.jpg,notumor,2,Training,False,12988,c50e621a36b08a9c2f28e239dc00b27ce321bd8ed715a48ced97515e965473d2,False,,236,273,0.8644688644688645,JPEG,RGB,0241a4c2a3b2ce5efa2afd34aa597952bf3ade14efaaf6f91c877b208e06b003,43986b503ca790fb325ecb29cb432db5cd2f349634f9c6d230f8ca4b31d1192d,False,,0.17172110080718994,0.22442187368869781,0.0014511847402900457,0.4509650766849518,0.003217953722923994,0.98984375,0.0,excluded,redundant_high_similarity_perceptual_duplicate,data/Training/notumor/Tr-no_442.jpg,excluded,dup_03271
data/Training/notumor/Tr-no_873.jpg,Tr-no_873.jpg,notumor,2,Training,False,24362,a85697f68f9915cb255d94d8fd874b23aaebf2ef6f89eef06521cc9a16af32d7,False,,359,449,0.799554565701559,JPEG,RGB,298f9188dd991d392d5c5daebe82d0248632ef7f35bc1e7c7ee6e65d12e897bc,119987b31e67d8597a4e246e694878ec64a735a9e99af0a5737a860665e1d899,False,,0.29656049609184265,0.25010889768600464,0.06556271016597748,0.4689998924732208,0.13979259133338928,0.7065104166666667,0.0,excluded,redundant_high_similarity_perceptual_duplicate,data/Testing/notumor/Te-no_35.jpg,excluded,dup_03036
data/Training/notumor/Tr-no_875.jpg,Tr-no_875.jpg,notumor,2,Training,False,24096,cfadafdd993e776771e13f5e398f295c662fdce13df92524fadc4c28c0a95a4a,False,,468,444,1.054054054054054,JPEG,RGB,51020fedda13b2da959bedb2b5c19625b6b25ab6520aa3c713ef97facc5256f9,17e878077e8561fa6a5a35a16a5b2587d9792796186963961969669e99a5661a,False,,0.14251422882080078,0.16251428425312042,0.04991932585835457,0.2372845858335495,0.21037745475769043,0.8625,0.0,excluded,redundant_high_similarity_perceptual_duplicate,data/Training/notumor/Tr-no_338.jpg,excluded,dup_03197
data/Training/notumor/Tr-no_876.jpg,Tr-no_876.jpg,notumor,2,Training,False,36834,c0811ba93dc812d4aefab3efcc7539791ee64b31f37e3b5f7964d92867664e93,False,,630,630,1.0,JPEG,RGB,b611a98a32252c63e86589fe1e3c740404d364c9eeceefb69258df5a3f6a791e,1699c7b36a529ec9692c3a3634e61ced36d99960c984326736733099e38bcb36,False,,0.21007175743579865,0.22577621042728424,0.04858149588108063,0.3795238137245178,0.1280064433813095,0.0,0.0033854166666666668,excluded,redundant_high_similarity_perceptual_duplicate,data/Testing/notumor/Te-no_242.jpg,excluded,dup_03026
data/Training/notumor/Tr-no_877.jpg,Tr-no_877.jpg,notumor,2,Training,False,19940,b5f0f3d033c33e2435028ab956443bbbeb97dffda41e0afe175e81e286ff2431,False,,441,442,0.997737556561086,JPEG,RGB,54dec46f23937dce2a71c71a31f8aa3ff0e62b1e8cfce7de413f0f67413c0b29,176a0ac57e85853a781f37817168ce1f6da19a786385196833968de1669e39e7,False,,0.2542358636856079,0.21242189407348633,0.0720772072672844,0.4259641170501709,0.1692095696926117,0.0018229166666666667,0.0,excluded,redundant_high_similarity_perceptual_duplicate,data/Training/notumor/Tr-no_441.jpg,excluded,dup_03270
data/Training/notumor/Tr-no_878.jpg,Tr-no_878.jpg,notumor,2,Training,False,9861,684796fa57521bf38e64647b6b68ada66d4e8aeb30cafcfec67cb70b674b977d,False,,232,217,1.0691244239631337,JPEG,RGB,8d56df234643db90869879cb1b68290a6a483e9c6125e685b0ec6dbcb4cb02e3,43373f1b2dc030bc342f93f4192cccc235b2c34b34eccf4dc4d3370c7343cb36,False,,0.25733092427253723,0.3017100691795349,0.026489993557333946,0.5595453977584839,0.04734199121594429,0.9583333333333334,0.0010416666666666667,excluded,redundant_high_similarity_perceptual_duplicate,data/Testing/notumor/Te-no_14.jpg,excluded,dup_02823
data/Training/notumor/Tr-no_88.jpg,Tr-no_88.jpg,notumor,2,Training,False,8800,e14c98975c713efa6057723a4d1b5c8fabe76bde9a82528ad61e8099b8fcd8d1,False,,201,251,0.8007968127490039,JPEG,RGB,54ff5611a992f889a3ad930930dabecfbeac5530e258467a14086f1fd896b807,02605d9775d7eaaa579ab855962c69773a81616a9e9561e8665135a54e1f3585,False,,0.28501075506210327,0.2123435139656067,0.15928207337856293,0.44912779331207275,0.35464754700660706,0.018229166666666668,0.01328125,excluded,redundant_high_similarity_perceptual_duplicate,data/Testing/notumor/Te-no_253.jpg,excluded,dup_02883
data/Training/notumor/Tr-no_882.jpg,Tr-no_882.jpg,notumor,2,Training,False,9509,873702425e38ee8c1e71bf486ed9c5aa4000bdde152ffa19e49f1d2f7672ce17,False,,207,243,0.8518518518518519,JPEG,RGB,91b0630b49fcb6b4c860695d8349f772401ef6016cda3bbb2eb3e70c42729857,065d5e0e5ba888796a036644795f459b69689a6665a2711d65af9d96678d9e52,False,,0.29521581530570984,0.264382928609848,0.039648693054914474,0.4886833727359772,0.08113370835781097,0.9033854166666667,0.0,excluded,redundant_high_similarity_perceptual_duplicate,data/Training/notumor/Tr-no_1095.jpg,excluded,dup_02790
data/Training/notumor/Tr-no_885.jpg,Tr-no_885.jpg,notumor,2,Training,False,5919,1c3e63f75925d079060da9dcad74463d1ef6f7c4055fb0ff2d4daa2001711425,False,,150,198,0.7575757575757576,JPEG,RGB,fc4761590d05cfe9088be6eff061573709d56a30a6994c79c6c9e46b8109b00c,17dd126219137fff12aafa011b952509db57343f495a607c4d2a61f46d2371f0,False,,0.21208210289478302,0.1672765463590622,0.1696057915687561,0.23109300434589386,0.7339287400245667,0.5236979166666667,0.0,excluded,redundant_high_similarity_perceptual_duplicate,data/Testing/notumor/Te-no_115.jpg,excluded,dup_03166
data/Training/notumor/Tr-no_888.jpg,Tr-no_888.jpg,notumor,2,Training,False,10020,a0cb6052d255d5932ea2df3aba1f86071f28cba129fa567b96b346977f85e43d,False,,420,280,1.5,JPEG,RGB,31fe10ae959d442b5617f9db8bec36c186304d8eefec3dd9af5dd49a7ca45101,4e1e9326386149693493cd3567cee792334a2c99339d86333278674b33617dcd,False,,0.15499147772789001,0.20416392385959625,0.013128063641488552,0.3886498808860779,0.033778637647628784,0.9575520833333333,0.0,excluded,redundant_high_similarity_perceptual_duplicate,data/Testing/notumor/Te-no_111.jpg,excluded,dup_03080
data/Training/notumor/Tr-no_889.jpg,Tr-no_889.jpg,notumor,2,Training,False,7041,fa0c1c4fb6eabf57c61ae1afd2f24efd5aa69d47a6df7d468579cdee91a86c8a,False,,206,244,0.8442622950819673,JPEG,RGB,762f471e3340a7bdfd24598d65e01438764a26280d652eeaa3740df669227695,155762b05baaec5d3ab5846a6b549f2d680adb136def9a1c65ed88d231a18c4a,False,,0.21137553453445435,0.1120794489979744,0.13250307738780975,0.2567928433418274,0.5159921050071716,0.0,0.0,excluded,redundant_high_similarity_perceptual_duplicate,data/Testing/notumor/Te-no_281.jpg,excluded,dup_03010
data/Training/notumor/Tr-no_890.jpg,Tr-no_890.jpg,notumor,2,Training,False,7793,9e3ef8b3dacc3d4f92b27370f8ecced01626827073e4e4bd44f8970884f5c791,False,,225,225,1.0,JPEG,RGB,df775430a1ad8a115844de9a572acb050dfb6f39dcbca74d568d0613feb01ac1,17893a1f786665a26e5ae7a839296697646c931a98f0ce6a49a599999cc6ce65,False,,0.13815870881080627,0.18034419417381287,0.02056066505610943,0.3014102876186371,0.06821487843990326,0.9515625,0.0,excluded,redundant_high_similarity_perceptual_duplicate,data/Testing/notumor/Te-no_314.jpg,excluded,dup_03114
data/Training/notumor/Tr-no_892.jpg,Tr-no_892.jpg,notumor,2,Training,False,11227,ce6093596321b795e9c3eaeddba59cf700e766b11731592c4d9389383b5598ad,False,,227,222,1.0225225225225225,JPEG,RGB,69e05e992d7891b232e622374b8c3284f4e7fa92dab67d15715f12817c9c0a38,502f3fc80ed4f01e2f4ae0ff3c2dc3f02cb5cb336cb18b126cb3892360d29b93,False,,0.2465030550956726,0.24212615191936493,0.0730821043252945,0.3376493453979492,0.21644379198551178,0.82890625,0.017708333333333333,excluded,redundant_high_similarity_perceptual_duplicate,data/Testing/notumor/Te-no_129.jpg,excluded,dup_02888
data/Training/notumor/Tr-no_893.jpg,Tr-no_893.jpg,notumor,2,Training,False,95980,59870eaca7eb7777eec53f8d67aabfd31b287723dff1753991fcf05e9e341652,False,,680,680,1.0,JPEG,RGB,2f109d163f503c5f98ce450b1fe3525681fde6690360bfab3cf3b0fa1fff0f0b,16e86a193997e5e2627ec5a969690787c9a5c6168da5265a998696797996da61,False,,0.35045331716537476,0.29916009306907654,0.1193290501832962,0.6636594533920288,0.17980463802814484,0.0,0.00859375,excluded,redundant_high_similarity_perceptual_duplicate,data/Training/notumor/Tr-no_1175.jpg,excluded,dup_02870
data/Training/notumor/Tr-no_896.jpg,Tr-no_896.jpg,notumor,2,Training,False,10497,410e3ae47ad56ed269b81be74e42519dfaba661fd9429449b21dc0d505533bb9,False,,194,259,0.749034749034749,JPEG,RGB,e6801154f91da66cf7c072a7341126e86b912177ac4ee1b9e20b9c8a3810bf72,02aa99337bbdb2c43d50484c7d2fe46becf968b524b44c38e2d26cb6a786b1c1,False,,0.33680611848831177,0.29627275466918945,0.10403595119714737,0.5674383640289307,0.18334317207336426,0.7856770833333333,0.023697916666666666,excluded,redundant_high_similarity_perceptual_duplicate,data/Testing/notumor/Te-no_27.jpg,excluded,dup_03514
data/Training/notumor/Tr-no_898.jpg,Tr-no_898.jpg,notumor,2,Training,False,7569,764714ba40505a6169dc1eabab98eab43a03a74f77c1e5d80f3494510b3538f4,False,,177,197,0.8984771573604061,JPEG,RGB,b876c20a601936bd919b2b405010899bb6c245e5cb0f6f58e37949dd694f1e53,16663961399db69e693049e167999e313669736661b665998d86cd9e625aa661,False,,0.21055981516838074,0.2678157091140747,0.0005964052397757769,0.4609375,0.001293896115384996,1.0,0.0,excluded,redundant_high_similarity_perceptual_duplicate,data/Testing/notumor/Te-no_97.jpg,excluded,dup_03152
data/Training/notumor/Tr-no_9.jpg,Tr-no_9.jpg,notumor,2,Training,False,10777,48735eb7e1803a9a711e76d30da120630daeeb0d758ff94d40cfbaab7d71b0d7,False,,225,225,1.0,JPEG,RGB,e361db0d9f9014bf6dced82c40d0dd9506f49f7589d245b18db262c08fd9d16b,17993e197866e1e66058861a656069696785c3a7989f99d8e76665963c9eb278,False,,0.3297327756881714,0.26948192715644836,0.1086529865860939,0.6015299558639526,0.1806277185678482,0.0013020833333333333,0.0,excluded,redundant_high_similarity_perceptual_duplicate,data/Training/notumor/Tr-no_132.jpg,excluded,dup_02989
data/Training/notumor/Tr-no_901.jpg,Tr-no_901.jpg,notumor,2,Training,False,16951,a5a11e528b6d4756c9a8b3180d40410efe1b27b2a5ad13ecce512fa3bf214330,False,,442,442,1.0,JPEG,RGB,e21f86a83f948d9c63df8cdb7aacc27e084d867d3e9033ffe0106034d918db04,13e9c1e06a561e4e6c3a3c2f34bd30f0619470d172d3e3c3b34b930fc62d733c,False,,0.21950946748256683,0.20553232729434967,0.0641227513551712,0.3840906620025635,0.1669469177722931,0.0,0.0,excluded,redundant_high_similarity_perceptual_duplicate,data/Training/notumor/Tr-no_648.jpg,excluded,dup_03388
data/Training/notumor/Tr-no_902.jpg,Tr-no_902.jpg,notumor,2,Training,False,11428,6c634cc4ac61fe526e6dbec903195ac33e498cf60906e1f6e143a588796bc636,False,,201,250,0.804,JPEG,RGB,699337c51159e60bf015b6155a0578b4994115b488aa6acba9beb8022093f32f,0001a4521fee47ae7a166e95687f3a1d69ea607e6199253963e961d8359de627,False,,0.43759071826934814,0.3170783519744873,0.08402369916439056,0.5993221998214722,0.14019787311553955,0.7841145833333333,0.01640625,excluded,redundant_high_similarity_perceptual_duplicate,data/Training/notumor/Tr-no_1122.jpg,excluded,dup_02819
data/Training/notumor/Tr-no_903.jpg,Tr-no_903.jpg,notumor,2,Training,False,6164,8c8a599794a2d0c950d35630524037ff3411d4741086084b9c6e3152cd401ff0,False,,150,198,0.7575757575757576,JPEG,RGB,1cd77d154fac1839711219c9ac7573d2518b2dd987f748e5232b627b6643bef3,4688a8884c56d57547ff10aa5fc08ba39e429e911c4fca96187fcb5a3876db5a,False,,0.21196457743644714,0.16725493967533112,0.16950470209121704,0.23117630183696747,0.7332269549369812,0.52265625,0.0,excluded,redundant_high_similarity_perceptual_duplicate,data/Testing/notumor/Te-no_136.jpg,excluded,dup_03519
data/Training/notumor/Tr-no_904.jpg,Tr-no_904.jpg,notumor,2,Training,False,5868,a1d40d38cf6cfaaa95406c9f404b6dfc0f784e3e3eae1cde503c6e5b30ebcb0e,False,,275,183,1.5027322404371584,JPEG,RGB,36375b8d98f7ec7005422fd26a39796b70af1e12f9e60d72de90a087b1e8eb34,4e1e6cd93861b696349332ca67ce186d334ad366339d79cc327898b43361d633,False,,0.1558864265680313,0.20371757447719574,0.01428921613842249,0.38890740275382996,0.0367419496178627,0.9528645833333333,0.0,excluded,redundant_high_similarity_perceptual_duplicate,data/Testing/notumor/Te-no_8.jpg,excluded,dup_02839
data/Training/notumor/Tr-no_906.jpg,Tr-no_906.jpg,notumor,2,Training,False,27719,3fcd47df13022dff9310847e66344a301655fc62a565598336433f9c098e5074,False,,332,442,0.751131221719457,JPEG,RGB,a230c444e4e33701a7c92eb50f3490739290f0103f0daa450e0c892d14272a6a,51d55aec5a28a5177faf83582d5456a53c0ecd9164ab8f0541b5dc1e32f0dc3c,False,,0.22773224115371704,0.1776410937309265,0.06462112069129944,0.3460516333580017,0.18673837184906006,0.8052083333333333,0.00026041666666666666,excluded,redundant_exact_decoded_rgb_duplicate,data/Training/notumor/Tr-no_58.jpg,excluded,dup_03354
data/Training/notumor/Tr-no_908.jpg,Tr-no_908.jpg,notumor,2,Training,False,14213,01d1c6fbd532ffcffc8e8a12c8ce33f0f06a18d934e6a8eefd129837a318346e,False,,275,301,0.9136212624584718,JPEG,L,e5f9bb417e7fdc9a6901817fb03c24613ceb95d21d05223e7c03bd0eb2c47862,41515af31faaa5453f2981563a00256adc0fcda9ca7fcf274c7c8d9d38f08c96,False,,0.265855997800827,0.2471218854188919,0.07755923271179199,0.4205107092857361,0.18444056808948517,0.8325520833333333,0.014583333333333334,excluded,redundant_high_similarity_perceptual_duplicate,data/Training/notumor/Tr-no_171.jpg,excluded,dup_03076
data/Training/notumor/Tr-no_910.jpg,Tr-no_910.jpg,notumor,2,Training,False,8636,7bc71c9c82e90be7aabf30fef051d022f3e6311ff563e26b109cee89ad971d85,False,,225,225,1.0,JPEG,RGB,413fd687183f5dc2a7a0e0b6297b1981bb47d95855e2e21ccff0401442a4f346,43b0691b3c4fb6ed30b6c3b2e64c9b4bd3634d1c338ccc76cd1a30f1636164c3,False,,0.14342519640922546,0.22679486870765686,2.757353286142461e-05,0.3686485290527344,7.479626219719648e-05,1.0,0.0,excluded,redundant_high_similarity_perceptual_duplicate,data/Testing/notumor/Te-no_47.jpg,excluded,dup_02860
data/Training/notumor/Tr-no_911.jpg,Tr-no_911.jpg,notumor,2,Training,False,15039,a3b52d8a675f4344381842cea58e6966d3a9bd4fff0e77685c0656b1838cce9e,False,,236,236,1.0,JPEG,RGB,da0e43b4fb607d8ff20a1ebddf03af060c5a519292a4131f247c0b76b6de81d1,115fe46d1fa091f05e15c601185ede1f697a9e5e79689e5879a9987861a59869,False,,0.3743051588535309,0.3202424645423889,0.1553012728691101,0.35995423793792725,0.43144726753234863,0.7770833333333333,0.115625,excluded,redundant_exact_decoded_rgb_duplicate,data/Training/notumor/Tr-no_1274.jpg,excluded,dup_02949
data/Training/notumor/Tr-no_914.jpg,Tr-no_914.jpg,notumor,2,Training,False,8633,e130cfc24e95713dda3b1d5df0143d1a50a63e68c0e915f64d2a83a65a8e7524,False,,201,250,0.804,JPEG,RGB,42a0a153d97dfa5c453e261a1d0f48e23c51023d0f1de656b5e54dd8f56f19a0,555c0ed84aabad042f51c43b3d2a90a73cb7c2f43ccc8d9336bccb7668dc4c8c,False,,0.2483128011226654,0.18571318686008453,0.047677699476480484,0.34174996614456177,0.13951046764850616,0.8317708333333333,0.0,excluded,redundant_high_similarity_perceptual_duplicate,data/Testing/notumor/Te-no_178.jpg,excluded,dup_03406
data/Training/notumor/Tr-no_916.jpg,Tr-no_916.jpg,notumor,2,Training,False,34775,ee17905768c01705c6abcc330d664f063c5ceada4e3ea6722be796cc9bc9986f,False,,512,512,1.0,JPEG,RGB,f0c7bdc7af0ccffe50c9d8d24cbc7ee8c65eb963e663ee357990b2911b9acbaa,16a97a4f6e12a5a3687ac7a165a4cf9625c1da1e63879878369ec969661a1c6d,False,,0.2198488712310791,0.1943589448928833,0.06467524915933609,0.3776041865348816,0.17127789556980133,0.0,0.0,excluded,redundant_exact_decoded_rgb_duplicate,data/Training/notumor/Tr-no_304.jpg,excluded,dup_03175
data/Training/notumor/Tr-no_917.jpg,Tr-no_917.jpg,notumor,2,Training,False,10459,b944ccb1f8b4c09fb5231419837ef912d06e10d001ef0768cfc227c0e80d8e7f,False,,214,236,0.9067796610169492,JPEG,RGB,aa68dcc6a23da6c2ad680731e36e466257a4a26cb56d6980a798ae9b3fee94b4,00899dc85f76b4763a2adc8e7965626530b673d66d2d9d8ae0f8c65b36629909,False,,0.27125436067581177,0.22233811020851135,0.08526859432458878,0.4006817042827606,0.21280880272388458,0.25546875,0.00026041666666666666,excluded,redundant_high_similarity_perceptual_duplicate,data/Training/notumor/Tr-no_1152.jpg,excluded,dup_02848
data/Training/notumor/Tr-no_918.jpg,Tr-no_918.jpg,notumor,2,Training,False,41675,303c5c415fc8be331907a13c78d499fa000f24788fab65f7c9171c448978b09f,False,,605,613,0.9869494290375204,JPEG,RGB,d850e43707859583fbab2d94f5f40e8d664d355cd386cd8e52c96b2cd69c77c1,177a4a257e81215a7817b5ea385c65a558703787617a668679e1269e31e7669e,False,,0.21652977168560028,0.17911557853221893,0.06830883026123047,0.3647643029689789,0.18726840615272522,0.84140625,0.0,excluded,redundant_exact_decoded_rgb_duplicate,data/Training/notumor/Tr-no_880.jpg,excluded,dup_03504
data/Training/notumor/Tr-no_919.jpg,Tr-no_919.jpg,notumor,2,Training,False,29252,71cc91673927e9148f575e602494044857ffecbd3a5f21de266639d4186a9e64,False,,442,442,1.0,JPEG,RGB,2d20d9b3f1b244ff54b108f11e8f7112aaa412986a2db1158fcf9f65d3bab81a,42b638716f0a3e21386dc797b0f01e18e1d216d8b1cb3f2fe3ce370cc36c1ba4,False,,0.27143436670303345,0.22250206768512726,0.1496966928243637,0.4650658965110779,0.3218827545642853,0.0,0.011197916666666667,excluded,redundant_high_similarity_perceptual_duplicate,data/Training/notumor/Tr-no_31.jpg,excluded,dup_03180
data/Training/notumor/Tr-no_92.jpg,Tr-no_92.jpg,notumor,2,Training,False,42451,7adb02dafa127d16b635a76df10314f68ded12fa7a20457e4d666d2873a2130f,False,,336,380,0.8842105263157894,JPEG,RGB,296973be9f6bf63b6cebe4fca22055a8a313512eaba1f6f3f10374501c52d822,54cc4ad02b3365286f0db4af2d3293333ccc99ccf0cd9bc3336c9b33c8eccc8c,False,,0.3050498962402344,0.2638460099697113,0.07260008901357651,0.4628714919090271,0.15684717893600464,0.03359375,0.0,excluded,redundant_exact_decoded_rgb_duplicate,data/Training/notumor/Tr-no_518.jpg,excluded,dup_03317
data/Training/notumor/Tr-no_920.jpg,Tr-no_920.jpg,notumor,2,Training,False,15476,d62ef020a79e42be55f4a6977457753c11364c69c1a842aab749f45b910a348f,False,,227,300,0.7566666666666667,JPEG,RGB,15bda63403ef1181994cce3e5780dd4c58a4002cd28fdbe09ef80bd17e4cc048,12656ee56cceb59a2fb8c03071d185ef674a4a77346a2740692dd9cb26846f27,False,,0.3167344331741333,0.1777593344449997,0.1626991480588913,0.47209233045578003,0.34463417530059814,0.0,0.0,excluded,redundant_exact_decoded_rgb_duplicate,data/Training/notumor/Tr-no_486.jpg,excluded,dup_03300
data/Training/notumor/Tr-no_921.jpg,Tr-no_921.jpg,notumor,2,Training,False,30991,59fb3e772b92db63f473d2a2678efa29bb3ea681a1d7f8650127f03fc74ded3c,False,,442,454,0.973568281938326,JPEG,RGB,1a356107a4311dd00613e2ae029b4990d49416ac2144be509240024f005f70f3,16809e1e785ec9f961e11e66678765b966966586ac99625a9e66371967598a61,False,,0.3482635021209717,0.31887227296829224,0.08078023791313171,0.7027075886726379,0.11495569348335266,0.004166666666666667,0.0,excluded,redundant_high_similarity_perceptual_duplicate,data/Training/notumor/Tr-no_1120.jpg,excluded,dup_02817
data/Training/notumor/Tr-no_925.jpg,Tr-no_925.jpg,notumor,2,Training,False,44171,36c69ebf62395f88607b82f7a9ebb541f8afde5ea753316bcaa7daacc0ad4dac,False,,630,630,1.0,JPEG,RGB,f51ce49599b09d1ffc290c89a4ccc544009b459ca6a14ed5d6c8f96edc949534,479492e33f074b9c3879c96b61b24929639c6c31b0d967b06726658eb6d698d3,False,,0.3386871814727783,0.31464287638664246,0.08337417989969254,0.6251282691955566,0.13337132334709167,0.0,0.00625,excluded,redundant_high_similarity_perceptual_duplicate,data/Training/notumor/Tr-no_1283.jpg,excluded,dup_02956
data/Training/notumor/Tr-no_926.jpg,Tr-no_926.jpg,notumor,2,Training,False,9672,d2ccd37df0f04d84305b75efcb278e75be720bb3b3d463610e8a86ffb72a85eb,False,,225,225,1.0,JPEG,RGB,6fcf635f0d420eca01b6751c7cd1100ca5e26b771e20563f49a9f52e84c0ced6,17893a19796765a66e5ae7a831a52687a46c931e9cf0ce6a49a599989887ce6d,False,,0.23545853793621063,0.2941247522830963,0.03167279437184334,0.5226801633834839,0.06059689447283745,0.94765625,0.013541666666666667,excluded,redundant_high_similarity_perceptual_duplicate,data/Training/notumor/Tr-no_1369.jpg,excluded,dup_03030
data/Training/notumor/Tr-no_927.jpg,Tr-no_927.jpg,notumor,2,Training,False,7472,44488b852fa7ce7097caac1f031ab25e7bb922a6dc25117d31dda2b4d5ea71e9,False,,236,213,1.107981220657277,JPEG,RGB,88c2992e194bdcc4889a0f3921cce5a888c0a9cea593bed0612f8c5d5eaec05f,4aab2d272d10b0f63c2bb3c034fdba33a4d4b349c0d2de4df4cbcd2cb4c3c432,False,,0.20068910717964172,0.19434291124343872,0.0863572433590889,0.40400105714797974,0.21375499665737152,0.6020833333333333,0.03229166666666667,excluded,redundant_high_similarity_perceptual_duplicate,data/Training/notumor/Tr-no_1239.jpg,excluded,dup_02919
data/Training/notumor/Tr-no_928.jpg,Tr-no_928.jpg,notumor,2,Training,False,9229,8f4ef79856f1fc0a9cb81ee959c78c85df8d9c7b37a1f290f453a5f8c84f123e,False,,227,262,0.8664122137404581,JPEG,RGB,46d302f5671b40123c6a5d0198a54bc7d8e2bfd68abdaf1c9dbd390b2a2a17b0,1445d1997bba5a766801cf9861572e677678391f6704d8fe352f6c6861a838c9,False,,0.24657031893730164,0.1698453277349472,0.057264093309640884,0.39794349670410156,0.143900066614151,0.0005208333333333333,0.0,excluded,redundant_high_similarity_perceptual_duplicate,data/Testing/notumor/Te-no_55.jpg,excluded,dup_03530
data/Training/notumor/Tr-no_929.jpg,Tr-no_929.jpg,notumor,2,Training,False,7960,3f3bddf1bfd9c18fada07d9a90325f3b238bc2249f27f9fc494c1d6cbfe5ae53,False,,235,214,1.0981308411214954,JPEG,RGB,aee3349c8cad028f284f1951f7bb4acfd301e4a214502d418059cfbd4a9a44ad,50420bcd2f3fb4302cd4300b2bcaf0bd2f02f2f49f2fe3d29c3d8bd22cb68bc1,False,,0.28099656105041504,0.25074905157089233,0.050641339272260666,0.5099523067474365,0.09930603206157684,0.86640625,0.0,excluded,redundant_high_similarity_perceptual_duplicate,data/Testing/notumor/Te-no_228.jpg,excluded,dup_02865
data/Training/notumor/Tr-no_93.jpg,Tr-no_93.jpg,notumor,2,Training,False,14435,f312e388a4ef96442e3e21fbbfd789d5d5b0f66a7a5dc73a69fc0bfc59a8ab11,False,,205,249,0.8232931726907631,JPEG,RGB,ef0330f282ae20607f6743f9a280f9273c6497b59f5e5d41ca102600c8c4b0e3,554252af06fd6b549fc0694a1e0f65e95c1f65a1187e65b5787864b478f06496,False,,0.35094714164733887,0.29735082387924194,0.17190153896808624,0.3437519073486328,0.5000744462013245,0.74375,0.12942708333333333,excluded,redundant_exact_decoded_rgb_duplicate,data/Training/notumor/Tr-no_638.jpg,excluded,dup_03383
data/Training/notumor/Tr-no_930.jpg,Tr-no_930.jpg,notumor,2,Training,False,15159,9af05acd768793e89fc6776c3af838b0bf0747cfc3a3737e1cd3af44ea09c930,False,,236,260,0.9076923076923077,JPEG,RGB,6888d4058876b1f09051de629a2bfe902325ce8477290c34d5dee0d412faf479,16643c92681ac36c31e7c787b79c9cf2db889618da736d248d3832cb68e6cd3a,False,,0.22387002408504486,0.18488571047782898,0.0658210813999176,0.44060778617858887,0.14938701689243317,0.0,0.0,excluded,redundant_exact_decoded_rgb_duplicate,data/Training/notumor/Tr-no_698.jpg,excluded,dup_03415
data/Training/notumor/Tr-no_931.jpg,Tr-no_931.jpg,notumor,2,Training,False,33685,ca5a51914cad005d72af57fa6c9142fc9d650ca06ba23f3e839991c3fa4c8b36,False,,512,512,1.0,JPEG,RGB,a9f2546ed6e241f759d1f76291e38982c87dc6f5ec221ff488694a86ae80a8a2,4ee439263d1bc6d930b4cdb636d09a4fc3933ccc324dcf34674c90e29b346cc3,False,,0.19632327556610107,0.21158519387245178,0.040614787489175797,0.4612276256084442,0.08805800974369049,0.00026041666666666666,0.0,excluded,redundant_exact_decoded_rgb_duplicate,data/Training/notumor/Tr-no_1140.jpg,excluded,dup_02837
data/Training/notumor/Tr-no_935.jpg,Tr-no_935.jpg,notumor,2,Training,False,165993,e3ea07d69e4b3242a2bc56046a2c9547c6e15d8169d3bdad7d4f8f9baf2a2442,False,,850,872,0.9747706422018348,JPEG,RGB,dc3194267626055263b24104ba463b68902205a2fa8be1e86c46ea206818f72e,10ef4ace7b1115396d264eb6b4b92c5be4c468cce38932ec965a199ce72f4193,False,,0.23116694390773773,0.22295449674129486,0.1453564316034317,0.3302801549434662,0.44010040163993835,0.03463541666666667,0.1,excluded,redundant_exact_decoded_rgb_duplicate,data/Training/notumor/Tr-no_315.jpg,excluded,dup_03185
data/Training/notumor/Tr-no_937.jpg,Tr-no_937.jpg,notumor,2,Training,False,12034,2e8f3621ffd3aca8f681bea21f60c6af8958877fc6dcee69e02b5df94e114b36,False,,208,242,0.859504132231405,JPEG,RGB,e540745a667ed15335842adbd6d9a112892182f68b669512c826368e47be753f,170eb44e499151252eea1aca9e94d2b3cb216e913c993997d837f246cc3fcc5a,False,,0.38581258058547974,0.21605919301509857,0.2477348893880844,0.49918434023857117,0.49627935886383057,0.0,0.04479166666666667,excluded,redundant_high_similarity_perceptual_duplicate,data/Testing/notumor/Te-no_381.jpg,excluded,dup_03535
data/Training/notumor/Tr-no_939.jpg,Tr-no_939.jpg,notumor,2,Training,False,25418,a95b8b97b1987417234f09cf286460225e2f7b6b5ed1b9de00435a16e4947b93,False,,356,474,0.7510548523206751,JPEG,RGB,973f519bb9a862cc11639db5bc382c54517f830ea99fe6af4d2fa00e452dce41,531485db3bef19243cd4928fb50a697893fda5aa939036a7cf0223c5d22f18da,False,,0.2999511659145355,0.3127014636993408,0.019077816978096962,0.6573252081871033,0.02902340702712536,0.9111979166666667,0.0,excluded,redundant_high_similarity_perceptual_duplicate,data/Testing/notumor/Te-no_109.jpg,excluded,dup_03537
data/Training/notumor/Tr-no_941.jpg,Tr-no_941.jpg,notumor,2,Training,False,12278,b8052107fc01a03c9ea936bb3cc16b50ecea33821b76b93d15403cbf3330cad9,False,,225,225,1.0,JPEG,RGB,315907cd6dadc18602a7834bc18807afd7b0a0906fd86a39a4b15698e7189c9b,16e53c4e691ae3b965e196873399ce1ea6b6186966d999a3c94f65a436343192,False,,0.16522958874702454,0.2537890672683716,0.0,0.41627222299575806,0.0,1.0,0.0,excluded,redundant_high_similarity_perceptual_duplicate,data/Training/notumor/Tr-no_653.jpg,excluded,dup_03391
data/Training/notumor/Tr-no_943.jpg,Tr-no_943.jpg,notumor,2,Training,False,13256,289666d15eefec218618c28416b4d944ce4f993c0ff407daa16c37c43dc36e84,False,,214,236,0.9067796610169492,JPEG,RGB,a7157714d5873385f47d6ff81ece5baa3670063ca772cf850f5c0e5381403481,008d95985ff498763a6a4ece7965626530b671d66d3d9c8ae1b8c34b36629969,False,,0.45266449451446533,0.33374685049057007,0.13743260502815247,0.6763346195220947,0.20320208370685577,0.009375,0.03125,excluded,redundant_high_similarity_perceptual_duplicate,data/Testing/notumor/Te-no_335.jpg,excluded,dup_03541
data/Training/notumor/Tr-no_944.jpg,Tr-no_944.jpg,notumor,2,Training,False,11473,7c253da5718d4579027b2a16b0fbb52bdaea592c53b85fafbf0940733daec2b9,False,,201,250,0.804,JPEG,RGB,f7e736b3747bba587d636d51db0b5b01a60cc947aaba0670af5b9edd98879b64,5554f1074abb12fb2f413bc03d2a6f483cbf352b34cc706c36bc348d60ccb372,False,,0.4375191628932953,0.3174811899662018,0.08377553522586823,0.599821925163269,0.139667347073555,0.7895833333333333,0.017708333333333333,excluded,redundant_high_similarity_perceptual_duplicate,data/Training/notumor/Tr-no_756.jpg,excluded,dup_03441
data/Training/notumor/Tr-no_946.jpg,Tr-no_946.jpg,notumor,2,Training,False,9553,fb9efc392533bc8dbbc3d107a43a31b16d512b881955e4a9c37592305dbe58da,False,,236,236,1.0,JPEG,RGB,fdb42ccca50ac4d32665df28f82ee3a5367798ca13f8dcd9578039a87da70a4b,42f49b332f0b70fc3c3d63c030d0cf0f33c3ce3c934d9c30cf2c9cf3c93438c3,False,,0.24794133007526398,0.32448679208755493,8.169935426849406e-06,0.42835861444473267,1.9072653230978176e-05,1.0,0.0,excluded,redundant_exact_decoded_rgb_duplicate,data/Training/notumor/Tr-no_813.jpg,excluded,dup_03475
data/Training/notumor/Tr-no_947.jpg,Tr-no_947.jpg,notumor,2,Training,False,9954,5f6bdd7669245dd73ea4024663fa2240a13ba3bfc812c6442a23d9067aa96d8d,False,,218,231,0.9437229437229437,JPEG,RGB,f66946cb0e6403641ff6691859a3acfcc678c8a6421e1961fc80537d9f78efb9,53326b332eff254c3f0094ca3ccfb0bd303562f079d22323618bc34f8d0fca4f,False,,0.3852383494377136,0.3502613604068756,0.05134293809533119,0.6877259612083435,0.07465609908103943,0.903125,0.01328125,excluded,redundant_high_similarity_perceptual_duplicate,data/Training/notumor/Tr-no_276.jpg,excluded,dup_03155
data/Training/notumor/Tr-no_948.jpg,Tr-no_948.jpg,notumor,2,Training,False,12606,ba0eb3efd6559c9ca78d043c9e7d29646f87eda93d6e0966b0b4e2edbb74f210,False,,227,222,1.0225225225225225,JPEG,RGB,6391044c4879fd933821e2abcd32e87aa4ecad89612b80a09e78b04c59fefa37,422f3fca0ed4f03e2f0821ef3c2dc3f03cb5cf232cb3cb3368b1892360d299d3,False,,0.27068448066711426,0.29693424701690674,0.07586193084716797,0.364017516374588,0.2084018737077713,0.86953125,0.0328125,excluded,redundant_high_similarity_perceptual_duplicate,data/Testing/notumor/Te-no_114.jpg,excluded,dup_02799
data/Training/notumor/Tr-no_950.jpg,Tr-no_950.jpg,notumor,2,Training,False,8519,5a3188e76509aef2e0668b515b6d88786e7f9e61aaf49f02f083e842ffbd4235,False,,225,225,1.0,JPEG,RGB,e7a1203d97209d3a5241d243be55446b506fe159b763733409a08ed4f4cb2dce,13aa1e666e95c1b9646a4396b4e91cc9b39160b6b2d234e1cb4e33c29b3c378f,False,,0.14473183453083038,0.18123573064804077,0.044136032462120056,0.2939041554927826,0.15017151832580566,0.8427083333333333,0.0,excluded,redundant_high_similarity_perceptual_duplicate,data/Testing/notumor/Te-no_238.jpg,excluded,dup_03089
data/Training/notumor/Tr-no_952.jpg,Tr-no_952.jpg,notumor,2,Training,False,12465,61f9ff0caf5f1a1a84743aec1ef38f6760e2d3feca81875c89cbbaefa31d2d23,False,,206,244,0.8442622950819673,JPEG,RGB,aef35b69db0c79e097d58be5262a8159ab8786a7835af44976f4812063014d05,408a35a60eff99186fe2d1bb3a04da791d5f8e4638bbcd6830391da664e4989d,False,,0.27962741255760193,0.2633534371852875,0.09878778457641602,0.39995694160461426,0.24699604511260986,0.8369791666666667,0.03333333333333333,excluded,redundant_high_similarity_perceptual_duplicate,data/Testing/notumor/Te-no_130.jpg,excluded,dup_03546
data/Training/notumor/Tr-no_953.jpg,Tr-no_953.jpg,notumor,2,Training,False,11287,2da4892ae42747cfdda846378af2e16282996d376d758a5700e8a2c297080a33,False,,215,234,0.9188034188034188,JPEG,RGB,23f23bbbe7d3ee8d1b407d36fd3db888b37ad0c7e773bf1a303da4b00a4dd32c,523f1bd02fd2f40f3d08637f34bd4dc070f0368333d23c8f634b261bc30d363c,False,,0.37012702226638794,0.3131487965583801,0.07482027262449265,0.6619399189949036,0.11303181946277618,0.1875,0.0,excluded,redundant_high_similarity_perceptual_duplicate,data/Testing/notumor/Te-no_54.jpg,excluded,dup_03547
data/Training/notumor/Tr-no_955.jpg,Tr-no_955.jpg,notumor,2,Training,False,14544,6a028c0cf05b9ab47b44da36f2e934eaf2810f6c5fd00f98505a5925075d0256,False,,220,275,0.8,JPEG,L,c15cfd8d12ebf9b4000ff52aff0dacac17b09f5d0ac98f9ceeef887a82455655,119997b31e67d8597a4e246679585cec64273599e99af0a5737a86066561d899,False,,0.17121773958206177,0.16089105606079102,0.03773590549826622,0.2752872407436371,0.13707830011844635,0.87109375,0.0,excluded,redundant_high_similarity_perceptual_duplicate,data/Testing/notumor/Te-no_322.jpg,excluded,dup_02779
data/Training/notumor/Tr-no_958.jpg,Tr-no_958.jpg,notumor,2,Training,False,19042,0a832deee2b11878df626c5873e48ec32f206016d3d5e0492d6b32fc929e6c2c,False,,380,530,0.7169811320754716,JPEG,RGB,9d1a51188cc41253b67de9af6968dc05b15c49e58a204b19c1cde45e903b5643,51be4ecc6b509527356f1b9934b13372c3d24d89cf0e96649c3c365c49b1c98b,False,,0.22075770795345306,0.26081836223602295,2.553104786784388e-05,0.4594975709915161,5.556296673603356e-05,1.0,0.0,excluded,redundant_high_similarity_perceptual_duplicate,data/Testing/notumor/Te-no_221.jpg,excluded,dup_03343
data/Training/notumor/Tr-no_96.jpg,Tr-no_96.jpg,notumor,2,Training,False,6878,7b7215fe7c1ff69732f367c385a03875e532d020bfed81085759df47199c21b2,False,,232,217,1.0691244239631337,JPEG,RGB,51af7ac4b9b9ed472d20abd7dce811206f81215eea8dea0572dda00d70421507,1e9ccb496961b4b6678732db961e632dce598c38c86498e33732326739cbc598,False,,0.11816023290157318,0.1839268058538437,1.225490359502146e-05,0.35973691940307617,3.406629548408091e-05,1.0,0.0,excluded,redundant_high_similarity_perceptual_duplicate,data/Testing/notumor/Te-no_205.jpg,excluded,dup_02783
data/Training/notumor/Tr-no_960.jpg,Tr-no_960.jpg,notumor,2,Training,False,7728,06e3ba420bfe3e67af202f95309456d158c6496f86dce107aa546dd0a74b1ba4,False,,177,197,0.8984771573604061,JPEG,RGB,93ce2400724e9f3e62cf22fa32efd7c5507a0eab9f516d3c42049dedb98a6d6f,433393cb6cc81c343c65e34b32cc249b633cd9cc34e3ce33d8d36734370f0ccb,False,,0.2105722576379776,0.26796987652778625,0.0005667892401106656,0.4607604146003723,0.001230117049999535,1.0,0.0,excluded,redundant_high_similarity_perceptual_duplicate,data/Training/notumor/Tr-no_1260.jpg,excluded,dup_02937
data/Training/notumor/Tr-no_962.jpg,Tr-no_962.jpg,notumor,2,Training,False,8630,c59d4c3294098e50c969e58f7e834eb8146a5fb17b6b79660291a7c6a3cad4ad,False,,225,225,1.0,JPEG,RGB,a9eb7e67b95ee316bcf70b3daf5c2e5b8e39aee6599c13af86305bd9b422c5f5,16e53c4e691ae3b865e396e7b319ce1ea636186966999923984f6da436343196,False,,0.1437562257051468,0.2265022248029709,3.165849921060726e-05,0.3690429925918579,8.578539564041421e-05,1.0,0.0,excluded,redundant_high_similarity_perceptual_duplicate,data/Training/notumor/Tr-no_1100.jpg,excluded,dup_02797
data/Training/notumor/Tr-no_963.jpg,Tr-no_963.jpg,notumor,2,Training,False,15287,4984bb79a4b6f8bbe65f017c74fd7c1dce3f24d94cc9d33f92e22b441a0866ca,False,,214,236,0.9067796610169492,JPEG,RGB,d034c1518570498673117d75958b34595121e04fb51ec1ccc369d36f2f15d3f0,55dcc88d0a23e1236f7f89db2c30373065e324833878c8dfb5ad930e6337cc5c,False,,0.2713204026222229,0.22239959239959717,0.08539421111345291,0.4007621109485626,0.2130795568227768,0.240625,0.00026041666666666666,excluded,redundant_high_similarity_perceptual_duplicate,data/Training/notumor/Tr-no_1162.jpg,excluded,dup_02858
data/Training/notumor/Tr-no_964.jpg,Tr-no_964.jpg,notumor,2,Training,False,11722,36d2baee29de4e8dcea2bcbe2bdb22ce156cd2171a3f8f5437794b5d0f87d86e,False,,206,244,0.8442622950819673,JPEG,RGB,2cad20e94611b52ca30b691c608bba3597856b8953810603017df33eb4c7e958,408aca590fff66e76fe62e443a0425861d5f71b938bb32973039e25964e46762,False,,0.27916666865348816,0.26458457112312317,0.09861213713884354,0.3998047113418579,0.24665077030658722,0.83828125,0.03463541666666667,excluded,redundant_high_similarity_perceptual_duplicate,data/Training/notumor/Tr-no_413.jpg,excluded,dup_03252
data/Training/notumor/Tr-no_966.jpg,Tr-no_966.jpg,notumor,2,Training,False,8939,813168d582c5f47c0207f97718ae4f75819aafd75bbc996f22b2f2bb0a269508,False,,230,282,0.8156028368794326,JPEG,RGB,78e8e79760c69d6c5a0ed352990934a0719526df7b3a87a51887d229d81e68c0,542f3a646ee4e51b390bc4bf652f93c03299cb039286ca0fc65a9e39ce7a6934,False,,0.21469582617282867,0.18986402451992035,0.032138481736183167,0.37348058819770813,0.08605127781629562,0.15338541666666666,0.0,excluded,redundant_high_similarity_perceptual_duplicate,data/Training/notumor/Tr-no_1166.jpg,excluded,dup_02861
data/Training/notumor/Tr-no_967.jpg,Tr-no_967.jpg,notumor,2,Training,False,63465,7f04f0b6fd5821e19cf5a273a540df06a1f6bdcaa63bb235743e274fff825fbd,False,,562,592,0.9493243243243243,JPEG,RGB,624738d3ce67220206d41255a78e86a629273f5286281caa548ad2c7aa6bc155,06777e657fa8a8176e05247a4a1f99e8d87ca1a1786469a71998258798e6679e,False,,0.29828816652297974,0.3067229688167572,0.08126531541347504,0.5247175693511963,0.15487439930438995,0.8635416666666667,0.03958333333333333,excluded,redundant_exact_decoded_rgb_duplicate,data/Training/notumor/Tr-no_766.jpg,excluded,dup_03447
data/Training/notumor/Tr-no_968.jpg,Tr-no_968.jpg,notumor,2,Training,False,46275,27c9acaa0b75f4e86a4dfd8a1bdc1063e867598257e3b36365561a4c06ec37d7,False,,550,664,0.8283132530120482,JPEG,RGB,0f4f1cf8c762c7e126398081c2fa71b56f5bc406c2a876a34d5aeac164eaf5c6,5289d8312f740f4e3d427690382ff34bb0f40f3fb3d2197863ca8cf1634972c3,False,,0.34162193536758423,0.28734350204467773,0.0784691646695137,0.6279230117797852,0.12496621906757355,0.13385416666666666,0.0,excluded,redundant_high_similarity_perceptual_duplicate,data/Testing/notumor/Te-no_293.jpg,excluded,dup_03554
data/Training/notumor/Tr-no_969.jpg,Tr-no_969.jpg,notumor,2,Training,False,72192,ca0417b4c4dc6ac92ebdeeb71231b1a60a16299d04b7735c1bf725aa0649d8c2,False,,926,649,1.4268104776579353,JPEG,RGB,f7f79cb348cd48b1671a16dd7693a90b6e1bb0f99b3487786320710f694e0924,15130fe545aa3b8c0eabc78d7685303f2cbfc69c33fcb67072140e52dcd40f61,False,,0.22715729475021362,0.1567094326019287,0.12338746339082718,0.2779344916343689,0.44394439458847046,0.55390625,0.0,excluded,redundant_exact_decoded_rgb_duplicate,data/Training/notumor/Tr-no_933.jpg,excluded,dup_03532
data/Training/notumor/Tr-no_97.jpg,Tr-no_97.jpg,notumor,2,Training,False,9376,1046691dbc5f4354039ab7a946f1c13ba1f0021cde258cf5a1fbe7611528b3bb,False,,208,248,0.8387096774193549,JPEG,RGB,4c93e0d06135bfc89095a7c63a82838b0b7dfb8c8418b75222217f3d01ecb29b,11756ad51faaa50a7b2d32bc6c549deccc4a65b33b7a93142ce832973cb12692,False,,0.3704444169998169,0.297905296087265,0.08516339957714081,0.5914493203163147,0.14399103820323944,0.66796875,0.012760416666666666,excluded,redundant_high_similarity_perceptual_duplicate,data/Training/notumor/Tr-no_358.jpg,excluded,dup_03212
data/Training/notumor/Tr-no_970.jpg,Tr-no_970.jpg,notumor,2,Training,False,9825,848319fa803a07c09363808d245bba2de5e74d769cf46770d39d357a3dad6b0b,False,,236,236,1.0,JPEG,RGB,1808613c87be167b1962bda1efbb36e3bc6f91a15c26813304114eb002c58e62,111b8d655ad65a803d2933de3ce7cb3971d83937656ac2da6c8d81616bc87c25,False,,0.09365091472864151,0.09357787668704987,0.013711193576455116,0.15028437972068787,0.09123498946428299,0.8859375,0.0,excluded,redundant_exact_decoded_rgb_duplicate,data/Testing/notumor/Te-no_159.jpg,excluded,dup_03555
data/Training/notumor/Tr-no_971.jpg,Tr-no_971.jpg,notumor,2,Training,False,16148,dcec21068465d771bb815fe25baafbe607a6452e4d3d35060aaff7f1748dbf4d,False,,339,340,0.9970588235294118,JPEG,RGB,6b6b359ba2141d0f5f455e714f084422d49cdafed65b99a95a277f6d8a17808d,0a9979282866a4a620b9829970a7aa5a76888870dd20fde5f672ddb6d999f6e7,False,,0.1306372582912445,0.16591399908065796,0.03259497880935669,0.30469706654548645,0.10697503387928009,0.8716145833333333,0.0,excluded,redundant_high_similarity_perceptual_duplicate,data/Testing/notumor/Te-no_154.jpg,excluded,dup_03556
data/Training/notumor/Tr-no_973.jpg,Tr-no_973.jpg,notumor,2,Training,False,13008,7656c4aaa80937bc0135b900897e98862c15ef668d9db3c301d81bd05bae1cdb,False,,200,252,0.7936507936507936,JPEG,RGB,2a0367910b0b23457b6af77023bac3be3f5316b21a6bb2c90c744a53e2f425c4,110be89b1ff406317a2b698b2ddcbe66cb2173a862452cc5e4d2d2349f4a275f,False,,0.4879325330257416,0.32058805227279663,0.23531149327754974,0.5503178834915161,0.4275919497013092,0.022916666666666665,0.05651041666666667,excluded,redundant_high_similarity_perceptual_duplicate,data/Training/notumor/Tr-no_849.jpg,excluded,dup_03492
data/Training/notumor/Tr-no_974.jpg,Tr-no_974.jpg,notumor,2,Training,False,11766,c6eab5a180a3db800d5eeb4531d01b57ae5aa432171cfafa8b1f8cfecfed4c53,False,,208,242,0.859504132231405,JPEG,RGB,d970a4e9a9d90483e198fab23999798190108e19e61a305ef9223c6ea502b3ef,425b0ee41c44fb8e7bbfb060cbc178099e74c43b69cc933d8d6258ec996a66f0,False,,0.38584965467453003,0.2160429060459137,0.24780741333961487,0.49930012226104736,0.4963095486164093,0.0,0.0453125,excluded,redundant_high_similarity_perceptual_duplicate,data/Testing/notumor/Te-no_301.jpg,excluded,dup_03558
data/Training/notumor/Tr-no_975.jpg,Tr-no_975.jpg,notumor,2,Training,False,42496,7d3ed9bbd82529237c3a31107966ecad504ffb5d3ed73ba36d19d8cd1d8e0d48,False,,680,680,1.0,JPEG,RGB,f0ddfd16fdd49622c4b8a51bd050c3ec65e9144a7607bb83a87cdf99bdc5fdb0,43bd3f4c6cc2b0b72f2b90f43c3cd2d28cf09343d8f0e30fccd2c32c34c38f34,False,,0.19864526391029358,0.17179594933986664,0.06724775582551956,0.36980026960372925,0.18184885382652283,0.03333333333333333,0.0,excluded,redundant_high_similarity_perceptual_duplicate,data/Training/notumor/Tr-no_909.jpg,excluded,dup_03522
data/Training/notumor/Tr-no_976.jpg,Tr-no_976.jpg,notumor,2,Training,False,6672,eed7c6503c6f5fa2b9c0bf17e4f1eb55835c5b71353c08842b4039c62f2289dd,False,,192,192,1.0,JPEG,RGB,ef19e650e76fc4187b85afc7d097aa885d4a7417241576ab2cf59886c8798874,42c8b2f32d3e494c30f4a63432d358fc63c892f3cb0f638b67349e5c98d66336,False,,0.23863142728805542,0.3280368447303772,4.3913405534112826e-05,0.5770708918571472,7.609707245137542e-05,1.0,0.0,excluded,redundant_high_similarity_perceptual_duplicate,data/Training/notumor/Tr-no_1184.jpg,excluded,dup_02878
data/Training/notumor/Tr-no_98.jpg,Tr-no_98.jpg,notumor,2,Training,False,52569,2ad6ffff97ce8cbfd5d4785955ea16a6ccf7090eb67a8015e47cd8902571b827,False,,416,512,0.8125,JPEG,RGB,531aa89c935d2f26a58e34bc9555d8930d3345b9bd33c0ce077c1e435ccc405a,01d57a887e6a28677998a1da3a6625da66999ba1c99e67631e661c9f61589267,False,,0.22691529989242554,0.19598951935768127,0.06462214142084122,0.37865063548088074,0.17066429555416107,0.14973958333333334,0.0,excluded,redundant_exact_decoded_rgb_duplicate,data/Training/notumor/Tr-no_1085.jpg,excluded,dup_02781
data/Training/notumor/Tr-no_981.jpg,Tr-no_981.jpg,notumor,2,Training,False,19860,0a716d5b83133cb727381d1383d5c59e23c11b7fabdbf7dbc579acb879f6efa7,False,,441,442,0.997737556561086,JPEG,RGB,9d9641e11f64a8e1d1876d3016ad7ab5cd5cf4b9fedda9bb264095b3849a8ebb,176ab53a7e857ac5781fc87e716831e06da16587638566963796321a669ec618,False,,0.254316508769989,0.2124645859003067,0.07198120653629303,0.42617762088775635,0.1688995510339737,0.0026041666666666665,0.0,excluded,redundant_high_similarity_perceptual_duplicate,data/Testing/notumor/Te-no_174.jpg,excluded,dup_02716
data/Training/notumor/Tr-no_982.jpg,Tr-no_982.jpg,notumor,2,Training,False,24920,0104aa775534f5dab977014bb0256368f96f262f3c377bcd14a103b65679f73f,False,,356,474,0.7510548523206751,JPEG,RGB,1202bfef36bd368604a6487773fca55b8c2644f951b1dfb4912bc955b08aaf62,53107a243aefe6cb3cd06d70b50a968793fd5a559390c9588f02dc3ad22f6725,False,,0.2997695207595825,0.31294485926628113,0.018616218119859695,0.6572868824005127,0.028322819620370865,0.9140625,0.0,excluded,redundant_high_similarity_perceptual_duplicate,data/Training/notumor/Tr-no_542.jpg,excluded,dup_03335
data/Training/notumor/Tr-no_984.jpg,Tr-no_984.jpg,notumor,2,Training,False,5868,173a41b949f0af0ea4e90b335de0e1885e92e9ad296cd59ab88646ac39e17fc7,False,,228,221,1.0316742081447965,JPEG,RGB,ac9907b23b626ef613e80d0aaf2f605942d09619d9f503104e951f6b9a13f63d,423d2f632dc2f0ac742d93f01cbcdac831f0cb2b30c3192733c373cc33cf333c,False,,0.16677534580230713,0.20895281434059143,0.013405842706561089,0.3364458978176117,0.03984546288847923,0.9614583333333333,0.0,excluded,redundant_high_similarity_perceptual_duplicate,data/Testing/notumor/Te-no_295.jpg,excluded,dup_02985
data/Training/notumor/Tr-no_985.jpg,Tr-no_985.jpg,notumor,2,Training,False,16669,9330a2005429b499301a0573847d1fcfeb71276420068a5817fec5c9cee5be26,False,,393,400,0.9825,JPEG,RGB,11cf3cb9e467d8749e90d3262cb3935df91bbef26af42c4ec8483c50b9d5fd00,40cc4bcc2f5bb5333c3564cc6c329c3334db6364c8ec98ce334dd333993334dc,False,,0.2235100269317627,0.20093652606010437,0.05674530193209648,0.40839654207229614,0.13894657790660858,0.0,0.0,excluded,redundant_high_similarity_perceptual_duplicate,data/Training/notumor/Tr-no_1015.jpg,excluded,dup_02708
data/Training/notumor/Tr-no_986.jpg,Tr-no_986.jpg,notumor,2,Training,False,22067,cf295c8a79eac47c584277004796711036d122ae829ceaca90099f1ec93f3884,False,,428,417,1.026378896882494,JPEG,RGB,397e109e759a5ef433801f4e53908636823d9616fcafbf28d4c704daacd1d005,057a6a9d5b81a54a7a17b5a8297896a579e09e6639e49e4639e09c763187cec6,False,,0.13906490802764893,0.1431848704814911,0.04242953285574913,0.18810223042964935,0.2255663424730301,0.8614583333333333,0.0,excluded,redundant_high_similarity_perceptual_duplicate,data/Testing/notumor/Te-no_24.jpg,excluded,dup_02795
data/Training/notumor/Tr-no_987.jpg,Tr-no_987.jpg,notumor,2,Training,False,16653,233a5d8b0deeed1fc4a2d8ba343d38c761b76ed8b751945e350ca7e03aaefda5,False,,393,400,0.9825,JPEG,RGB,4e3e0b269cc9789108ab5aea7ee604e47d68fb6440f76a801f2575f6837820c0,15991e997a5ee066696131993967c966619e36319db9cd9b66588666cc666199,False,,0.2235131412744522,0.20092764496803284,0.05681883171200752,0.40839940309524536,0.13912564516067505,0.0,0.0,excluded,redundant_high_similarity_perceptual_duplicate,data/Testing/notumor/Te-no_78.jpg,excluded,dup_02920
data/Training/notumor/Tr-no_988.jpg,Tr-no_988.jpg,notumor,2,Training,False,23358,2a3b9b423f3d550d79219fca9633548aeb909b9b514497dca4e662829a1fc094,False,,442,442,1.0,JPEG,L,1f5a9e60f08843e2f686a3650f581e376514d90deed566286257b5353291f9bf,52eecb1b6850a5a52d291e5e34bf60f630b493c033429a2fe78f61b1c30fd99a,False,,0.26162636280059814,0.31780385971069336,0.0,0.5671482086181641,0.0,1.0,0.0,excluded,redundant_high_similarity_perceptual_duplicate,data/Training/notumor/Tr-no_862.jpg,excluded,dup_03498
data/Training/notumor/Tr-no_989.jpg,Tr-no_989.jpg,notumor,2,Training,False,10908,a820973ab9e444f92fdc4e5eb2e584a72d5da660675f1793469f229f40199538,False,,218,231,0.9437229437229437,JPEG,RGB,1a813a68316668d7617fcf7cce4b3d415b7539d86822e11b7faec80ec2997625,06663e667aaa70196a55c1df699ae5a8656037a52c876636269e961ada5a9f1a,False,,0.21846158802509308,0.2025562971830368,0.03211908042430878,0.38355162739753723,0.0837412178516388,0.9174479166666667,0.0,excluded,redundant_high_similarity_perceptual_duplicate,data/Training/notumor/Tr-no_1055.jpg,excluded,dup_02750
data/Training/notumor/Tr-no_99.jpg,Tr-no_99.jpg,notumor,2,Training,False,9303,29bd72d00d4c467e039beaaf119d9aad893f402adc94c19cdd203a7ec8b4aace,False,,232,217,1.0691244239631337,JPEG,RGB,d273607a9251ff9c96f8adff4d19cf76d1f82bb1e9e1d6d23d996ff9de11665d,41ee9ffc6399ef411a46c14e2f331e3e092296f8693984783c399bb0bc31c9f0,False,,0.3465415835380554,0.26081761717796326,0.14657577872276306,0.5179151296615601,0.28301119804382324,0.6182291666666667,0.018489583333333334,excluded,redundant_high_similarity_perceptual_duplicate,data/Testing/notumor/Te-no_241.jpg,excluded,dup_03564
data/Training/notumor/Tr-no_990.jpg,Tr-no_990.jpg,notumor,2,Training,False,45788,49db0659a53802695ac4af817cff544f8034e7c9883a6751e0e321c86337f86a,False,,417,424,0.9834905660377359,JPEG,RGB,9258d1b28d8adb3c917ab5bb59d1395ed78c441009e44ade6be60b6c111bae2d,15993e9e7a66e865685be78c396466363598c739c9919c9a3266667639991859,True,ExifOffset|Orientation|Software,0.19351090490818024,0.19588540494441986,0.04400939494371414,0.3541504144668579,0.12426752597093582,0.853125,0.0,excluded,redundant_exact_decoded_rgb_duplicate,data/Training/notumor/Tr-no_1240.jpg,excluded,dup_02921
data/Training/notumor/Tr-no_991.jpg,Tr-no_991.jpg,notumor,2,Training,False,8640,e55bb9a6583a9504dbc7db02b03c81ff314943755f5b14faf4b405a61daf4edc,False,,228,221,1.0316742081447965,JPEG,RGB,010f1703792c95320ba2ebb8da16b555b08cc1e77fbc1255a221a3b918006510,17a785e16a56da976999db6a2c65cc4964938ca5659b1965b3366991193c39c6,False,,0.2606857120990753,0.27839305996894836,0.03833435848355293,0.5447266101837158,0.07037357240915298,0.9158854166666667,0.00026041666666666666,excluded,redundant_high_similarity_perceptual_duplicate,data/Testing/notumor/Te-no_17.jpg,excluded,dup_03304
data/Training/notumor/Tr-no_992.jpg,Tr-no_992.jpg,notumor,2,Training,False,10114,e0c4e90be96ecadc5b633a6dea95cbafefd17bce417e81291ff9c6e778b621a5,False,,225,225,1.0,JPEG,RGB,7eeb4432c365ad0a7f3433dfc3cb1f3cd25b3974b2f9272277285f72cdad1ec8,42dc6f0c2c2230f33b0fb2fd6cf03382b139c64bc9a59b3f1cf0cccccc929b38,False,,0.2358836531639099,0.2938755750656128,0.031830064952373505,0.5228995084762573,0.060872241854667664,0.9424479166666667,0.013020833333333334,excluded,redundant_high_similarity_perceptual_duplicate,data/Training/notumor/Tr-no_568.jpg,excluded,dup_03348
data/Training/notumor/Tr-no_993.jpg,Tr-no_993.jpg,notumor,2,Training,False,24645,c9687992fb9b08ab473b261f402dcf5c196db74f8f5b0a68a8dde724e6a58280,False,,230,282,0.8156028368794326,JPEG,RGB,35b99c1f38422a14dc97c48ad9ea571dc4b89095e02dba651c4c5a465bbbc8b8,017a6b313bb1b04e6c5e91ea307ac68563cc9e56c7c39a5a930fcb2c9b2f3861,True,59932|Artist|ExifOffset|Orientation|XPAuthor,0.21469441056251526,0.18986645340919495,0.03234885632991791,0.3736969530582428,0.08656440675258636,0.15625,0.0,excluded,redundant_high_similarity_perceptual_duplicate,data/Training/notumor/Tr-no_1125.jpg,excluded,dup_02822
data/Training/notumor/Tr-no_994.jpg,Tr-no_994.jpg,notumor,2,Training,False,8596,c6deb2680ade67d4dd9abecb7e6c3fa420dab1022d8b3678a48d9ac66fd5ddce,False,,227,222,1.0225225225225225,JPEG,RGB,1e41e7b588694b7826702cca56c3ad1d3d68df42e0b3348ec8870a021f2aee32,502fc0370ed40fe12f421f027c2f3c0f2cb534cc6cb174fc6cb776dc74d26464,False,,0.13979732990264893,0.14311529695987701,0.04283700883388519,0.1882573366165161,0.22754496335983276,0.8544270833333333,0.0,excluded,redundant_high_similarity_perceptual_duplicate,data/Testing/notumor/Te-no_336.jpg,excluded,dup_02780
data/Training/notumor/Tr-no_995.jpg,Tr-no_995.jpg,notumor,2,Training,False,31704,8d1b8cb2975b43db869caaecbffd11f51651b6c25d35928f84cc295215cfb822,False,,442,442,1.0,JPEG,RGB,09c92845c502d8b0f9db145e4ea16c146d7881f2b6420a8d36866a4ef3073bb7,13e93e1f6a56a1b16c3ac3d034bdcf0f61948f2e72d21c3c334b6cf0862d8cc3,False,,0.21957674622535706,0.20556911826133728,0.06430044770240784,0.38408106565475464,0.16741374135017395,0.0,0.0,excluded,redundant_high_similarity_perceptual_duplicate,data/Testing/notumor/Te-no_330.jpg,excluded,dup_02930
data/Training/notumor/Tr-no_996.jpg,Tr-no_996.jpg,notumor,2,Training,False,10128,d1e83afe507db54907646f7b17ad524d821efa3e19343532712870a6c381b339,False,,206,244,0.8442622950819673,JPEG,RGB,8e5483c83365c8036a154bfe34fde8292185538000d230c37bdd014967616579,400237a60effb9086fe0d13b3a01ca783d5f8e4638bacd4830b8dda764f4999f,False,,0.3743482232093811,0.18951596319675446,0.23088032007217407,0.4600021243095398,0.5019114017486572,0.0,0.012760416666666666,excluded,redundant_high_similarity_perceptual_duplicate,data/Testing/notumor/Te-no_53.jpg,excluded,dup_03315
data/Training/notumor/Tr-no_997.jpg,Tr-no_997.jpg,notumor,2,Training,False,12634,11710fc637162c21b6e62968d417c852ec8daa3c4cb42a403b775db39b44e3f0,False,,208,242,0.859504132231405,JPEG,RGB,870fb24b169f0b6670cea581b2a6d616891a125114b7067ba1ff97373c03bdd0,441cbb151b77c92e2614de1318335105305d805b61574d7f61fab97f32faa9aa,False,,0.47063708305358887,0.19446760416030884,0.33451494574546814,0.5432387590408325,0.6157788634300232,0.0,0.04635416666666667,excluded,redundant_high_similarity_perceptual_duplicate,data/Training/notumor/Tr-no_140.jpg,excluded,dup_03055
data/Training/notumor/Tr-no_999.jpg,Tr-no_999.jpg,notumor,2,Training,False,30643,c9717a332981ffed9fe067fa13b61c369ea87f8b2450e50fe38c9b126c9fcd94,False,,441,442,0.997737556561086,JPEG,RGB,b3993a0abf355a40caffef1c65a489b5de2a61ed8da731c4f00a2e5006318c5a,17680ac57e95853a781f17817168ce1f6da19a786385196837968da5669e39e7,False,,0.25509822368621826,0.2225208729505539,0.07496119290590286,0.42640167474746704,0.17579947412014008,0.010416666666666666,0.0026041666666666665,excluded,redundant_high_similarity_perceptual_duplicate,data/Training/notumor/Tr-no_646.jpg,excluded,dup_03387
data/Training/pituitary/Tr-pi_1071.jpg,Tr-pi_1071.jpg,pituitary,3,Training,False,26904,b204aa522460d1a772549e65023ac4f67b3ad1f57a1be54c59ece19fcd2d0081,False,,512,512,1.0,JPEG,RGB,2e8094d6072cf0effca3b7aa0f92ad2d12f7811cb261b476818e6a420007e6c9,07e16e66381eb5b9606896966585db5aa61fc369ce583da598616c9699a726d2,False,,0.11208544671535492,0.15196219086647034,0.001989379059523344,0.25766316056251526,0.007720851805061102,1.0,0.0,excluded,redundant_exact_decoded_rgb_duplicate,data/Training/pituitary/Tr-pi_1023.jpg,excluded,dup_03594
data/Training/pituitary/Tr-pi_1155.jpg,Tr-pi_1155.jpg,pituitary,3,Training,False,38348,93ea61a9b554ed27c76d767221bba1d6c8b24a03521aee53f4b822b89efa41b2,False,,512,512,1.0,JPEG,RGB,52e5d75880b7adc9db71a3008893cae5b1c2933410322e1a677fc320a41e2d5b,40b43d492f43f03c2dcc70b0332764c0349f73cb2e3ef34b72189f0d1e63de74,False,,0.17007267475128174,0.18582090735435486,0.031494077295064926,0.28675228357315063,0.10983026027679443,0.8614583333333333,0.0,excluded,redundant_exact_decoded_rgb_duplicate,data/Training/pituitary/Tr-pi_1098.jpg,excluded,dup_03675
data/Training/pituitary/Tr-pi_1196.jpg,Tr-pi_1196.jpg,pituitary,3,Training,False,268812,ac081dc77c62c1902feb757aa652c2af19c67d31ec646fd3f2a50249729f570c,False,,1338,1304,1.0260736196319018,JPEG,RGB,9eb3b566bcf27ca7a770114e30e7a2fcdb18198f0f75c6def298eac4098f4e0d,555880af4b621fd4cea96a532f4fd8603e2f256878b48cd931b478a56c7232d7,False,,0.3031049072742462,0.1995377093553543,0.14702513813972473,0.4137398600578308,0.35535648465156555,0.26614583333333336,0.0,excluded,redundant_exact_decoded_rgb_duplicate,data/Training/pituitary/Tr-pi_1122.jpg,excluded,dup_03703
data/Training/pituitary/Tr-pi_1207.jpg,Tr-pi_1207.jpg,pituitary,3,Training,False,26904,b204aa522460d1a772549e65023ac4f67b3ad1f57a1be54c59ece19fcd2d0081,False,,512,512,1.0,JPEG,RGB,2e8094d6072cf0effca3b7aa0f92ad2d12f7811cb261b476818e6a420007e6c9,07e16e66381eb5b9606896966585db5aa61fc369ce583da598616c9699a726d2,False,,0.11208544671535492,0.15196219086647034,0.001989379059523344,0.25766316056251526,0.007720851805061102,1.0,0.0,excluded,redundant_exact_decoded_rgb_duplicate,data/Training/pituitary/Tr-pi_1023.jpg,excluded,dup_03594
data/Training/pituitary/Tr-pi_1211.jpg,Tr-pi_1211.jpg,pituitary,3,Training,False,46623,de35915b30be9cb513305bb03b1fcf263dadf7259aa666e02f09215118f7f65a,False,,512,512,1.0,JPEG,RGB,67a8b3ee85e9bee199cfcfcf044a14b090ace672c887990e7e4c82b94bca7c42,50024a9110efe30248dd13ee677099d627d08b5e7e32f3494cd6363b7b03cede,False,,0.2481682449579239,0.14917027950286865,0.1134650707244873,0.2935968339443207,0.38646557927131653,0.21588541666666666,0.0,excluded,redundant_exact_decoded_rgb_duplicate,data/Training/pituitary/Tr-pi_1154.jpg,excluded,dup_03738
data/Training/pituitary/Tr-pi_1320.jpg,Tr-pi_1320.jpg,pituitary,3,Training,False,23542,857318e9eb1f335d05f4700258466a78972a3e147365b2e3d0405def9eee3d26,False,,512,512,1.0,JPEG,RGB,ab2656773346cdc1e69c0745c28e5260dc7a5828a2f80c2bbc3acc198abcfdea,06e4e6263e4e7b596179399961a1de66c61748611f1a3596c8e82616cd65db79,False,,0.10540533065795898,0.13974310457706451,0.0038991014007478952,0.22648879885673523,0.01721542701125145,0.9989583333333333,0.0,excluded,redundant_exact_decoded_rgb_duplicate,data/Training/pituitary/Tr-pi_1133.jpg,excluded,dup_03715
data/Training/pituitary/Tr-pi_1339.jpg,Tr-pi_1339.jpg,pituitary,3,Training,False,46623,de35915b30be9cb513305bb03b1fcf263dadf7259aa666e02f09215118f7f65a,False,,512,512,1.0,JPEG,RGB,67a8b3ee85e9bee199cfcfcf044a14b090ace672c887990e7e4c82b94bca7c42,50024a9110efe30248dd13ee677099d627d08b5e7e32f3494cd6363b7b03cede,False,,0.2481682449579239,0.14917027950286865,0.1134650707244873,0.2935968339443207,0.38646557927131653,0.21588541666666666,0.0,excluded,redundant_exact_decoded_rgb_duplicate,data/Training/pituitary/Tr-pi_1154.jpg,excluded,dup_03738
data/Training/pituitary/Tr-pi_1352.jpg,Tr-pi_1352.jpg,pituitary,3,Training,False,14677,53446ebefbb558643e11fe7ecf3059737e2814172797c680e50463dd03656fdf,False,,202,202,1.0,JPEG,RGB,1e63c456fce555e43d771640e08a95c9faceaffece007b5b72c1c003daef7d78,408e99510e73e67e789d1cea1fc0e2a57a3178580067cff1f9d81054ef776381,False,,0.2720308303833008,0.18304932117462158,0.2036724090576172,0.32278168201446533,0.6309912204742432,0.3182291666666667,0.00026041666666666666,excluded,redundant_exact_decoded_rgb_duplicate,data/Training/pituitary/Tr-pi_1209.jpg,excluded,dup_03796
data/Training/pituitary/Tr-pi_1380.jpg,Tr-pi_1380.jpg,pituitary,3,Training,False,29615,fa1b99a077c2038fb23ef239e11ae9c34bae7cb6ffcaf1fc44a4793a775384ce,False,,512,512,1.0,JPEG,RGB,52e5d75880b7adc9db71a3008893cae5b1c2933410322e1a677fc320a41e2d5b,40b43d492f43f03c2dcc70b0332764c0349f73cb2e3ef34b72189f0d1e63de74,False,,0.17007267475128174,0.18582090735435486,0.031494077295064926,0.28675228357315063,0.10983026027679443,0.8614583333333333,0.0,excluded,redundant_exact_decoded_rgb_duplicate,data/Training/pituitary/Tr-pi_1098.jpg,excluded,dup_03675
data/Training/pituitary/Tr-pi_160.jpg,Tr-pi_160.jpg,pituitary,3,Training,False,46623,de35915b30be9cb513305bb03b1fcf263dadf7259aa666e02f09215118f7f65a,False,,512,512,1.0,JPEG,RGB,67a8b3ee85e9bee199cfcfcf044a14b090ace672c887990e7e4c82b94bca7c42,50024a9110efe30248dd13ee677099d627d08b5e7e32f3494cd6363b7b03cede,False,,0.2481682449579239,0.14917027950286865,0.1134650707244873,0.2935968339443207,0.38646557927131653,0.21588541666666666,0.0,excluded,redundant_exact_decoded_rgb_duplicate,data/Training/pituitary/Tr-pi_1154.jpg,excluded,dup_03738
data/Training/pituitary/Tr-pi_17.jpg,Tr-pi_17.jpg,pituitary,3,Training,False,189502,f2152513bd2804ec1ef7e8b188ab72a991417708a0b98e3dac3131578d1aa794,False,,900,741,1.214574898785425,JPEG,RGB,fdb32f43de59ce77b2884b45640d89ef20b9fc4906b31a18e0c91557eeaec7b4,15a29f4a1ea5589f6b481a70f033185b1bd0f1c35b1b99c9938f732fc1cc9b8c,False,,0.1616842895746231,0.150015190243721,0.06909008324146271,0.24203434586524963,0.28545570373535156,0.7385416666666667,0.0,excluded,redundant_high_similarity_perceptual_duplicate,data/Training/pituitary/Tr-pi_1029.jpg,excluded,dup_03600
data/Training/pituitary/Tr-pi_195.jpg,Tr-pi_195.jpg,pituitary,3,Training,False,49394,2ff387b9c84bad104f2f095f9832781f634931e584e02a1afab513037079eea5,False,,441,429,1.027972027972028,JPEG,RGB,5b53890928f26118d7e44d0b326cab4c6feeff40c46b7fd6bd3085754ee8d5f7,15734a9d358c6b53557125cc5bca94216a2b368e3e81ce2b16f778ac165fcc45,False,,0.2632018029689789,0.1802283674478531,0.18888379633426666,0.3062892556190491,0.6166843771934509,0.2546875,0.004427083333333333,excluded,redundant_exact_decoded_rgb_duplicate,data/Training/pituitary/Tr-pi_1399.jpg,excluded,dup_04001
data/Training/pituitary/Tr-pi_261.jpg,Tr-pi_261.jpg,pituitary,3,Training,False,34589,1bbe995f377f1eb224e2a963238bbfacf7bf49a3d7219bbc3dd781b5c34e4fb8,False,,512,512,1.0,JPEG,RGB,ce0e33de67f4f9eb72d40580253f48fbdd35c127e78a90bddb105fb8ce6bfa7e,40f43d0b3b0bf4bc3de97990372f664230bc938b4e58b76db330cc4dcc303336,False,,0.14142492413520813,0.16003382205963135,0.02636846713721752,0.25037625432014465,0.10531536489725113,0.8822916666666667,0.0,excluded,redundant_exact_decoded_rgb_duplicate,data/Training/pituitary/Tr-pi_1309.jpg,excluded,dup_03906
data/Training/pituitary/Tr-pi_306.jpg,Tr-pi_306.jpg,pituitary,3,Training,False,189502,f2152513bd2804ec1ef7e8b188ab72a991417708a0b98e3dac3131578d1aa794,False,,900,741,1.214574898785425,JPEG,RGB,fdb32f43de59ce77b2884b45640d89ef20b9fc4906b31a18e0c91557eeaec7b4,15a29f4a1ea5589f6b481a70f033185b1bd0f1c35b1b99c9938f732fc1cc9b8c,False,,0.1616842895746231,0.150015190243721,0.06909008324146271,0.24203434586524963,0.28545570373535156,0.7385416666666667,0.0,excluded,redundant_high_similarity_perceptual_duplicate,data/Training/pituitary/Tr-pi_1029.jpg,excluded,dup_03600
data/Training/pituitary/Tr-pi_320.jpg,Tr-pi_320.jpg,pituitary,3,Training,False,35906,8afa71fed3d0307237b24872056b750f3c06ee0d9527c35241b908eb7404080f,False,,512,512,1.0,JPEG,RGB,499fa8e15ba3c54d319dda59d3f7209a67ad6a7cb860ea1350c882ffb11abbd2,000388ff5ffcdcc41ba355175a05daaa88be58ad1ef9f8d558f1117118c598d3,False,,0.19351807236671448,0.12668198347091675,0.11376940459012985,0.23443053662776947,0.48530113697052,0.4427083333333333,0.0,excluded,redundant_exact_decoded_rgb_duplicate,data/Training/pituitary/Tr-pi_311.jpg,excluded,dup_04189
data/Training/pituitary/Tr-pi_384.jpg,Tr-pi_384.jpg,pituitary,3,Training,False,268072,aff49c4e9fbe859bc0608338e96e8e4eab4743e7100c05f81b48e68a799d38d4,False,,1335,1302,1.0253456221198156,JPEG,RGB,75d7a7d13fb9b0fd39846e0b17b646402a339a9960890dd256e03e80b9998b6e,515880af4b621fd4deab6a572f4fd8603e2f256878b48cd931b478a56c723296,False,,0.3039373755455017,0.19938483834266663,0.1478104591369629,0.41417068243026733,0.3568829596042633,0.26536458333333335,0.0,excluded,redundant_exact_decoded_rgb_duplicate,data/Training/pituitary/Tr-pi_1187.jpg,excluded,dup_03773
data/Training/pituitary/Tr-pi_397.jpg,Tr-pi_397.jpg,pituitary,3,Training,False,29953,e99074ab025d65cc916b786675d37496c0f045c8267c222bfbc29c04dab42ffd,False,,350,400,0.875,JPEG,RGB,78eb183d6c477d0749157b57d65b6a61c1bde54676697d51f61dc095b50cc556,75550afe002bff5048bf0d2892ff69120ee5d0da6bd53720dad36d8433d0b652,False,,0.25540173053741455,0.1798338145017624,0.1805831491947174,0.2831208109855652,0.6378307342529297,0.25078125,0.0,excluded,redundant_exact_decoded_rgb_duplicate,data/Training/pituitary/Tr-pi_286.jpg,excluded,dup_04161
data/Training/pituitary/Tr-pi_405.jpg,Tr-pi_405.jpg,pituitary,3,Training,False,17709,6e4a32b7a73554a9a26b0e594f63d76920f7caeea52be19c323f8ad755d17f8b,False,,201,210,0.9571428571428572,JPEG,RGB,57ae58bef105216eb5c8bc256765c0a9528c9c15cd823577351697ec6d7f85da,4055df806647267719bac95f1efa636327d49d682da87e1ad861199866e26a66,False,,0.2804926931858063,0.23968137800693512,0.10321793705224991,0.38510170578956604,0.26802772283554077,0.5994791666666667,0.0005208333333333333,excluded,redundant_exact_decoded_rgb_duplicate,data/Training/pituitary/Tr-pi_206.jpg,excluded,dup_04074
data/Training/pituitary/Tr-pi_430.jpg,Tr-pi_430.jpg,pituitary,3,Training,False,32090,7d0738e4f6493b449e20a147b80f674c589dc478dd6b5ccd4fb6ea1c329f0cfe,False,,512,512,1.0,JPEG,RGB,e45526f8aa850a5f69360c6b23fbcd606eaec18f828826b4475a90e2e0c3b691,54110bd752ae3e722badfd4a7855261b2d6ae1ee35bb64a063d134c567107386,False,,0.2256062924861908,0.1739305555820465,0.1070108413696289,0.2850739359855652,0.3753792643547058,0.609375,0.00078125,excluded,redundant_exact_decoded_rgb_duplicate,data/Training/pituitary/Tr-pi_221.jpg,excluded,dup_04091
data/Training/pituitary/Tr-pi_461.jpg,Tr-pi_461.jpg,pituitary,3,Training,False,74371,dc8ef910fb6a27abfe1862e83beeacb91864e160cd6919e5f0b2ebc039b865c4,False,,624,607,1.028006589785832,JPEG,RGB,1f4165196a29895318a1956095631c7d8115829a47dff94e9d0656061de4c1d6,15734a9f358c6b53557527cc53ca95214a2a378f7ea9c62a06e778ac1657c825,False,,0.2642640471458435,0.18001386523246765,0.19182088971138,0.3069700002670288,0.6248847842216492,0.24635416666666668,0.0046875,excluded,redundant_exact_decoded_rgb_duplicate,data/Training/pituitary/Tr-pi_1252.jpg,excluded,dup_03843
data/Training/pituitary/Tr-pi_476.jpg,Tr-pi_476.jpg,pituitary,3,Training,False,74811,59b7545faed7fe8962c1853d6dd379ab5e5ddfe6970a42a0017a4114fb1a95ad,False,,625,603,1.0364842454394694,JPEG,RGB,01d0b59de8c0a274ef2e2a3c317c437303f59a5592d0befa3fcd0d4421558271,15734a9d358c6b5355f527cc538a9521482a378f7e29c62b06a77abc1657e825,False,,0.26462429761886597,0.1802743822336197,0.1933548003435135,0.3075195550918579,0.6287561058998108,0.2453125,0.0049479166666666664,excluded,redundant_exact_decoded_rgb_duplicate,data/Training/pituitary/Tr-pi_396.jpg,excluded,dup_04280
data/Training/pituitary/Tr-pi_504.jpg,Tr-pi_504.jpg,pituitary,3,Training,False,34335,690ed9d73b96706b833cfbb95e40543fe022c7579ab74693873e2c26766c5efb,False,,512,512,1.0,JPEG,RGB,0b2d08af125b5726fa686d3948d041392b7fcaaa91f83673cc07b6213a6d6af9,552f0bf03e8578032a5eb1726de834ad63e1678512d7e61e0e5a9a7bc878c869,False,,0.21537107229232788,0.18344566226005554,0.04682496562600136,0.3035663664340973,0.15424951910972595,0.7111979166666667,0.0,excluded,redundant_exact_decoded_rgb_duplicate,data/Training/pituitary/Tr-pi_163.jpg,excluded,dup_04028
data/Training/pituitary/Tr-pi_515.jpg,Tr-pi_515.jpg,pituitary,3,Training,False,34353,6c374ab41105e5927d08e15103c8c27416f8e7d03c15c03d104ace5b310bd0ed,False,,512,512,1.0,JPEG,RGB,336db9961feb7869f3d5c196c132e15477a62c5dff7c2998dba1c552c9c2d681,540b4afd0ff46d422cce3d322d3f74bd34fc24f072b1b0c833c2330b730e234f,False,,0.19793343544006348,0.1543595939874649,0.05223754793405533,0.27977272868156433,0.18671421706676483,0.4515625,0.0,excluded,redundant_exact_decoded_rgb_duplicate,data/Training/pituitary/Tr-pi_410.jpg,excluded,dup_04295
data/Training/pituitary/Tr-pi_528.jpg,Tr-pi_528.jpg,pituitary,3,Training,False,74371,dc8ef910fb6a27abfe1862e83beeacb91864e160cd6919e5f0b2ebc039b865c4,False,,624,607,1.028006589785832,JPEG,RGB,1f4165196a29895318a1956095631c7d8115829a47dff94e9d0656061de4c1d6,15734a9f358c6b53557527cc53ca95214a2a378f7ea9c62a06e778ac1657c825,False,,0.2642640471458435,0.18001386523246765,0.19182088971138,0.3069700002670288,0.6248847842216492,0.24635416666666668,0.0046875,excluded,redundant_exact_decoded_rgb_duplicate,data/Training/pituitary/Tr-pi_1252.jpg,excluded,dup_03843
data/Training/pituitary/Tr-pi_564.jpg,Tr-pi_564.jpg,pituitary,3,Training,False,30598,a1ee82164acd190067400d50f236fbb6004c0002fe3c09e4cf2d71752865140b,False,,512,512,1.0,JPEG,RGB,281d929e0a424a256a2c0298615a9a0110b05d7efe492569c351519e52c2b126,14400bb75aaa3de22a113d8e68273c7a6dfce42931f0e7b462d5e4d22706e3db,False,,0.22842946648597717,0.17088042199611664,0.07665033638477325,0.3071538209915161,0.24955032765865326,0.69140625,0.0,excluded,redundant_exact_decoded_rgb_duplicate,data/Training/pituitary/Tr-pi_132.jpg,excluded,dup_03918
data/Training/pituitary/Tr-pi_634.jpg,Tr-pi_634.jpg,pituitary,3,Training,False,17709,6e4a32b7a73554a9a26b0e594f63d76920f7caeea52be19c323f8ad755d17f8b,False,,201,210,0.9571428571428572,JPEG,RGB,57ae58bef105216eb5c8bc256765c0a9528c9c15cd823577351697ec6d7f85da,4055df806647267719bac95f1efa636327d49d682da87e1ad861199866e26a66,False,,0.2804926931858063,0.23968137800693512,0.10321793705224991,0.38510170578956604,0.26802772283554077,0.5994791666666667,0.0005208333333333333,excluded,redundant_exact_decoded_rgb_duplicate,data/Training/pituitary/Tr-pi_206.jpg,excluded,dup_04074
data/Training/pituitary/Tr-pi_668.jpg,Tr-pi_668.jpg,pituitary,3,Training,False,225311,f764c8846c7fe11dce4e99b2bfa153347eb2976ae53857392f31f82b127b2270,False,,1168,1178,0.9915110356536503,JPEG,RGB,59eca1d17e9984f3384e37e45e168853470f5ec4b6b8d0dbfbb5dfb3ba6e21ab,00255fba75557a8a7c6ee2392ace6d556351a52a3f42c42b37a9cc3584b53ad4,False,,0.24215807020664215,0.17929977178573608,0.140162393450737,0.3275974690914154,0.4278494417667389,0.21197916666666666,0.0005208333333333333,excluded,redundant_exact_decoded_rgb_duplicate,data/Training/pituitary/Tr-pi_1181.jpg,excluded,dup_03767
data/Training/pituitary/Tr-pi_698.jpg,Tr-pi_698.jpg,pituitary,3,Training,False,16405,14a873e8998c4a88896fd7be1155eeaf656b88209c8e9fcf7db731de3478484c,False,,225,225,1.0,JPEG,RGB,3580f5739fff5462e392df9ea8e95096b0ce7ed23f78e43ee07ff0f7e389dee7,005e5ba92ffc86747aa9a9b67b9126516886a65e6e0f295a1abb9393644ee44a,False,,0.2859887182712555,0.20574824512004852,0.014091094955801964,0.4156719148159027,0.03389956057071686,0.8921875,0.0,excluded,redundant_exact_decoded_rgb_duplicate,data/Training/pituitary/Tr-pi_246.jpg,excluded,dup_04118
data/Training/pituitary/Tr-pi_75.jpg,Tr-pi_75.jpg,pituitary,3,Training,False,37026,8a4a14e666a67b90bf01bac1b85170bacf41fda33c7a7394d5e82e83c6f6f324,False,,512,512,1.0,JPEG,RGB,7eefa339aaf3bd27901ed1bea319cf0e5c8be8214205e8cd33bfcc13220b1984,1011858e57ff08315eab6fc43aa8e9510855fd0f217f7d7a6d2a10ed3cb060f9,False,,0.23822931945323944,0.13784928619861603,0.1565696746110916,0.266117125749588,0.5883487462997437,0.28932291666666665,0.0,excluded,redundant_exact_decoded_rgb_duplicate,data/Training/pituitary/Tr-pi_464.jpg,excluded,dup_04352
data/Training/pituitary/Tr-pi_759.jpg,Tr-pi_759.jpg,pituitary,3,Training,False,137916,8d463bf588c1bc9e685df1729434a541f187054456fe244024966078fe1aef61,False,,892,826,1.0799031476997578,JPEG,RGB,97796b2a849bfd693f2d68411d3ebbbcc409b7c1176d705a5e530ec1744477a0,110105ff6eebfb80191776fa261599f61867267974789998d1f639a039f94429,False,,0.2636773884296417,0.1491193026304245,0.1809048354625702,0.3435834050178528,0.526523768901825,0.0,0.0,excluded,redundant_exact_decoded_rgb_duplicate,data/Training/pituitary/Tr-pi_356.jpg,excluded,dup_04237
data/Training/pituitary/Tr-pi_763.jpg,Tr-pi_763.jpg,pituitary,3,Training,False,35727,ac76926d9f73fd42c57092e3f991abe3036320552092ebf8d69d60d736a93622,False,,383,436,0.8784403669724771,JPEG,RGB,f7d54473a7a7bae4fc7eea6ddb88046f95bdd3f3e9805dd5394d2247c49a1a35,01571eb151ea9e1f7ea06a5f2e35695a2bdde07a61e231bc678161e23e95e180,False,,0.2633092701435089,0.19340814650058746,0.08966095745563507,0.33637696504592896,0.2665490508079529,0.65078125,0.0,excluded,redundant_exact_decoded_rgb_duplicate,data/Training/pituitary/Tr-pi_120.jpg,excluded,dup_03787
data/Training/pituitary/Tr-pi_77.jpg,Tr-pi_77.jpg,pituitary,3,Training,False,137916,8d463bf588c1bc9e685df1729434a541f187054456fe244024966078fe1aef61,False,,892,826,1.0799031476997578,JPEG,RGB,97796b2a849bfd693f2d68411d3ebbbcc409b7c1176d705a5e530ec1744477a0,110105ff6eebfb80191776fa261599f61867267974789998d1f639a039f94429,False,,0.2636773884296417,0.1491193026304245,0.1809048354625702,0.3435834050178528,0.526523768901825,0.0,0.0,excluded,redundant_exact_decoded_rgb_duplicate,data/Training/pituitary/Tr-pi_356.jpg,excluded,dup_04237
data/Training/pituitary/Tr-pi_812.jpg,Tr-pi_812.jpg,pituitary,3,Training,False,39045,c27c953b150b8cfa6c2820bac42a13a5d1b5b6420409973ba07a18542429afd5,False,,512,512,1.0,JPEG,RGB,e63c3d727b7b10eeb61f54f983f660b3b38031e79033f09348993244ac7fd719,10558f9d57ea3c6a1ab5f6800a55da576956cc76094a79683d686da329e97985,False,,0.22793975472450256,0.170936718583107,0.11310049891471863,0.28008195757865906,0.4038121700286865,0.19557291666666668,0.0,excluded,redundant_exact_decoded_rgb_duplicate,data/Training/pituitary/Tr-pi_193.jpg,excluded,dup_04060
data/Training/pituitary/Tr-pi_857.jpg,Tr-pi_857.jpg,pituitary,3,Training,False,15564,4f6314d65c3d703caa7b94440365f4c89fa68a7069a0a10054e6604956f60f28,False,,225,225,1.0,JPEG,RGB,7d49caf69c92d598b81a16790c654f7560b899e7c8b00fc6741d00f1ec01850a,680455ff516e200a099b667e122b65af1bf4608d76a5cbf433f56d980ff43330,False,,0.3334161639213562,0.16711777448654175,0.30680352449417114,0.33067843317985535,0.9278002381324768,0.08828125,0.0,excluded,redundant_exact_decoded_rgb_duplicate,data/Training/pituitary/Tr-pi_542.jpg,excluded,dup_04435
data/Training/pituitary/Tr-pi_863.jpg,Tr-pi_863.jpg,pituitary,3,Training,False,268072,aff49c4e9fbe859bc0608338e96e8e4eab4743e7100c05f81b48e68a799d38d4,False,,1335,1302,1.0253456221198156,JPEG,RGB,75d7a7d13fb9b0fd39846e0b17b646402a339a9960890dd256e03e80b9998b6e,515880af4b621fd4deab6a572f4fd8603e2f256878b48cd931b478a56c723296,False,,0.3039373755455017,0.19938483834266663,0.1478104591369629,0.41417068243026733,0.3568829596042633,0.26536458333333335,0.0,excluded,redundant_exact_decoded_rgb_duplicate,data/Training/pituitary/Tr-pi_1187.jpg,excluded,dup_03773
data/Training/pituitary/Tr-pi_878.jpg,Tr-pi_878.jpg,pituitary,3,Training,False,40442,6c8c2a11f01b532a75a01f052e3f536e10bcdca633e77ef3001d8ed852e83ee7,False,,442,442,1.0,JPEG,RGB,e892d5439f8a770ede8e3dc41ed061bdd21b0d315d53d43e25513e7049360562,6a7d01f7f650dd545dd2c5673f8a7660d91236e2408c344e8da2f239d88a8de3,False,,0.3067167401313782,0.16602371633052826,0.361970990896225,0.30095839500427246,1.2027276754379272,0.046875,0.0,excluded,redundant_exact_decoded_rgb_duplicate,data/Training/pituitary/Tr-pi_805.jpg,excluded,dup_04719
data/Training/pituitary/Tr-pi_883.jpg,Tr-pi_883.jpg,pituitary,3,Training,False,32090,7d0738e4f6493b449e20a147b80f674c589dc478dd6b5ccd4fb6ea1c329f0cfe,False,,512,512,1.0,JPEG,RGB,e45526f8aa850a5f69360c6b23fbcd606eaec18f828826b4475a90e2e0c3b691,54110bd752ae3e722badfd4a7855261b2d6ae1ee35bb64a063d134c567107386,False,,0.2256062924861908,0.1739305555820465,0.1070108413696289,0.2850739359855652,0.3753792643547058,0.609375,0.00078125,excluded,redundant_exact_decoded_rgb_duplicate,data/Training/pituitary/Tr-pi_221.jpg,excluded,dup_04091
data/Training/pituitary/Tr-pi_928.jpg,Tr-pi_928.jpg,pituitary,3,Training,False,17709,6e4a32b7a73554a9a26b0e594f63d76920f7caeea52be19c323f8ad755d17f8b,False,,201,210,0.9571428571428572,JPEG,RGB,57ae58bef105216eb5c8bc256765c0a9528c9c15cd823577351697ec6d7f85da,4055df806647267719bac95f1efa636327d49d682da87e1ad861199866e26a66,False,,0.2804926931858063,0.23968137800693512,0.10321793705224991,0.38510170578956604,0.26802772283554077,0.5994791666666667,0.0005208333333333333,excluded,redundant_exact_decoded_rgb_duplicate,data/Training/pituitary/Tr-pi_206.jpg,excluded,dup_04074
data/Training/pituitary/Tr-pi_943.jpg,Tr-pi_943.jpg,pituitary,3,Training,False,268812,ac081dc77c62c1902feb757aa652c2af19c67d31ec646fd3f2a50249729f570c,False,,1338,1304,1.0260736196319018,JPEG,RGB,9eb3b566bcf27ca7a770114e30e7a2fcdb18198f0f75c6def298eac4098f4e0d,555880af4b621fd4cea96a532f4fd8603e2f256878b48cd931b478a56c7232d7,False,,0.3031049072742462,0.1995377093553543,0.14702513813972473,0.4137398600578308,0.35535648465156555,0.26614583333333336,0.0,excluded,redundant_exact_decoded_rgb_duplicate,data/Training/pituitary/Tr-pi_1122.jpg,excluded,dup_03703
data/Training/pituitary/Tr-pi_960.jpg,Tr-pi_960.jpg,pituitary,3,Training,False,29984,2208db4f94c29e8f98223741b5778c837acd2aacff1f4ea29c7e3281d84586f1,False,,474,474,1.0,JPEG,RGB,ea7f305e4c5ff62a1bfeb74848b11e76ada270d9e6efa9356ecaf63830cc9b54,115c2d075aaa70b969c44ad5650be35a368ccd28b63396f5ccc49a53399bd9ce,False,,0.19219276309013367,0.19574801623821259,0.049947917461395264,0.29237133264541626,0.17083725333213806,0.8135416666666667,0.0,excluded,redundant_high_similarity_perceptual_duplicate,data/Training/pituitary/Tr-pi_541.jpg,excluded,dup_04434
data/Training/pituitary/Tr-pi_962.jpg,Tr-pi_962.jpg,pituitary,3,Training,False,33561,8e2b4a6d3ce98d740a636942e40c14783eac078cf1758678c9d5aee948057aa7,False,,512,512,1.0,JPEG,RGB,554234b7fe1fa24d49092b0550d60b2887f9efabdd75b97cfa6d933c35dd8144,402b0ed02bf47d0f3d40b1237c2d64ad33b06cf272cbc2c2374bb30dcf0df32d,False,,0.1993599832057953,0.17119482159614563,0.04565666615962982,0.3087804317474365,0.1478612720966339,0.64140625,0.0,excluded,redundant_exact_decoded_rgb_duplicate,data/Training/pituitary/Tr-pi_285.jpg,excluded,dup_04160
data/Training/pituitary/Tr-pi_969.jpg,Tr-pi_969.jpg,pituitary,3,Training,False,16405,14a873e8998c4a88896fd7be1155eeaf656b88209c8e9fcf7db731de3478484c,False,,225,225,1.0,JPEG,RGB,3580f5739fff5462e392df9ea8e95096b0ce7ed23f78e43ee07ff0f7e389dee7,005e5ba92ffc86747aa9a9b67b9126516886a65e6e0f295a1abb9393644ee44a,False,,0.2859887182712555,0.20574824512004852,0.014091094955801964,0.4156719148159027,0.03389956057071686,0.8921875,0.0,excluded,redundant_exact_decoded_rgb_duplicate,data/Training/pituitary/Tr-pi_246.jpg,excluded,dup_04118
data/Training/pituitary/Tr-pi_984.jpg,Tr-pi_984.jpg,pituitary,3,Training,False,33614,dea65808e631f46024aaa034984629ab8a455f2b951ca7022f12fa9e62b7c8ff,False,,512,512,1.0,JPEG,RGB,35fe2cbe5963f285076185b48dd29e1be5c710c5a23ffc1dd590a56d6b8f6677,15540ae957bf78c33eaa7c846877317769d4656a21c2e728240b47b7662db493,False,,0.24643771350383759,0.1539950668811798,0.12326593697071075,0.3044893145561218,0.4048284590244293,0.5510416666666667,0.0,excluded,redundant_exact_decoded_rgb_duplicate,data/Training/pituitary/Tr-pi_1323.jpg,excluded,dup_03921
data/Training/pituitary/Tr-pi_991.jpg,Tr-pi_991.jpg,pituitary,3,Training,False,26904,b204aa522460d1a772549e65023ac4f67b3ad1f57a1be54c59ece19fcd2d0081,False,,512,512,1.0,JPEG,RGB,2e8094d6072cf0effca3b7aa0f92ad2d12f7811cb261b476818e6a420007e6c9,07e16e66381eb5b9606896966585db5aa61fc369ce583da598616c9699a726d2,False,,0.11208544671535492,0.15196219086647034,0.001989379059523344,0.25766316056251526,0.007720851805061102,1.0,0.0,excluded,redundant_exact_decoded_rgb_duplicate,data/Training/pituitary/Tr-pi_1023.jpg,excluded,dup_03594
