path_a,class_a,path_b,class_b,method,phash_distance,normalized_pixel_correlation,structural_similarity,label_conflict
data/Training/glioma/Tr-gl_1057.jpg,glioma,data/Testing/glioma/Te-gl_311.jpg,glioma,exact_decoded_rgb,0,1.0,1.0,False
data/Training/glioma/Tr-gl_1271.jpg,glioma,data/Testing/glioma/Te-gl_169.jpg,glioma,exact_decoded_rgb,0,1.0,1.0,False
data/Training/glioma/Tr-gl_361.jpg,glioma,data/Testing/glioma/Te-gl_299.jpg,glioma,exact_decoded_rgb,0,1.0,1.0,False
data/Training/glioma/Tr-gl_361.jpg,glioma,data/Testing/glioma/Te-gl_364.jpg,glioma,exact_decoded_rgb,0,1.0,1.0,False
data/Training/glioma/Tr-gl_420.jpg,glioma,data/Testing/glioma/Te-gl_233.jpg,glioma,exact_decoded_rgb,0,1.0,1.0,False
data/Training/meningioma/Tr-me_1044.jpg,meningioma,data/Testing/meningioma/Te-me_157.jpg,meningioma,exact_decoded_rgb,0,1.0,1.0,False
data/Training/meningioma/Tr-me_1057.jpg,meningioma,data/Testing/meningioma/Te-me_270.jpg,meningioma,exact_decoded_rgb,0,1.0,1.0,False
data/Training/meningioma/Tr-me_1069.jpg,meningioma,data/Training/meningioma/Tr-me_543.jpg,meningioma,perceptual_phash_ncc,0,0.9975658059120178,0.9459166526794434,False
data/Training/meningioma/Tr-me_1069.jpg,meningioma,data/Training/meningioma/Tr-me_726.jpg,meningioma,perceptual_phash_ncc,0,0.9975658059120178,0.9459166526794434,False
data/Training/meningioma/Tr-me_1069.jpg,meningioma,data/Testing/meningioma/Te-me_2.jpg,meningioma,exact_decoded_rgb,0,1.0,1.0,False
data/Training/meningioma/Tr-me_1069.jpg,meningioma,data/Testing/meningioma/Te-me_252.jpg,meningioma,perceptual_phash_ncc,0,0.9975658059120178,0.9459166526794434,False
data/Training/meningioma/Tr-me_1083.jpg,meningioma,data/Testing/meningioma/Te-me_5.jpg,meningioma,exact_decoded_rgb,0,1.0,1.0,False
data/Training/meningioma/Tr-me_109.jpg,meningioma,data/Testing/meningioma/Te-me_30.jpg,meningioma,exact_decoded_rgb,0,1.0,1.0,False
data/Training/meningioma/Tr-me_1091.jpg,meningioma,data/Testing/meningioma/Te-me_95.jpg,meningioma,exact_decoded_rgb,0,1.0,1.0,False
data/Training/meningioma/Tr-me_1094.jpg,meningioma,data/Training/meningioma/Tr-me_219.jpg,meningioma,exact_decoded_rgb,0,1.0,1.0,False
data/Training/meningioma/Tr-me_110.jpg,meningioma,data/Testing/meningioma/Te-me_174.jpg,meningioma,exact_decoded_rgb,0,1.0,1.0,False
data/Training/meningioma/Tr-me_1101.jpg,meningioma,data/Training/meningioma/Tr-me_836.jpg,meningioma,exact_decoded_rgb,0,1.0,1.0,False
data/Training/meningioma/Tr-me_1110.jpg,meningioma,data/Testing/meningioma/Te-me_42.jpg,meningioma,exact_decoded_rgb,0,1.0,1.0,False
data/Training/meningioma/Tr-me_1110.jpg,meningioma,data/Training/meningioma/Tr-me_464.jpg,meningioma,perceptual_phash_ncc,2,0.9989588260650635,0.9547844529151917,False
data/Training/meningioma/Tr-me_1110.jpg,meningioma,data/Training/meningioma/Tr-me_639.jpg,meningioma,perceptual_phash_ncc,2,0.9989149570465088,0.9542617797851562,False
data/Training/meningioma/Tr-me_1110.jpg,meningioma,data/Testing/meningioma/Te-me_214.jpg,meningioma,perceptual_phash_ncc,2,0.9989149570465088,0.9542617797851562,False
data/Training/meningioma/Tr-me_1110.jpg,meningioma,data/Testing/meningioma/Te-me_262.jpg,meningioma,perceptual_phash_ncc,2,0.9987359046936035,0.9545783996582031,False
data/Training/meningioma/Tr-me_1112.jpg,meningioma,data/Testing/meningioma/Te-me_165.jpg,meningioma,exact_decoded_rgb,0,1.0,1.0,False
data/Training/meningioma/Tr-me_1121.jpg,meningioma,data/Testing/meningioma/Te-me_86.jpg,meningioma,exact_decoded_rgb,0,1.0,1.0,False
data/Training/meningioma/Tr-me_1122.jpg,meningioma,data/Testing/glioma/Te-gl_160.jpg,glioma,perceptual_phash_ncc,0,0.9967038631439209,0.9741189479827881,True
data/Training/meningioma/Tr-me_1122.jpg,meningioma,data/Testing/meningioma/Te-me_159.jpg,meningioma,exact_decoded_rgb,0,1.0,1.0,False
data/Training/meningioma/Tr-me_1127.jpg,meningioma,data/Testing/meningioma/Te-me_272.jpg,meningioma,perceptual_phash_ncc,2,0.9997916221618652,0.9747349619865417,False
data/Training/meningioma/Tr-me_1146.jpg,meningioma,data/Testing/meningioma/Te-me_241.jpg,meningioma,exact_decoded_rgb,0,1.0,1.0,False
data/Training/meningioma/Tr-me_1163.jpg,meningioma,data/Testing/meningioma/Te-me_274.jpg,meningioma,exact_decoded_rgb,0,1.0,1.0,False
data/Training/meningioma/Tr-me_1166.jpg,meningioma,data/Testing/meningioma/Te-me_31.jpg,meningioma,exact_decoded_rgb,0,1.0,1.0,False
data/Training/meningioma/Tr-me_1168.jpg,meningioma,data/Testing/meningioma/Te-me_71.jpg,meningioma,exact_decoded_rgb,0,1.0,1.0,False
data/Training/meningioma/Tr-me_1194.jpg,meningioma,data/Testing/meningioma/Te-me_158.jpg,meningioma,exact_decoded_rgb,0,1.0,1.0,False
data/Training/meningioma/Tr-me_1198.jpg,meningioma,data/Testing/meningioma/Te-me_66.jpg,meningioma,exact_decoded_rgb,0,1.0,1.0,False
data/Training/meningioma/Tr-me_1225.jpg,meningioma,data/Testing/meningioma/Te-me_39.jpg,meningioma,exact_decoded_rgb,0,1.0,1.0,False
data/Training/meningioma/Tr-me_1249.jpg,meningioma,data/Testing/meningioma/Te-me_266.jpg,meningioma,exact_decoded_rgb,0,1.0,1.0,False
data/Training/meningioma/Tr-me_126.jpg,meningioma,data/Testing/meningioma/Te-me_265.jpg,meningioma,exact_decoded_rgb,0,1.0,1.0,False
data/Training/meningioma/Tr-me_1262.jpg,meningioma,data/Testing/meningioma/Te-me_207.jpg,meningioma,exact_decoded_rgb,0,1.0,1.0,False
data/Training/meningioma/Tr-me_1282.jpg,meningioma,data/Testing/meningioma/Te-me_125.jpg,meningioma,perceptual_phash_ncc,2,0.9996850490570068,0.9958685040473938,False
data/Training/meningioma/Tr-me_1286.jpg,meningioma,data/Testing/meningioma/Te-me_4.jpg,meningioma,exact_decoded_rgb,0,1.0,1.0,False
data/Training/meningioma/Tr-me_1289.jpg,meningioma,data/Testing/meningioma/Te-me_285.jpg,meningioma,exact_decoded_rgb,0,1.0,1.0,False
data/Training/meningioma/Tr-me_1290.jpg,meningioma,data/Testing/meningioma/Te-me_37.jpg,meningioma,exact_decoded_rgb,0,1.0,1.0,False
data/Training/meningioma/Tr-me_131.jpg,meningioma,data/Testing/meningioma/Te-me_93.jpg,meningioma,exact_decoded_rgb,0,1.0,1.0,False
data/Training/meningioma/Tr-me_145.jpg,meningioma,data/Testing/meningioma/Te-me_296.jpg,meningioma,exact_decoded_rgb,0,1.0,1.0,False
data/Training/meningioma/Tr-me_154.jpg,meningioma,data/Testing/meningioma/Te-me_52.jpg,meningioma,exact_decoded_rgb,0,1.0,1.0,False
data/Training/meningioma/Tr-me_158.jpg,meningioma,data/Testing/meningioma/Te-me_231.jpg,meningioma,exact_decoded_rgb,0,1.0,1.0,False
data/Training/meningioma/Tr-me_167.jpg,meningioma,data/Testing/meningioma/Te-me_276.jpg,meningioma,exact_decoded_rgb,0,1.0,1.0,False
data/Training/meningioma/Tr-me_19.jpg,meningioma,data/Testing/meningioma/Te-me_184.jpg,meningioma,exact_decoded_rgb,0,1.0,1.0,False
data/Training/meningioma/Tr-me_200.jpg,meningioma,data/Testing/meningioma/Te-me_54.jpg,meningioma,exact_decoded_rgb,0,1.0,1.0,False
data/Training/meningioma/Tr-me_205.jpg,meningioma,data/Testing/meningioma/Te-me_232.jpg,meningioma,exact_decoded_rgb,0,1.0,1.0,False
data/Training/meningioma/Tr-me_238.jpg,meningioma,data/Testing/meningioma/Te-me_230.jpg,meningioma,exact_decoded_rgb,0,1.0,1.0,False
data/Training/meningioma/Tr-me_239.jpg,meningioma,data/Testing/meningioma/Te-me_167.jpg,meningioma,exact_decoded_rgb,0,1.0,1.0,False
data/Training/meningioma/Tr-me_3.jpg,meningioma,data/Testing/meningioma/Te-me_195.jpg,meningioma,exact_decoded_rgb,0,1.0,1.0,False
data/Training/meningioma/Tr-me_330.jpg,meningioma,data/Testing/meningioma/Te-me_216.jpg,meningioma,exact_decoded_rgb,0,1.0,1.0,False
data/Training/meningioma/Tr-me_331.jpg,meningioma,data/Testing/meningioma/Te-me_18.jpg,meningioma,exact_decoded_rgb,0,1.0,1.0,False
data/Training/meningioma/Tr-me_339.jpg,meningioma,data/Training/meningioma/Tr-me_534.jpg,meningioma,exact_decoded_rgb,0,1.0,1.0,False
data/Training/meningioma/Tr-me_339.jpg,meningioma,data/Training/meningioma/Tr-me_86.jpg,meningioma,exact_decoded_rgb,0,1.0,1.0,False
data/Training/meningioma/Tr-me_339.jpg,meningioma,data/Testing/meningioma/Te-me_116.jpg,meningioma,exact_decoded_rgb,0,1.0,1.0,False
data/Training/meningioma/Tr-me_339.jpg,meningioma,data/Testing/meningioma/Te-me_235.jpg,meningioma,exact_decoded_rgb,0,1.0,1.0,False
data/Training/meningioma/Tr-me_36.jpg,meningioma,data/Testing/meningioma/Te-me_1.jpg,meningioma,exact_decoded_rgb,0,1.0,1.0,False
data/Training/meningioma/Tr-me_373.jpg,meningioma,data/Testing/meningioma/Te-me_20.jpg,meningioma,exact_decoded_rgb,0,1.0,1.0,False
data/Training/meningioma/Tr-me_404.jpg,meningioma,data/Testing/meningioma/Te-me_101.jpg,meningioma,exact_decoded_rgb,0,1.0,1.0,False
data/Training/meningioma/Tr-me_421.jpg,meningioma,data/Testing/meningioma/Te-me_208.jpg,meningioma,exact_decoded_rgb,0,1.0,1.0,False
data/Training/meningioma/Tr-me_421.jpg,meningioma,data/Training/meningioma/Tr-me_465.jpg,meningioma,perceptual_phash_ncc,4,0.9979960918426514,0.9527656435966492,False
data/Training/meningioma/Tr-me_421.jpg,meningioma,data/Testing/meningioma/Te-me_202.jpg,meningioma,perceptual_phash_ncc,4,0.9979960918426514,0.9527656435966492,False
data/Training/meningioma/Tr-me_424.jpg,meningioma,data/Testing/meningioma/Te-me_49.jpg,meningioma,exact_decoded_rgb,0,1.0,1.0,False
data/Training/meningioma/Tr-me_432.jpg,meningioma,data/Training/meningioma/Tr-me_561.jpg,meningioma,exact_decoded_rgb,0,1.0,1.0,False
data/Training/meningioma/Tr-me_432.jpg,meningioma,data/Testing/meningioma/Te-me_179.jpg,meningioma,exact_decoded_rgb,0,1.0,1.0,False
data/Training/meningioma/Tr-me_432.jpg,meningioma,data/Testing/meningioma/Te-me_198.jpg,meningioma,exact_decoded_rgb,0,1.0,1.0,False
data/Training/meningioma/Tr-me_437.jpg,meningioma,data/Testing/meningioma/Te-me_197.jpg,meningioma,exact_decoded_rgb,0,1.0,1.0,False
data/Training/meningioma/Tr-me_450.jpg,meningioma,data/Testing/meningioma/Te-me_251.jpg,meningioma,exact_decoded_rgb,0,1.0,1.0,False
data/Training/meningioma/Tr-me_453.jpg,meningioma,data/Testing/meningioma/Te-me_171.jpg,meningioma,exact_decoded_rgb,0,1.0,1.0,False
data/Training/meningioma/Tr-me_458.jpg,meningioma,data/Testing/meningioma/Te-me_96.jpg,meningioma,exact_decoded_rgb,0,1.0,1.0,False
data/Training/meningioma/Tr-me_458.jpg,meningioma,data/Testing/glioma/Te-gl_68.jpg,glioma,perceptual_phash_ncc,2,0.9991050958633423,0.970160722732544,True
data/Training/meningioma/Tr-me_458.jpg,meningioma,data/Training/meningioma/Tr-me_714.jpg,meningioma,perceptual_phash_ncc,4,0.9998249411582947,0.9930714964866638,False
data/Training/meningioma/Tr-me_458.jpg,meningioma,data/Testing/meningioma/Te-me_61.jpg,meningioma,perceptual_phash_ncc,4,0.9998249411582947,0.9930714964866638,False
data/Training/meningioma/Tr-me_464.jpg,meningioma,data/Training/meningioma/Tr-me_639.jpg,meningioma,perceptual_phash_ncc,0,0.9998617768287659,0.9936925768852234,False
data/Training/meningioma/Tr-me_464.jpg,meningioma,data/Testing/meningioma/Te-me_214.jpg,meningioma,perceptual_phash_ncc,0,0.9998617768287659,0.9936925768852234,False
data/Training/meningioma/Tr-me_464.jpg,meningioma,data/Testing/meningioma/Te-me_262.jpg,meningioma,perceptual_phash_ncc,0,0.9998267889022827,0.9986166954040527,False
data/Training/meningioma/Tr-me_464.jpg,meningioma,data/Testing/meningioma/Te-me_42.jpg,meningioma,perceptual_phash_ncc,2,0.9989588260650635,0.9547844529151917,False
data/Training/meningioma/Tr-me_465.jpg,meningioma,data/Testing/meningioma/Te-me_202.jpg,meningioma,exact_decoded_rgb,0,1.0,1.0,False
data/Training/meningioma/Tr-me_465.jpg,meningioma,data/Testing/meningioma/Te-me_208.jpg,meningioma,perceptual_phash_ncc,4,0.9979960918426514,0.9527656435966492,False
data/Training/meningioma/Tr-me_468.jpg,meningioma,data/Testing/meningioma/Te-me_50.jpg,meningioma,exact_decoded_rgb,0,1.0,1.0,False
data/Training/meningioma/Tr-me_468.jpg,meningioma,data/Training/meningioma/Tr-me_714.jpg,meningioma,perceptual_phash_ncc,4,0.9982820749282837,0.9444637894630432,False
data/Training/meningioma/Tr-me_468.jpg,meningioma,data/Testing/glioma/Te-gl_68.jpg,glioma,perceptual_phash_ncc,4,0.9980408549308777,0.9366958737373352,True
data/Training/meningioma/Tr-me_468.jpg,meningioma,data/Testing/meningioma/Te-me_61.jpg,meningioma,perceptual_phash_ncc,4,0.9982820749282837,0.9444637894630432,False
data/Training/meningioma/Tr-me_472.jpg,meningioma,data/Testing/meningioma/Te-me_190.jpg,meningioma,exact_decoded_rgb,0,1.0,1.0,False
data/Training/meningioma/Tr-me_479.jpg,meningioma,data/Testing/meningioma/Te-me_278.jpg,meningioma,exact_decoded_rgb,0,1.0,1.0,False
data/Training/meningioma/Tr-me_486.jpg,meningioma,data/Testing/meningioma/Te-me_8.jpg,meningioma,exact_decoded_rgb,0,1.0,1.0,False
data/Training/meningioma/Tr-me_489.jpg,meningioma,data/Testing/meningioma/Te-me_213.jpg,meningioma,exact_decoded_rgb,0,1.0,1.0,False
data/Training/meningioma/Tr-me_497.jpg,meningioma,data/Testing/meningioma/Te-me_228.jpg,meningioma,exact_decoded_rgb,0,1.0,1.0,False
data/Training/meningioma/Tr-me_50.jpg,meningioma,data/Testing/meningioma/Te-me_277.jpg,meningioma,exact_decoded_rgb,0,1.0,1.0,False
data/Training/meningioma/Tr-me_52.jpg,meningioma,data/Testing/meningioma/Te-me_187.jpg,meningioma,exact_decoded_rgb,0,1.0,1.0,False
data/Training/meningioma/Tr-me_530.jpg,meningioma,data/Testing/meningioma/Te-me_105.jpg,meningioma,exact_decoded_rgb,0,1.0,1.0,False
data/Training/meningioma/Tr-me_534.jpg,meningioma,data/Training/meningioma/Tr-me_86.jpg,meningioma,exact_decoded_rgb,0,1.0,1.0,False
data/Training/meningioma/Tr-me_534.jpg,meningioma,data/Testing/meningioma/Te-me_116.jpg,meningioma,exact_decoded_rgb,0,1.0,1.0,False
data/Training/meningioma/Tr-me_534.jpg,meningioma,data/Testing/meningioma/Te-me_235.jpg,meningioma,exact_decoded_rgb,0,1.0,1.0,False
data/Training/meningioma/Tr-me_543.jpg,meningioma,data/Training/meningioma/Tr-me_726.jpg,meningioma,exact_decoded_rgb,0,1.0,1.0,False
data/Training/meningioma/Tr-me_543.jpg,meningioma,data/Testing/meningioma/Te-me_2.jpg,meningioma,perceptual_phash_ncc,0,0.9975658059120178,0.9459166526794434,False
data/Training/meningioma/Tr-me_543.jpg,meningioma,data/Testing/meningioma/Te-me_252.jpg,meningioma,exact_decoded_rgb,0,1.0,1.0,False
data/Training/meningioma/Tr-me_553.jpg,meningioma,data/Testing/meningioma/Te-me_259.jpg,meningioma,exact_decoded_rgb,0,1.0,1.0,False
data/Training/meningioma/Tr-me_557.jpg,meningioma,data/Testing/meningioma/Te-me_138.jpg,meningioma,exact_decoded_rgb,0,1.0,1.0,False
data/Training/meningioma/Tr-me_561.jpg,meningioma,data/Testing/meningioma/Te-me_179.jpg,meningioma,exact_decoded_rgb,0,1.0,1.0,False
data/Training/meningioma/Tr-me_561.jpg,meningioma,data/Testing/meningioma/Te-me_198.jpg,meningioma,exact_decoded_rgb,0,1.0,1.0,False
data/Training/meningioma/Tr-me_583.jpg,meningioma,data/Testing/meningioma/Te-me_82.jpg,meningioma,exact_decoded_rgb,0,1.0,1.0,False
data/Training/meningioma/Tr-me_597.jpg,meningioma,data/Testing/meningioma/Te-me_290.jpg,meningioma,exact_decoded_rgb,0,1.0,1.0,False
data/Training/meningioma/Tr-me_616.jpg,meningioma,data/Testing/meningioma/Te-me_180.jpg,meningioma,exact_decoded_rgb,0,1.0,1.0,False
data/Training/meningioma/Tr-me_639.jpg,meningioma,data/Testing/meningioma/Te-me_214.jpg,meningioma,exact_decoded_rgb,0,1.0,1.0,False
data/Training/meningioma/Tr-me_639.jpg,meningioma,data/Testing/meningioma/Te-me_262.jpg,meningioma,perceptual_phash_ncc,0,0.9997040033340454,0.993053138256073,False
data/Training/meningioma/Tr-me_639.jpg,meningioma,data/Testing/meningioma/Te-me_42.jpg,meningioma,perceptual_phash_ncc,2,0.9989149570465088,0.9542617797851562,False
data/Training/meningioma/Tr-me_661.jpg,meningioma,data/Testing/meningioma/Te-me_205.jpg,meningioma,exact_decoded_rgb,0,1.0,1.0,False
data/Training/meningioma/Tr-me_666.jpg,meningioma,data/Testing/meningioma/Te-me_137.jpg,meningioma,exact_decoded_rgb,0,1.0,1.0,False
data/Training/meningioma/Tr-me_678.jpg,meningioma,data/Testing/meningioma/Te-me_62.jpg,meningioma,exact_decoded_rgb,0,1.0,1.0,False
data/Training/meningioma/Tr-me_684.jpg,meningioma,data/Testing/meningioma/Te-me_29.jpg,meningioma,exact_decoded_rgb,0,1.0,1.0,False
data/Training/meningioma/Tr-me_688.jpg,meningioma,data/Testing/meningioma/Te-me_229.jpg,meningioma,exact_decoded_rgb,0,1.0,1.0,False
data/Training/meningioma/Tr-me_706.jpg,meningioma,data/Testing/meningioma/Te-me_121.jpg,meningioma,exact_decoded_rgb,0,1.0,1.0,False
data/Training/meningioma/Tr-me_714.jpg,meningioma,data/Testing/meningioma/Te-me_61.jpg,meningioma,exact_decoded_rgb,0,1.0,1.0,False
data/Training/meningioma/Tr-me_714.jpg,meningioma,data/Testing/glioma/Te-gl_68.jpg,glioma,perceptual_phash_ncc,2,0.9991085529327393,0.9704560041427612,True
data/Training/meningioma/Tr-me_714.jpg,meningioma,data/Testing/meningioma/Te-me_50.jpg,meningioma,perceptual_phash_ncc,4,0.9982820749282837,0.9444637894630432,False
data/Training/meningioma/Tr-me_714.jpg,meningioma,data/Testing/meningioma/Te-me_96.jpg,meningioma,perceptual_phash_ncc,4,0.9998249411582947,0.9930714964866638,False
data/Training/meningioma/Tr-me_715.jpg,meningioma,data/Testing/meningioma/Te-me_9.jpg,meningioma,exact_decoded_rgb,0,1.0,1.0,False
data/Training/meningioma/Tr-me_717.jpg,meningioma,data/Testing/meningioma/Te-me_75.jpg,meningioma,exact_decoded_rgb,0,1.0,1.0,False
data/Training/meningioma/Tr-me_726.jpg,meningioma,data/Testing/meningioma/Te-me_2.jpg,meningioma,perceptual_phash_ncc,0,0.9975658059120178,0.9459166526794434,False
data/Training/meningioma/Tr-me_726.jpg,meningioma,data/Testing/meningioma/Te-me_252.jpg,meningioma,exact_decoded_rgb,0,1.0,1.0,False
data/Training/meningioma/Tr-me_737.jpg,meningioma,data/Testing/meningioma/Te-me_175.jpg,meningioma,exact_decoded_rgb,0,1.0,1.0,False
data/Training/meningioma/Tr-me_740.jpg,meningioma,data/Testing/meningioma/Te-me_81.jpg,meningioma,exact_decoded_rgb,0,1.0,1.0,False
data/Training/meningioma/Tr-me_753.jpg,meningioma,data/Testing/meningioma/Te-me_206.jpg,meningioma,exact_decoded_rgb,0,1.0,1.0,False
data/Training/meningioma/Tr-me_758.jpg,meningioma,data/Testing/meningioma/Te-me_162.jpg,meningioma,exact_decoded_rgb,0,1.0,1.0,False
data/Training/meningioma/Tr-me_760.jpg,meningioma,data/Testing/meningioma/Te-me_234.jpg,meningioma,exact_decoded_rgb,0,1.0,1.0,False
data/Training/meningioma/Tr-me_771.jpg,meningioma,data/Testing/meningioma/Te-me_19.jpg,meningioma,exact_decoded_rgb,0,1.0,1.0,False
data/Training/meningioma/Tr-me_776.jpg,meningioma,data/Testing/meningioma/Te-me_253.jpg,meningioma,exact_decoded_rgb,0,1.0,1.0,False
data/Training/meningioma/Tr-me_799.jpg,meningioma,data/Testing/meningioma/Te-me_293.jpg,meningioma,exact_decoded_rgb,0,1.0,1.0,False
data/Training/meningioma/Tr-me_845.jpg,meningioma,data/Testing/meningioma/Te-me_126.jpg,meningioma,exact_decoded_rgb,0,1.0,1.0,False
data/Training/meningioma/Tr-me_846.jpg,meningioma,data/Testing/meningioma/Te-me_117.jpg,meningioma,exact_decoded_rgb,0,1.0,1.0,False
data/Training/meningioma/Tr-me_86.jpg,meningioma,data/Testing/meningioma/Te-me_116.jpg,meningioma,exact_decoded_rgb,0,1.0,1.0,False
data/Training/meningioma/Tr-me_86.jpg,meningioma,data/Testing/meningioma/Te-me_235.jpg,meningioma,exact_decoded_rgb,0,1.0,1.0,False
data/Training/meningioma/Tr-me_865.jpg,meningioma,data/Testing/meningioma/Te-me_111.jpg,meningioma,exact_decoded_rgb,0,1.0,1.0,False
data/Training/meningioma/Tr-me_877.jpg,meningioma,data/Testing/meningioma/Te-me_109.jpg,meningioma,exact_decoded_rgb,0,1.0,1.0,False
data/Training/meningioma/Tr-me_880.jpg,meningioma,data/Testing/meningioma/Te-me_243.jpg,meningioma,exact_decoded_rgb,0,1.0,1.0,False
data/Training/meningioma/Tr-me_897.jpg,meningioma,data/Testing/meningioma/Te-me_279.jpg,meningioma,exact_decoded_rgb,0,1.0,1.0,False
data/Training/meningioma/Tr-me_905.jpg,meningioma,data/Testing/meningioma/Te-me_83.jpg,meningioma,exact_decoded_rgb,0,1.0,1.0,False
data/Training/meningioma/Tr-me_920.jpg,meningioma,data/Testing/meningioma/Te-me_219.jpg,meningioma,exact_decoded_rgb,0,1.0,1.0,False
data/Training/meningioma/Tr-me_946.jpg,meningioma,data/Testing/meningioma/Te-me_94.jpg,meningioma,exact_decoded_rgb,0,1.0,1.0,False
data/Training/meningioma/Tr-me_954.jpg,meningioma,data/Testing/meningioma/Te-me_280.jpg,meningioma,exact_decoded_rgb,0,1.0,1.0,False
data/Training/meningioma/Tr-me_957.jpg,meningioma,data/Testing/meningioma/Te-me_156.jpg,meningioma,exact_decoded_rgb,0,1.0,1.0,False
data/Training/meningioma/Tr-me_960.jpg,meningioma,data/Testing/meningioma/Te-me_149.jpg,meningioma,exact_decoded_rgb,0,1.0,1.0,False
data/Training/meningioma/Tr-me_962.jpg,meningioma,data/Testing/meningioma/Te-me_113.jpg,meningioma,exact_decoded_rgb,0,1.0,1.0,False
data/Training/meningioma/Tr-me_965.jpg,meningioma,data/Testing/meningioma/Te-me_223.jpg,meningioma,exact_decoded_rgb,0,1.0,1.0,False
data/Training/meningioma/Tr-me_980.jpg,meningioma,data/Testing/meningioma/Te-me_288.jpg,meningioma,exact_decoded_rgb,0,1.0,1.0,False
data/Training/meningioma/Tr-me_99.jpg,meningioma,data/Testing/meningioma/Te-me_26.jpg,meningioma,exact_decoded_rgb,0,1.0,1.0,False
data/Training/notumor/Tr-no_1.jpg,notumor,data/Training/notumor/Tr-no_403.jpg,notumor,perceptual_phash_ncc,4,0.991568386554718,0.908506453037262,False
data/Training/notumor/Tr-no_1.jpg,notumor,data/Testing/notumor/Te-no_184.jpg,notumor,perceptual_phash_ncc,4,0.9905083179473877,0.900222897529602,False
data/Training/notumor/Tr-no_1.jpg,notumor,data/Testing/notumor/Te-no_283.jpg,notumor,perceptual_phash_ncc,4,0.9930307865142822,0.9245774149894714,False
data/Training/notumor/Tr-no_10.jpg,notumor,data/Training/notumor/Tr-no_377.jpg,notumor,perceptual_phash_ncc,2,0.9999648332595825,0.9994772672653198,False
data/Training/notumor/Tr-no_10.jpg,notumor,data/Testing/notumor/Te-no_93.jpg,notumor,perceptual_phash_ncc,2,0.9999427795410156,0.9991725087165833,False
data/Training/notumor/Tr-no_1000.jpg,notumor,data/Training/notumor/Tr-no_105.jpg,notumor,exact_decoded_rgb,0,1.0,1.0,False
data/Training/notumor/Tr-no_1002.jpg,notumor,data/Training/notumor/Tr-no_1306.jpg,notumor,perceptual_phash_ncc,0,0.9999598860740662,0.9994071125984192,False
data/Training/notumor/Tr-no_1002.jpg,notumor,data/Training/notumor/Tr-no_1281.jpg,notumor,perceptual_phash_ncc,2,0.9987029433250427,0.9820815920829773,False
data/Training/notumor/Tr-no_1002.jpg,notumor,data/Training/notumor/Tr-no_550.jpg,notumor,perceptual_phash_ncc,2,0.9987029433250427,0.9820815920829773,False
data/Training/notumor/Tr-no_1002.jpg,notumor,data/Testing/notumor/Te-no_332.jpg,notumor,perceptual_phash_ncc,2,0.9984867572784424,0.9800761938095093,False
data/Training/notumor/Tr-no_1004.jpg,notumor,data/Testing/notumor/Te-no_194.jpg,notumor,exact_decoded_rgb,0,1.0,1.0,False
data/Training/notumor/Tr-no_1006.jpg,notumor,data/Training/notumor/Tr-no_1209.jpg,notumor,perceptual_phash_ncc,2,0.9997642040252686,0.9960325360298157,False
data/Training/notumor/Tr-no_1008.jpg,notumor,data/Testing/notumor/Te-no_339.jpg,notumor,perceptual_phash_ncc,0,0.9996753334999084,0.9931443333625793,False
data/Training/notumor/Tr-no_1008.jpg,notumor,data/Training/notumor/Tr-no_508.jpg,notumor,perceptual_phash_ncc,2,0.9999334812164307,0.998867928981781,False
data/Training/notumor/Tr-no_1008.jpg,notumor,data/Training/notumor/Tr-no_637.jpg,notumor,perceptual_phash_ncc,4,0.9900899529457092,0.8874897956848145,False
data/Training/notumor/Tr-no_1009.jpg,notumor,data/Training/notumor/Tr-no_1388.jpg,notumor,perceptual_phash_ncc,2,0.9981493949890137,0.9363173842430115,False
data/Training/notumor/Tr-no_1010.jpg,notumor,data/Testing/notumor/Te-no_244.jpg,notumor,perceptual_phash_ncc,2,0.9951304793357849,0.9620953798294067,False
data/Training/notumor/Tr-no_1010.jpg,notumor,data/Testing/notumor/Te-no_390.jpg,notumor,perceptual_phash_ncc,2,0.9954747557640076,0.9649471044540405,False
data/Training/notumor/Tr-no_1012.jpg,notumor,data/Training/notumor/Tr-no_335.jpg,notumor,perceptual_phash_ncc,2,0.9969406723976135,0.9536079168319702,False
data/Training/notumor/Tr-no_1015.jpg,notumor,data/Training/notumor/Tr-no_1200.jpg,notumor,perceptual_phash_ncc,0,0.9999024868011475,0.9966849088668823,False
data/Training/notumor/Tr-no_1015.jpg,notumor,data/Training/notumor/Tr-no_1339.jpg,notumor,exact_decoded_rgb,0,1.0,1.0,False
data/Training/notumor/Tr-no_1015.jpg,notumor,data/Training/notumor/Tr-no_858.jpg,notumor,perceptual_phash_ncc,0,0.9997198581695557,0.9931967854499817,False
data/Training/notumor/Tr-no_1015.jpg,notumor,data/Training/notumor/Tr-no_985.jpg,notumor,perceptual_phash_ncc,0,0.9995138645172119,0.9900690913200378,False
data/Training/notumor/Tr-no_1015.jpg,notumor,data/Training/notumor/Tr-no_1376.jpg,notumor,perceptual_phash_ncc,4,0.9686630964279175,0.8579312562942505,False
data/Training/notumor/Tr-no_1016.jpg,notumor,data/Training/notumor/Tr-no_819.jpg,notumor,exact_decoded_rgb,0,1.0,1.0,False
data/Training/notumor/Tr-no_1017.jpg,notumor,data/Testing/notumor/Te-no_146.jpg,notumor,perceptual_phash_ncc,2,0.9963015913963318,0.9378729462623596,False
data/Training/notumor/Tr-no_1017.jpg,notumor,data/Testing/notumor/Te-no_83.jpg,notumor,perceptual_phash_ncc,2,0.9995833039283752,0.9910792112350464,False
data/Training/notumor/Tr-no_1018.jpg,notumor,data/Training/notumor/Tr-no_262.jpg,notumor,perceptual_phash_ncc,0,0.9936920404434204,0.9547162652015686,False
data/Training/notumor/Tr-no_1018.jpg,notumor,data/Training/notumor/Tr-no_789.jpg,notumor,perceptual_phash_ncc,0,0.9950026869773865,0.9638680815696716,False
data/Training/notumor/Tr-no_1021.jpg,notumor,data/Training/notumor/Tr-no_503.jpg,notumor,exact_decoded_rgb,0,1.0,1.0,False
data/Training/notumor/Tr-no_1022.jpg,notumor,data/Training/notumor/Tr-no_981.jpg,notumor,perceptual_phash_ncc,0,0.9995172023773193,0.9900076985359192,False
data/Training/notumor/Tr-no_1022.jpg,notumor,data/Testing/notumor/Te-no_174.jpg,notumor,perceptual_phash_ncc,0,0.9998400807380676,0.9964061379432678,False
data/Training/notumor/Tr-no_1023.jpg,notumor,data/Training/notumor/Tr-no_400.jpg,notumor,exact_decoded_rgb,0,1.0,1.0,False
data/Training/notumor/Tr-no_1023.jpg,notumor,data/Training/notumor/Tr-no_288.jpg,notumor,perceptual_phash_ncc,2,0.9999867081642151,0.9997527599334717,False
data/Training/notumor/Tr-no_1023.jpg,notumor,data/Training/notumor/Tr-no_321.jpg,notumor,perceptual_phash_ncc,2,0.9999248385429382,0.9984626173973083,False
data/Training/notumor/Tr-no_1023.jpg,notumor,data/Training/notumor/Tr-no_536.jpg,notumor,perceptual_phash_ncc,2,0.9999145865440369,0.9981332421302795,False
data/Training/notumor/Tr-no_1023.jpg,notumor,data/Training/notumor/Tr-no_612.jpg,notumor,perceptual_phash_ncc,2,0.999833345413208,0.996495246887207,False
data/Training/notumor/Tr-no_1023.jpg,notumor,data/Training/notumor/Tr-no_1068.jpg,notumor,perceptual_phash_ncc,4,0.9966549873352051,0.9689121842384338,False
data/Training/notumor/Tr-no_1023.jpg,notumor,data/Training/notumor/Tr-no_176.jpg,notumor,perceptual_phash_ncc,4,0.9952347278594971,0.9569229483604431,False
data/Training/notumor/Tr-no_1023.jpg,notumor,data/Training/notumor/Tr-no_56.jpg,notumor,perceptual_phash_ncc,4,0.996525228023529,0.968167245388031,False
data/Training/notumor/Tr-no_1023.jpg,notumor,data/Training/notumor/Tr-no_657.jpg,notumor,perceptual_phash_ncc,4,0.9932563900947571,0.9402487874031067,False
data/Training/notumor/Tr-no_1023.jpg,notumor,data/Training/notumor/Tr-no_73.jpg,notumor,perceptual_phash_ncc,4,0.996525228023529,0.968167245388031,False
data/Training/notumor/Tr-no_1027.jpg,notumor,data/Training/notumor/Tr-no_1102.jpg,notumor,perceptual_phash_ncc,2,0.9969677329063416,0.9638313055038452,False
data/Training/notumor/Tr-no_1027.jpg,notumor,data/Training/notumor/Tr-no_46.jpg,notumor,perceptual_phash_ncc,2,0.9966421723365784,0.9596859812736511,False
data/Training/notumor/Tr-no_1027.jpg,notumor,data/Testing/notumor/Te-no_351.jpg,notumor,perceptual_phash_ncc,2,0.9940639138221741,0.9333203434944153,False
data/Training/notumor/Tr-no_103.jpg,notumor,data/Training/notumor/Tr-no_384.jpg,notumor,perceptual_phash_ncc,4,0.9950076341629028,0.9459975957870483,False
data/Training/notumor/Tr-no_103.jpg,notumor,data/Training/notumor/Tr-no_868.jpg,notumor,perceptual_phash_ncc,4,0.9985899925231934,0.9773914813995361,False
data/Training/notumor/Tr-no_1032.jpg,notumor,data/Training/notumor/Tr-no_510.jpg,notumor,perceptual_phash_ncc,2,0.9967293739318848,0.9543139934539795,False
data/Training/notumor/Tr-no_1032.jpg,notumor,data/Training/notumor/Tr-no_730.jpg,notumor,perceptual_phash_ncc,2,0.9948890209197998,0.936750054359436,False
data/Training/notumor/Tr-no_1032.jpg,notumor,data/Testing/notumor/Te-no_220.jpg,notumor,perceptual_phash_ncc,2,0.9947260022163391,0.9323575496673584,False
data/Training/notumor/Tr-no_1034.jpg,notumor,data/Training/notumor/Tr-no_1233.jpg,notumor,perceptual_phash_ncc,0,0.999505341053009,0.9812718629837036,False
data/Training/notumor/Tr-no_1034.jpg,notumor,data/Testing/notumor/Te-no_348.jpg,notumor,perceptual_phash_ncc,2,0.9984768629074097,0.9575700759887695,False
data/Training/notumor/Tr-no_1035.jpg,notumor,data/Training/notumor/Tr-no_211.jpg,notumor,perceptual_phash_ncc,4,0.994910717010498,0.9630413055419922,False
data/Training/notumor/Tr-no_1039.jpg,notumor,data/Training/notumor/Tr-no_1385.jpg,notumor,exact_decoded_rgb,0,1.0,1.0,False
data/Training/notumor/Tr-no_1039.jpg,notumor,data/Training/notumor/Tr-no_600.jpg,notumor,exact_decoded_rgb,0,1.0,1.0,False
data/Training/notumor/Tr-no_1039.jpg,notumor,data/Training/notumor/Tr-no_715.jpg,notumor,perceptual_phash_ncc,2,0.9998968243598938,0.99764484167099,False
data/Training/notumor/Tr-no_1039.jpg,notumor,data/Testing/notumor/Te-no_344.jpg,notumor,perceptual_phash_ncc,2,0.9993888139724731,0.9884278774261475,False
data/Training/notumor/Tr-no_1039.jpg,notumor,data/Training/notumor/Tr-no_1091.jpg,notumor,perceptual_phash_ncc,4,0.9995971322059631,0.9915677905082703,False
data/Training/notumor/Tr-no_104.jpg,notumor,data/Testing/notumor/Te-no_389.jpg,notumor,perceptual_phash_ncc,4,0.9942678809165955,0.921232283115387,False
data/Training/notumor/Tr-no_1041.jpg,notumor,data/Testing/notumor/Te-no_225.jpg,notumor,perceptual_phash_ncc,4,0.9930981397628784,0.8848470449447632,False
data/Training/notumor/Tr-no_1043.jpg,notumor,data/Training/notumor/Tr-no_728.jpg,notumor,perceptual_phash_ncc,0,0.9954228401184082,0.9357330799102783,False
data/Training/notumor/Tr-no_1044.jpg,notumor,data/Training/notumor/Tr-no_1206.jpg,notumor,perceptual_phash_ncc,2,0.9943565130233765,0.9297662973403931,False
data/Training/notumor/Tr-no_1044.jpg,notumor,data/Training/notumor/Tr-no_375.jpg,notumor,perceptual_phash_ncc,2,0.9982430934906006,0.9751943349838257,False
data/Training/notumor/Tr-no_1044.jpg,notumor,data/Training/notumor/Tr-no_1145.jpg,notumor,perceptual_phash_ncc,4,0.9982234239578247,0.9753766059875488,False
data/Training/notumor/Tr-no_1044.jpg,notumor,data/Training/notumor/Tr-no_1217.jpg,notumor,perceptual_phash_ncc,4,0.9964633584022522,0.9534220099449158,False
data/Training/notumor/Tr-no_1044.jpg,notumor,data/Training/notumor/Tr-no_1234.jpg,notumor,perceptual_phash_ncc,4,0.9982234239578247,0.9753766059875488,False
data/Training/notumor/Tr-no_1044.jpg,notumor,data/Training/notumor/Tr-no_430.jpg,notumor,perceptual_phash_ncc,4,0.9982234239578247,0.9753766059875488,False
data/Training/notumor/Tr-no_1045.jpg,notumor,data/Training/notumor/Tr-no_284.jpg,notumor,perceptual_phash_ncc,0,0.988768458366394,0.9019953012466431,False
data/Training/notumor/Tr-no_1046.jpg,notumor,data/Training/notumor/Tr-no_454.jpg,notumor,exact_decoded_rgb,0,1.0,1.0,False
data/Training/notumor/Tr-no_1047.jpg,notumor,data/Training/notumor/Tr-no_1251.jpg,notumor,perceptual_phash_ncc,4,0.998114287853241,0.9512880444526672,False
data/Training/notumor/Tr-no_1048.jpg,notumor,data/Training/notumor/Tr-no_299.jpg,notumor,perceptual_phash_ncc,2,0.9964323043823242,0.9539704322814941,False
data/Training/notumor/Tr-no_1049.jpg,notumor,data/Testing/notumor/Te-no_138.jpg,notumor,perceptual_phash_ncc,2,0.9992010593414307,0.9668728113174438,False
data/Training/notumor/Tr-no_1050.jpg,notumor,data/Testing/notumor/Te-no_180.jpg,notumor,perceptual_phash_ncc,4,0.9928829669952393,0.8935158252716064,False
data/Training/notumor/Tr-no_1051.jpg,notumor,data/Training/notumor/Tr-no_1158.jpg,notumor,exact_decoded_rgb,0,1.0,1.0,False
data/Training/notumor/Tr-no_1051.jpg,notumor,data/Training/notumor/Tr-no_330.jpg,notumor,exact_decoded_rgb,0,1.0,1.0,False
data/Training/notumor/Tr-no_1051.jpg,notumor,data/Training/notumor/Tr-no_538.jpg,notumor,perceptual_phash_ncc,0,0.9998772144317627,0.9990241527557373,False
data/Training/notumor/Tr-no_1051.jpg,notumor,data/Training/notumor/Tr-no_199.jpg,notumor,perceptual_phash_ncc,4,0.9978743195533752,0.9829899072647095,False
data/Training/notumor/Tr-no_1052.jpg,notumor,data/Testing/notumor/Te-no_168.jpg,notumor,perceptual_phash_ncc,4,0.9831644296646118,0.8574055433273315,False
data/Training/notumor/Tr-no_1052.jpg,notumor,data/Testing/notumor/Te-no_211.jpg,notumor,perceptual_phash_ncc,4,0.998672604560852,0.9854523539543152,False
data/Training/notumor/Tr-no_1053.jpg,notumor,data/Training/notumor/Tr-no_254.jpg,notumor,perceptual_phash_ncc,4,0.9966138601303101,0.9554212093353271,False
data/Training/notumor/Tr-no_1053.jpg,notumor,data/Testing/notumor/Te-no_158.jpg,notumor,perceptual_phash_ncc,4,0.9963615536689758,0.950558066368103,False
data/Training/notumor/Tr-no_1055.jpg,notumor,data/Training/notumor/Tr-no_296.jpg,notumor,perceptual_phash_ncc,2,0.9992890954017639,0.9871097803115845,False
data/Training/notumor/Tr-no_1055.jpg,notumor,data/Training/notumor/Tr-no_453.jpg,notumor,perceptual_phash_ncc,2,0.9985799193382263,0.9765052199363708,False
data/Training/notumor/Tr-no_1055.jpg,notumor,data/Training/notumor/Tr-no_588.jpg,notumor,perceptual_phash_ncc,2,0.999275803565979,0.9872346520423889,False
data/Training/notumor/Tr-no_1055.jpg,notumor,data/Training/notumor/Tr-no_989.jpg,notumor,perceptual_phash_ncc,2,0.999275803565979,0.9872346520423889,False
data/Training/notumor/Tr-no_1055.jpg,notumor,data/Training/notumor/Tr-no_260.jpg,notumor,perceptual_phash_ncc,4,0.9983453154563904,0.9725625514984131,False
data/Training/notumor/Tr-no_1058.jpg,notumor,data/Training/notumor/Tr-no_1207.jpg,notumor,perceptual_phash_ncc,2,0.995821475982666,0.9529582858085632,False
data/Training/notumor/Tr-no_1060.jpg,notumor,data/Training/notumor/Tr-no_203.jpg,notumor,perceptual_phash_ncc,2,0.9980170130729675,0.9830788373947144,False
data/Training/notumor/Tr-no_1060.jpg,notumor,data/Training/notumor/Tr-no_339.jpg,notumor,perceptual_phash_ncc,4,0.9943720102310181,0.959255039691925,False
data/Training/notumor/Tr-no_1061.jpg,notumor,data/Training/notumor/Tr-no_1082.jpg,notumor,perceptual_phash_ncc,0,0.9999575614929199,0.9993109107017517,False
data/Training/notumor/Tr-no_1061.jpg,notumor,data/Training/notumor/Tr-no_1134.jpg,notumor,exact_decoded_rgb,0,1.0,1.0,False
data/Training/notumor/Tr-no_1061.jpg,notumor,data/Training/notumor/Tr-no_855.jpg,notumor,perceptual_phash_ncc,0,0.9991645216941833,0.9855426549911499,False
data/Training/notumor/Tr-no_1061.jpg,notumor,data/Training/notumor/Tr-no_340.jpg,notumor,perceptual_phash_ncc,2,0.9992104768753052,0.9860067963600159,False
data/Training/notumor/Tr-no_1061.jpg,notumor,data/Testing/notumor/Te-no_324.jpg,notumor,perceptual_phash_ncc,4,0.9979484677314758,0.9643969535827637,False
data/Training/notumor/Tr-no_1062.jpg,notumor,data/Training/notumor/Tr-no_109.jpg,notumor,exact_decoded_rgb,0,1.0,1.0,False
data/Training/notumor/Tr-no_1062.jpg,notumor,data/Training/notumor/Tr-no_1183.jpg,notumor,exact_decoded_rgb,0,1.0,1.0,False
data/Training/notumor/Tr-no_1062.jpg,notumor,data/Training/notumor/Tr-no_371.jpg,notumor,exact_decoded_rgb,0,1.0,1.0,False
data/Training/notumor/Tr-no_1062.jpg,notumor,data/Training/notumor/Tr-no_5.jpg,notumor,exact_decoded_rgb,0,1.0,1.0,False
data/Training/notumor/Tr-no_1062.jpg,notumor,data/Training/notumor/Tr-no_693.jpg,notumor,exact_decoded_rgb,0,1.0,1.0,False
data/Training/notumor/Tr-no_1062.jpg,notumor,data/Training/notumor/Tr-no_224.jpg,notumor,perceptual_phash_ncc,2,0.9948477149009705,0.9551683664321899,False
data/Training/notumor/Tr-no_1062.jpg,notumor,data/Training/notumor/Tr-no_232.jpg,notumor,perceptual_phash_ncc,2,0.9948477149009705,0.9551683664321899,False
data/Training/notumor/Tr-no_1062.jpg,notumor,data/Training/notumor/Tr-no_29.jpg,notumor,perceptual_phash_ncc,2,0.9948477149009705,0.9551683664321899,False
data/Training/notumor/Tr-no_1062.jpg,notumor,data/Training/notumor/Tr-no_1257.jpg,notumor,perceptual_phash_ncc,4,0.9929202198982239,0.9431467652320862,False
data/Training/notumor/Tr-no_1062.jpg,notumor,data/Training/notumor/Tr-no_249.jpg,notumor,perceptual_phash_ncc,4,0.9899572730064392,0.9249656200408936,False
data/Training/notumor/Tr-no_1062.jpg,notumor,data/Training/notumor/Tr-no_82.jpg,notumor,perceptual_phash_ncc,4,0.9950129985809326,0.9558565616607666,False
data/Training/notumor/Tr-no_1063.jpg,notumor,data/Training/notumor/Tr-no_864.jpg,notumor,exact_decoded_rgb,0,1.0,1.0,False
data/Training/notumor/Tr-no_1063.jpg,notumor,data/Training/notumor/Tr-no_1343.jpg,notumor,perceptual_phash_ncc,2,0.9963514804840088,0.9500983953475952,False
data/Training/notumor/Tr-no_1063.jpg,notumor,data/Training/notumor/Tr-no_1379.jpg,notumor,perceptual_phash_ncc,2,0.9965335726737976,0.9523054361343384,False
data/Training/notumor/Tr-no_1063.jpg,notumor,data/Training/notumor/Tr-no_810.jpg,notumor,perceptual_phash_ncc,2,0.9965335726737976,0.9523054361343384,False
data/Training/notumor/Tr-no_1063.jpg,notumor,data/Training/notumor/Tr-no_328.jpg,notumor,perceptual_phash_ncc,4,0.9984232783317566,0.9856327176094055,False
data/Training/notumor/Tr-no_1064.jpg,notumor,data/Training/notumor/Tr-no_762.jpg,notumor,perceptual_phash_ncc,2,0.9958300590515137,0.9491737484931946,False
data/Training/notumor/Tr-no_1064.jpg,notumor,data/Testing/notumor/Te-no_302.jpg,notumor,perceptual_phash_ncc,2,0.9953132271766663,0.9446854591369629,False
data/Training/notumor/Tr-no_1068.jpg,notumor,data/Training/notumor/Tr-no_1247.jpg,notumor,perceptual_phash_ncc,2,0.9984521865844727,0.9832751154899597,False
data/Training/notumor/Tr-no_1068.jpg,notumor,data/Training/notumor/Tr-no_176.jpg,notumor,perceptual_phash_ncc,2,0.9984779953956604,0.984440267086029,False
data/Training/notumor/Tr-no_1068.jpg,notumor,data/Training/notumor/Tr-no_56.jpg,notumor,perceptual_phash_ncc,2,0.9999046921730042,0.9990466237068176,False
data/Training/notumor/Tr-no_1068.jpg,notumor,data/Training/notumor/Tr-no_657.jpg,notumor,perceptual_phash_ncc,2,0.9962477684020996,0.9629569053649902,False
data/Training/notumor/Tr-no_1068.jpg,notumor,data/Training/notumor/Tr-no_73.jpg,notumor,perceptual_phash_ncc,2,0.9999046921730042,0.9990466237068176,False
data/Training/notumor/Tr-no_1068.jpg,notumor,data/Training/notumor/Tr-no_288.jpg,notumor,perceptual_phash_ncc,4,0.9966627955436707,0.9689208269119263,False
data/Training/notumor/Tr-no_1068.jpg,notumor,data/Training/notumor/Tr-no_321.jpg,notumor,perceptual_phash_ncc,4,0.9966342449188232,0.9682255983352661,False
data/Training/notumor/Tr-no_1068.jpg,notumor,data/Training/notumor/Tr-no_400.jpg,notumor,perceptual_phash_ncc,4,0.9966549873352051,0.9689121842384338,False
data/Training/notumor/Tr-no_1068.jpg,notumor,data/Training/notumor/Tr-no_536.jpg,notumor,perceptual_phash_ncc,4,0.996620237827301,0.9674519300460815,False
data/Training/notumor/Tr-no_1068.jpg,notumor,data/Training/notumor/Tr-no_612.jpg,notumor,perceptual_phash_ncc,4,0.9965769052505493,0.9669220447540283,False
data/Training/notumor/Tr-no_107.jpg,notumor,data/Training/notumor/Tr-no_70.jpg,notumor,perceptual_phash_ncc,4,0.999669075012207,0.9891579151153564,False
data/Training/notumor/Tr-no_1070.jpg,notumor,data/Training/notumor/Tr-no_412.jpg,notumor,exact_decoded_rgb,0,1.0,1.0,False
data/Training/notumor/Tr-no_1071.jpg,notumor,data/Training/notumor/Tr-no_1138.jpg,notumor,perceptual_phash_ncc,0,0.9953182339668274,0.9457606077194214,False
data/Training/notumor/Tr-no_1071.jpg,notumor,data/Testing/notumor/Te-no_334.jpg,notumor,perceptual_phash_ncc,4,0.994526743888855,0.9351576566696167,False
data/Training/notumor/Tr-no_1074.jpg,notumor,data/Training/notumor/Tr-no_1231.jpg,notumor,perceptual_phash_ncc,0,0.9984579086303711,0.9776962995529175,False
data/Training/notumor/Tr-no_1074.jpg,notumor,data/Training/notumor/Tr-no_55.jpg,notumor,perceptual_phash_ncc,0,0.9964150786399841,0.9515045881271362,False
data/Training/notumor/Tr-no_1074.jpg,notumor,data/Training/notumor/Tr-no_578.jpg,notumor,perceptual_phash_ncc,0,0.9984708428382874,0.9768861532211304,False
data/Training/notumor/Tr-no_1075.jpg,notumor,data/Training/notumor/Tr-no_1330.jpg,notumor,perceptual_phash_ncc,0,0.9995476007461548,0.9871655702590942,False
data/Training/notumor/Tr-no_1075.jpg,notumor,data/Training/notumor/Tr-no_825.jpg,notumor,perceptual_phash_ncc,0,0.9995476007461548,0.9871655702590942,False
data/Training/notumor/Tr-no_1075.jpg,notumor,data/Testing/notumor/Te-no_31.jpg,notumor,perceptual_phash_ncc,2,0.999097466468811,0.9754002690315247,False
data/Training/notumor/Tr-no_1076.jpg,notumor,data/Testing/notumor/Te-no_360.jpg,notumor,perceptual_phash_ncc,2,0.9958363175392151,0.9223915934562683,False
data/Training/notumor/Tr-no_1076.jpg,notumor,data/Training/notumor/Tr-no_780.jpg,notumor,perceptual_phash_ncc,4,0.996941089630127,0.9383801817893982,False
data/Training/notumor/Tr-no_1076.jpg,notumor,data/Testing/notumor/Te-no_296.jpg,notumor,perceptual_phash_ncc,4,0.9960504770278931,0.9234225153923035,False
data/Training/notumor/Tr-no_1077.jpg,notumor,data/Training/notumor/Tr-no_1400.jpg,notumor,exact_decoded_rgb,0,1.0,1.0,False
data/Training/notumor/Tr-no_1078.jpg,notumor,data/Training/notumor/Tr-no_1202.jpg,notumor,perceptual_phash_ncc,0,0.9976300597190857,0.7626056671142578,False
data/Training/notumor/Tr-no_1078.jpg,notumor,data/Testing/notumor/Te-no_139.jpg,notumor,perceptual_phash_ncc,2,0.9952073097229004,0.9123601317405701,False
data/Training/notumor/Tr-no_1078.jpg,notumor,data/Training/notumor/Tr-no_521.jpg,notumor,perceptual_phash_ncc,4,0.9962250590324402,0.9201810359954834,False
data/Training/notumor/Tr-no_1079.jpg,notumor,data/Training/notumor/Tr-no_129.jpg,notumor,exact_decoded_rgb,0,1.0,1.0,False
data/Training/notumor/Tr-no_1079.jpg,notumor,data/Training/notumor/Tr-no_62.jpg,notumor,exact_decoded_rgb,0,1.0,1.0,False
data/Training/notumor/Tr-no_108.jpg,notumor,data/Testing/notumor/Te-no_394.jpg,notumor,perceptual_phash_ncc,2,0.997843325138092,0.9655088782310486,False
data/Training/notumor/Tr-no_108.jpg,notumor,data/Testing/notumor/Te-no_7.jpg,notumor,perceptual_phash_ncc,4,0.9981251955032349,0.9694252610206604,False
data/Training/notumor/Tr-no_1081.jpg,notumor,data/Testing/notumor/Te-no_201.jpg,notumor,perceptual_phash_ncc,0,0.9964700937271118,0.9237410426139832,False
data/Training/notumor/Tr-no_1082.jpg,notumor,data/Training/notumor/Tr-no_1134.jpg,notumor,perceptual_phash_ncc,0,0.9999575614929199,0.9993109107017517,False
data/Training/notumor/Tr-no_1082.jpg,notumor,data/Training/notumor/Tr-no_855.jpg,notumor,perceptual_phash_ncc,0,0.9991812109947205,0.9857989549636841,False
data/Training/notumor/Tr-no_1082.jpg,notumor,data/Training/notumor/Tr-no_340.jpg,notumor,perceptual_phash_ncc,2,0.9992318749427795,0.9862829446792603,False
data/Training/notumor/Tr-no_1082.jpg,notumor,data/Testing/notumor/Te-no_324.jpg,notumor,perceptual_phash_ncc,4,0.9979799389839172,0.9648022651672363,False
data/Training/notumor/Tr-no_1083.jpg,notumor,data/Training/notumor/Tr-no_1304.jpg,notumor,perceptual_phash_ncc,0,0.9992043375968933,0.9879906177520752,False
data/Training/notumor/Tr-no_1083.jpg,notumor,data/Training/notumor/Tr-no_217.jpg,notumor,exact_decoded_rgb,0,1.0,1.0,False
data/Training/notumor/Tr-no_1083.jpg,notumor,data/Testing/notumor/Te-no_322.jpg,notumor,perceptual_phash_ncc,0,0.9987557530403137,0.9832673072814941,False
data/Training/notumor/Tr-no_1083.jpg,notumor,data/Training/notumor/Tr-no_1170.jpg,notumor,perceptual_phash_ncc,4,0.991266131401062,0.940070390701294,False
data/Training/notumor/Tr-no_1083.jpg,notumor,data/Training/notumor/Tr-no_1244.jpg,notumor,perceptual_phash_ncc,4,0.9911155104637146,0.939164936542511,False
data/Training/notumor/Tr-no_1083.jpg,notumor,data/Training/notumor/Tr-no_1392.jpg,notumor,perceptual_phash_ncc,4,0.9911155104637146,0.939164936542511,False
data/Training/notumor/Tr-no_1083.jpg,notumor,data/Training/notumor/Tr-no_559.jpg,notumor,perceptual_phash_ncc,4,0.991504430770874,0.9580672383308411,False
data/Training/notumor/Tr-no_1083.jpg,notumor,data/Training/notumor/Tr-no_620.jpg,notumor,perceptual_phash_ncc,4,0.9897294044494629,0.9374876022338867,False
data/Training/notumor/Tr-no_1083.jpg,notumor,data/Training/notumor/Tr-no_781.jpg,notumor,perceptual_phash_ncc,4,0.9911155104637146,0.939164936542511,False
data/Training/notumor/Tr-no_1083.jpg,notumor,data/Training/notumor/Tr-no_955.jpg,notumor,perceptual_phash_ncc,4,0.9920234084129333,0.9631006717681885,False
data/Training/notumor/Tr-no_1084.jpg,notumor,data/Training/notumor/Tr-no_704.jpg,notumor,perceptual_phash_ncc,0,0.9885412454605103,0.9102852940559387,False
data/Training/notumor/Tr-no_1084.jpg,notumor,data/Training/notumor/Tr-no_994.jpg,notumor,perceptual_phash_ncc,0,0.988504946231842,0.9113727807998657,False
data/Training/notumor/Tr-no_1084.jpg,notumor,data/Testing/notumor/Te-no_336.jpg,notumor,perceptual_phash_ncc,0,0.9985506534576416,0.9831932187080383,False
data/Training/notumor/Tr-no_1085.jpg,notumor,data/Training/notumor/Tr-no_692.jpg,notumor,exact_decoded_rgb,0,1.0,1.0,False
data/Training/notumor/Tr-no_1085.jpg,notumor,data/Training/notumor/Tr-no_767.jpg,notumor,exact_decoded_rgb,0,1.0,1.0,False
data/Training/notumor/Tr-no_1085.jpg,notumor,data/Training/notumor/Tr-no_98.jpg,notumor,exact_decoded_rgb,0,1.0,1.0,False
data/Training/notumor/Tr-no_1086.jpg,notumor,data/Testing/notumor/Te-no_372.jpg,notumor,perceptual_phash_ncc,2,0.9994840621948242,0.9773635268211365,False
data/Training/notumor/Tr-no_1086.jpg,notumor,data/Training/notumor/Tr-no_675.jpg,notumor,perceptual_phash_ncc,4,0.9996298551559448,0.9851018786430359,False
data/Training/notumor/Tr-no_1086.jpg,notumor,data/Testing/notumor/Te-no_163.jpg,notumor,perceptual_phash_ncc,4,0.9996519088745117,0.9840366244316101,False
data/Training/notumor/Tr-no_1087.jpg,notumor,data/Training/notumor/Tr-no_540.jpg,notumor,perceptual_phash_ncc,0,0.9994824528694153,0.9951115846633911,False
data/Training/notumor/Tr-no_1087.jpg,notumor,data/Training/notumor/Tr-no_753.jpg,notumor,perceptual_phash_ncc,0,0.9994824528694153,0.9951115846633911,False
data/Training/notumor/Tr-no_1087.jpg,notumor,data/Training/notumor/Tr-no_96.jpg,notumor,perceptual_phash_ncc,0,0.9978436231613159,0.9809472560882568,False
data/Training/notumor/Tr-no_1087.jpg,notumor,data/Testing/notumor/Te-no_205.jpg,notumor,perceptual_phash_ncc,2,0.9978103637695312,0.9799865484237671,False
data/Training/notumor/Tr-no_1088.jpg,notumor,data/Training/notumor/Tr-no_195.jpg,notumor,perceptual_phash_ncc,2,0.999317467212677,0.9947314262390137,False
data/Training/notumor/Tr-no_109.jpg,notumor,data/Training/notumor/Tr-no_1183.jpg,notumor,exact_decoded_rgb,0,1.0,1.0,False
data/Training/notumor/Tr-no_109.jpg,notumor,data/Training/notumor/Tr-no_371.jpg,notumor,exact_decoded_rgb,0,1.0,1.0,False
data/Training/notumor/Tr-no_109.jpg,notumor,data/Training/notumor/Tr-no_5.jpg,notumor,exact_decoded_rgb,0,1.0,1.0,False
data/Training/notumor/Tr-no_109.jpg,notumor,data/Training/notumor/Tr-no_693.jpg,notumor,exact_decoded_rgb,0,1.0,1.0,False
data/Training/notumor/Tr-no_109.jpg,notumor,data/Training/notumor/Tr-no_224.jpg,notumor,perceptual_phash_ncc,2,0.9948477149009705,0.9551683664321899,False
data/Training/notumor/Tr-no_109.jpg,notumor,data/Training/notumor/Tr-no_232.jpg,notumor,perceptual_phash_ncc,2,0.9948477149009705,0.9551683664321899,False
data/Training/notumor/Tr-no_109.jpg,notumor,data/Training/notumor/Tr-no_29.jpg,notumor,perceptual_phash_ncc,2,0.9948477149009705,0.9551683664321899,False
data/Training/notumor/Tr-no_109.jpg,notumor,data/Training/notumor/Tr-no_1257.jpg,notumor,perceptual_phash_ncc,4,0.9929202198982239,0.9431467652320862,False
data/Training/notumor/Tr-no_109.jpg,notumor,data/Training/notumor/Tr-no_249.jpg,notumor,perceptual_phash_ncc,4,0.9899572730064392,0.9249656200408936,False
data/Training/notumor/Tr-no_109.jpg,notumor,data/Training/notumor/Tr-no_82.jpg,notumor,perceptual_phash_ncc,4,0.9950129985809326,0.9558565616607666,False
data/Training/notumor/Tr-no_1091.jpg,notumor,data/Training/notumor/Tr-no_1385.jpg,notumor,perceptual_phash_ncc,4,0.9995971322059631,0.9915677905082703,False
data/Training/notumor/Tr-no_1091.jpg,notumor,data/Training/notumor/Tr-no_199.jpg,notumor,perceptual_phash_ncc,4,0.99366694688797,0.947902262210846,False
data/Training/notumor/Tr-no_1091.jpg,notumor,data/Training/notumor/Tr-no_600.jpg,notumor,perceptual_phash_ncc,4,0.9995971322059631,0.9915677905082703,False
data/Training/notumor/Tr-no_1091.jpg,notumor,data/Testing/notumor/Te-no_344.jpg,notumor,perceptual_phash_ncc,4,0.9995003938674927,0.9916747808456421,False
data/Training/notumor/Tr-no_1092.jpg,notumor,data/Training/notumor/Tr-no_84.jpg,notumor,perceptual_phash_ncc,4,0.9738680720329285,0.8654171824455261,False
data/Training/notumor/Tr-no_1095.jpg,notumor,data/Training/notumor/Tr-no_69.jpg,notumor,exact_decoded_rgb,0,1.0,1.0,False
data/Training/notumor/Tr-no_1095.jpg,notumor,data/Training/notumor/Tr-no_882.jpg,notumor,perceptual_phash_ncc,0,0.9991164207458496,0.982337236404419,False
data/Training/notumor/Tr-no_1095.jpg,notumor,data/Training/notumor/Tr-no_1237.jpg,notumor,perceptual_phash_ncc,2,0.9992008209228516,0.9842832088470459,False
data/Training/notumor/Tr-no_1095.jpg,notumor,data/Training/notumor/Tr-no_317.jpg,notumor,perceptual_phash_ncc,2,0.9979254007339478,0.9594926238059998,False
data/Training/notumor/Tr-no_1096.jpg,notumor,data/Testing/notumor/Te-no_77.jpg,notumor,exact_decoded_rgb,0,1.0,1.0,False
data/Training/notumor/Tr-no_1098.jpg,notumor,data/Testing/notumor/Te-no_234.jpg,notumor,perceptual_phash_ncc,0,0.9984825253486633,0.9770520329475403,False
data/Training/notumor/Tr-no_1099.jpg,notumor,data/Training/notumor/Tr-no_245.jpg,notumor,perceptual_phash_ncc,2,0.9982172846794128,0.9762048721313477,False
data/Training/notumor/Tr-no_1099.jpg,notumor,data/Training/notumor/Tr-no_465.jpg,notumor,perceptual_phash_ncc,2,0.9982665777206421,0.9767031073570251,False
data/Training/notumor/Tr-no_1099.jpg,notumor,data/Training/notumor/Tr-no_861.jpg,notumor,perceptual_phash_ncc,2,0.9979153275489807,0.9731064438819885,False
data/Training/notumor/Tr-no_11.jpg,notumor,data/Training/notumor/Tr-no_19.jpg,notumor,perceptual_phash_ncc,2,0.9901752471923828,0.9216781258583069,False
data/Training/notumor/Tr-no_11.jpg,notumor,data/Training/notumor/Tr-no_334.jpg,notumor,perceptual_phash_ncc,2,0.9967326521873474,0.9768767356872559,False
data/Training/notumor/Tr-no_11.jpg,notumor,data/Training/notumor/Tr-no_447.jpg,notumor,perceptual_phash_ncc,2,0.9901299476623535,0.9216923117637634,False
data/Training/notumor/Tr-no_11.jpg,notumor,data/Training/notumor/Tr-no_499.jpg,notumor,perceptual_phash_ncc,2,0.9966862797737122,0.9768983721733093,False
data/Training/notumor/Tr-no_11.jpg,notumor,data/Training/notumor/Tr-no_651.jpg,notumor,perceptual_phash_ncc,2,0.9897482395172119,0.9184697270393372,False
data/Training/notumor/Tr-no_11.jpg,notumor,data/Training/notumor/Tr-no_716.jpg,notumor,perceptual_phash_ncc,2,0.9900362491607666,0.9215652942657471,False
data/Training/notumor/Tr-no_11.jpg,notumor,data/Training/notumor/Tr-no_720.jpg,notumor,perceptual_phash_ncc,2,0.9901299476623535,0.9216923117637634,False
data/Training/notumor/Tr-no_11.jpg,notumor,data/Training/notumor/Tr-no_734.jpg,notumor,perceptual_phash_ncc,2,0.9966862797737122,0.9768983721733093,False
data/Training/notumor/Tr-no_11.jpg,notumor,data/Training/notumor/Tr-no_839.jpg,notumor,perceptual_phash_ncc,2,0.9901299476623535,0.9216923117637634,False
data/Training/notumor/Tr-no_11.jpg,notumor,data/Training/notumor/Tr-no_986.jpg,notumor,perceptual_phash_ncc,2,0.9900432229042053,0.921564519405365,False
data/Training/notumor/Tr-no_11.jpg,notumor,data/Testing/notumor/Te-no_396.jpg,notumor,perceptual_phash_ncc,2,0.9935919046401978,0.9577900171279907,False
data/Training/notumor/Tr-no_11.jpg,notumor,data/Testing/notumor/Te-no_24.jpg,notumor,perceptual_phash_ncc,4,0.9923896789550781,0.9460903406143188,False
data/Training/notumor/Tr-no_1100.jpg,notumor,data/Training/notumor/Tr-no_962.jpg,notumor,perceptual_phash_ncc,2,0.9964565634727478,0.9699053764343262,False
data/Training/notumor/Tr-no_1100.jpg,notumor,data/Training/notumor/Tr-no_1290.jpg,notumor,perceptual_phash_ncc,4,0.9984039068222046,0.9843007326126099,False
data/Training/notumor/Tr-no_1100.jpg,notumor,data/Training/notumor/Tr-no_281.jpg,notumor,perceptual_phash_ncc,4,0.9984039068222046,0.9843007326126099,False
data/Training/notumor/Tr-no_1100.jpg,notumor,data/Training/notumor/Tr-no_42.jpg,notumor,perceptual_phash_ncc,4,0.9970875382423401,0.9768433570861816,False
data/Training/notumor/Tr-no_1100.jpg,notumor,data/Training/notumor/Tr-no_774.jpg,notumor,perceptual_phash_ncc,4,0.9984488487243652,0.9835497140884399,False
data/Training/notumor/Tr-no_1102.jpg,notumor,data/Testing/notumor/Te-no_351.jpg,notumor,perceptual_phash_ncc,0,0.9952523112297058,0.9448836445808411,False
data/Training/notumor/Tr-no_1102.jpg,notumor,data/Training/notumor/Tr-no_46.jpg,notumor,perceptual_phash_ncc,4,0.9944278597831726,0.9341453909873962,False
data/Training/notumor/Tr-no_1103.jpg,notumor,data/Training/notumor/Tr-no_948.jpg,notumor,perceptual_phash_ncc,4,0.9843754172325134,0.9008800983428955,False
data/Training/notumor/Tr-no_1105.jpg,notumor,data/Training/notumor/Tr-no_569.jpg,notumor,exact_decoded_rgb,0,1.0,1.0,False
data/Training/notumor/Tr-no_1107.jpg,notumor,data/Training/notumor/Tr-no_1215.jpg,notumor,perceptual_phash_ncc,0,0.9935342669487,0.9539617300033569,False
data/Training/notumor/Tr-no_1108.jpg,notumor,data/Training/notumor/Tr-no_721.jpg,notumor,perceptual_phash_ncc,0,0.9999381899833679,0.9991931915283203,False
data/Training/notumor/Tr-no_1108.jpg,notumor,data/Training/notumor/Tr-no_81.jpg,notumor,perceptual_phash_ncc,0,0.9999381899833679,0.9991931915283203,False
data/Training/notumor/Tr-no_1108.jpg,notumor,data/Training/notumor/Tr-no_1150.jpg,notumor,perceptual_phash_ncc,2,0.9990081191062927,0.9866976737976074,False
data/Training/notumor/Tr-no_1108.jpg,notumor,data/Training/notumor/Tr-no_751.jpg,notumor,perceptual_phash_ncc,2,0.9974284172058105,0.9686542749404907,False
data/Training/notumor/Tr-no_1108.jpg,notumor,data/Testing/notumor/Te-no_145.jpg,notumor,perceptual_phash_ncc,2,0.9989094138145447,0.9851776361465454,False
data/Training/notumor/Tr-no_1109.jpg,notumor,data/Training/notumor/Tr-no_1380.jpg,notumor,exact_decoded_rgb,0,1.0,1.0,False
data/Training/notumor/Tr-no_1112.jpg,notumor,data/Training/notumor/Tr-no_1113.jpg,notumor,perceptual_phash_ncc,2,0.9969717860221863,0.9578637480735779,False
data/Training/notumor/Tr-no_1112.jpg,notumor,data/Training/notumor/Tr-no_200.jpg,notumor,perceptual_phash_ncc,2,0.9972226619720459,0.9611259698867798,False
data/Training/notumor/Tr-no_1112.jpg,notumor,data/Training/notumor/Tr-no_437.jpg,notumor,perceptual_phash_ncc,2,0.9985458850860596,0.9792876243591309,False
data/Training/notumor/Tr-no_1112.jpg,notumor,data/Training/notumor/Tr-no_473.jpg,notumor,perceptual_phash_ncc,2,0.998457670211792,0.9782273769378662,False
data/Training/notumor/Tr-no_1112.jpg,notumor,data/Training/notumor/Tr-no_778.jpg,notumor,perceptual_phash_ncc,2,0.998457670211792,0.9782273769378662,False
data/Training/notumor/Tr-no_1113.jpg,notumor,data/Training/notumor/Tr-no_437.jpg,notumor,perceptual_phash_ncc,2,0.9967976212501526,0.9559482932090759,False
data/Training/notumor/Tr-no_1113.jpg,notumor,data/Training/notumor/Tr-no_200.jpg,notumor,perceptual_phash_ncc,4,0.995919406414032,0.9459865689277649,False
data/Training/notumor/Tr-no_1113.jpg,notumor,data/Training/notumor/Tr-no_473.jpg,notumor,perceptual_phash_ncc,4,0.9966728091239929,0.9547467231750488,False
data/Training/notumor/Tr-no_1113.jpg,notumor,data/Training/notumor/Tr-no_778.jpg,notumor,perceptual_phash_ncc,4,0.9966728091239929,0.9547467231750488,False
data/Training/notumor/Tr-no_1116.jpg,notumor,data/Testing/notumor/Te-no_240.jpg,notumor,perceptual_phash_ncc,2,0.9995524287223816,0.9895713329315186,False
data/Training/notumor/Tr-no_1117.jpg,notumor,data/Training/notumor/Tr-no_717.jpg,notumor,perceptual_phash_ncc,0,0.9975351691246033,0.9811007976531982,False
data/Training/notumor/Tr-no_1117.jpg,notumor,data/Training/notumor/Tr-no_604.jpg,notumor,perceptual_phash_ncc,2,0.9949723482131958,0.9626530408859253,False
data/Training/notumor/Tr-no_1117.jpg,notumor,data/Testing/notumor/Te-no_82.jpg,notumor,perceptual_phash_ncc,2,0.9942845106124878,0.960080623626709,False
data/Training/notumor/Tr-no_1118.jpg,notumor,data/Training/notumor/Tr-no_1224.jpg,notumor,perceptual_phash_ncc,4,0.9997378587722778,0.9920557737350464,False
data/Training/notumor/Tr-no_1118.jpg,notumor,data/Training/notumor/Tr-no_1349.jpg,notumor,perceptual_phash_ncc,4,0.9995668530464172,0.9874551892280579,False
data/Training/notumor/Tr-no_112.jpg,notumor,data/Training/notumor/Tr-no_1178.jpg,notumor,exact_decoded_rgb,0,1.0,1.0,False
data/Training/notumor/Tr-no_112.jpg,notumor,data/Training/notumor/Tr-no_1265.jpg,notumor,exact_decoded_rgb,0,1.0,1.0,False
data/Training/notumor/Tr-no_112.jpg,notumor,data/Training/notumor/Tr-no_308.jpg,notumor,exact_decoded_rgb,0,1.0,1.0,False
data/Training/notumor/Tr-no_112.jpg,notumor,data/Training/notumor/Tr-no_494.jpg,notumor,exact_decoded_rgb,0,1.0,1.0,False
data/Training/notumor/Tr-no_1120.jpg,notumor,data/Training/notumor/Tr-no_921.jpg,notumor,perceptual_phash_ncc,2,0.9994887709617615,0.9692276120185852,False
data/Training/notumor/Tr-no_1122.jpg,notumor,data/Training/notumor/Tr-no_1192.jpg,notumor,perceptual_phash_ncc,2,0.9962427020072937,0.9218578338623047,False
data/Training/notumor/Tr-no_1122.jpg,notumor,data/Training/notumor/Tr-no_902.jpg,notumor,perceptual_phash_ncc,4,0.9941893219947815,0.8845003247261047,False
data/Training/notumor/Tr-no_1123.jpg,notumor,data/Training/notumor/Tr-no_149.jpg,notumor,perceptual_phash_ncc,2,0.9968927502632141,0.9488010406494141,False
data/Training/notumor/Tr-no_1123.jpg,notumor,data/Testing/notumor/Te-no_300.jpg,notumor,perceptual_phash_ncc,2,0.9947082996368408,0.9100428819656372,False
data/Training/notumor/Tr-no_1123.jpg,notumor,data/Testing/notumor/Te-no_99.jpg,notumor,perceptual_phash_ncc,4,0.9952796697616577,0.91938716173172,False
data/Training/notumor/Tr-no_1124.jpg,notumor,data/Testing/notumor/Te-no_209.jpg,notumor,perceptual_phash_ncc,2,0.9944054484367371,0.9592012166976929,False
data/Training/notumor/Tr-no_1125.jpg,notumor,data/Training/notumor/Tr-no_141.jpg,notumor,perceptual_phash_ncc,4,0.9972496628761292,0.9646356105804443,False
data/Training/notumor/Tr-no_1125.jpg,notumor,data/Training/notumor/Tr-no_993.jpg,notumor,perceptual_phash_ncc,4,0.9982331395149231,0.9749003648757935,False
data/Training/notumor/Tr-no_1126.jpg,notumor,data/Training/notumor/Tr-no_564.jpg,notumor,exact_decoded_rgb,0,1.0,1.0,False
data/Training/notumor/Tr-no_1126.jpg,notumor,data/Training/notumor/Tr-no_694.jpg,notumor,perceptual_phash_ncc,0,0.99993896484375,0.9987369179725647,False
data/Training/notumor/Tr-no_1126.jpg,notumor,data/Training/notumor/Tr-no_878.jpg,notumor,perceptual_phash_ncc,0,0.9990235567092896,0.9854812026023865,False
data/Training/notumor/Tr-no_1126.jpg,notumor,data/Testing/notumor/Te-no_14.jpg,notumor,perceptual_phash_ncc,2,0.9989323019981384,0.9802324771881104,False
data/Training/notumor/Tr-no_1126.jpg,notumor,data/Testing/notumor/Te-no_222.jpg,notumor,perceptual_phash_ncc,2,0.9997235536575317,0.9945053458213806,False
data/Training/notumor/Tr-no_1127.jpg,notumor,data/Testing/notumor/Te-no_284.jpg,notumor,perceptual_phash_ncc,2,0.9921233057975769,0.926756739616394,False
data/Training/notumor/Tr-no_1128.jpg,notumor,data/Testing/notumor/Te-no_229.jpg,notumor,perceptual_phash_ncc,0,0.996381938457489,0.953311562538147,False
data/Training/notumor/Tr-no_113.jpg,notumor,data/Training/notumor/Tr-no_152.jpg,notumor,perceptual_phash_ncc,0,0.9995855093002319,0.9950941801071167,False
data/Training/notumor/Tr-no_113.jpg,notumor,data/Training/notumor/Tr-no_1163.jpg,notumor,perceptual_phash_ncc,4,0.9881582260131836,0.9134133458137512,False
data/Training/notumor/Tr-no_1130.jpg,notumor,data/Training/notumor/Tr-no_667.jpg,notumor,perceptual_phash_ncc,2,0.9925839900970459,0.8776697516441345,False
data/Training/notumor/Tr-no_1130.jpg,notumor,data/Testing/notumor/Te-no_96.jpg,notumor,perceptual_phash_ncc,2,0.9949145317077637,0.9103067517280579,False
data/Training/notumor/Tr-no_1130.jpg,notumor,data/Training/notumor/Tr-no_1310.jpg,notumor,perceptual_phash_ncc,4,0.9958587884902954,0.9232484102249146,False
data/Training/notumor/Tr-no_1132.jpg,notumor,data/Training/notumor/Tr-no_1214.jpg,notumor,perceptual_phash_ncc,2,0.9971857666969299,0.9586017727851868,False
data/Training/notumor/Tr-no_1132.jpg,notumor,data/Training/notumor/Tr-no_640.jpg,notumor,perceptual_phash_ncc,2,0.995976984500885,0.9461323022842407,False
data/Training/notumor/Tr-no_1133.jpg,notumor,data/Training/notumor/Tr-no_1272.jpg,notumor,perceptual_phash_ncc,0,0.9988735914230347,0.9773979187011719,False
data/Training/notumor/Tr-no_1133.jpg,notumor,data/Testing/notumor/Te-no_277.jpg,notumor,perceptual_phash_ncc,2,0.9990520477294922,0.9814398884773254,False
data/Training/notumor/Tr-no_1134.jpg,notumor,data/Training/notumor/Tr-no_855.jpg,notumor,perceptual_phash_ncc,0,0.9991645216941833,0.9855426549911499,False
data/Training/notumor/Tr-no_1134.jpg,notumor,data/Training/notumor/Tr-no_340.jpg,notumor,perceptual_phash_ncc,2,0.9992104768753052,0.9860067963600159,False
data/Training/notumor/Tr-no_1134.jpg,notumor,data/Testing/notumor/Te-no_324.jpg,notumor,perceptual_phash_ncc,4,0.9979484677314758,0.9643969535827637,False
data/Training/notumor/Tr-no_1135.jpg,notumor,data/Training/notumor/Tr-no_1255.jpg,notumor,perceptual_phash_ncc,4,0.9891008734703064,0.8848859667778015,False
data/Training/notumor/Tr-no_1136.jpg,notumor,data/Testing/notumor/Te-no_342.jpg,notumor,perceptual_phash_ncc,0,0.9996504783630371,0.9942502975463867,False
data/Training/notumor/Tr-no_1136.jpg,notumor,data/Training/notumor/Tr-no_480.jpg,notumor,perceptual_phash_ncc,2,0.9970946311950684,0.961797833442688,False
data/Training/notumor/Tr-no_1136.jpg,notumor,data/Testing/notumor/Te-no_110.jpg,notumor,perceptual_phash_ncc,4,0.9973410964012146,0.9653814435005188,False
data/Training/notumor/Tr-no_1137.jpg,notumor,data/Training/notumor/Tr-no_647.jpg,notumor,perceptual_phash_ncc,4,0.9946191906929016,0.9352942705154419,False
data/Training/notumor/Tr-no_1138.jpg,notumor,data/Testing/notumor/Te-no_334.jpg,notumor,perceptual_phash_ncc,4,0.9934914112091064,0.930560827255249,False
data/Training/notumor/Tr-no_1139.jpg,notumor,data/Training/notumor/Tr-no_800.jpg,notumor,perceptual_phash_ncc,0,0.9999558925628662,0.9994010925292969,False
data/Training/notumor/Tr-no_1139.jpg,notumor,data/Training/notumor/Tr-no_221.jpg,notumor,perceptual_phash_ncc,2,0.9980031251907349,0.9844673275947571,False
data/Training/notumor/Tr-no_114.jpg,notumor,data/Testing/notumor/Te-no_311.jpg,notumor,perceptual_phash_ncc,2,0.9950670599937439,0.9258629679679871,False
data/Training/notumor/Tr-no_1140.jpg,notumor,data/Training/notumor/Tr-no_14.jpg,notumor,perceptual_phash_ncc,0,0.9997931718826294,0.9342793822288513,False
data/Training/notumor/Tr-no_1140.jpg,notumor,data/Training/notumor/Tr-no_48.jpg,notumor,perceptual_phash_ncc,0,0.9997931718826294,0.9342793822288513,False
data/Training/notumor/Tr-no_1140.jpg,notumor,data/Training/notumor/Tr-no_749.jpg,notumor,exact_decoded_rgb,0,1.0,1.0,False
data/Training/notumor/Tr-no_1140.jpg,notumor,data/Training/notumor/Tr-no_931.jpg,notumor,exact_decoded_rgb,0,1.0,1.0,False
data/Training/notumor/Tr-no_1142.jpg,notumor,data/Training/notumor/Tr-no_1277.jpg,notumor,perceptual_phash_ncc,2,0.9976407885551453,0.9559545516967773,False
data/Training/notumor/Tr-no_1142.jpg,notumor,data/Training/notumor/Tr-no_194.jpg,notumor,perceptual_phash_ncc,2,0.9977708458900452,0.9566413760185242,False
data/Training/notumor/Tr-no_1142.jpg,notumor,data/Training/notumor/Tr-no_219.jpg,notumor,perceptual_phash_ncc,2,0.9977708458900452,0.9566413760185242,False
data/Training/notumor/Tr-no_1142.jpg,notumor,data/Training/notumor/Tr-no_385.jpg,notumor,perceptual_phash_ncc,2,0.9977966547012329,0.9580888152122498,False
data/Training/notumor/Tr-no_1142.jpg,notumor,data/Training/notumor/Tr-no_652.jpg,notumor,perceptual_phash_ncc,2,0.9992954730987549,0.9871419668197632,False
data/Training/notumor/Tr-no_1142.jpg,notumor,data/Training/notumor/Tr-no_904.jpg,notumor,perceptual_phash_ncc,2,0.9984453916549683,0.9722421765327454,False
data/Training/notumor/Tr-no_1142.jpg,notumor,data/Testing/notumor/Te-no_8.jpg,notumor,perceptual_phash_ncc,2,0.9976887106895447,0.9572502374649048,False
data/Training/notumor/Tr-no_1144.jpg,notumor,data/Testing/notumor/Te-no_223.jpg,notumor,perceptual_phash_ncc,0,0.9997717142105103,0.9928057789802551,False
data/Training/notumor/Tr-no_1144.jpg,notumor,data/Testing/notumor/Te-no_59.jpg,notumor,perceptual_phash_ncc,0,0.9998429417610168,0.9953764081001282,False
data/Training/notumor/Tr-no_1144.jpg,notumor,data/Training/notumor/Tr-no_287.jpg,notumor,perceptual_phash_ncc,4,0.9923343062400818,0.9084873199462891,False
data/Training/notumor/Tr-no_1145.jpg,notumor,data/Training/notumor/Tr-no_1234.jpg,notumor,exact_decoded_rgb,0,1.0,1.0,False
data/Training/notumor/Tr-no_1145.jpg,notumor,data/Training/notumor/Tr-no_430.jpg,notumor,exact_decoded_rgb,0,1.0,1.0,False
data/Training/notumor/Tr-no_1145.jpg,notumor,data/Training/notumor/Tr-no_1217.jpg,notumor,perceptual_phash_ncc,2,0.9979439973831177,0.9721705913543701,False
data/Training/notumor/Tr-no_1145.jpg,notumor,data/Training/notumor/Tr-no_375.jpg,notumor,perceptual_phash_ncc,2,0.999890148639679,0.9984583854675293,False
data/Training/notumor/Tr-no_1145.jpg,notumor,data/Training/notumor/Tr-no_1206.jpg,notumor,perceptual_phash_ncc,4,0.9953494071960449,0.9402655363082886,False
data/Training/notumor/Tr-no_1146.jpg,notumor,data/Testing/notumor/Te-no_371.jpg,notumor,perceptual_phash_ncc,2,0.9995089769363403,0.9772340059280396,False
data/Training/notumor/Tr-no_115.jpg,notumor,data/Training/notumor/Tr-no_1188.jpg,notumor,exact_decoded_rgb,0,1.0,1.0,False
data/Training/notumor/Tr-no_1150.jpg,notumor,data/Training/notumor/Tr-no_751.jpg,notumor,perceptual_phash_ncc,0,0.9976568818092346,0.9715440273284912,False
data/Training/notumor/Tr-no_1150.jpg,notumor,data/Training/notumor/Tr-no_721.jpg,notumor,perceptual_phash_ncc,2,0.998972475528717,0.9863947629928589,False
data/Training/notumor/Tr-no_1150.jpg,notumor,data/Training/notumor/Tr-no_81.jpg,notumor,perceptual_phash_ncc,2,0.998972475528717,0.9863947629928589,False
data/Training/notumor/Tr-no_1150.jpg,notumor,data/Testing/notumor/Te-no_145.jpg,notumor,perceptual_phash_ncc,2,0.9979751706123352,0.9737786650657654,False
data/Training/notumor/Tr-no_1151.jpg,notumor,data/Training/notumor/Tr-no_270.jpg,notumor,perceptual_phash_ncc,4,0.9925912022590637,0.8917911052703857,False
data/Training/notumor/Tr-no_1151.jpg,notumor,data/Testing/notumor/Te-no_33.jpg,notumor,perceptual_phash_ncc,4,0.9949626922607422,0.9364226460456848,False
data/Training/notumor/Tr-no_1152.jpg,notumor,data/Training/notumor/Tr-no_856.jpg,notumor,perceptual_phash_ncc,2,0.9957712888717651,0.945862889289856,False
data/Training/notumor/Tr-no_1152.jpg,notumor,data/Training/notumor/Tr-no_917.jpg,notumor,perceptual_phash_ncc,2,0.9965139031410217,0.9567466974258423,False
data/Training/notumor/Tr-no_1154.jpg,notumor,data/Training/notumor/Tr-no_1235.jpg,notumor,exact_decoded_rgb,0,1.0,1.0,False
data/Training/notumor/Tr-no_1154.jpg,notumor,data/Training/notumor/Tr-no_1360.jpg,notumor,exact_decoded_rgb,0,1.0,1.0,False
data/Training/notumor/Tr-no_1154.jpg,notumor,data/Training/notumor/Tr-no_854.jpg,notumor,exact_decoded_rgb,0,1.0,1.0,False
data/Training/notumor/Tr-no_1155.jpg,notumor,data/Training/notumor/Tr-no_1263.jpg,notumor,perceptual_phash_ncc,4,0.9928783178329468,0.9492322206497192,False
data/Training/notumor/Tr-no_1157.jpg,notumor,data/Training/notumor/Tr-no_631.jpg,notumor,perceptual_phash_ncc,0,0.9958021640777588,0.9532104134559631,False
data/Training/notumor/Tr-no_1157.jpg,notumor,data/Testing/notumor/Te-no_257.jpg,notumor,perceptual_phash_ncc,0,0.9950456619262695,0.9468985795974731,False
data/Training/notumor/Tr-no_1158.jpg,notumor,data/Training/notumor/Tr-no_330.jpg,notumor,exact_decoded_rgb,0,1.0,1.0,False
data/Training/notumor/Tr-no_1158.jpg,notumor,data/Training/notumor/Tr-no_538.jpg,notumor,perceptual_phash_ncc,0,0.9998772144317627,0.9990241527557373,False
data/Training/notumor/Tr-no_1158.jpg,notumor,data/Training/notumor/Tr-no_199.jpg,notumor,perceptual_phash_ncc,4,0.9978743195533752,0.9829899072647095,False
data/Training/notumor/Tr-no_116.jpg,notumor,data/Training/notumor/Tr-no_121.jpg,notumor,exact_decoded_rgb,0,1.0,1.0,False
data/Training/notumor/Tr-no_116.jpg,notumor,data/Training/notumor/Tr-no_865.jpg,notumor,perceptual_phash_ncc,0,0.9973681569099426,0.9722006320953369,False
data/Training/notumor/Tr-no_1160.jpg,notumor,data/Training/notumor/Tr-no_327.jpg,notumor,perceptual_phash_ncc,0,0.9975282549858093,0.971605122089386,False
data/Training/notumor/Tr-no_1162.jpg,notumor,data/Training/notumor/Tr-no_43.jpg,notumor,perceptual_phash_ncc,2,0.9999056458473206,0.9987730383872986,False
data/Training/notumor/Tr-no_1162.jpg,notumor,data/Training/notumor/Tr-no_541.jpg,notumor,perceptual_phash_ncc,2,0.9955296516418457,0.9422737956047058,False
data/Training/notumor/Tr-no_1162.jpg,notumor,data/Training/notumor/Tr-no_575.jpg,notumor,perceptual_phash_ncc,2,0.9982518553733826,0.9767918586730957,False
data/Training/notumor/Tr-no_1162.jpg,notumor,data/Training/notumor/Tr-no_708.jpg,notumor,perceptual_phash_ncc,2,0.9981450438499451,0.9753243923187256,False
data/Training/notumor/Tr-no_1162.jpg,notumor,data/Training/notumor/Tr-no_963.jpg,notumor,perceptual_phash_ncc,2,0.9999056458473206,0.9987730383872986,False
data/Training/notumor/Tr-no_1163.jpg,notumor,data/Training/notumor/Tr-no_331.jpg,notumor,perceptual_phash_ncc,2,0.9979206919670105,0.9788206815719604,False
data/Training/notumor/Tr-no_1163.jpg,notumor,data/Testing/notumor/Te-no_62.jpg,notumor,perceptual_phash_ncc,2,0.9917723536491394,0.9296837449073792,False
data/Training/notumor/Tr-no_1163.jpg,notumor,data/Training/notumor/Tr-no_152.jpg,notumor,perceptual_phash_ncc,4,0.9884352684020996,0.9152652621269226,False
data/Training/notumor/Tr-no_1164.jpg,notumor,data/Training/notumor/Tr-no_1382.jpg,notumor,perceptual_phash_ncc,0,0.9982340335845947,0.9648669362068176,False
data/Training/notumor/Tr-no_1165.jpg,notumor,data/Training/notumor/Tr-no_910.jpg,notumor,perceptual_phash_ncc,0,0.9965442419052124,0.9724193811416626,False
data/Training/notumor/Tr-no_1165.jpg,notumor,data/Testing/notumor/Te-no_47.jpg,notumor,perceptual_phash_ncc,2,0.9968914985656738,0.9738146662712097,False
data/Training/notumor/Tr-no_1166.jpg,notumor,data/Training/notumor/Tr-no_966.jpg,notumor,perceptual_phash_ncc,2,0.9973032474517822,0.9653887152671814,False
data/Training/notumor/Tr-no_1166.jpg,notumor,data/Training/notumor/Tr-no_405.jpg,notumor,perceptual_phash_ncc,4,0.9972074031829834,0.9655609130859375,False
data/Training/notumor/Tr-no_1167.jpg,notumor,data/Testing/notumor/Te-no_142.jpg,notumor,perceptual_phash_ncc,2,0.999065101146698,0.9874446392059326,False
data/Training/notumor/Tr-no_1167.jpg,notumor,data/Testing/notumor/Te-no_173.jpg,notumor,perceptual_phash_ncc,2,0.9999600052833557,0.9978621602058411,False
data/Training/notumor/Tr-no_1168.jpg,notumor,data/Training/notumor/Tr-no_572.jpg,notumor,perceptual_phash_ncc,0,0.9991871118545532,0.975074052810669,False
data/Training/notumor/Tr-no_1168.jpg,notumor,data/Training/notumor/Tr-no_343.jpg,notumor,perceptual_phash_ncc,2,0.9992729425430298,0.9785207509994507,False
data/Training/notumor/Tr-no_1169.jpg,notumor,data/Training/notumor/Tr-no_1336.jpg,notumor,perceptual_phash_ncc,0,0.9978848099708557,0.963901937007904,False
data/Training/notumor/Tr-no_1169.jpg,notumor,data/Training/notumor/Tr-no_165.jpg,notumor,perceptual_phash_ncc,0,0.9978848099708557,0.963901937007904,False
data/Training/notumor/Tr-no_1169.jpg,notumor,data/Training/notumor/Tr-no_594.jpg,notumor,exact_decoded_rgb,0,1.0,1.0,False
data/Training/notumor/Tr-no_117.jpg,notumor,data/Testing/notumor/Te-no_228.jpg,notumor,perceptual_phash_ncc,0,0.9988990426063538,0.9676744937896729,False
data/Training/notumor/Tr-no_117.jpg,notumor,data/Training/notumor/Tr-no_687.jpg,notumor,perceptual_phash_ncc,2,0.9995190501213074,0.9868088364601135,False
data/Training/notumor/Tr-no_117.jpg,notumor,data/Training/notumor/Tr-no_929.jpg,notumor,perceptual_phash_ncc,2,0.9994972348213196,0.9864370226860046,False
data/Training/notumor/Tr-no_1170.jpg,notumor,data/Training/notumor/Tr-no_1244.jpg,notumor,perceptual_phash_ncc,0,0.9998400211334229,0.9985859394073486,False
data/Training/notumor/Tr-no_1170.jpg,notumor,data/Training/notumor/Tr-no_1392.jpg,notumor,perceptual_phash_ncc,0,0.9998400211334229,0.9985859394073486,False
data/Training/notumor/Tr-no_1170.jpg,notumor,data/Training/notumor/Tr-no_559.jpg,notumor,perceptual_phash_ncc,0,0.9930716156959534,0.9390982389450073,False
data/Training/notumor/Tr-no_1170.jpg,notumor,data/Training/notumor/Tr-no_620.jpg,notumor,perceptual_phash_ncc,0,0.991449773311615,0.925140917301178,False
data/Training/notumor/Tr-no_1170.jpg,notumor,data/Training/notumor/Tr-no_781.jpg,notumor,perceptual_phash_ncc,0,0.9998400211334229,0.9985859394073486,False
data/Training/notumor/Tr-no_1170.jpg,notumor,data/Training/notumor/Tr-no_955.jpg,notumor,perceptual_phash_ncc,0,0.9935480356216431,0.9437434077262878,False
data/Training/notumor/Tr-no_1170.jpg,notumor,data/Training/notumor/Tr-no_1220.jpg,notumor,perceptual_phash_ncc,2,0.9971861839294434,0.9740517735481262,False
data/Training/notumor/Tr-no_1170.jpg,notumor,data/Testing/notumor/Te-no_61.jpg,notumor,perceptual_phash_ncc,2,0.99306321144104,0.9408324956893921,False
data/Training/notumor/Tr-no_1170.jpg,notumor,data/Training/notumor/Tr-no_1304.jpg,notumor,perceptual_phash_ncc,4,0.9908354878425598,0.9373176097869873,False
data/Training/notumor/Tr-no_1170.jpg,notumor,data/Training/notumor/Tr-no_217.jpg,notumor,perceptual_phash_ncc,4,0.991266131401062,0.940070390701294,False
data/Training/notumor/Tr-no_1170.jpg,notumor,data/Testing/notumor/Te-no_322.jpg,notumor,perceptual_phash_ncc,4,0.9904255270957947,0.933903694152832,False
data/Training/notumor/Tr-no_1173.jpg,notumor,data/Training/notumor/Tr-no_316.jpg,notumor,perceptual_phash_ncc,2,0.997469425201416,0.9489783048629761,False
data/Training/notumor/Tr-no_1174.jpg,notumor,data/Testing/notumor/Te-no_186.jpg,notumor,perceptual_phash_ncc,4,0.9723930358886719,0.8927577137947083,False
data/Training/notumor/Tr-no_1175.jpg,notumor,data/Training/notumor/Tr-no_893.jpg,notumor,perceptual_phash_ncc,4,0.993649423122406,0.8863243460655212,False
data/Training/notumor/Tr-no_1176.jpg,notumor,data/Training/notumor/Tr-no_216.jpg,notumor,perceptual_phash_ncc,0,0.9949094653129578,0.9281665682792664,False
data/Training/notumor/Tr-no_1176.jpg,notumor,data/Training/notumor/Tr-no_1228.jpg,notumor,perceptual_phash_ncc,2,0.9988951086997986,0.9646239876747131,False
data/Training/notumor/Tr-no_1178.jpg,notumor,data/Training/notumor/Tr-no_1265.jpg,notumor,exact_decoded_rgb,0,1.0,1.0,False
data/Training/notumor/Tr-no_1178.jpg,notumor,data/Training/notumor/Tr-no_308.jpg,notumor,exact_decoded_rgb,0,1.0,1.0,False
data/Training/notumor/Tr-no_1178.jpg,notumor,data/Training/notumor/Tr-no_494.jpg,notumor,exact_decoded_rgb,0,1.0,1.0,False
data/Training/notumor/Tr-no_1179.jpg,notumor,data/Training/notumor/Tr-no_1320.jpg,notumor,exact_decoded_rgb,0,1.0,1.0,False
data/Training/notumor/Tr-no_118.jpg,notumor,data/Training/notumor/Tr-no_1300.jpg,notumor,perceptual_phash_ncc,2,0.9960767030715942,0.9406988620758057,False
data/Training/notumor/Tr-no_118.jpg,notumor,data/Training/notumor/Tr-no_1303.jpg,notumor,perceptual_phash_ncc,2,0.9935439825057983,0.9093016982078552,False
data/Training/notumor/Tr-no_118.jpg,notumor,data/Training/notumor/Tr-no_142.jpg,notumor,perceptual_phash_ncc,2,0.9947972893714905,0.9164685606956482,False
data/Training/notumor/Tr-no_1180.jpg,notumor,data/Training/notumor/Tr-no_677.jpg,notumor,exact_decoded_rgb,0,1.0,1.0,False
data/Training/notumor/Tr-no_1183.jpg,notumor,data/Training/notumor/Tr-no_371.jpg,notumor,exact_decoded_rgb,0,1.0,1.0,False
data/Training/notumor/Tr-no_1183.jpg,notumor,data/Training/notumor/Tr-no_5.jpg,notumor,exact_decoded_rgb,0,1.0,1.0,False
data/Training/notumor/Tr-no_1183.jpg,notumor,data/Training/notumor/Tr-no_693.jpg,notumor,exact_decoded_rgb,0,1.0,1.0,False
data/Training/notumor/Tr-no_1183.jpg,notumor,data/Training/notumor/Tr-no_224.jpg,notumor,perceptual_phash_ncc,2,0.9948477149009705,0.9551683664321899,False
data/Training/notumor/Tr-no_1183.jpg,notumor,data/Training/notumor/Tr-no_232.jpg,notumor,perceptual_phash_ncc,2,0.9948477149009705,0.9551683664321899,False
data/Training/notumor/Tr-no_1183.jpg,notumor,data/Training/notumor/Tr-no_29.jpg,notumor,perceptual_phash_ncc,2,0.9948477149009705,0.9551683664321899,False
data/Training/notumor/Tr-no_1183.jpg,notumor,data/Training/notumor/Tr-no_1257.jpg,notumor,perceptual_phash_ncc,4,0.9929202198982239,0.9431467652320862,False
data/Training/notumor/Tr-no_1183.jpg,notumor,data/Training/notumor/Tr-no_249.jpg,notumor,perceptual_phash_ncc,4,0.9899572730064392,0.9249656200408936,False
data/Training/notumor/Tr-no_1183.jpg,notumor,data/Training/notumor/Tr-no_82.jpg,notumor,perceptual_phash_ncc,4,0.9950129985809326,0.9558565616607666,False
data/Training/notumor/Tr-no_1184.jpg,notumor,data/Training/notumor/Tr-no_741.jpg,notumor,perceptual_phash_ncc,4,0.9985317587852478,0.9859416484832764,False
data/Training/notumor/Tr-no_1184.jpg,notumor,data/Training/notumor/Tr-no_976.jpg,notumor,perceptual_phash_ncc,4,0.9985782504081726,0.9842445850372314,False
data/Training/notumor/Tr-no_1185.jpg,notumor,data/Testing/notumor/Te-no_291.jpg,notumor,perceptual_phash_ncc,0,0.9957881569862366,0.9341925978660583,False
data/Training/notumor/Tr-no_1187.jpg,notumor,data/Training/notumor/Tr-no_420.jpg,notumor,exact_decoded_rgb,0,1.0,1.0,False
data/Training/notumor/Tr-no_119.jpg,notumor,data/Training/notumor/Tr-no_88.jpg,notumor,perceptual_phash_ncc,2,0.9980690479278564,0.9650116562843323,False
data/Training/notumor/Tr-no_119.jpg,notumor,data/Testing/notumor/Te-no_253.jpg,notumor,perceptual_phash_ncc,2,0.997961163520813,0.9637248516082764,False
data/Training/notumor/Tr-no_1190.jpg,notumor,data/Training/notumor/Tr-no_44.jpg,notumor,exact_decoded_rgb,0,1.0,1.0,False
data/Training/notumor/Tr-no_1190.jpg,notumor,data/Training/notumor/Tr-no_847.jpg,notumor,perceptual_phash_ncc,2,0.9988504648208618,0.9836633205413818,False
data/Training/notumor/Tr-no_1190.jpg,notumor,data/Training/notumor/Tr-no_243.jpg,notumor,perceptual_phash_ncc,4,0.9972248673439026,0.9642947912216187,False
data/Training/notumor/Tr-no_1190.jpg,notumor,data/Training/notumor/Tr-no_718.jpg,notumor,perceptual_phash_ncc,4,0.9988631010055542,0.9844913482666016,False
data/Training/notumor/Tr-no_1192.jpg,notumor,data/Training/notumor/Tr-no_902.jpg,notumor,perceptual_phash_ncc,2,0.9957090616226196,0.9099064469337463,False
data/Training/notumor/Tr-no_1193.jpg,notumor,data/Training/notumor/Tr-no_546.jpg,notumor,perceptual_phash_ncc,4,0.9872848391532898,0.9306791424751282,False
data/Training/notumor/Tr-no_1194.jpg,notumor,data/Training/notumor/Tr-no_1253.jpg,notumor,exact_decoded_rgb,0,1.0,1.0,False
data/Training/notumor/Tr-no_1195.jpg,notumor,data/Training/notumor/Tr-no_1232.jpg,notumor,perceptual_phash_ncc,0,0.9988649487495422,0.9803754687309265,False
data/Training/notumor/Tr-no_1195.jpg,notumor,data/Training/notumor/Tr-no_145.jpg,notumor,perceptual_phash_ncc,0,0.9985688924789429,0.9744526147842407,False
data/Training/notumor/Tr-no_1195.jpg,notumor,data/Testing/notumor/Te-no_131.jpg,notumor,perceptual_phash_ncc,0,0.998356282711029,0.971077561378479,False
data/Training/notumor/Tr-no_1195.jpg,notumor,data/Training/notumor/Tr-no_892.jpg,notumor,perceptual_phash_ncc,2,0.9858869910240173,0.8449517488479614,False
data/Training/notumor/Tr-no_1195.jpg,notumor,data/Testing/notumor/Te-no_129.jpg,notumor,perceptual_phash_ncc,2,0.9904428720474243,0.8791939616203308,False
data/Training/notumor/Tr-no_1195.jpg,notumor,data/Testing/notumor/Te-no_147.jpg,notumor,perceptual_phash_ncc,2,0.9870741963386536,0.8543322682380676,False
data/Training/notumor/Tr-no_1195.jpg,notumor,data/Testing/notumor/Te-no_395.jpg,notumor,perceptual_phash_ncc,2,0.9889523386955261,0.8671904802322388,False
data/Training/notumor/Tr-no_1196.jpg,notumor,data/Testing/notumor/Te-no_378.jpg,notumor,perceptual_phash_ncc,2,0.9986979961395264,0.9664188623428345,False
data/Training/notumor/Tr-no_1196.jpg,notumor,data/Testing/notumor/Te-no_98.jpg,notumor,perceptual_phash_ncc,2,0.9995102882385254,0.9855290055274963,False
data/Training/notumor/Tr-no_1198.jpg,notumor,data/Training/notumor/Tr-no_623.jpg,notumor,perceptual_phash_ncc,2,0.9999607801437378,0.9993727803230286,False
data/Training/notumor/Tr-no_1198.jpg,notumor,data/Training/notumor/Tr-no_526.jpg,notumor,perceptual_phash_ncc,4,0.9979983568191528,0.9842477440834045,False
data/Training/notumor/Tr-no_1200.jpg,notumor,data/Training/notumor/Tr-no_1339.jpg,notumor,perceptual_phash_ncc,0,0.9999024868011475,0.9966849088668823,False
data/Training/notumor/Tr-no_1200.jpg,notumor,data/Training/notumor/Tr-no_858.jpg,notumor,perceptual_phash_ncc,0,0.999720573425293,0.9931597113609314,False
data/Training/notumor/Tr-no_1200.jpg,notumor,data/Training/notumor/Tr-no_985.jpg,notumor,perceptual_phash_ncc,0,0.9995121359825134,0.9899831414222717,False
data/Training/notumor/Tr-no_1200.jpg,notumor,data/Training/notumor/Tr-no_1376.jpg,notumor,perceptual_phash_ncc,4,0.9686461687088013,0.8577594757080078,False
data/Training/notumor/Tr-no_1202.jpg,notumor,data/Training/notumor/Tr-no_1370.jpg,notumor,perceptual_phash_ncc,2,0.9984973073005676,0.9769500494003296,False
data/Training/notumor/Tr-no_1202.jpg,notumor,data/Training/notumor/Tr-no_583.jpg,notumor,perceptual_phash_ncc,2,0.9964672327041626,0.9517126679420471,False
data/Training/notumor/Tr-no_1203.jpg,notumor,data/Training/notumor/Tr-no_154.jpg,notumor,exact_decoded_rgb,0,1.0,1.0,False
data/Training/notumor/Tr-no_1203.jpg,notumor,data/Training/notumor/Tr-no_347.jpg,notumor,perceptual_phash_ncc,0,0.9999316930770874,0.9990456104278564,False
data/Training/notumor/Tr-no_1203.jpg,notumor,data/Training/notumor/Tr-no_725.jpg,notumor,exact_decoded_rgb,0,1.0,1.0,False
data/Training/notumor/Tr-no_1203.jpg,notumor,data/Training/notumor/Tr-no_365.jpg,notumor,perceptual_phash_ncc,2,0.9969713687896729,0.9619464874267578,False
data/Training/notumor/Tr-no_1203.jpg,notumor,data/Training/notumor/Tr-no_386.jpg,notumor,perceptual_phash_ncc,2,0.9989461302757263,0.9868254661560059,False
data/Training/notumor/Tr-no_1203.jpg,notumor,data/Testing/notumor/Te-no_134.jpg,notumor,perceptual_phash_ncc,2,0.9988698363304138,0.9857679605484009,False
data/Training/notumor/Tr-no_1203.jpg,notumor,data/Testing/notumor/Te-no_58.jpg,notumor,perceptual_phash_ncc,2,0.9975616335868835,0.9700404405593872,False
data/Training/notumor/Tr-no_1204.jpg,notumor,data/Testing/notumor/Te-no_148.jpg,notumor,perceptual_phash_ncc,2,0.9979259371757507,0.9636052250862122,False
data/Training/notumor/Tr-no_1205.jpg,notumor,data/Training/notumor/Tr-no_639.jpg,notumor,exact_decoded_rgb,0,1.0,1.0,False
data/Training/notumor/Tr-no_1206.jpg,notumor,data/Training/notumor/Tr-no_1217.jpg,notumor,perceptual_phash_ncc,2,0.9957558512687683,0.94511878490448,False
data/Training/notumor/Tr-no_1206.jpg,notumor,data/Training/notumor/Tr-no_375.jpg,notumor,perceptual_phash_ncc,2,0.9953895807266235,0.9402101039886475,False
data/Training/notumor/Tr-no_1206.jpg,notumor,data/Training/notumor/Tr-no_1234.jpg,notumor,perceptual_phash_ncc,4,0.9953494071960449,0.9402655363082886,False
data/Training/notumor/Tr-no_1206.jpg,notumor,data/Training/notumor/Tr-no_430.jpg,notumor,perceptual_phash_ncc,4,0.9953494071960449,0.9402655363082886,False
data/Training/notumor/Tr-no_1208.jpg,notumor,data/Training/notumor/Tr-no_410.jpg,notumor,exact_decoded_rgb,0,1.0,1.0,False
data/Training/notumor/Tr-no_121.jpg,notumor,data/Training/notumor/Tr-no_865.jpg,notumor,perceptual_phash_ncc,0,0.9973681569099426,0.9722006320953369,False
data/Training/notumor/Tr-no_1212.jpg,notumor,data/Training/notumor/Tr-no_303.jpg,notumor,perceptual_phash_ncc,2,0.9993659257888794,0.9869211912155151,False
data/Training/notumor/Tr-no_1214.jpg,notumor,data/Training/notumor/Tr-no_640.jpg,notumor,perceptual_phash_ncc,0,0.9986772537231445,0.9816728830337524,False
data/Training/notumor/Tr-no_1216.jpg,notumor,data/Training/notumor/Tr-no_634.jpg,notumor,perceptual_phash_ncc,2,0.9978265762329102,0.9773421287536621,False
data/Training/notumor/Tr-no_1217.jpg,notumor,data/Training/notumor/Tr-no_1234.jpg,notumor,perceptual_phash_ncc,2,0.9979439973831177,0.9721705913543701,False
data/Training/notumor/Tr-no_1217.jpg,notumor,data/Training/notumor/Tr-no_430.jpg,notumor,perceptual_phash_ncc,2,0.9979439973831177,0.9721705913543701,False
data/Training/notumor/Tr-no_1217.jpg,notumor,data/Training/notumor/Tr-no_375.jpg,notumor,perceptual_phash_ncc,4,0.9980009198188782,0.9725719094276428,False
data/Training/notumor/Tr-no_1218.jpg,notumor,data/Training/notumor/Tr-no_439.jpg,notumor,perceptual_phash_ncc,0,0.9991951584815979,0.9879375696182251,False
data/Training/notumor/Tr-no_1218.jpg,notumor,data/Training/notumor/Tr-no_557.jpg,notumor,perceptual_phash_ncc,0,0.9977899193763733,0.9705544114112854,False
data/Training/notumor/Tr-no_122.jpg,notumor,data/Testing/notumor/Te-no_48.jpg,notumor,perceptual_phash_ncc,0,0.9999865889549255,0.9977214336395264,False
data/Training/notumor/Tr-no_122.jpg,notumor,data/Training/notumor/Tr-no_80.jpg,notumor,perceptual_phash_ncc,2,0.9995063543319702,0.9784561991691589,False
data/Training/notumor/Tr-no_1220.jpg,notumor,data/Training/notumor/Tr-no_1244.jpg,notumor,perceptual_phash_ncc,2,0.9971215724945068,0.9734761118888855,False
data/Training/notumor/Tr-no_1220.jpg,notumor,data/Training/notumor/Tr-no_1392.jpg,notumor,perceptual_phash_ncc,2,0.9971215724945068,0.9734761118888855,False
data/Training/notumor/Tr-no_1220.jpg,notumor,data/Training/notumor/Tr-no_559.jpg,notumor,perceptual_phash_ncc,2,0.9905971884727478,0.9210306406021118,False
data/Training/notumor/Tr-no_1220.jpg,notumor,data/Training/notumor/Tr-no_620.jpg,notumor,perceptual_phash_ncc,2,0.9892829060554504,0.9104354381561279,False
data/Training/notumor/Tr-no_1220.jpg,notumor,data/Training/notumor/Tr-no_781.jpg,notumor,perceptual_phash_ncc,2,0.9971215724945068,0.9734761118888855,False
data/Training/notumor/Tr-no_1220.jpg,notumor,data/Training/notumor/Tr-no_955.jpg,notumor,perceptual_phash_ncc,2,0.991090714931488,0.9254881739616394,False
data/Training/notumor/Tr-no_1220.jpg,notumor,data/Testing/notumor/Te-no_61.jpg,notumor,perceptual_phash_ncc,2,0.993536114692688,0.944826066493988,False
data/Training/notumor/Tr-no_1224.jpg,notumor,data/Training/notumor/Tr-no_1349.jpg,notumor,perceptual_phash_ncc,2,0.9995128512382507,0.9889107346534729,False
data/Training/notumor/Tr-no_1225.jpg,notumor,data/Testing/notumor/Te-no_268.jpg,notumor,perceptual_phash_ncc,0,0.9980298280715942,0.9648627042770386,False
data/Training/notumor/Tr-no_1226.jpg,notumor,data/Training/notumor/Tr-no_707.jpg,notumor,perceptual_phash_ncc,2,0.995048463344574,0.9138588905334473,False
data/Training/notumor/Tr-no_1227.jpg,notumor,data/Training/notumor/Tr-no_795.jpg,notumor,perceptual_phash_ncc,2,0.9982591867446899,0.9570476412773132,False
data/Training/notumor/Tr-no_1228.jpg,notumor,data/Training/notumor/Tr-no_216.jpg,notumor,perceptual_phash_ncc,2,0.9943010807037354,0.9240477681159973,False
data/Training/notumor/Tr-no_1229.jpg,notumor,data/Testing/notumor/Te-no_112.jpg,notumor,perceptual_phash_ncc,2,0.9923348426818848,0.9459671378135681,False
data/Training/notumor/Tr-no_1229.jpg,notumor,data/Testing/notumor/Te-no_123.jpg,notumor,perceptual_phash_ncc,2,0.9980601668357849,0.9835721850395203,False
data/Training/notumor/Tr-no_1230.jpg,notumor,data/Training/notumor/Tr-no_425.jpg,notumor,perceptual_phash_ncc,0,0.9951605796813965,0.9538261890411377,False
data/Training/notumor/Tr-no_1230.jpg,notumor,data/Training/notumor/Tr-no_1282.jpg,notumor,perceptual_phash_ncc,2,0.9892075061798096,0.8735651969909668,False
data/Training/notumor/Tr-no_1230.jpg,notumor,data/Training/notumor/Tr-no_740.jpg,notumor,perceptual_phash_ncc,2,0.9909258484840393,0.909618616104126,False
data/Training/notumor/Tr-no_1230.jpg,notumor,data/Testing/notumor/Te-no_243.jpg,notumor,perceptual_phash_ncc,2,0.9945456385612488,0.9398584365844727,False
data/Training/notumor/Tr-no_1230.jpg,notumor,data/Training/notumor/Tr-no_558.jpg,notumor,perceptual_phash_ncc,4,0.9895988702774048,0.8799535036087036,False
data/Training/notumor/Tr-no_1231.jpg,notumor,data/Training/notumor/Tr-no_55.jpg,notumor,perceptual_phash_ncc,0,0.9967820048332214,0.956896960735321,False
data/Training/notumor/Tr-no_1231.jpg,notumor,data/Training/notumor/Tr-no_578.jpg,notumor,perceptual_phash_ncc,0,0.9970755577087402,0.95963454246521,False
data/Training/notumor/Tr-no_1232.jpg,notumor,data/Training/notumor/Tr-no_145.jpg,notumor,perceptual_phash_ncc,0,0.9988317489624023,0.9786642789840698,False
data/Training/notumor/Tr-no_1232.jpg,notumor,data/Testing/notumor/Te-no_131.jpg,notumor,perceptual_phash_ncc,0,0.998562753200531,0.9739750623703003,False
data/Training/notumor/Tr-no_1232.jpg,notumor,data/Training/notumor/Tr-no_892.jpg,notumor,perceptual_phash_ncc,2,0.9859567284584045,0.847435712814331,False
data/Training/notumor/Tr-no_1232.jpg,notumor,data/Testing/notumor/Te-no_129.jpg,notumor,perceptual_phash_ncc,2,0.9905553460121155,0.8819573521614075,False
data/Training/notumor/Tr-no_1232.jpg,notumor,data/Testing/notumor/Te-no_147.jpg,notumor,perceptual_phash_ncc,2,0.9871845841407776,0.8575090765953064,False
data/Training/notumor/Tr-no_1232.jpg,notumor,data/Testing/notumor/Te-no_395.jpg,notumor,perceptual_phash_ncc,2,0.9890565276145935,0.8702379465103149,False
data/Training/notumor/Tr-no_1233.jpg,notumor,data/Testing/notumor/Te-no_348.jpg,notumor,perceptual_phash_ncc,2,0.9986928701400757,0.9619588255882263,False
data/Training/notumor/Tr-no_1234.jpg,notumor,data/Training/notumor/Tr-no_430.jpg,notumor,exact_decoded_rgb,0,1.0,1.0,False
data/Training/notumor/Tr-no_1234.jpg,notumor,data/Training/notumor/Tr-no_375.jpg,notumor,perceptual_phash_ncc,2,0.999890148639679,0.9984583854675293,False
data/Training/notumor/Tr-no_1235.jpg,notumor,data/Training/notumor/Tr-no_1360.jpg,notumor,exact_decoded_rgb,0,1.0,1.0,False
data/Training/notumor/Tr-no_1235.jpg,notumor,data/Training/notumor/Tr-no_854.jpg,notumor,exact_decoded_rgb,0,1.0,1.0,False
data/Training/notumor/Tr-no_1236.jpg,notumor,data/Testing/notumor/Te-no_208.jpg,notumor,perceptual_phash_ncc,2,0.9934934377670288,0.9117425084114075,False
data/Training/notumor/Tr-no_1236.jpg,notumor,data/Training/notumor/Tr-no_382.jpg,notumor,perceptual_phash_ncc,4,0.9950041174888611,0.926667332649231,False
data/Training/notumor/Tr-no_1237.jpg,notumor,data/Training/notumor/Tr-no_317.jpg,notumor,perceptual_phash_ncc,2,0.9974544644355774,0.9556044340133667,False
data/Training/notumor/Tr-no_1237.jpg,notumor,data/Training/notumor/Tr-no_69.jpg,notumor,perceptual_phash_ncc,2,0.9992008209228516,0.9842832088470459,False
data/Training/notumor/Tr-no_1237.jpg,notumor,data/Training/notumor/Tr-no_882.jpg,notumor,perceptual_phash_ncc,2,0.998442530632019,0.9725118279457092,False
data/Training/notumor/Tr-no_1239.jpg,notumor,data/Training/notumor/Tr-no_502.jpg,notumor,perceptual_phash_ncc,2,0.9992890954017639,0.9848916530609131,False
data/Training/notumor/Tr-no_1239.jpg,notumor,data/Training/notumor/Tr-no_736.jpg,notumor,perceptual_phash_ncc,2,0.999228835105896,0.9817522168159485,False
data/Training/notumor/Tr-no_1239.jpg,notumor,data/Training/notumor/Tr-no_927.jpg,notumor,perceptual_phash_ncc,4,0.9982715249061584,0.960233747959137,False
data/Training/notumor/Tr-no_124.jpg,notumor,data/Training/notumor/Tr-no_987.jpg,notumor,perceptual_phash_ncc,4,0.968875527381897,0.8657737374305725,False
data/Training/notumor/Tr-no_124.jpg,notumor,data/Testing/notumor/Te-no_78.jpg,notumor,perceptual_phash_ncc,4,0.9688842296600342,0.865788459777832,False
data/Training/notumor/Tr-no_1240.jpg,notumor,data/Training/notumor/Tr-no_990.jpg,notumor,exact_decoded_rgb,0,1.0,1.0,False
data/Training/notumor/Tr-no_1243.jpg,notumor,data/Training/notumor/Tr-no_51.jpg,notumor,perceptual_phash_ncc,2,0.9993728399276733,0.9734163284301758,False
data/Training/notumor/Tr-no_1244.jpg,notumor,data/Training/notumor/Tr-no_1392.jpg,notumor,exact_decoded_rgb,0,1.0,1.0,False
data/Training/notumor/Tr-no_1244.jpg,notumor,data/Training/notumor/Tr-no_559.jpg,notumor,perceptual_phash_ncc,0,0.9928987622261047,0.9381842613220215,False
data/Training/notumor/Tr-no_1244.jpg,notumor,data/Training/notumor/Tr-no_620.jpg,notumor,perceptual_phash_ncc,0,0.9913039803504944,0.9244335889816284,False
data/Training/notumor/Tr-no_1244.jpg,notumor,data/Training/notumor/Tr-no_781.jpg,notumor,exact_decoded_rgb,0,1.0,1.0,False
data/Training/notumor/Tr-no_1244.jpg,notumor,data/Training/notumor/Tr-no_955.jpg,notumor,perceptual_phash_ncc,0,0.9933713674545288,0.9427931308746338,False
data/Training/notumor/Tr-no_1244.jpg,notumor,data/Testing/notumor/Te-no_61.jpg,notumor,perceptual_phash_ncc,2,0.9929988384246826,0.9405403137207031,False
data/Training/notumor/Tr-no_1244.jpg,notumor,data/Training/notumor/Tr-no_1304.jpg,notumor,perceptual_phash_ncc,4,0.9906921982765198,0.93645840883255,False
data/Training/notumor/Tr-no_1244.jpg,notumor,data/Training/notumor/Tr-no_217.jpg,notumor,perceptual_phash_ncc,4,0.9911155104637146,0.939164936542511,False
data/Training/notumor/Tr-no_1244.jpg,notumor,data/Testing/notumor/Te-no_322.jpg,notumor,perceptual_phash_ncc,4,0.990275502204895,0.9330010414123535,False
data/Training/notumor/Tr-no_1245.jpg,notumor,data/Training/notumor/Tr-no_133.jpg,notumor,exact_decoded_rgb,0,1.0,1.0,False
data/Training/notumor/Tr-no_1246.jpg,notumor,data/Training/notumor/Tr-no_528.jpg,notumor,perceptual_phash_ncc,2,0.9967495799064636,0.9252611398696899,False
data/Training/notumor/Tr-no_1247.jpg,notumor,data/Training/notumor/Tr-no_176.jpg,notumor,perceptual_phash_ncc,4,0.9969743490219116,0.9694287776947021,False
data/Training/notumor/Tr-no_1247.jpg,notumor,data/Training/notumor/Tr-no_56.jpg,notumor,perceptual_phash_ncc,4,0.9983914494514465,0.982602059841156,False
data/Training/notumor/Tr-no_1247.jpg,notumor,data/Training/notumor/Tr-no_657.jpg,notumor,perceptual_phash_ncc,4,0.9951364994049072,0.9535210728645325,False
data/Training/notumor/Tr-no_1247.jpg,notumor,data/Training/notumor/Tr-no_73.jpg,notumor,perceptual_phash_ncc,4,0.9983914494514465,0.982602059841156,False
data/Training/notumor/Tr-no_1250.jpg,notumor,data/Training/notumor/Tr-no_673.jpg,notumor,perceptual_phash_ncc,0,0.9997277855873108,0.9920268058776855,False
data/Training/notumor/Tr-no_1250.jpg,notumor,data/Training/notumor/Tr-no_995.jpg,notumor,perceptual_phash_ncc,0,0.9997277855873108,0.9920268058776855,False
data/Training/notumor/Tr-no_1250.jpg,notumor,data/Testing/notumor/Te-no_330.jpg,notumor,perceptual_phash_ncc,0,0.9996091723442078,0.9906682968139648,False
data/Training/notumor/Tr-no_1252.jpg,notumor,data/Testing/notumor/Te-no_388.jpg,notumor,perceptual_phash_ncc,2,0.9943034052848816,0.9350631833076477,False
data/Training/notumor/Tr-no_1252.jpg,notumor,data/Testing/notumor/Te-no_140.jpg,notumor,perceptual_phash_ncc,4,0.9952890276908875,0.9470708966255188,False
data/Training/notumor/Tr-no_1257.jpg,notumor,data/Training/notumor/Tr-no_249.jpg,notumor,perceptual_phash_ncc,2,0.9945454597473145,0.9619570970535278,False
data/Training/notumor/Tr-no_1257.jpg,notumor,data/Training/notumor/Tr-no_224.jpg,notumor,perceptual_phash_ncc,4,0.9974979162216187,0.9807010293006897,False
data/Training/notumor/Tr-no_1257.jpg,notumor,data/Training/notumor/Tr-no_232.jpg,notumor,perceptual_phash_ncc,4,0.9974979162216187,0.9807010293006897,False
data/Training/notumor/Tr-no_1257.jpg,notumor,data/Training/notumor/Tr-no_251.jpg,notumor,perceptual_phash_ncc,4,0.9667961597442627,0.8516625165939331,False
data/Training/notumor/Tr-no_1257.jpg,notumor,data/Training/notumor/Tr-no_29.jpg,notumor,perceptual_phash_ncc,4,0.9974979162216187,0.9807010293006897,False
data/Training/notumor/Tr-no_1257.jpg,notumor,data/Training/notumor/Tr-no_371.jpg,notumor,perceptual_phash_ncc,4,0.9929202198982239,0.9431467652320862,False
data/Training/notumor/Tr-no_1257.jpg,notumor,data/Training/notumor/Tr-no_5.jpg,notumor,perceptual_phash_ncc,4,0.9929202198982239,0.9431467652320862,False
data/Training/notumor/Tr-no_1257.jpg,notumor,data/Training/notumor/Tr-no_693.jpg,notumor,perceptual_phash_ncc,4,0.9929202198982239,0.9431467652320862,False
data/Training/notumor/Tr-no_1257.jpg,notumor,data/Training/notumor/Tr-no_82.jpg,notumor,perceptual_phash_ncc,4,0.9975552558898926,0.9810680747032166,False
data/Training/notumor/Tr-no_1259.jpg,notumor,data/Training/notumor/Tr-no_645.jpg,notumor,perceptual_phash_ncc,4,0.9967876672744751,0.9551651477813721,False
data/Training/notumor/Tr-no_1259.jpg,notumor,data/Testing/notumor/Te-no_36.jpg,notumor,perceptual_phash_ncc,4,0.9973369836807251,0.9629786014556885,False
data/Training/notumor/Tr-no_126.jpg,notumor,data/Training/notumor/Tr-no_828.jpg,notumor,perceptual_phash_ncc,4,0.9774481654167175,0.8504694104194641,False
data/Training/notumor/Tr-no_1260.jpg,notumor,data/Training/notumor/Tr-no_960.jpg,notumor,perceptual_phash_ncc,0,0.99714595079422,0.9525769948959351,False
data/Training/notumor/Tr-no_1261.jpg,notumor,data/Training/notumor/Tr-no_606.jpg,notumor,exact_decoded_rgb,0,1.0,1.0,False
data/Training/notumor/Tr-no_1262.jpg,notumor,data/Training/notumor/Tr-no_1323.jpg,notumor,perceptual_phash_ncc,2,0.9937580227851868,0.9734979271888733,False
data/Training/notumor/Tr-no_1262.jpg,notumor,data/Training/notumor/Tr-no_1326.jpg,notumor,perceptual_phash_ncc,2,0.9939491748809814,0.9786813259124756,False
data/Training/notumor/Tr-no_1262.jpg,notumor,data/Training/notumor/Tr-no_411.jpg,notumor,perceptual_phash_ncc,2,0.9939491748809814,0.9786813259124756,False
data/Training/notumor/Tr-no_1265.jpg,notumor,data/Training/notumor/Tr-no_308.jpg,notumor,exact_decoded_rgb,0,1.0,1.0,False
data/Training/notumor/Tr-no_1265.jpg,notumor,data/Training/notumor/Tr-no_494.jpg,notumor,exact_decoded_rgb,0,1.0,1.0,False
data/Training/notumor/Tr-no_1267.jpg,notumor,data/Training/notumor/Tr-no_380.jpg,notumor,exact_decoded_rgb,0,1.0,1.0,False
data/Training/notumor/Tr-no_1267.jpg,notumor,data/Training/notumor/Tr-no_387.jpg,notumor,exact_decoded_rgb,0,1.0,1.0,False
data/Training/notumor/Tr-no_1268.jpg,notumor,data/Testing/notumor/Te-no_237.jpg,notumor,perceptual_phash_ncc,0,0.9981037974357605,0.9844516515731812,False
data/Training/notumor/Tr-no_1272.jpg,notumor,data/Testing/notumor/Te-no_277.jpg,notumor,perceptual_phash_ncc,2,0.9980303645133972,0.9654152393341064,False
data/Training/notumor/Tr-no_1274.jpg,notumor,data/Training/notumor/Tr-no_911.jpg,notumor,exact_decoded_rgb,0,1.0,1.0,False
data/Training/notumor/Tr-no_1276.jpg,notumor,data/Testing/notumor/Te-no_102.jpg,notumor,perceptual_phash_ncc,2,0.9973160028457642,0.9717202186584473,False
data/Training/notumor/Tr-no_1276.jpg,notumor,data/Training/notumor/Tr-no_504.jpg,notumor,perceptual_phash_ncc,4,0.9769349694252014,0.8416934013366699,False
data/Training/notumor/Tr-no_1277.jpg,notumor,data/Training/notumor/Tr-no_904.jpg,notumor,perceptual_phash_ncc,2,0.9968526363372803,0.941057562828064,False
data/Training/notumor/Tr-no_1277.jpg,notumor,data/Training/notumor/Tr-no_194.jpg,notumor,perceptual_phash_ncc,4,0.9996116161346436,0.9914435148239136,False
data/Training/notumor/Tr-no_1277.jpg,notumor,data/Training/notumor/Tr-no_219.jpg,notumor,perceptual_phash_ncc,4,0.9996116161346436,0.9914435148239136,False
data/Training/notumor/Tr-no_1277.jpg,notumor,data/Training/notumor/Tr-no_385.jpg,notumor,perceptual_phash_ncc,4,0.9995666146278381,0.9909238815307617,False
data/Training/notumor/Tr-no_1277.jpg,notumor,data/Training/notumor/Tr-no_652.jpg,notumor,perceptual_phash_ncc,4,0.9982855319976807,0.9674434661865234,False
data/Training/notumor/Tr-no_1277.jpg,notumor,data/Testing/notumor/Te-no_8.jpg,notumor,perceptual_phash_ncc,4,0.9994415640830994,0.9884681701660156,False
data/Training/notumor/Tr-no_1281.jpg,notumor,data/Training/notumor/Tr-no_550.jpg,notumor,exact_decoded_rgb,0,1.0,1.0,False
data/Training/notumor/Tr-no_1281.jpg,notumor,data/Training/notumor/Tr-no_1306.jpg,notumor,perceptual_phash_ncc,2,0.9986716508865356,0.9816775321960449,False
data/Training/notumor/Tr-no_1281.jpg,notumor,data/Testing/notumor/Te-no_332.jpg,notumor,perceptual_phash_ncc,2,0.9996508955955505,0.9957400560379028,False
data/Training/notumor/Tr-no_1282.jpg,notumor,data/Training/notumor/Tr-no_425.jpg,notumor,perceptual_phash_ncc,2,0.9906692504882812,0.882154107093811,False
data/Training/notumor/Tr-no_1282.jpg,notumor,data/Training/notumor/Tr-no_740.jpg,notumor,perceptual_phash_ncc,2,0.9870445132255554,0.8476189970970154,False
data/Training/notumor/Tr-no_1282.jpg,notumor,data/Testing/notumor/Te-no_243.jpg,notumor,perceptual_phash_ncc,2,0.985957682132721,0.8456058502197266,False
data/Training/notumor/Tr-no_1282.jpg,notumor,data/Training/notumor/Tr-no_558.jpg,notumor,perceptual_phash_ncc,4,0.9986156225204468,0.9750168323516846,False
data/Training/notumor/Tr-no_1283.jpg,notumor,data/Training/notumor/Tr-no_18.jpg,notumor,perceptual_phash_ncc,2,0.9935003519058228,0.9216448068618774,False
data/Training/notumor/Tr-no_1283.jpg,notumor,data/Training/notumor/Tr-no_925.jpg,notumor,perceptual_phash_ncc,2,0.9997962117195129,0.9931219816207886,False
data/Training/notumor/Tr-no_1284.jpg,notumor,data/Testing/notumor/Te-no_28.jpg,notumor,perceptual_phash_ncc,4,0.9968109726905823,0.9510165452957153,False
data/Training/notumor/Tr-no_1286.jpg,notumor,data/Training/notumor/Tr-no_461.jpg,notumor,perceptual_phash_ncc,2,0.9984524846076965,0.9775753617286682,False
data/Training/notumor/Tr-no_1286.jpg,notumor,data/Training/notumor/Tr-no_820.jpg,notumor,perceptual_phash_ncc,2,0.9960362315177917,0.9498670697212219,False
data/Training/notumor/Tr-no_1288.jpg,notumor,data/Training/notumor/Tr-no_831.jpg,notumor,exact_decoded_rgb,0,1.0,1.0,False
data/Training/notumor/Tr-no_1288.jpg,notumor,data/Training/notumor/Tr-no_863.jpg,notumor,exact_decoded_rgb,0,1.0,1.0,False
data/Training/notumor/Tr-no_1289.jpg,notumor,data/Training/notumor/Tr-no_156.jpg,notumor,exact_decoded_rgb,0,1.0,1.0,False
data/Training/notumor/Tr-no_129.jpg,notumor,data/Training/notumor/Tr-no_62.jpg,notumor,exact_decoded_rgb,0,1.0,1.0,False
data/Training/notumor/Tr-no_1290.jpg,notumor,data/Training/notumor/Tr-no_281.jpg,notumor,exact_decoded_rgb,0,1.0,1.0,False
data/Training/notumor/Tr-no_1290.jpg,notumor,data/Training/notumor/Tr-no_774.jpg,notumor,perceptual_phash_ncc,2,0.9998833537101746,0.998749315738678,False
data/Training/notumor/Tr-no_1290.jpg,notumor,data/Training/notumor/Tr-no_280.jpg,notumor,perceptual_phash_ncc,4,0.9947911500930786,0.9655593037605286,False
data/Training/notumor/Tr-no_1290.jpg,notumor,data/Training/notumor/Tr-no_42.jpg,notumor,perceptual_phash_ncc,4,0.9982990622520447,0.9836660623550415,False
data/Training/notumor/Tr-no_1290.jpg,notumor,data/Training/notumor/Tr-no_448.jpg,notumor,perceptual_phash_ncc,4,0.9947911500930786,0.9655593037605286,False
data/Training/notumor/Tr-no_1290.jpg,notumor,data/Training/notumor/Tr-no_962.jpg,notumor,perceptual_phash_ncc,4,0.9960501790046692,0.9614732265472412,False
data/Training/notumor/Tr-no_1291.jpg,notumor,data/Training/notumor/Tr-no_490.jpg,notumor,exact_decoded_rgb,0,1.0,1.0,False
data/Training/notumor/Tr-no_1292.jpg,notumor,data/Training/notumor/Tr-no_555.jpg,notumor,perceptual_phash_ncc,2,0.9993813633918762,0.9793806672096252,False
data/Training/notumor/Tr-no_1293.jpg,notumor,data/Training/notumor/Tr-no_329.jpg,notumor,perceptual_phash_ncc,2,0.9941730499267578,0.8830380439758301,False
data/Training/notumor/Tr-no_1293.jpg,notumor,data/Training/notumor/Tr-no_374.jpg,notumor,perceptual_phash_ncc,2,0.9955559968948364,0.9080044031143188,False
data/Training/notumor/Tr-no_1295.jpg,notumor,data/Training/notumor/Tr-no_275.jpg,notumor,exact_decoded_rgb,0,1.0,1.0,False
data/Training/notumor/Tr-no_1296.jpg,notumor,data/Testing/notumor/Te-no_298.jpg,notumor,perceptual_phash_ncc,2,0.9996778964996338,0.9930332899093628,False
data/Training/notumor/Tr-no_1296.jpg,notumor,data/Testing/notumor/Te-no_319.jpg,notumor,perceptual_phash_ncc,2,0.9969376921653748,0.9466485977172852,False
data/Training/notumor/Tr-no_1299.jpg,notumor,data/Training/notumor/Tr-no_424.jpg,notumor,perceptual_phash_ncc,2,0.9979442954063416,0.9578430652618408,False
data/Training/notumor/Tr-no_1299.jpg,notumor,data/Training/notumor/Tr-no_53.jpg,notumor,perceptual_phash_ncc,2,0.9968464970588684,0.9296205639839172,False
data/Training/notumor/Tr-no_1299.jpg,notumor,data/Testing/notumor/Te-no_44.jpg,notumor,perceptual_phash_ncc,2,0.9961638450622559,0.924335777759552,False
data/Training/notumor/Tr-no_130.jpg,notumor,data/Testing/notumor/Te-no_56.jpg,notumor,perceptual_phash_ncc,0,0.9969465732574463,0.941463053226471,False
data/Training/notumor/Tr-no_1300.jpg,notumor,data/Training/notumor/Tr-no_1303.jpg,notumor,perceptual_phash_ncc,2,0.9951624274253845,0.9235340356826782,False
data/Training/notumor/Tr-no_1300.jpg,notumor,data/Training/notumor/Tr-no_142.jpg,notumor,perceptual_phash_ncc,2,0.9971195459365845,0.9488247036933899,False
data/Training/notumor/Tr-no_1301.jpg,notumor,data/Training/notumor/Tr-no_851.jpg,notumor,perceptual_phash_ncc,0,0.998778223991394,0.9806414842605591,False
data/Training/notumor/Tr-no_1301.jpg,notumor,data/Testing/notumor/Te-no_321.jpg,notumor,perceptual_phash_ncc,0,0.9988081455230713,0.9807718992233276,False
data/Training/notumor/Tr-no_1302.jpg,notumor,data/Training/notumor/Tr-no_341.jpg,notumor,exact_decoded_rgb,0,1.0,1.0,False
data/Training/notumor/Tr-no_1302.jpg,notumor,data/Training/notumor/Tr-no_683.jpg,notumor,perceptual_phash_ncc,2,0.9922763705253601,0.9189450740814209,False
data/Training/notumor/Tr-no_1302.jpg,notumor,data/Training/notumor/Tr-no_821.jpg,notumor,perceptual_phash_ncc,2,0.9999324679374695,0.9975963830947876,False
data/Training/notumor/Tr-no_1302.jpg,notumor,data/Testing/notumor/Te-no_86.jpg,notumor,perceptual_phash_ncc,2,0.9998354315757751,0.9942148923873901,False
data/Training/notumor/Tr-no_1303.jpg,notumor,data/Training/notumor/Tr-no_142.jpg,notumor,perceptual_phash_ncc,0,0.9971258640289307,0.9543404579162598,False
data/Training/notumor/Tr-no_1304.jpg,notumor,data/Training/notumor/Tr-no_217.jpg,notumor,perceptual_phash_ncc,0,0.9992043375968933,0.9879906177520752,False
data/Training/notumor/Tr-no_1304.jpg,notumor,data/Testing/notumor/Te-no_322.jpg,notumor,perceptual_phash_ncc,0,0.9989765286445618,0.9879869222640991,False
data/Training/notumor/Tr-no_1304.jpg,notumor,data/Training/notumor/Tr-no_1392.jpg,notumor,perceptual_phash_ncc,4,0.9906921982765198,0.93645840883255,False
data/Training/notumor/Tr-no_1304.jpg,notumor,data/Training/notumor/Tr-no_559.jpg,notumor,perceptual_phash_ncc,4,0.9907704591751099,0.9510564208030701,False
data/Training/notumor/Tr-no_1304.jpg,notumor,data/Training/notumor/Tr-no_620.jpg,notumor,perceptual_phash_ncc,4,0.9891668558120728,0.9335379004478455,False
data/Training/notumor/Tr-no_1304.jpg,notumor,data/Training/notumor/Tr-no_781.jpg,notumor,perceptual_phash_ncc,4,0.9906921982765198,0.93645840883255,False
data/Training/notumor/Tr-no_1304.jpg,notumor,data/Training/notumor/Tr-no_955.jpg,notumor,perceptual_phash_ncc,4,0.9913147687911987,0.9563292860984802,False
data/Training/notumor/Tr-no_1306.jpg,notumor,data/Training/notumor/Tr-no_550.jpg,notumor,perceptual_phash_ncc,2,0.9986716508865356,0.9816775321960449,False
data/Training/notumor/Tr-no_1306.jpg,notumor,data/Testing/notumor/Te-no_332.jpg,notumor,perceptual_phash_ncc,2,0.9984486699104309,0.979669988155365,False
data/Training/notumor/Tr-no_1309.jpg,notumor,data/Training/notumor/Tr-no_699.jpg,notumor,exact_decoded_rgb,0,1.0,1.0,False
data/Training/notumor/Tr-no_1310.jpg,notumor,data/Training/notumor/Tr-no_667.jpg,notumor,perceptual_phash_ncc,4,0.9932231903076172,0.8890339136123657,False
data/Training/notumor/Tr-no_1310.jpg,notumor,data/Testing/notumor/Te-no_96.jpg,notumor,perceptual_phash_ncc,4,0.9952980279922485,0.9155850410461426,False
data/Training/notumor/Tr-no_1313.jpg,notumor,data/Testing/notumor/Te-no_157.jpg,notumor,perceptual_phash_ncc,2,0.997685432434082,0.9725538492202759,False
data/Training/notumor/Tr-no_1313.jpg,notumor,data/Testing/notumor/Te-no_75.jpg,notumor,perceptual_phash_ncc,2,0.9973601698875427,0.9676768779754639,False
data/Training/notumor/Tr-no_1314.jpg,notumor,data/Testing/notumor/Te-no_316.jpg,notumor,perceptual_phash_ncc,2,0.9994903802871704,0.9696948528289795,False
data/Training/notumor/Tr-no_1315.jpg,notumor,data/Training/notumor/Tr-no_270.jpg,notumor,perceptual_phash_ncc,2,0.9996570944786072,0.9842082262039185,False
data/Training/notumor/Tr-no_1315.jpg,notumor,data/Testing/notumor/Te-no_125.jpg,notumor,perceptual_phash_ncc,4,0.9995601177215576,0.980057954788208,False
data/Training/notumor/Tr-no_1316.jpg,notumor,data/Training/notumor/Tr-no_475.jpg,notumor,exact_decoded_rgb,0,1.0,1.0,False
data/Training/notumor/Tr-no_1316.jpg,notumor,data/Training/notumor/Tr-no_701.jpg,notumor,perceptual_phash_ncc,0,0.9970570206642151,0.9537125825881958,False
data/Training/notumor/Tr-no_1316.jpg,notumor,data/Training/notumor/Tr-no_867.jpg,notumor,perceptual_phash_ncc,0,0.9987984299659729,0.9816061854362488,False
data/Training/notumor/Tr-no_1316.jpg,notumor,data/Training/notumor/Tr-no_984.jpg,notumor,perceptual_phash_ncc,0,0.9999136328697205,0.9987452030181885,False
data/Training/notumor/Tr-no_1316.jpg,notumor,data/Testing/notumor/Te-no_295.jpg,notumor,perceptual_phash_ncc,0,0.998783528804779,0.9822322726249695,False
data/Training/notumor/Tr-no_1319.jpg,notumor,data/Testing/notumor/Te-no_92.jpg,notumor,exact_decoded_rgb,0,1.0,1.0,False
data/Training/notumor/Tr-no_132.jpg,notumor,data/Training/notumor/Tr-no_733.jpg,notumor,perceptual_phash_ncc,2,0.9933305382728577,0.9319683909416199,False
data/Training/notumor/Tr-no_132.jpg,notumor,data/Training/notumor/Tr-no_9.jpg,notumor,perceptual_phash_ncc,2,0.9909801483154297,0.9146909117698669,False
data/Training/notumor/Tr-no_1321.jpg,notumor,data/Training/notumor/Tr-no_829.jpg,notumor,perceptual_phash_ncc,2,0.9963040947914124,0.9433070421218872,False
data/Training/notumor/Tr-no_1321.jpg,notumor,data/Training/notumor/Tr-no_310.jpg,notumor,perceptual_phash_ncc,4,0.9976645708084106,0.9610101580619812,False
data/Training/notumor/Tr-no_1323.jpg,notumor,data/Training/notumor/Tr-no_1326.jpg,notumor,perceptual_phash_ncc,0,0.9998190402984619,0.994405210018158,False
data/Training/notumor/Tr-no_1323.jpg,notumor,data/Training/notumor/Tr-no_411.jpg,notumor,perceptual_phash_ncc,0,0.9998190402984619,0.994405210018158,False
data/Training/notumor/Tr-no_1325.jpg,notumor,data/Testing/notumor/Te-no_375.jpg,notumor,perceptual_phash_ncc,2,0.9955399036407471,0.9425625205039978,False
data/Training/notumor/Tr-no_1326.jpg,notumor,data/Training/notumor/Tr-no_411.jpg,notumor,exact_decoded_rgb,0,1.0,1.0,False
data/Training/notumor/Tr-no_1328.jpg,notumor,data/Training/notumor/Tr-no_554.jpg,notumor,perceptual_phash_ncc,2,0.9962033033370972,0.9484080672264099,False
data/Training/notumor/Tr-no_1328.jpg,notumor,data/Testing/notumor/Te-no_294.jpg,notumor,perceptual_phash_ncc,2,0.9967974424362183,0.9549586772918701,False
data/Training/notumor/Tr-no_1330.jpg,notumor,data/Training/notumor/Tr-no_825.jpg,notumor,exact_decoded_rgb,0,1.0,1.0,False
data/Training/notumor/Tr-no_1330.jpg,notumor,data/Testing/notumor/Te-no_31.jpg,notumor,perceptual_phash_ncc,2,0.9990754127502441,0.9744645357131958,False
data/Training/notumor/Tr-no_1333.jpg,notumor,data/Training/notumor/Tr-no_273.jpg,notumor,exact_decoded_rgb,0,1.0,1.0,False
data/Training/notumor/Tr-no_1334.jpg,notumor,data/Training/notumor/Tr-no_235.jpg,notumor,exact_decoded_rgb,0,1.0,1.0,False
data/Training/notumor/Tr-no_1336.jpg,notumor,data/Training/notumor/Tr-no_165.jpg,notumor,exact_decoded_rgb,0,1.0,1.0,False
data/Training/notumor/Tr-no_1336.jpg,notumor,data/Training/notumor/Tr-no_594.jpg,notumor,perceptual_phash_ncc,0,0.9978848099708557,0.963901937007904,False
data/Training/notumor/Tr-no_1337.jpg,notumor,data/Testing/notumor/Te-no_156.jpg,notumor,perceptual_phash_ncc,2,0.9988224506378174,0.9812805652618408,False
data/Training/notumor/Tr-no_1338.jpg,notumor,data/Training/notumor/Tr-no_628.jpg,notumor,perceptual_phash_ncc,2,0.9990900158882141,0.9833683371543884,False
data/Training/notumor/Tr-no_1338.jpg,notumor,data/Testing/notumor/Te-no_161.jpg,notumor,perceptual_phash_ncc,2,0.9985825419425964,0.975013017654419,False
data/Training/notumor/Tr-no_1338.jpg,notumor,data/Testing/notumor/Te-no_329.jpg,notumor,perceptual_phash_ncc,2,0.9882358312606812,0.8624745607376099,False
data/Training/notumor/Tr-no_1338.jpg,notumor,data/Testing/notumor/Te-no_71.jpg,notumor,perceptual_phash_ncc,2,0.9849452972412109,0.8373895287513733,False
data/Training/notumor/Tr-no_1338.jpg,notumor,data/Training/notumor/Tr-no_1355.jpg,notumor,perceptual_phash_ncc,4,0.9885448217391968,0.8698883056640625,False
data/Training/notumor/Tr-no_1339.jpg,notumor,data/Training/notumor/Tr-no_858.jpg,notumor,perceptual_phash_ncc,0,0.9997198581695557,0.9931967854499817,False
data/Training/notumor/Tr-no_1339.jpg,notumor,data/Training/notumor/Tr-no_985.jpg,notumor,perceptual_phash_ncc,0,0.9995138645172119,0.9900690913200378,False
data/Training/notumor/Tr-no_1339.jpg,notumor,data/Training/notumor/Tr-no_1376.jpg,notumor,perceptual_phash_ncc,4,0.9686630964279175,0.8579312562942505,False
data/Training/notumor/Tr-no_134.jpg,notumor,data/Training/notumor/Tr-no_255.jpg,notumor,exact_decoded_rgb,0,1.0,1.0,False
data/Training/notumor/Tr-no_134.jpg,notumor,data/Training/notumor/Tr-no_464.jpg,notumor,perceptual_phash_ncc,0,0.9998847246170044,0.998785138130188,False
data/Training/notumor/Tr-no_134.jpg,notumor,data/Training/notumor/Tr-no_681.jpg,notumor,perceptual_phash_ncc,2,0.9950207471847534,0.9577465057373047,False
data/Training/notumor/Tr-no_1341.jpg,notumor,data/Training/notumor/Tr-no_352.jpg,notumor,perceptual_phash_ncc,2,0.9999856352806091,0.9976242184638977,False
data/Training/notumor/Tr-no_1341.jpg,notumor,data/Testing/notumor/Te-no_162.jpg,notumor,perceptual_phash_ncc,4,0.9995023608207703,0.9769443273544312,False
data/Training/notumor/Tr-no_1343.jpg,notumor,data/Training/notumor/Tr-no_1379.jpg,notumor,perceptual_phash_ncc,0,0.9993823766708374,0.9863302111625671,False
data/Training/notumor/Tr-no_1343.jpg,notumor,data/Training/notumor/Tr-no_810.jpg,notumor,perceptual_phash_ncc,0,0.9993823766708374,0.9863302111625671,False
data/Training/notumor/Tr-no_1343.jpg,notumor,data/Training/notumor/Tr-no_864.jpg,notumor,perceptual_phash_ncc,2,0.9963514804840088,0.9500983953475952,False
data/Training/notumor/Tr-no_1343.jpg,notumor,data/Training/notumor/Tr-no_328.jpg,notumor,perceptual_phash_ncc,4,0.9950805902481079,0.940794825553894,False
data/Training/notumor/Tr-no_1346.jpg,notumor,data/Training/notumor/Tr-no_61.jpg,notumor,perceptual_phash_ncc,0,0.9998355507850647,0.9988200068473816,False
data/Training/notumor/Tr-no_1346.jpg,notumor,data/Training/notumor/Tr-no_889.jpg,notumor,exact_decoded_rgb,0,1.0,1.0,False
data/Training/notumor/Tr-no_1346.jpg,notumor,data/Training/notumor/Tr-no_748.jpg,notumor,perceptual_phash_ncc,2,0.9968630075454712,0.9780383110046387,False
data/Training/notumor/Tr-no_1346.jpg,notumor,data/Training/notumor/Tr-no_1347.jpg,notumor,perceptual_phash_ncc,4,0.9970109462738037,0.9792931079864502,False
data/Training/notumor/Tr-no_1346.jpg,notumor,data/Testing/notumor/Te-no_281.jpg,notumor,perceptual_phash_ncc,4,0.9930048584938049,0.9497913718223572,False
data/Training/notumor/Tr-no_1347.jpg,notumor,data/Training/notumor/Tr-no_61.jpg,notumor,perceptual_phash_ncc,4,0.9970949292182922,0.9794070720672607,False
data/Training/notumor/Tr-no_1347.jpg,notumor,data/Training/notumor/Tr-no_748.jpg,notumor,perceptual_phash_ncc,4,0.9942688345909119,0.9613467454910278,False
data/Training/notumor/Tr-no_1347.jpg,notumor,data/Training/notumor/Tr-no_889.jpg,notumor,perceptual_phash_ncc,4,0.9970109462738037,0.9792931079864502,False
data/Training/notumor/Tr-no_1347.jpg,notumor,data/Testing/notumor/Te-no_281.jpg,notumor,perceptual_phash_ncc,4,0.991420328617096,0.9408952593803406,False
data/Training/notumor/Tr-no_135.jpg,notumor,data/Training/notumor/Tr-no_545.jpg,notumor,perceptual_phash_ncc,0,0.9983343482017517,0.9746899604797363,False
data/Training/notumor/Tr-no_1350.jpg,notumor,data/Training/notumor/Tr-no_1367.jpg,notumor,perceptual_phash_ncc,0,0.998910129070282,0.970730721950531,False
data/Training/notumor/Tr-no_1350.jpg,notumor,data/Testing/notumor/Te-no_288.jpg,notumor,perceptual_phash_ncc,0,0.9991176724433899,0.976949155330658,False
data/Training/notumor/Tr-no_1353.jpg,notumor,data/Training/notumor/Tr-no_682.jpg,notumor,perceptual_phash_ncc,0,0.9995987415313721,0.9848994016647339,False
data/Training/notumor/Tr-no_1355.jpg,notumor,data/Testing/notumor/Te-no_329.jpg,notumor,perceptual_phash_ncc,2,0.9912639856338501,0.9142205715179443,False
data/Training/notumor/Tr-no_1355.jpg,notumor,data/Testing/notumor/Te-no_71.jpg,notumor,perceptual_phash_ncc,2,0.9925826787948608,0.923227846622467,False
data/Training/notumor/Tr-no_1355.jpg,notumor,data/Training/notumor/Tr-no_628.jpg,notumor,perceptual_phash_ncc,4,0.9889371395111084,0.874508798122406,False
data/Training/notumor/Tr-no_1355.jpg,notumor,data/Testing/notumor/Te-no_161.jpg,notumor,perceptual_phash_ncc,4,0.9886090755462646,0.8704642057418823,False
data/Training/notumor/Tr-no_1356.jpg,notumor,data/Testing/notumor/Te-no_101.jpg,notumor,perceptual_phash_ncc,0,0.9903923869132996,0.921578586101532,False
data/Training/notumor/Tr-no_1356.jpg,notumor,data/Testing/notumor/Te-no_185.jpg,notumor,perceptual_phash_ncc,2,0.9985387921333313,0.9828284978866577,False
data/Training/notumor/Tr-no_1356.jpg,notumor,data/Testing/notumor/Te-no_195.jpg,notumor,perceptual_phash_ncc,2,0.9985691905021667,0.9838424324989319,False
data/Training/notumor/Tr-no_1356.jpg,notumor,data/Testing/notumor/Te-no_303.jpg,notumor,perceptual_phash_ncc,4,0.987693190574646,0.9054511189460754,False
data/Training/notumor/Tr-no_1356.jpg,notumor,data/Testing/notumor/Te-no_89.jpg,notumor,perceptual_phash_ncc,4,0.9867538809776306,0.8995190858840942,False
data/Training/notumor/Tr-no_1358.jpg,notumor,data/Training/notumor/Tr-no_162.jpg,notumor,perceptual_phash_ncc,2,0.9997649192810059,0.9856590628623962,False
data/Training/notumor/Tr-no_1359.jpg,notumor,data/Testing/notumor/Te-no_218.jpg,notumor,perceptual_phash_ncc,2,0.9906665086746216,0.9039921760559082,False
data/Training/notumor/Tr-no_1360.jpg,notumor,data/Training/notumor/Tr-no_854.jpg,notumor,exact_decoded_rgb,0,1.0,1.0,False
data/Training/notumor/Tr-no_1361.jpg,notumor,data/Testing/notumor/Te-no_292.jpg,notumor,perceptual_phash_ncc,2,0.9945181012153625,0.9309659600257874,False
data/Training/notumor/Tr-no_1361.jpg,notumor,data/Testing/notumor/Te-no_87.jpg,notumor,perceptual_phash_ncc,4,0.9984791874885559,0.9762725830078125,False
data/Training/notumor/Tr-no_1364.jpg,notumor,data/Training/notumor/Tr-no_799.jpg,notumor,perceptual_phash_ncc,0,0.9999179840087891,0.9983994960784912,False
data/Training/notumor/Tr-no_1364.jpg,notumor,data/Training/notumor/Tr-no_876.jpg,notumor,perceptual_phash_ncc,2,0.999788224697113,0.9955542683601379,False
data/Training/notumor/Tr-no_1364.jpg,notumor,data/Testing/notumor/Te-no_266.jpg,notumor,perceptual_phash_ncc,2,0.9938640594482422,0.9438080787658691,False
data/Training/notumor/Tr-no_1364.jpg,notumor,data/Training/notumor/Tr-no_50.jpg,notumor,perceptual_phash_ncc,4,0.9946385025978088,0.9487335681915283,False
data/Training/notumor/Tr-no_1364.jpg,notumor,data/Testing/notumor/Te-no_242.jpg,notumor,perceptual_phash_ncc,4,0.9956274628639221,0.9586748480796814,False
data/Training/notumor/Tr-no_1367.jpg,notumor,data/Testing/notumor/Te-no_288.jpg,notumor,perceptual_phash_ncc,0,0.9988483786582947,0.9682101011276245,False
data/Training/notumor/Tr-no_1368.jpg,notumor,data/Testing/notumor/Te-no_69.jpg,notumor,perceptual_phash_ncc,4,0.9995126128196716,0.9879758358001709,False
data/Training/notumor/Tr-no_1369.jpg,notumor,data/Training/notumor/Tr-no_926.jpg,notumor,perceptual_phash_ncc,2,0.9949975609779358,0.9478108882904053,False
data/Training/notumor/Tr-no_137.jpg,notumor,data/Testing/notumor/Te-no_187.jpg,notumor,perceptual_phash_ncc,0,0.9996026754379272,0.9888311624526978,False
data/Training/notumor/Tr-no_1370.jpg,notumor,data/Training/notumor/Tr-no_583.jpg,notumor,perceptual_phash_ncc,0,0.9958820343017578,0.9453808069229126,False
data/Training/notumor/Tr-no_1370.jpg,notumor,data/Testing/notumor/Te-no_139.jpg,notumor,perceptual_phash_ncc,0,0.9955779910087585,0.7531827092170715,False
data/Training/notumor/Tr-no_1371.jpg,notumor,data/Training/notumor/Tr-no_402.jpg,notumor,perceptual_phash_ncc,2,0.9916996359825134,0.9086254835128784,False
data/Training/notumor/Tr-no_1371.jpg,notumor,data/Training/notumor/Tr-no_488.jpg,notumor,perceptual_phash_ncc,2,0.9933075904846191,0.9250463843345642,False
data/Training/notumor/Tr-no_1371.jpg,notumor,data/Testing/notumor/Te-no_11.jpg,notumor,perceptual_phash_ncc,2,0.9888615608215332,0.8808949589729309,False
data/Training/notumor/Tr-no_1372.jpg,notumor,data/Training/notumor/Tr-no_703.jpg,notumor,perceptual_phash_ncc,0,0.9982741475105286,0.9756479263305664,False
data/Training/notumor/Tr-no_1372.jpg,notumor,data/Training/notumor/Tr-no_827.jpg,notumor,perceptual_phash_ncc,0,0.9953489303588867,0.9429817199707031,False
data/Training/notumor/Tr-no_1374.jpg,notumor,data/Training/notumor/Tr-no_840.jpg,notumor,exact_decoded_rgb,0,1.0,1.0,False
data/Training/notumor/Tr-no_1375.jpg,notumor,data/Testing/notumor/Te-no_383.jpg,notumor,perceptual_phash_ncc,0,0.9952555298805237,0.9454031586647034,False
data/Training/notumor/Tr-no_1375.jpg,notumor,data/Training/notumor/Tr-no_514.jpg,notumor,perceptual_phash_ncc,2,0.9918428659439087,0.9116378426551819,False
data/Training/notumor/Tr-no_1375.jpg,notumor,data/Training/notumor/Tr-no_74.jpg,notumor,perceptual_phash_ncc,2,0.9864206910133362,0.8563774824142456,False
data/Training/notumor/Tr-no_1375.jpg,notumor,data/Testing/notumor/Te-no_35.jpg,notumor,perceptual_phash_ncc,2,0.9928045272827148,0.921568751335144,False
data/Training/notumor/Tr-no_1376.jpg,notumor,data/Training/notumor/Tr-no_858.jpg,notumor,perceptual_phash_ncc,4,0.9695480465888977,0.8706833720207214,False
data/Training/notumor/Tr-no_1376.jpg,notumor,data/Training/notumor/Tr-no_985.jpg,notumor,perceptual_phash_ncc,4,0.9690333604812622,0.8658775687217712,False
data/Training/notumor/Tr-no_1378.jpg,notumor,data/Training/notumor/Tr-no_534.jpg,notumor,exact_decoded_rgb,0,1.0,1.0,False
data/Training/notumor/Tr-no_1379.jpg,notumor,data/Training/notumor/Tr-no_810.jpg,notumor,exact_decoded_rgb,0,1.0,1.0,False
data/Training/notumor/Tr-no_1379.jpg,notumor,data/Training/notumor/Tr-no_864.jpg,notumor,perceptual_phash_ncc,2,0.9965335726737976,0.9523054361343384,False
data/Training/notumor/Tr-no_1379.jpg,notumor,data/Training/notumor/Tr-no_328.jpg,notumor,perceptual_phash_ncc,4,0.9952253699302673,0.9426411390304565,False
data/Training/notumor/Tr-no_138.jpg,notumor,data/Training/notumor/Tr-no_1383.jpg,notumor,exact_decoded_rgb,0,1.0,1.0,False
data/Training/notumor/Tr-no_1381.jpg,notumor,data/Testing/notumor/Te-no_248.jpg,notumor,perceptual_phash_ncc,2,0.9998241662979126,0.9882372617721558,False
data/Training/notumor/Tr-no_1385.jpg,notumor,data/Training/notumor/Tr-no_600.jpg,notumor,exact_decoded_rgb,0,1.0,1.0,False
data/Training/notumor/Tr-no_1385.jpg,notumor,data/Training/notumor/Tr-no_715.jpg,notumor,perceptual_phash_ncc,2,0.9998968243598938,0.99764484167099,False
data/Training/notumor/Tr-no_1385.jpg,notumor,data/Testing/notumor/Te-no_344.jpg,notumor,perceptual_phash_ncc,2,0.9993888139724731,0.9884278774261475,False
data/Training/notumor/Tr-no_1386.jpg,notumor,data/Training/notumor/Tr-no_823.jpg,notumor,perceptual_phash_ncc,2,0.996289849281311,0.9588345885276794,False
data/Training/notumor/Tr-no_1386.jpg,notumor,data/Testing/notumor/Te-no_104.jpg,notumor,perceptual_phash_ncc,4,0.995741069316864,0.9450342655181885,False
data/Training/notumor/Tr-no_1387.jpg,notumor,data/Testing/notumor/Te-no_239.jpg,notumor,perceptual_phash_ncc,2,0.9973019361495972,0.9780663251876831,False
data/Training/notumor/Tr-no_1389.jpg,notumor,data/Testing/notumor/Te-no_299.jpg,notumor,perceptual_phash_ncc,0,0.9977762699127197,0.9708373546600342,False
data/Training/notumor/Tr-no_1389.jpg,notumor,data/Testing/notumor/Te-no_312.jpg,notumor,perceptual_phash_ncc,0,0.9972299933433533,0.9636582136154175,False
data/Training/notumor/Tr-no_139.jpg,notumor,data/Training/notumor/Tr-no_143.jpg,notumor,perceptual_phash_ncc,4,0.9998380541801453,0.9962835311889648,False
data/Training/notumor/Tr-no_1390.jpg,notumor,data/Training/notumor/Tr-no_565.jpg,notumor,exact_decoded_rgb,0,1.0,1.0,False
data/Training/notumor/Tr-no_1390.jpg,notumor,data/Training/notumor/Tr-no_625.jpg,notumor,perceptual_phash_ncc,2,0.999725341796875,0.9970875978469849,False
data/Training/notumor/Tr-no_1392.jpg,notumor,data/Training/notumor/Tr-no_559.jpg,notumor,perceptual_phash_ncc,0,0.9928987622261047,0.9381842613220215,False
data/Training/notumor/Tr-no_1392.jpg,notumor,data/Training/notumor/Tr-no_620.jpg,notumor,perceptual_phash_ncc,0,0.9913039803504944,0.9244335889816284,False
data/Training/notumor/Tr-no_1392.jpg,notumor,data/Training/notumor/Tr-no_781.jpg,notumor,exact_decoded_rgb,0,1.0,1.0,False
data/Training/notumor/Tr-no_1392.jpg,notumor,data/Training/notumor/Tr-no_955.jpg,notumor,perceptual_phash_ncc,0,0.9933713674545288,0.9427931308746338,False
data/Training/notumor/Tr-no_1392.jpg,notumor,data/Testing/notumor/Te-no_61.jpg,notumor,perceptual_phash_ncc,2,0.9929988384246826,0.9405403137207031,False
data/Training/notumor/Tr-no_1392.jpg,notumor,data/Training/notumor/Tr-no_217.jpg,notumor,perceptual_phash_ncc,4,0.9911155104637146,0.939164936542511,False
data/Training/notumor/Tr-no_1392.jpg,notumor,data/Testing/notumor/Te-no_322.jpg,notumor,perceptual_phash_ncc,4,0.990275502204895,0.9330010414123535,False
data/Training/notumor/Tr-no_1393.jpg,notumor,data/Training/notumor/Tr-no_642.jpg,notumor,exact_decoded_rgb,0,1.0,1.0,False
data/Training/notumor/Tr-no_1394.jpg,notumor,data/Training/notumor/Tr-no_168.jpg,notumor,perceptual_phash_ncc,0,0.9984511137008667,0.9594192504882812,False
data/Training/notumor/Tr-no_1394.jpg,notumor,data/Training/notumor/Tr-no_230.jpg,notumor,perceptual_phash_ncc,0,0.9984511137008667,0.9594192504882812,False
data/Training/notumor/Tr-no_1394.jpg,notumor,data/Training/notumor/Tr-no_738.jpg,notumor,perceptual_phash_ncc,0,0.9984511137008667,0.9594192504882812,False
data/Training/notumor/Tr-no_1395.jpg,notumor,data/Training/notumor/Tr-no_17.jpg,notumor,exact_decoded_rgb,0,1.0,1.0,False
data/Training/notumor/Tr-no_1396.jpg,notumor,data/Testing/notumor/Te-no_176.jpg,notumor,perceptual_phash_ncc,0,0.9982402920722961,0.9722381830215454,False
data/Training/notumor/Tr-no_1396.jpg,notumor,data/Testing/notumor/Te-no_387.jpg,notumor,perceptual_phash_ncc,0,0.9983518123626709,0.9745097160339355,False
data/Training/notumor/Tr-no_1397.jpg,notumor,data/Training/notumor/Tr-no_660.jpg,notumor,exact_decoded_rgb,0,1.0,1.0,False
data/Training/notumor/Tr-no_1398.jpg,notumor,data/Training/notumor/Tr-no_516.jpg,notumor,exact_decoded_rgb,0,1.0,1.0,False
data/Training/notumor/Tr-no_1399.jpg,notumor,data/Testing/notumor/Te-no_199.jpg,notumor,perceptual_phash_ncc,2,0.9967584013938904,0.9571988582611084,False
data/Training/notumor/Tr-no_1399.jpg,notumor,data/Testing/notumor/Te-no_370.jpg,notumor,perceptual_phash_ncc,2,0.9970110058784485,0.960019052028656,False
data/Training/notumor/Tr-no_14.jpg,notumor,data/Training/notumor/Tr-no_48.jpg,notumor,exact_decoded_rgb,0,1.0,1.0,False
data/Training/notumor/Tr-no_14.jpg,notumor,data/Training/notumor/Tr-no_749.jpg,notumor,perceptual_phash_ncc,0,0.9997931718826294,0.9342793822288513,False
data/Training/notumor/Tr-no_14.jpg,notumor,data/Training/notumor/Tr-no_931.jpg,notumor,perceptual_phash_ncc,0,0.9997931718826294,0.9342793822288513,False
data/Training/notumor/Tr-no_140.jpg,notumor,data/Training/notumor/Tr-no_997.jpg,notumor,perceptual_phash_ncc,0,0.9980782270431519,0.9815794229507446,False
data/Training/notumor/Tr-no_141.jpg,notumor,data/Training/notumor/Tr-no_993.jpg,notumor,perceptual_phash_ncc,4,0.9982232451438904,0.9744085073471069,False
data/Training/notumor/Tr-no_143.jpg,notumor,data/Testing/notumor/Te-no_258.jpg,notumor,perceptual_phash_ncc,2,0.9947003126144409,0.9498682618141174,False
data/Training/notumor/Tr-no_143.jpg,notumor,data/Training/notumor/Tr-no_175.jpg,notumor,perceptual_phash_ncc,4,0.9946437478065491,0.9505557417869568,False
data/Training/notumor/Tr-no_145.jpg,notumor,data/Testing/notumor/Te-no_131.jpg,notumor,perceptual_phash_ncc,0,0.9990968108177185,0.9833770394325256,False
data/Training/notumor/Tr-no_145.jpg,notumor,data/Training/notumor/Tr-no_892.jpg,notumor,perceptual_phash_ncc,2,0.9863654375076294,0.8513875007629395,False
data/Training/notumor/Tr-no_145.jpg,notumor,data/Testing/notumor/Te-no_129.jpg,notumor,perceptual_phash_ncc,2,0.9909858703613281,0.887331485748291,False
data/Training/notumor/Tr-no_145.jpg,notumor,data/Testing/notumor/Te-no_147.jpg,notumor,perceptual_phash_ncc,2,0.9875656366348267,0.8612682819366455,False
data/Training/notumor/Tr-no_145.jpg,notumor,data/Testing/notumor/Te-no_395.jpg,notumor,perceptual_phash_ncc,2,0.9895016551017761,0.8752685189247131,False
data/Training/notumor/Tr-no_146.jpg,notumor,data/Training/notumor/Tr-no_793.jpg,notumor,perceptual_phash_ncc,2,0.9987800121307373,0.9601584672927856,False
data/Training/notumor/Tr-no_146.jpg,notumor,data/Testing/notumor/Te-no_219.jpg,notumor,perceptual_phash_ncc,2,0.9989197254180908,0.9698305130004883,False
data/Training/notumor/Tr-no_147.jpg,notumor,data/Testing/notumor/Te-no_167.jpg,notumor,exact_decoded_rgb,0,1.0,1.0,False
data/Training/notumor/Tr-no_149.jpg,notumor,data/Testing/notumor/Te-no_300.jpg,notumor,perceptual_phash_ncc,2,0.9966535568237305,0.9400923848152161,False
data/Training/notumor/Tr-no_149.jpg,notumor,data/Testing/notumor/Te-no_99.jpg,notumor,perceptual_phash_ncc,2,0.9943429827690125,0.9064062833786011,False
data/Training/notumor/Tr-no_151.jpg,notumor,data/Testing/notumor/Te-no_1.jpg,notumor,perceptual_phash_ncc,2,0.9996417164802551,0.9911951422691345,False
data/Training/notumor/Tr-no_151.jpg,notumor,data/Testing/notumor/Te-no_63.jpg,notumor,perceptual_phash_ncc,2,0.9985654354095459,0.9751686453819275,False
data/Training/notumor/Tr-no_154.jpg,notumor,data/Training/notumor/Tr-no_347.jpg,notumor,perceptual_phash_ncc,0,0.9999316930770874,0.9990456104278564,False
data/Training/notumor/Tr-no_154.jpg,notumor,data/Training/notumor/Tr-no_725.jpg,notumor,exact_decoded_rgb,0,1.0,1.0,False
data/Training/notumor/Tr-no_154.jpg,notumor,data/Training/notumor/Tr-no_365.jpg,notumor,perceptual_phash_ncc,2,0.9969713687896729,0.9619464874267578,False
data/Training/notumor/Tr-no_154.jpg,notumor,data/Training/notumor/Tr-no_386.jpg,notumor,perceptual_phash_ncc,2,0.9989461302757263,0.9868254661560059,False
data/Training/notumor/Tr-no_154.jpg,notumor,data/Testing/notumor/Te-no_134.jpg,notumor,perceptual_phash_ncc,2,0.9988698363304138,0.9857679605484009,False
data/Training/notumor/Tr-no_154.jpg,notumor,data/Testing/notumor/Te-no_58.jpg,notumor,perceptual_phash_ncc,2,0.9975616335868835,0.9700404405593872,False
data/Training/notumor/Tr-no_158.jpg,notumor,data/Training/notumor/Tr-no_278.jpg,notumor,perceptual_phash_ncc,2,0.9990645051002502,0.9802204966545105,False
data/Training/notumor/Tr-no_158.jpg,notumor,data/Training/notumor/Tr-no_435.jpg,notumor,perceptual_phash_ncc,2,0.999037504196167,0.9777919054031372,False
data/Training/notumor/Tr-no_158.jpg,notumor,data/Training/notumor/Tr-no_755.jpg,notumor,perceptual_phash_ncc,2,0.999037504196167,0.9777919054031372,False
data/Training/notumor/Tr-no_16.jpg,notumor,data/Testing/notumor/Te-no_360.jpg,notumor,perceptual_phash_ncc,0,0.9998056888580322,0.802611231803894,False
data/Training/notumor/Tr-no_16.jpg,notumor,data/Training/notumor/Tr-no_497.jpg,notumor,perceptual_phash_ncc,2,0.9963955283164978,0.9520760774612427,False
data/Training/notumor/Tr-no_160.jpg,notumor,data/Training/notumor/Tr-no_83.jpg,notumor,perceptual_phash_ncc,2,0.9990546107292175,0.9798576235771179,False
data/Training/notumor/Tr-no_162.jpg,notumor,data/Training/notumor/Tr-no_853.jpg,notumor,perceptual_phash_ncc,4,0.9903420805931091,0.8843309879302979,False
data/Training/notumor/Tr-no_165.jpg,notumor,data/Training/notumor/Tr-no_594.jpg,notumor,perceptual_phash_ncc,0,0.9978848099708557,0.963901937007904,False
data/Training/notumor/Tr-no_168.jpg,notumor,data/Training/notumor/Tr-no_230.jpg,notumor,exact_decoded_rgb,0,1.0,1.0,False
data/Training/notumor/Tr-no_168.jpg,notumor,data/Training/notumor/Tr-no_738.jpg,notumor,exact_decoded_rgb,0,1.0,1.0,False
data/Training/notumor/Tr-no_171.jpg,notumor,data/Training/notumor/Tr-no_415.jpg,notumor,perceptual_phash_ncc,0,0.9998437166213989,0.9958290457725525,False
data/Training/notumor/Tr-no_171.jpg,notumor,data/Training/notumor/Tr-no_908.jpg,notumor,perceptual_phash_ncc,0,0.9988996386528015,0.9750795960426331,False
data/Training/notumor/Tr-no_175.jpg,notumor,data/Testing/notumor/Te-no_258.jpg,notumor,perceptual_phash_ncc,4,0.996347963809967,0.9624122381210327,False
data/Training/notumor/Tr-no_176.jpg,notumor,data/Training/notumor/Tr-no_56.jpg,notumor,perceptual_phash_ncc,2,0.9984350204467773,0.9837567806243896,False
data/Training/notumor/Tr-no_176.jpg,notumor,data/Training/notumor/Tr-no_657.jpg,notumor,perceptual_phash_ncc,2,0.996577262878418,0.9657542705535889,False
data/Training/notumor/Tr-no_176.jpg,notumor,data/Training/notumor/Tr-no_73.jpg,notumor,perceptual_phash_ncc,2,0.9984350204467773,0.9837567806243896,False
data/Training/notumor/Tr-no_176.jpg,notumor,data/Training/notumor/Tr-no_288.jpg,notumor,perceptual_phash_ncc,4,0.9952346086502075,0.9569462537765503,False
data/Training/notumor/Tr-no_176.jpg,notumor,data/Training/notumor/Tr-no_321.jpg,notumor,perceptual_phash_ncc,4,0.995221734046936,0.9563599824905396,False
data/Training/notumor/Tr-no_176.jpg,notumor,data/Training/notumor/Tr-no_400.jpg,notumor,perceptual_phash_ncc,4,0.9952347278594971,0.9569229483604431,False
data/Training/notumor/Tr-no_176.jpg,notumor,data/Training/notumor/Tr-no_536.jpg,notumor,perceptual_phash_ncc,4,0.9951995015144348,0.9554483294487,False
data/Training/notumor/Tr-no_176.jpg,notumor,data/Training/notumor/Tr-no_612.jpg,notumor,perceptual_phash_ncc,4,0.9951692223548889,0.9550883769989014,False
data/Training/notumor/Tr-no_177.jpg,notumor,data/Training/notumor/Tr-no_888.jpg,notumor,perceptual_phash_ncc,0,0.9997693300247192,0.9947307109832764,False
data/Training/notumor/Tr-no_177.jpg,notumor,data/Testing/notumor/Te-no_111.jpg,notumor,perceptual_phash_ncc,2,0.9995678067207336,0.9902201890945435,False
data/Training/notumor/Tr-no_177.jpg,notumor,data/Testing/notumor/Te-no_80.jpg,notumor,perceptual_phash_ncc,2,0.9974766373634338,0.95095294713974,False
data/Training/notumor/Tr-no_177.jpg,notumor,data/Testing/notumor/Te-no_361.jpg,notumor,perceptual_phash_ncc,4,0.9972676038742065,0.9476474523544312,False
data/Training/notumor/Tr-no_178.jpg,notumor,data/Training/notumor/Tr-no_634.jpg,notumor,perceptual_phash_ncc,4,0.9991660714149475,0.9901066422462463,False
data/Training/notumor/Tr-no_18.jpg,notumor,data/Training/notumor/Tr-no_925.jpg,notumor,perceptual_phash_ncc,0,0.9935302138328552,0.922683835029602,False
data/Training/notumor/Tr-no_182.jpg,notumor,data/Training/notumor/Tr-no_771.jpg,notumor,perceptual_phash_ncc,0,0.9985612034797668,0.982876718044281,False
data/Training/notumor/Tr-no_182.jpg,notumor,data/Testing/notumor/Te-no_327.jpg,notumor,perceptual_phash_ncc,0,0.9908206462860107,0.926367998123169,False
data/Training/notumor/Tr-no_182.jpg,notumor,data/Testing/notumor/Te-no_175.jpg,notumor,perceptual_phash_ncc,2,0.9869569540023804,0.9014011025428772,False
data/Training/notumor/Tr-no_182.jpg,notumor,data/Training/notumor/Tr-no_852.jpg,notumor,perceptual_phash_ncc,4,0.988361120223999,0.9105519652366638,False
data/Training/notumor/Tr-no_186.jpg,notumor,data/Training/notumor/Tr-no_390.jpg,notumor,perceptual_phash_ncc,0,0.9999076128005981,0.9991077780723572,False
data/Training/notumor/Tr-no_186.jpg,notumor,data/Training/notumor/Tr-no_722.jpg,notumor,perceptual_phash_ncc,0,0.9982484579086304,0.9836950898170471,False
data/Training/notumor/Tr-no_186.jpg,notumor,data/Training/notumor/Tr-no_731.jpg,notumor,perceptual_phash_ncc,4,0.9957619905471802,0.9540061354637146,False
data/Training/notumor/Tr-no_187.jpg,notumor,data/Training/notumor/Tr-no_637.jpg,notumor,perceptual_phash_ncc,2,0.9968734979629517,0.9630303382873535,False
data/Training/notumor/Tr-no_187.jpg,notumor,data/Training/notumor/Tr-no_508.jpg,notumor,perceptual_phash_ncc,4,0.9918220639228821,0.9053237438201904,False
data/Training/notumor/Tr-no_188.jpg,notumor,data/Training/notumor/Tr-no_319.jpg,notumor,perceptual_phash_ncc,2,0.9957358837127686,0.9369257092475891,False
data/Training/notumor/Tr-no_188.jpg,notumor,data/Training/notumor/Tr-no_950.jpg,notumor,perceptual_phash_ncc,4,0.9982082843780518,0.9695119857788086,False
data/Training/notumor/Tr-no_188.jpg,notumor,data/Testing/notumor/Te-no_238.jpg,notumor,perceptual_phash_ncc,4,0.9981760382652283,0.9714856147766113,False
data/Training/notumor/Tr-no_19.jpg,notumor,data/Training/notumor/Tr-no_334.jpg,notumor,perceptual_phash_ncc,0,0.9930393099784851,0.9390194416046143,False
data/Training/notumor/Tr-no_19.jpg,notumor,data/Training/notumor/Tr-no_986.jpg,notumor,perceptual_phash_ncc,0,0.9990990161895752,0.9888542890548706,False
data/Training/notumor/Tr-no_19.jpg,notumor,data/Testing/notumor/Te-no_396.jpg,notumor,perceptual_phash_ncc,0,0.9900346398353577,0.9207695126533508,False
data/Training/notumor/Tr-no_19.jpg,notumor,data/Training/notumor/Tr-no_447.jpg,notumor,perceptual_phash_ncc,2,0.9998480677604675,0.9977107048034668,False
data/Training/notumor/Tr-no_19.jpg,notumor,data/Training/notumor/Tr-no_499.jpg,notumor,perceptual_phash_ncc,2,0.992859423160553,0.937791645526886,False
data/Training/notumor/Tr-no_19.jpg,notumor,data/Training/notumor/Tr-no_651.jpg,notumor,perceptual_phash_ncc,2,0.9984187483787537,0.9811167120933533,False
data/Training/notumor/Tr-no_19.jpg,notumor,data/Training/notumor/Tr-no_716.jpg,notumor,perceptual_phash_ncc,2,0.9990962743759155,0.9884911179542542,False
data/Training/notumor/Tr-no_19.jpg,notumor,data/Training/notumor/Tr-no_720.jpg,notumor,perceptual_phash_ncc,2,0.9998480677604675,0.9977107048034668,False
data/Training/notumor/Tr-no_19.jpg,notumor,data/Training/notumor/Tr-no_734.jpg,notumor,perceptual_phash_ncc,2,0.992859423160553,0.937791645526886,False
data/Training/notumor/Tr-no_19.jpg,notumor,data/Training/notumor/Tr-no_839.jpg,notumor,perceptual_phash_ncc,2,0.9998480677604675,0.9977107048034668,False
data/Training/notumor/Tr-no_19.jpg,notumor,data/Testing/notumor/Te-no_24.jpg,notumor,perceptual_phash_ncc,4,0.985632598400116,0.8932507038116455,False
data/Training/notumor/Tr-no_191.jpg,notumor,data/Training/notumor/Tr-no_290.jpg,notumor,perceptual_phash_ncc,4,0.9836092591285706,0.8986270427703857,False
data/Training/notumor/Tr-no_191.jpg,notumor,data/Testing/notumor/Te-no_50.jpg,notumor,perceptual_phash_ncc,4,0.9829995632171631,0.893498420715332,False
data/Training/notumor/Tr-no_194.jpg,notumor,data/Training/notumor/Tr-no_219.jpg,notumor,exact_decoded_rgb,0,1.0,1.0,False
data/Training/notumor/Tr-no_194.jpg,notumor,data/Training/notumor/Tr-no_385.jpg,notumor,perceptual_phash_ncc,2,0.9997743368148804,0.9950406551361084,False
data/Training/notumor/Tr-no_194.jpg,notumor,data/Training/notumor/Tr-no_652.jpg,notumor,perceptual_phash_ncc,2,0.9984443783760071,0.9695309400558472,False
data/Training/notumor/Tr-no_194.jpg,notumor,data/Testing/notumor/Te-no_8.jpg,notumor,perceptual_phash_ncc,2,0.9995664954185486,0.9901385307312012,False
data/Training/notumor/Tr-no_194.jpg,notumor,data/Training/notumor/Tr-no_904.jpg,notumor,perceptual_phash_ncc,4,0.9969320893287659,0.9405897855758667,False
data/Training/notumor/Tr-no_199.jpg,notumor,data/Training/notumor/Tr-no_330.jpg,notumor,perceptual_phash_ncc,4,0.9978743195533752,0.9829899072647095,False
data/Training/notumor/Tr-no_199.jpg,notumor,data/Training/notumor/Tr-no_538.jpg,notumor,perceptual_phash_ncc,4,0.9979491829872131,0.9834756851196289,False
data/Training/notumor/Tr-no_2.jpg,notumor,data/Testing/notumor/Te-no_358.jpg,notumor,perceptual_phash_ncc,4,0.993035078048706,0.9403796195983887,False
data/Training/notumor/Tr-no_200.jpg,notumor,data/Training/notumor/Tr-no_473.jpg,notumor,perceptual_phash_ncc,2,0.9984060525894165,0.9764434099197388,False
data/Training/notumor/Tr-no_200.jpg,notumor,data/Training/notumor/Tr-no_778.jpg,notumor,perceptual_phash_ncc,2,0.9984060525894165,0.9764434099197388,False
data/Training/notumor/Tr-no_200.jpg,notumor,data/Training/notumor/Tr-no_437.jpg,notumor,perceptual_phash_ncc,4,0.9984934329986572,0.9773580431938171,False
data/Training/notumor/Tr-no_201.jpg,notumor,data/Training/notumor/Tr-no_32.jpg,notumor,perceptual_phash_ncc,2,0.9964085221290588,0.9396370649337769,False
data/Training/notumor/Tr-no_202.jpg,notumor,data/Training/notumor/Tr-no_388.jpg,notumor,perceptual_phash_ncc,0,0.9990935325622559,0.9875555038452148,False
data/Training/notumor/Tr-no_202.jpg,notumor,data/Training/notumor/Tr-no_636.jpg,notumor,perceptual_phash_ncc,0,0.9990935325622559,0.9875555038452148,False
data/Training/notumor/Tr-no_202.jpg,notumor,data/Training/notumor/Tr-no_837.jpg,notumor,perceptual_phash_ncc,0,0.9983306527137756,0.9776028394699097,False
data/Training/notumor/Tr-no_202.jpg,notumor,data/Testing/notumor/Te-no_214.jpg,notumor,perceptual_phash_ncc,0,0.9982497692108154,0.9756072759628296,False
data/Training/notumor/Tr-no_203.jpg,notumor,data/Training/notumor/Tr-no_339.jpg,notumor,perceptual_phash_ncc,4,0.9933413863182068,0.9518882036209106,False
data/Training/notumor/Tr-no_205.jpg,notumor,data/Training/notumor/Tr-no_663.jpg,notumor,perceptual_phash_ncc,2,0.9963837265968323,0.9435821175575256,False
data/Training/notumor/Tr-no_205.jpg,notumor,data/Testing/notumor/Te-no_333.jpg,notumor,perceptual_phash_ncc,4,0.9976298213005066,0.9601215720176697,False
data/Training/notumor/Tr-no_206.jpg,notumor,data/Training/notumor/Tr-no_787.jpg,notumor,perceptual_phash_ncc,2,0.9955817461013794,0.9445667266845703,False
data/Training/notumor/Tr-no_207.jpg,notumor,data/Testing/notumor/Te-no_116.jpg,notumor,perceptual_phash_ncc,0,0.9961979389190674,0.9715020060539246,False
data/Training/notumor/Tr-no_21.jpg,notumor,data/Training/notumor/Tr-no_82.jpg,notumor,perceptual_phash_ncc,2,0.997542142868042,0.981501042842865,False
data/Training/notumor/Tr-no_21.jpg,notumor,data/Training/notumor/Tr-no_224.jpg,notumor,perceptual_phash_ncc,4,0.9974902272224426,0.9811137318611145,False
data/Training/notumor/Tr-no_21.jpg,notumor,data/Training/notumor/Tr-no_232.jpg,notumor,perceptual_phash_ncc,4,0.9974902272224426,0.9811137318611145,False
data/Training/notumor/Tr-no_21.jpg,notumor,data/Training/notumor/Tr-no_29.jpg,notumor,perceptual_phash_ncc,4,0.9974902272224426,0.9811137318611145,False
data/Training/notumor/Tr-no_213.jpg,notumor,data/Testing/notumor/Te-no_397.jpg,notumor,perceptual_phash_ncc,2,0.996745228767395,0.9343069195747375,False
data/Training/notumor/Tr-no_213.jpg,notumor,data/Testing/notumor/Te-no_171.jpg,notumor,perceptual_phash_ncc,4,0.9958100318908691,0.919099748134613,False
data/Training/notumor/Tr-no_213.jpg,notumor,data/Testing/notumor/Te-no_262.jpg,notumor,perceptual_phash_ncc,4,0.9961652159690857,0.921556830406189,False
data/Training/notumor/Tr-no_217.jpg,notumor,data/Testing/notumor/Te-no_322.jpg,notumor,perceptual_phash_ncc,0,0.9987557530403137,0.9832673072814941,False
data/Training/notumor/Tr-no_217.jpg,notumor,data/Training/notumor/Tr-no_559.jpg,notumor,perceptual_phash_ncc,4,0.991504430770874,0.9580672383308411,False
data/Training/notumor/Tr-no_217.jpg,notumor,data/Training/notumor/Tr-no_620.jpg,notumor,perceptual_phash_ncc,4,0.9897294044494629,0.9374876022338867,False
data/Training/notumor/Tr-no_217.jpg,notumor,data/Training/notumor/Tr-no_781.jpg,notumor,perceptual_phash_ncc,4,0.9911155104637146,0.939164936542511,False
data/Training/notumor/Tr-no_217.jpg,notumor,data/Training/notumor/Tr-no_955.jpg,notumor,perceptual_phash_ncc,4,0.9920234084129333,0.9631006717681885,False
data/Training/notumor/Tr-no_219.jpg,notumor,data/Training/notumor/Tr-no_385.jpg,notumor,perceptual_phash_ncc,2,0.9997743368148804,0.9950406551361084,False
data/Training/notumor/Tr-no_219.jpg,notumor,data/Training/notumor/Tr-no_652.jpg,notumor,perceptual_phash_ncc,2,0.9984443783760071,0.9695309400558472,False
data/Training/notumor/Tr-no_219.jpg,notumor,data/Testing/notumor/Te-no_8.jpg,notumor,perceptual_phash_ncc,2,0.9995664954185486,0.9901385307312012,False
data/Training/notumor/Tr-no_219.jpg,notumor,data/Training/notumor/Tr-no_904.jpg,notumor,perceptual_phash_ncc,4,0.9969320893287659,0.9405897855758667,False
data/Training/notumor/Tr-no_22.jpg,notumor,data/Training/notumor/Tr-no_263.jpg,notumor,perceptual_phash_ncc,2,0.9997715950012207,0.991622269153595,False
data/Training/notumor/Tr-no_22.jpg,notumor,data/Training/notumor/Tr-no_417.jpg,notumor,perceptual_phash_ncc,4,0.99904465675354,0.9546542167663574,False
data/Training/notumor/Tr-no_22.jpg,notumor,data/Training/notumor/Tr-no_632.jpg,notumor,perceptual_phash_ncc,4,0.9891989231109619,0.913029670715332,False
data/Training/notumor/Tr-no_220.jpg,notumor,data/Training/notumor/Tr-no_666.jpg,notumor,perceptual_phash_ncc,2,0.9998738765716553,0.9989175796508789,False
data/Training/notumor/Tr-no_220.jpg,notumor,data/Training/notumor/Tr-no_890.jpg,notumor,perceptual_phash_ncc,2,0.9979851841926575,0.9827050566673279,False
data/Training/notumor/Tr-no_220.jpg,notumor,data/Testing/notumor/Te-no_314.jpg,notumor,perceptual_phash_ncc,2,0.9949902296066284,0.958949089050293,False
data/Training/notumor/Tr-no_221.jpg,notumor,data/Training/notumor/Tr-no_800.jpg,notumor,perceptual_phash_ncc,2,0.9980154633522034,0.984409511089325,False
data/Training/notumor/Tr-no_223.jpg,notumor,data/Training/notumor/Tr-no_585.jpg,notumor,perceptual_phash_ncc,0,0.9923385381698608,0.9480347633361816,False
data/Training/notumor/Tr-no_223.jpg,notumor,data/Testing/notumor/Te-no_127.jpg,notumor,perceptual_phash_ncc,2,0.9842298030853271,0.8728047013282776,False
data/Training/notumor/Tr-no_223.jpg,notumor,data/Testing/notumor/Te-no_357.jpg,notumor,perceptual_phash_ncc,4,0.9839420318603516,0.8718641996383667,False
data/Training/notumor/Tr-no_224.jpg,notumor,data/Training/notumor/Tr-no_232.jpg,notumor,exact_decoded_rgb,0,1.0,1.0,False
data/Training/notumor/Tr-no_224.jpg,notumor,data/Training/notumor/Tr-no_29.jpg,notumor,exact_decoded_rgb,0,1.0,1.0,False
data/Training/notumor/Tr-no_224.jpg,notumor,data/Training/notumor/Tr-no_371.jpg,notumor,perceptual_phash_ncc,2,0.9948477149009705,0.9551683664321899,False
data/Training/notumor/Tr-no_224.jpg,notumor,data/Training/notumor/Tr-no_5.jpg,notumor,perceptual_phash_ncc,2,0.9948477149009705,0.9551683664321899,False
data/Training/notumor/Tr-no_224.jpg,notumor,data/Training/notumor/Tr-no_693.jpg,notumor,perceptual_phash_ncc,2,0.9948477149009705,0.9551683664321899,False
data/Training/notumor/Tr-no_224.jpg,notumor,data/Training/notumor/Tr-no_82.jpg,notumor,perceptual_phash_ncc,2,0.9998446702957153,0.998625636100769,False
data/Training/notumor/Tr-no_224.jpg,notumor,data/Training/notumor/Tr-no_249.jpg,notumor,perceptual_phash_ncc,4,0.994137704372406,0.9571042060852051,False
data/Training/notumor/Tr-no_226.jpg,notumor,data/Training/notumor/Tr-no_414.jpg,notumor,perceptual_phash_ncc,0,0.9997357130050659,0.9920361042022705,False
data/Training/notumor/Tr-no_227.jpg,notumor,data/Testing/notumor/Te-no_233.jpg,notumor,perceptual_phash_ncc,4,0.9929234981536865,0.9397535920143127,False
data/Training/notumor/Tr-no_23.jpg,notumor,data/Testing/notumor/Te-no_4.jpg,notumor,perceptual_phash_ncc,2,0.9989808797836304,0.9881119728088379,False
data/Training/notumor/Tr-no_23.jpg,notumor,data/Training/notumor/Tr-no_586.jpg,notumor,perceptual_phash_ncc,4,0.9875770211219788,0.9093881249427795,False
data/Training/notumor/Tr-no_230.jpg,notumor,data/Training/notumor/Tr-no_738.jpg,notumor,exact_decoded_rgb,0,1.0,1.0,False
data/Training/notumor/Tr-no_232.jpg,notumor,data/Training/notumor/Tr-no_29.jpg,notumor,exact_decoded_rgb,0,1.0,1.0,False
data/Training/notumor/Tr-no_232.jpg,notumor,data/Training/notumor/Tr-no_371.jpg,notumor,perceptual_phash_ncc,2,0.9948477149009705,0.9551683664321899,False
data/Training/notumor/Tr-no_232.jpg,notumor,data/Training/notumor/Tr-no_5.jpg,notumor,perceptual_phash_ncc,2,0.9948477149009705,0.9551683664321899,False
data/Training/notumor/Tr-no_232.jpg,notumor,data/Training/notumor/Tr-no_693.jpg,notumor,perceptual_phash_ncc,2,0.9948477149009705,0.9551683664321899,False
data/Training/notumor/Tr-no_232.jpg,notumor,data/Training/notumor/Tr-no_82.jpg,notumor,perceptual_phash_ncc,2,0.9998446702957153,0.998625636100769,False
data/Training/notumor/Tr-no_232.jpg,notumor,data/Training/notumor/Tr-no_249.jpg,notumor,perceptual_phash_ncc,4,0.994137704372406,0.9571042060852051,False
data/Training/notumor/Tr-no_234.jpg,notumor,data/Training/notumor/Tr-no_643.jpg,notumor,perceptual_phash_ncc,0,0.9990648627281189,0.9829993844032288,False
data/Training/notumor/Tr-no_236.jpg,notumor,data/Testing/notumor/Te-no_206.jpg,notumor,perceptual_phash_ncc,0,0.9995288252830505,0.9894669055938721,False
data/Training/notumor/Tr-no_239.jpg,notumor,data/Training/notumor/Tr-no_404.jpg,notumor,perceptual_phash_ncc,4,0.9889897108078003,0.9180880188941956,False
data/Training/notumor/Tr-no_24.jpg,notumor,data/Training/notumor/Tr-no_469.jpg,notumor,perceptual_phash_ncc,0,0.99858158826828,0.9751952886581421,False
data/Training/notumor/Tr-no_24.jpg,notumor,data/Training/notumor/Tr-no_772.jpg,notumor,perceptual_phash_ncc,0,0.998878538608551,0.9797197580337524,False
data/Training/notumor/Tr-no_24.jpg,notumor,data/Testing/notumor/Te-no_85.jpg,notumor,perceptual_phash_ncc,0,0.9991068840026855,0.9842429161071777,False
data/Training/notumor/Tr-no_24.jpg,notumor,data/Training/notumor/Tr-no_470.jpg,notumor,perceptual_phash_ncc,2,0.9883099794387817,0.8613266944885254,False
data/Training/notumor/Tr-no_24.jpg,notumor,data/Testing/notumor/Te-no_198.jpg,notumor,perceptual_phash_ncc,2,0.9869468808174133,0.8558204770088196,False
data/Training/notumor/Tr-no_24.jpg,notumor,data/Testing/notumor/Te-no_25.jpg,notumor,perceptual_phash_ncc,2,0.9896115064620972,0.8723734021186829,False
data/Training/notumor/Tr-no_24.jpg,notumor,data/Testing/notumor/Te-no_90.jpg,notumor,perceptual_phash_ncc,2,0.9881892800331116,0.8647996783256531,False
data/Training/notumor/Tr-no_241.jpg,notumor,data/Testing/notumor/Te-no_189.jpg,notumor,perceptual_phash_ncc,0,0.9954658150672913,0.9484664797782898,False
data/Training/notumor/Tr-no_241.jpg,notumor,data/Testing/notumor/Te-no_260.jpg,notumor,perceptual_phash_ncc,2,0.9934074282646179,0.929580807685852,False
data/Training/notumor/Tr-no_241.jpg,notumor,data/Training/notumor/Tr-no_267.jpg,notumor,perceptual_phash_ncc,4,0.9941632151603699,0.9332597255706787,False
data/Training/notumor/Tr-no_241.jpg,notumor,data/Training/notumor/Tr-no_611.jpg,notumor,perceptual_phash_ncc,4,0.9905648827552795,0.8814090490341187,False
data/Training/notumor/Tr-no_241.jpg,notumor,data/Testing/notumor/Te-no_271.jpg,notumor,perceptual_phash_ncc,4,0.9905304908752441,0.8808732628822327,False
data/Training/notumor/Tr-no_243.jpg,notumor,data/Training/notumor/Tr-no_44.jpg,notumor,perceptual_phash_ncc,4,0.9972248673439026,0.9642947912216187,False
data/Training/notumor/Tr-no_243.jpg,notumor,data/Training/notumor/Tr-no_718.jpg,notumor,perceptual_phash_ncc,4,0.9974253177642822,0.9671233892440796,False
data/Training/notumor/Tr-no_243.jpg,notumor,data/Training/notumor/Tr-no_847.jpg,notumor,perceptual_phash_ncc,4,0.9965397119522095,0.9565999507904053,False
data/Training/notumor/Tr-no_245.jpg,notumor,data/Training/notumor/Tr-no_465.jpg,notumor,perceptual_phash_ncc,0,0.9999086260795593,0.9988614320755005,False
data/Training/notumor/Tr-no_245.jpg,notumor,data/Training/notumor/Tr-no_861.jpg,notumor,perceptual_phash_ncc,0,0.9995347261428833,0.9948849081993103,False
data/Training/notumor/Tr-no_246.jpg,notumor,data/Testing/notumor/Te-no_41.jpg,notumor,perceptual_phash_ncc,4,0.9980825185775757,0.9599915146827698,False
data/Training/notumor/Tr-no_247.jpg,notumor,data/Testing/notumor/Te-no_150.jpg,notumor,exact_decoded_rgb,0,1.0,1.0,False
data/Training/notumor/Tr-no_249.jpg,notumor,data/Training/notumor/Tr-no_29.jpg,notumor,perceptual_phash_ncc,4,0.994137704372406,0.9571042060852051,False
data/Training/notumor/Tr-no_249.jpg,notumor,data/Training/notumor/Tr-no_371.jpg,notumor,perceptual_phash_ncc,4,0.9899572730064392,0.9249656200408936,False
data/Training/notumor/Tr-no_249.jpg,notumor,data/Training/notumor/Tr-no_5.jpg,notumor,perceptual_phash_ncc,4,0.9899572730064392,0.9249656200408936,False
data/Training/notumor/Tr-no_249.jpg,notumor,data/Training/notumor/Tr-no_693.jpg,notumor,perceptual_phash_ncc,4,0.9899572730064392,0.9249656200408936,False
data/Training/notumor/Tr-no_249.jpg,notumor,data/Training/notumor/Tr-no_82.jpg,notumor,perceptual_phash_ncc,4,0.9941863417625427,0.9574585556983948,False
data/Training/notumor/Tr-no_250.jpg,notumor,data/Training/notumor/Tr-no_472.jpg,notumor,exact_decoded_rgb,0,1.0,1.0,False
data/Training/notumor/Tr-no_253.jpg,notumor,data/Testing/notumor/Te-no_276.jpg,notumor,perceptual_phash_ncc,2,0.9994290471076965,0.9890479445457458,False
data/Training/notumor/Tr-no_254.jpg,notumor,data/Testing/notumor/Te-no_158.jpg,notumor,perceptual_phash_ncc,0,0.9970688819885254,0.9610886573791504,False
data/Training/notumor/Tr-no_254.jpg,notumor,data/Testing/notumor/Te-no_397.jpg,notumor,perceptual_phash_ncc,0,0.9966158270835876,0.7662060856819153,False
data/Training/notumor/Tr-no_255.jpg,notumor,data/Training/notumor/Tr-no_464.jpg,notumor,perceptual_phash_ncc,0,0.9998847246170044,0.998785138130188,False
data/Training/notumor/Tr-no_255.jpg,notumor,data/Training/notumor/Tr-no_681.jpg,notumor,perceptual_phash_ncc,2,0.9950207471847534,0.9577465057373047,False
data/Training/notumor/Tr-no_259.jpg,notumor,data/Training/notumor/Tr-no_517.jpg,notumor,perceptual_phash_ncc,0,0.9945769906044006,0.9113795757293701,False
data/Training/notumor/Tr-no_259.jpg,notumor,data/Testing/notumor/Te-no_183.jpg,notumor,perceptual_phash_ncc,2,0.9931150078773499,0.8886274099349976,False
data/Training/notumor/Tr-no_260.jpg,notumor,data/Training/notumor/Tr-no_588.jpg,notumor,perceptual_phash_ncc,4,0.9982585310935974,0.9701058268547058,False
data/Training/notumor/Tr-no_260.jpg,notumor,data/Training/notumor/Tr-no_989.jpg,notumor,perceptual_phash_ncc,4,0.9982585310935974,0.9701058268547058,False
data/Training/notumor/Tr-no_262.jpg,notumor,data/Training/notumor/Tr-no_789.jpg,notumor,perceptual_phash_ncc,0,0.9944060444831848,0.9614161252975464,False
data/Training/notumor/Tr-no_263.jpg,notumor,data/Training/notumor/Tr-no_417.jpg,notumor,perceptual_phash_ncc,4,0.9988105297088623,0.9482036232948303,False
data/Training/notumor/Tr-no_266.jpg,notumor,data/Training/notumor/Tr-no_512.jpg,notumor,perceptual_phash_ncc,2,0.9997488260269165,0.9839169383049011,False
data/Training/notumor/Tr-no_267.jpg,notumor,data/Training/notumor/Tr-no_611.jpg,notumor,perceptual_phash_ncc,2,0.9940329790115356,0.9132773280143738,False
data/Training/notumor/Tr-no_267.jpg,notumor,data/Testing/notumor/Te-no_260.jpg,notumor,perceptual_phash_ncc,2,0.9968315958976746,0.9606465101242065,False
data/Training/notumor/Tr-no_267.jpg,notumor,data/Testing/notumor/Te-no_271.jpg,notumor,perceptual_phash_ncc,2,0.9939854145050049,0.9124720096588135,False
data/Training/notumor/Tr-no_267.jpg,notumor,data/Testing/notumor/Te-no_189.jpg,notumor,perceptual_phash_ncc,4,0.9956339597702026,0.9507811665534973,False
data/Training/notumor/Tr-no_27.jpg,notumor,data/Training/notumor/Tr-no_898.jpg,notumor,perceptual_phash_ncc,0,0.9975194334983826,0.9596463441848755,False
data/Training/notumor/Tr-no_27.jpg,notumor,data/Testing/notumor/Te-no_97.jpg,notumor,perceptual_phash_ncc,0,0.9979533553123474,0.9648345112800598,False
data/Training/notumor/Tr-no_270.jpg,notumor,data/Testing/notumor/Te-no_125.jpg,notumor,perceptual_phash_ncc,2,0.9994858503341675,0.9778721928596497,False
data/Training/notumor/Tr-no_271.jpg,notumor,data/Testing/notumor/Te-no_261.jpg,notumor,perceptual_phash_ncc,2,0.9973770380020142,0.9672737121582031,False
data/Training/notumor/Tr-no_272.jpg,notumor,data/Testing/notumor/Te-no_88.jpg,notumor,perceptual_phash_ncc,2,0.9995609521865845,0.9799087047576904,False
data/Training/notumor/Tr-no_272.jpg,notumor,data/Testing/notumor/Te-no_180.jpg,notumor,perceptual_phash_ncc,4,0.9994792938232422,0.9772001504898071,False
data/Training/notumor/Tr-no_276.jpg,notumor,data/Training/notumor/Tr-no_947.jpg,notumor,perceptual_phash_ncc,2,0.998078465461731,0.9503974318504333,False
data/Training/notumor/Tr-no_277.jpg,notumor,data/Training/notumor/Tr-no_633.jpg,notumor,perceptual_phash_ncc,2,0.9992004036903381,0.9669505953788757,False
data/Training/notumor/Tr-no_278.jpg,notumor,data/Training/notumor/Tr-no_435.jpg,notumor,perceptual_phash_ncc,0,0.999363362789154,0.9842174053192139,False
data/Training/notumor/Tr-no_278.jpg,notumor,data/Training/notumor/Tr-no_655.jpg,notumor,perceptual_phash_ncc,0,0.9997842311859131,0.7789586186408997,False
data/Training/notumor/Tr-no_278.jpg,notumor,data/Training/notumor/Tr-no_755.jpg,notumor,perceptual_phash_ncc,0,0.999363362789154,0.9842174053192139,False
data/Training/notumor/Tr-no_280.jpg,notumor,data/Training/notumor/Tr-no_448.jpg,notumor,exact_decoded_rgb,0,1.0,1.0,False
data/Training/notumor/Tr-no_280.jpg,notumor,data/Training/notumor/Tr-no_281.jpg,notumor,perceptual_phash_ncc,4,0.9947911500930786,0.9655593037605286,False
data/Training/notumor/Tr-no_280.jpg,notumor,data/Training/notumor/Tr-no_774.jpg,notumor,perceptual_phash_ncc,4,0.9949843287467957,0.9681233167648315,False
data/Training/notumor/Tr-no_281.jpg,notumor,data/Training/notumor/Tr-no_774.jpg,notumor,perceptual_phash_ncc,2,0.9998833537101746,0.998749315738678,False
data/Training/notumor/Tr-no_281.jpg,notumor,data/Training/notumor/Tr-no_42.jpg,notumor,perceptual_phash_ncc,4,0.9982990622520447,0.9836660623550415,False
data/Training/notumor/Tr-no_281.jpg,notumor,data/Training/notumor/Tr-no_448.jpg,notumor,perceptual_phash_ncc,4,0.9947911500930786,0.9655593037605286,False
data/Training/notumor/Tr-no_281.jpg,notumor,data/Training/notumor/Tr-no_962.jpg,notumor,perceptual_phash_ncc,4,0.9960501790046692,0.9614732265472412,False
data/Training/notumor/Tr-no_282.jpg,notumor,data/Training/notumor/Tr-no_790.jpg,notumor,perceptual_phash_ncc,0,0.9998788833618164,0.9957226514816284,False
data/Training/notumor/Tr-no_285.jpg,notumor,data/Training/notumor/Tr-no_590.jpg,notumor,perceptual_phash_ncc,0,0.9955917596817017,0.9195742607116699,False
data/Training/notumor/Tr-no_286.jpg,notumor,data/Training/notumor/Tr-no_752.jpg,notumor,perceptual_phash_ncc,2,0.9996420741081238,0.9925748705863953,False
data/Training/notumor/Tr-no_287.jpg,notumor,data/Testing/notumor/Te-no_223.jpg,notumor,perceptual_phash_ncc,4,0.9923700094223022,0.9094574451446533,False
data/Training/notumor/Tr-no_287.jpg,notumor,data/Testing/notumor/Te-no_59.jpg,notumor,perceptual_phash_ncc,4,0.9923895001411438,0.909967839717865,False
data/Training/notumor/Tr-no_288.jpg,notumor,data/Training/notumor/Tr-no_321.jpg,notumor,perceptual_phash_ncc,0,0.999925434589386,0.9985013604164124,False
data/Training/notumor/Tr-no_288.jpg,notumor,data/Training/notumor/Tr-no_536.jpg,notumor,perceptual_phash_ncc,0,0.99992436170578,0.9981773495674133,False
data/Training/notumor/Tr-no_288.jpg,notumor,data/Training/notumor/Tr-no_612.jpg,notumor,perceptual_phash_ncc,0,0.9998337626457214,0.9965306520462036,False
data/Training/notumor/Tr-no_288.jpg,notumor,data/Training/notumor/Tr-no_400.jpg,notumor,perceptual_phash_ncc,2,0.9999867081642151,0.9997527599334717,False
data/Training/notumor/Tr-no_288.jpg,notumor,data/Training/notumor/Tr-no_56.jpg,notumor,perceptual_phash_ncc,4,0.9965350031852722,0.9681676626205444,False
data/Training/notumor/Tr-no_288.jpg,notumor,data/Training/notumor/Tr-no_657.jpg,notumor,perceptual_phash_ncc,4,0.993253767490387,0.9403147101402283,False
data/Training/notumor/Tr-no_288.jpg,notumor,data/Training/notumor/Tr-no_73.jpg,notumor,perceptual_phash_ncc,4,0.9965350031852722,0.9681676626205444,False
data/Training/notumor/Tr-no_29.jpg,notumor,data/Training/notumor/Tr-no_371.jpg,notumor,perceptual_phash_ncc,2,0.9948477149009705,0.9551683664321899,False
data/Training/notumor/Tr-no_29.jpg,notumor,data/Training/notumor/Tr-no_5.jpg,notumor,perceptual_phash_ncc,2,0.9948477149009705,0.9551683664321899,False
data/Training/notumor/Tr-no_29.jpg,notumor,data/Training/notumor/Tr-no_693.jpg,notumor,perceptual_phash_ncc,2,0.9948477149009705,0.9551683664321899,False
data/Training/notumor/Tr-no_29.jpg,notumor,data/Training/notumor/Tr-no_82.jpg,notumor,perceptual_phash_ncc,2,0.9998446702957153,0.998625636100769,False
data/Training/notumor/Tr-no_290.jpg,notumor,data/Testing/notumor/Te-no_50.jpg,notumor,perceptual_phash_ncc,0,0.9997493028640747,0.9940667152404785,False
data/Training/notumor/Tr-no_290.jpg,notumor,data/Testing/notumor/Te-no_204.jpg,notumor,perceptual_phash_ncc,2,0.9998946785926819,0.9972150325775146,False
data/Training/notumor/Tr-no_291.jpg,notumor,data/Testing/notumor/Te-no_81.jpg,notumor,perceptual_phash_ncc,2,0.9990400075912476,0.9603632688522339,False
data/Training/notumor/Tr-no_292.jpg,notumor,data/Training/notumor/Tr-no_846.jpg,notumor,exact_decoded_rgb,0,1.0,1.0,False
data/Training/notumor/Tr-no_293.jpg,notumor,data/Training/notumor/Tr-no_60.jpg,notumor,exact_decoded_rgb,0,1.0,1.0,False
data/Training/notumor/Tr-no_293.jpg,notumor,data/Training/notumor/Tr-no_885.jpg,notumor,perceptual_phash_ncc,0,0.997992753982544,0.9747862815856934,False
data/Training/notumor/Tr-no_293.jpg,notumor,data/Testing/notumor/Te-no_304.jpg,notumor,perceptual_phash_ncc,2,0.9978897571563721,0.9731541872024536,False
data/Training/notumor/Tr-no_293.jpg,notumor,data/Testing/notumor/Te-no_115.jpg,notumor,perceptual_phash_ncc,4,0.9952712059020996,0.942835807800293,False
data/Training/notumor/Tr-no_294.jpg,notumor,data/Testing/notumor/Te-no_259.jpg,notumor,perceptual_phash_ncc,2,0.9980549812316895,0.9836946129798889,False
data/Training/notumor/Tr-no_296.jpg,notumor,data/Training/notumor/Tr-no_453.jpg,notumor,perceptual_phash_ncc,0,0.9991896152496338,0.98576819896698,False
data/Training/notumor/Tr-no_296.jpg,notumor,data/Training/notumor/Tr-no_588.jpg,notumor,perceptual_phash_ncc,2,0.9999468326568604,0.9990571141242981,False
data/Training/notumor/Tr-no_296.jpg,notumor,data/Training/notumor/Tr-no_989.jpg,notumor,perceptual_phash_ncc,2,0.9999468326568604,0.9990571141242981,False
data/Training/notumor/Tr-no_3.jpg,notumor,data/Training/notumor/Tr-no_747.jpg,notumor,exact_decoded_rgb,0,1.0,1.0,False
data/Training/notumor/Tr-no_301.jpg,notumor,data/Training/notumor/Tr-no_681.jpg,notumor,perceptual_phash_ncc,4,0.9954747557640076,0.9619892835617065,False
data/Training/notumor/Tr-no_304.jpg,notumor,data/Training/notumor/Tr-no_916.jpg,notumor,exact_decoded_rgb,0,1.0,1.0,False
data/Training/notumor/Tr-no_306.jpg,notumor,data/Testing/notumor/Te-no_345.jpg,notumor,perceptual_phash_ncc,0,0.9972028732299805,0.957607626914978,False
data/Training/notumor/Tr-no_306.jpg,notumor,data/Training/notumor/Tr-no_761.jpg,notumor,perceptual_phash_ncc,2,0.9948998093605042,0.923670768737793,False
data/Training/notumor/Tr-no_306.jpg,notumor,data/Testing/notumor/Te-no_236.jpg,notumor,perceptual_phash_ncc,2,0.9959956407546997,0.9353916645050049,False
data/Training/notumor/Tr-no_308.jpg,notumor,data/Training/notumor/Tr-no_494.jpg,notumor,exact_decoded_rgb,0,1.0,1.0,False
data/Training/notumor/Tr-no_309.jpg,notumor,data/Testing/notumor/Te-no_15.jpg,notumor,perceptual_phash_ncc,2,0.9984003305435181,0.9851119518280029,False
data/Training/notumor/Tr-no_309.jpg,notumor,data/Testing/notumor/Te-no_305.jpg,notumor,perceptual_phash_ncc,2,0.9949756860733032,0.9604277610778809,False
data/Training/notumor/Tr-no_31.jpg,notumor,data/Training/notumor/Tr-no_919.jpg,notumor,perceptual_phash_ncc,0,0.9999219179153442,0.9958492517471313,False
data/Training/notumor/Tr-no_310.jpg,notumor,data/Training/notumor/Tr-no_829.jpg,notumor,perceptual_phash_ncc,2,0.995446503162384,0.9314731359481812,False
data/Training/notumor/Tr-no_311.jpg,notumor,data/Training/notumor/Tr-no_742.jpg,notumor,perceptual_phash_ncc,0,0.9953911304473877,0.9238536357879639,False
data/Training/notumor/Tr-no_311.jpg,notumor,data/Testing/notumor/Te-no_37.jpg,notumor,perceptual_phash_ncc,2,0.9946549534797668,0.9094351530075073,False
data/Training/notumor/Tr-no_311.jpg,notumor,data/Testing/notumor/Te-no_73.jpg,notumor,perceptual_phash_ncc,2,0.9941238164901733,0.9013686776161194,False
data/Training/notumor/Tr-no_312.jpg,notumor,data/Training/notumor/Tr-no_467.jpg,notumor,perceptual_phash_ncc,2,0.9985533952713013,0.9783761501312256,False
data/Training/notumor/Tr-no_313.jpg,notumor,data/Training/notumor/Tr-no_615.jpg,notumor,perceptual_phash_ncc,4,0.9950445294380188,0.9261912107467651,False
data/Training/notumor/Tr-no_314.jpg,notumor,data/Testing/notumor/Te-no_166.jpg,notumor,perceptual_phash_ncc,0,0.9998459815979004,0.9967685341835022,False
data/Training/notumor/Tr-no_314.jpg,notumor,data/Training/notumor/Tr-no_626.jpg,notumor,perceptual_phash_ncc,4,0.9939095377922058,0.9433988332748413,False
data/Training/notumor/Tr-no_314.jpg,notumor,data/Training/notumor/Tr-no_665.jpg,notumor,perceptual_phash_ncc,4,0.9942446351051331,0.9477164149284363,False
data/Training/notumor/Tr-no_314.jpg,notumor,data/Testing/notumor/Te-no_74.jpg,notumor,perceptual_phash_ncc,4,0.9956398010253906,0.9585593938827515,False
data/Training/notumor/Tr-no_315.jpg,notumor,data/Training/notumor/Tr-no_8.jpg,notumor,exact_decoded_rgb,0,1.0,1.0,False
data/Training/notumor/Tr-no_315.jpg,notumor,data/Training/notumor/Tr-no_935.jpg,notumor,exact_decoded_rgb,0,1.0,1.0,False
data/Training/notumor/Tr-no_317.jpg,notumor,data/Training/notumor/Tr-no_69.jpg,notumor,perceptual_phash_ncc,2,0.9979254007339478,0.9594926238059998,False
data/Training/notumor/Tr-no_317.jpg,notumor,data/Training/notumor/Tr-no_882.jpg,notumor,perceptual_phash_ncc,2,0.9981458187103271,0.9664244055747986,False
data/Training/notumor/Tr-no_318.jpg,notumor,data/Testing/notumor/Te-no_172.jpg,notumor,perceptual_phash_ncc,2,0.9992690682411194,0.978593111038208,False
data/Training/notumor/Tr-no_319.jpg,notumor,data/Training/notumor/Tr-no_950.jpg,notumor,perceptual_phash_ncc,4,0.9962505102157593,0.9544177651405334,False
data/Training/notumor/Tr-no_319.jpg,notumor,data/Testing/notumor/Te-no_238.jpg,notumor,perceptual_phash_ncc,4,0.9948508143424988,0.9389500617980957,False
data/Training/notumor/Tr-no_320.jpg,notumor,data/Testing/notumor/Te-no_128.jpg,notumor,perceptual_phash_ncc,2,0.9993196725845337,0.987636923789978,False
data/Training/notumor/Tr-no_320.jpg,notumor,data/Testing/notumor/Te-no_256.jpg,notumor,perceptual_phash_ncc,2,0.9994379878044128,0.9892502427101135,False
data/Training/notumor/Tr-no_321.jpg,notumor,data/Training/notumor/Tr-no_536.jpg,notumor,perceptual_phash_ncc,0,0.9998634457588196,0.9970613718032837,False
data/Training/notumor/Tr-no_321.jpg,notumor,data/Training/notumor/Tr-no_612.jpg,notumor,perceptual_phash_ncc,0,0.9998421669006348,0.9966933727264404,False
data/Training/notumor/Tr-no_321.jpg,notumor,data/Training/notumor/Tr-no_400.jpg,notumor,perceptual_phash_ncc,2,0.9999248385429382,0.9984626173973083,False
data/Training/notumor/Tr-no_321.jpg,notumor,data/Training/notumor/Tr-no_56.jpg,notumor,perceptual_phash_ncc,4,0.9965062141418457,0.9674828052520752,False
data/Training/notumor/Tr-no_321.jpg,notumor,data/Training/notumor/Tr-no_657.jpg,notumor,perceptual_phash_ncc,4,0.9932586550712585,0.9398000836372375,False
data/Training/notumor/Tr-no_321.jpg,notumor,data/Training/notumor/Tr-no_73.jpg,notumor,perceptual_phash_ncc,4,0.9965062141418457,0.9674828052520752,False
data/Training/notumor/Tr-no_322.jpg,notumor,data/Training/notumor/Tr-no_709.jpg,notumor,perceptual_phash_ncc,4,0.9907028079032898,0.9285018444061279,False
data/Training/notumor/Tr-no_322.jpg,notumor,data/Testing/notumor/Te-no_271.jpg,notumor,perceptual_phash_ncc,4,0.9976553916931152,0.8409008383750916,False
data/Training/notumor/Tr-no_324.jpg,notumor,data/Testing/notumor/Te-no_267.jpg,notumor,perceptual_phash_ncc,0,0.9965201616287231,0.937609076499939,False
data/Training/notumor/Tr-no_324.jpg,notumor,data/Training/notumor/Tr-no_570.jpg,notumor,perceptual_phash_ncc,2,0.9944988489151001,0.9084081053733826,False
data/Training/notumor/Tr-no_326.jpg,notumor,data/Training/notumor/Tr-no_547.jpg,notumor,perceptual_phash_ncc,4,0.9951392412185669,0.9342042207717896,False
data/Training/notumor/Tr-no_326.jpg,notumor,data/Training/notumor/Tr-no_668.jpg,notumor,perceptual_phash_ncc,4,0.9942315816879272,0.9253228306770325,False
data/Training/notumor/Tr-no_326.jpg,notumor,data/Training/notumor/Tr-no_689.jpg,notumor,perceptual_phash_ncc,4,0.9860448837280273,0.9340187311172485,False
data/Training/notumor/Tr-no_328.jpg,notumor,data/Training/notumor/Tr-no_810.jpg,notumor,perceptual_phash_ncc,4,0.9952253699302673,0.9426411390304565,False
data/Training/notumor/Tr-no_328.jpg,notumor,data/Training/notumor/Tr-no_864.jpg,notumor,perceptual_phash_ncc,4,0.9984232783317566,0.9856327176094055,False
data/Training/notumor/Tr-no_329.jpg,notumor,data/Training/notumor/Tr-no_374.jpg,notumor,perceptual_phash_ncc,2,0.9962667226791382,0.9219821691513062,False
data/Training/notumor/Tr-no_330.jpg,notumor,data/Training/notumor/Tr-no_538.jpg,notumor,perceptual_phash_ncc,0,0.9998772144317627,0.9990241527557373,False
data/Training/notumor/Tr-no_331.jpg,notumor,data/Testing/notumor/Te-no_62.jpg,notumor,perceptual_phash_ncc,0,0.9929828643798828,0.9394908547401428,False
data/Training/notumor/Tr-no_333.jpg,notumor,data/Training/notumor/Tr-no_599.jpg,notumor,perceptual_phash_ncc,2,0.99847412109375,0.9670916199684143,False
data/Training/notumor/Tr-no_334.jpg,notumor,data/Training/notumor/Tr-no_986.jpg,notumor,perceptual_phash_ncc,0,0.9927923083305359,0.9376592636108398,False
data/Training/notumor/Tr-no_334.jpg,notumor,data/Testing/notumor/Te-no_396.jpg,notumor,perceptual_phash_ncc,0,0.9965382814407349,0.9757106304168701,False
data/Training/notumor/Tr-no_334.jpg,notumor,data/Training/notumor/Tr-no_447.jpg,notumor,perceptual_phash_ncc,2,0.992992103099823,0.9390130043029785,False
data/Training/notumor/Tr-no_334.jpg,notumor,data/Training/notumor/Tr-no_499.jpg,notumor,perceptual_phash_ncc,2,0.9998229742050171,0.9985814094543457,False
data/Training/notumor/Tr-no_334.jpg,notumor,data/Training/notumor/Tr-no_651.jpg,notumor,perceptual_phash_ncc,2,0.9924406409263611,0.9342923164367676,False
data/Training/notumor/Tr-no_334.jpg,notumor,data/Training/notumor/Tr-no_716.jpg,notumor,perceptual_phash_ncc,2,0.9927930235862732,0.937788188457489,False
data/Training/notumor/Tr-no_334.jpg,notumor,data/Training/notumor/Tr-no_720.jpg,notumor,perceptual_phash_ncc,2,0.992992103099823,0.9390130043029785,False
data/Training/notumor/Tr-no_334.jpg,notumor,data/Training/notumor/Tr-no_734.jpg,notumor,perceptual_phash_ncc,2,0.9998229742050171,0.9985814094543457,False
data/Training/notumor/Tr-no_334.jpg,notumor,data/Training/notumor/Tr-no_839.jpg,notumor,perceptual_phash_ncc,2,0.992992103099823,0.9390130043029785,False
data/Training/notumor/Tr-no_334.jpg,notumor,data/Testing/notumor/Te-no_24.jpg,notumor,perceptual_phash_ncc,4,0.9915944337844849,0.9404520392417908,False
data/Training/notumor/Tr-no_335.jpg,notumor,data/Testing/notumor/Te-no_76.jpg,notumor,perceptual_phash_ncc,4,0.9963817000389099,0.9433482885360718,False
data/Training/notumor/Tr-no_338.jpg,notumor,data/Training/notumor/Tr-no_875.jpg,notumor,perceptual_phash_ncc,2,0.9990737438201904,0.9745479226112366,False
data/Training/notumor/Tr-no_340.jpg,notumor,data/Training/notumor/Tr-no_855.jpg,notumor,perceptual_phash_ncc,2,0.998515784740448,0.9743653535842896,False
data/Training/notumor/Tr-no_340.jpg,notumor,data/Testing/notumor/Te-no_324.jpg,notumor,perceptual_phash_ncc,4,0.9975550174713135,0.9584742784500122,False
data/Training/notumor/Tr-no_341.jpg,notumor,data/Training/notumor/Tr-no_683.jpg,notumor,perceptual_phash_ncc,2,0.9922763705253601,0.9189450740814209,False
data/Training/notumor/Tr-no_341.jpg,notumor,data/Training/notumor/Tr-no_821.jpg,notumor,perceptual_phash_ncc,2,0.9999324679374695,0.9975963830947876,False
data/Training/notumor/Tr-no_341.jpg,notumor,data/Testing/notumor/Te-no_86.jpg,notumor,perceptual_phash_ncc,2,0.9998354315757751,0.9942148923873901,False
data/Training/notumor/Tr-no_343.jpg,notumor,data/Training/notumor/Tr-no_572.jpg,notumor,perceptual_phash_ncc,2,0.999500572681427,0.9837743043899536,False
data/Training/notumor/Tr-no_347.jpg,notumor,data/Training/notumor/Tr-no_725.jpg,notumor,perceptual_phash_ncc,0,0.9999316930770874,0.9990456104278564,False
data/Training/notumor/Tr-no_347.jpg,notumor,data/Training/notumor/Tr-no_365.jpg,notumor,perceptual_phash_ncc,2,0.9970201253890991,0.96234130859375,False
data/Training/notumor/Tr-no_347.jpg,notumor,data/Training/notumor/Tr-no_386.jpg,notumor,perceptual_phash_ncc,2,0.9989674091339111,0.9866963028907776,False
data/Training/notumor/Tr-no_347.jpg,notumor,data/Testing/notumor/Te-no_134.jpg,notumor,perceptual_phash_ncc,2,0.9989072680473328,0.9856414794921875,False
data/Training/notumor/Tr-no_347.jpg,notumor,data/Testing/notumor/Te-no_58.jpg,notumor,perceptual_phash_ncc,2,0.9975760579109192,0.9696245193481445,False
data/Training/notumor/Tr-no_349.jpg,notumor,data/Training/notumor/Tr-no_779.jpg,notumor,exact_decoded_rgb,0,1.0,1.0,False
data/Training/notumor/Tr-no_35.jpg,notumor,data/Training/notumor/Tr-no_773.jpg,notumor,perceptual_phash_ncc,2,0.996597409248352,0.9524790048599243,False
data/Training/notumor/Tr-no_35.jpg,notumor,data/Training/notumor/Tr-no_66.jpg,notumor,perceptual_phash_ncc,4,0.9985338449478149,0.9793665409088135,False
data/Training/notumor/Tr-no_35.jpg,notumor,data/Testing/notumor/Te-no_118.jpg,notumor,perceptual_phash_ncc,4,0.9973021149635315,0.964133620262146,False
data/Training/notumor/Tr-no_352.jpg,notumor,data/Testing/notumor/Te-no_162.jpg,notumor,perceptual_phash_ncc,2,0.9995151162147522,0.9790998697280884,False
data/Training/notumor/Tr-no_353.jpg,notumor,data/Training/notumor/Tr-no_596.jpg,notumor,perceptual_phash_ncc,2,0.9945117831230164,0.9357356429100037,False
data/Training/notumor/Tr-no_356.jpg,notumor,data/Training/notumor/Tr-no_463.jpg,notumor,exact_decoded_rgb,0,1.0,1.0,False
data/Training/notumor/Tr-no_357.jpg,notumor,data/Testing/notumor/Te-no_18.jpg,notumor,perceptual_phash_ncc,2,0.9972342848777771,0.9656050801277161,False
data/Training/notumor/Tr-no_358.jpg,notumor,data/Training/notumor/Tr-no_97.jpg,notumor,perceptual_phash_ncc,0,0.9998700022697449,0.9937559366226196,False
data/Training/notumor/Tr-no_36.jpg,notumor,data/Training/notumor/Tr-no_573.jpg,notumor,perceptual_phash_ncc,2,0.9963159561157227,0.9249786138534546,False
data/Training/notumor/Tr-no_360.jpg,notumor,data/Testing/notumor/Te-no_376.jpg,notumor,perceptual_phash_ncc,2,0.9961887001991272,0.9673058390617371,False
data/Training/notumor/Tr-no_362.jpg,notumor,data/Testing/notumor/Te-no_365.jpg,notumor,exact_decoded_rgb,0,1.0,1.0,False
data/Training/notumor/Tr-no_364.jpg,notumor,data/Testing/notumor/Te-no_325.jpg,notumor,perceptual_phash_ncc,0,0.9972798228263855,0.9610527753829956,False
data/Training/notumor/Tr-no_364.jpg,notumor,data/Training/notumor/Tr-no_845.jpg,notumor,perceptual_phash_ncc,2,0.9989245533943176,0.9808927774429321,False
data/Training/notumor/Tr-no_365.jpg,notumor,data/Training/notumor/Tr-no_386.jpg,notumor,perceptual_phash_ncc,0,0.9960538744926453,0.952595055103302,False
data/Training/notumor/Tr-no_365.jpg,notumor,data/Testing/notumor/Te-no_134.jpg,notumor,perceptual_phash_ncc,0,0.9960646629333496,0.9507619142532349,False
data/Training/notumor/Tr-no_365.jpg,notumor,data/Training/notumor/Tr-no_725.jpg,notumor,perceptual_phash_ncc,2,0.9969713687896729,0.9619464874267578,False
data/Training/notumor/Tr-no_365.jpg,notumor,data/Testing/notumor/Te-no_58.jpg,notumor,perceptual_phash_ncc,2,0.9949080348014832,0.9400858879089355,False
data/Training/notumor/Tr-no_367.jpg,notumor,data/Testing/notumor/Te-no_287.jpg,notumor,perceptual_phash_ncc,2,0.9985501766204834,0.9859057664871216,False
data/Training/notumor/Tr-no_368.jpg,notumor,data/Testing/notumor/Te-no_2.jpg,notumor,perceptual_phash_ncc,0,0.9998940825462341,0.9971761703491211,False
data/Training/notumor/Tr-no_368.jpg,notumor,data/Testing/notumor/Te-no_317.jpg,notumor,perceptual_phash_ncc,2,0.9988503456115723,0.9821991920471191,False
data/Training/notumor/Tr-no_37.jpg,notumor,data/Training/notumor/Tr-no_873.jpg,notumor,perceptual_phash_ncc,2,0.9990670084953308,0.9831308126449585,False
data/Training/notumor/Tr-no_37.jpg,notumor,data/Training/notumor/Tr-no_514.jpg,notumor,perceptual_phash_ncc,4,0.986652135848999,0.8684776425361633,False
data/Training/notumor/Tr-no_371.jpg,notumor,data/Training/notumor/Tr-no_5.jpg,notumor,exact_decoded_rgb,0,1.0,1.0,False
data/Training/notumor/Tr-no_371.jpg,notumor,data/Training/notumor/Tr-no_693.jpg,notumor,exact_decoded_rgb,0,1.0,1.0,False
data/Training/notumor/Tr-no_371.jpg,notumor,data/Training/notumor/Tr-no_82.jpg,notumor,perceptual_phash_ncc,4,0.9950129985809326,0.9558565616607666,False
data/Training/notumor/Tr-no_372.jpg,notumor,data/Training/notumor/Tr-no_824.jpg,notumor,perceptual_phash_ncc,4,0.9972726106643677,0.9659931063652039,False
data/Training/notumor/Tr-no_373.jpg,notumor,data/Testing/notumor/Te-no_122.jpg,notumor,perceptual_phash_ncc,4,0.9936514496803284,0.8863121867179871,False
data/Training/notumor/Tr-no_375.jpg,notumor,data/Training/notumor/Tr-no_430.jpg,notumor,perceptual_phash_ncc,2,0.999890148639679,0.9984583854675293,False
data/Training/notumor/Tr-no_377.jpg,notumor,data/Testing/notumor/Te-no_93.jpg,notumor,perceptual_phash_ncc,0,0.9999603629112244,0.9996153116226196,False
data/Training/notumor/Tr-no_377.jpg,notumor,data/Testing/notumor/Te-no_126.jpg,notumor,perceptual_phash_ncc,4,0.9979695677757263,0.9841809868812561,False
data/Training/notumor/Tr-no_378.jpg,notumor,data/Training/notumor/Tr-no_613.jpg,notumor,perceptual_phash_ncc,4,0.9954396486282349,0.9408859610557556,False
data/Training/notumor/Tr-no_380.jpg,notumor,data/Training/notumor/Tr-no_387.jpg,notumor,exact_decoded_rgb,0,1.0,1.0,False
data/Training/notumor/Tr-no_381.jpg,notumor,data/Training/notumor/Tr-no_671.jpg,notumor,perceptual_phash_ncc,2,0.9979725480079651,0.9841768741607666,False
data/Training/notumor/Tr-no_382.jpg,notumor,data/Testing/notumor/Te-no_208.jpg,notumor,perceptual_phash_ncc,2,0.9959128499031067,0.9394301772117615,False
data/Training/notumor/Tr-no_384.jpg,notumor,data/Training/notumor/Tr-no_868.jpg,notumor,perceptual_phash_ncc,4,0.9957044124603271,0.9481761455535889,False
data/Training/notumor/Tr-no_385.jpg,notumor,data/Training/notumor/Tr-no_652.jpg,notumor,perceptual_phash_ncc,0,0.9984326958656311,0.9699909090995789,False
data/Training/notumor/Tr-no_385.jpg,notumor,data/Testing/notumor/Te-no_8.jpg,notumor,perceptual_phash_ncc,0,0.9997697472572327,0.9946942329406738,False
data/Training/notumor/Tr-no_385.jpg,notumor,data/Training/notumor/Tr-no_904.jpg,notumor,perceptual_phash_ncc,4,0.9969758987426758,0.9430971741676331,False
data/Training/notumor/Tr-no_386.jpg,notumor,data/Testing/notumor/Te-no_134.jpg,notumor,perceptual_phash_ncc,0,0.9979925155639648,0.9768269062042236,False
data/Training/notumor/Tr-no_386.jpg,notumor,data/Training/notumor/Tr-no_725.jpg,notumor,perceptual_phash_ncc,2,0.9989461302757263,0.9868254661560059,False
data/Training/notumor/Tr-no_386.jpg,notumor,data/Testing/notumor/Te-no_58.jpg,notumor,perceptual_phash_ncc,2,0.9976899027824402,0.9737142324447632,False
data/Training/notumor/Tr-no_388.jpg,notumor,data/Training/notumor/Tr-no_636.jpg,notumor,exact_decoded_rgb,0,1.0,1.0,False
data/Training/notumor/Tr-no_388.jpg,notumor,data/Training/notumor/Tr-no_837.jpg,notumor,perceptual_phash_ncc,0,0.9990377426147461,0.9858834743499756,False
data/Training/notumor/Tr-no_388.jpg,notumor,data/Testing/notumor/Te-no_214.jpg,notumor,perceptual_phash_ncc,0,0.9980873465538025,0.9734655022621155,False
data/Training/notumor/Tr-no_39.jpg,notumor,data/Training/notumor/Tr-no_614.jpg,notumor,perceptual_phash_ncc,2,0.9990644454956055,0.9802202582359314,False
data/Training/notumor/Tr-no_390.jpg,notumor,data/Training/notumor/Tr-no_722.jpg,notumor,perceptual_phash_ncc,0,0.9983206391334534,0.9840574264526367,False
data/Training/notumor/Tr-no_390.jpg,notumor,data/Training/notumor/Tr-no_731.jpg,notumor,perceptual_phash_ncc,4,0.9957980513572693,0.954159140586853,False
data/Training/notumor/Tr-no_391.jpg,notumor,data/Testing/notumor/Te-no_94.jpg,notumor,perceptual_phash_ncc,0,0.994951605796814,0.9570364952087402,False
data/Training/notumor/Tr-no_392.jpg,notumor,data/Training/notumor/Tr-no_566.jpg,notumor,perceptual_phash_ncc,4,0.9995562434196472,0.9903027415275574,False
data/Training/notumor/Tr-no_392.jpg,notumor,data/Testing/notumor/Te-no_384.jpg,notumor,perceptual_phash_ncc,4,0.9971690773963928,0.9475923776626587,False
data/Training/notumor/Tr-no_392.jpg,notumor,data/Testing/notumor/Te-no_6.jpg,notumor,perceptual_phash_ncc,4,0.9973364472389221,0.9507600665092468,False
data/Training/notumor/Tr-no_393.jpg,notumor,data/Training/notumor/Tr-no_678.jpg,notumor,perceptual_phash_ncc,0,0.9996196627616882,0.9916618466377258,False
data/Training/notumor/Tr-no_40.jpg,notumor,data/Training/notumor/Tr-no_581.jpg,notumor,exact_decoded_rgb,0,1.0,1.0,False
data/Training/notumor/Tr-no_400.jpg,notumor,data/Training/notumor/Tr-no_536.jpg,notumor,perceptual_phash_ncc,2,0.9999145865440369,0.9981332421302795,False
data/Training/notumor/Tr-no_400.jpg,notumor,data/Training/notumor/Tr-no_612.jpg,notumor,perceptual_phash_ncc,2,0.999833345413208,0.996495246887207,False
data/Training/notumor/Tr-no_400.jpg,notumor,data/Training/notumor/Tr-no_56.jpg,notumor,perceptual_phash_ncc,4,0.996525228023529,0.968167245388031,False
data/Training/notumor/Tr-no_400.jpg,notumor,data/Training/notumor/Tr-no_657.jpg,notumor,perceptual_phash_ncc,4,0.9932563900947571,0.9402487874031067,False
data/Training/notumor/Tr-no_400.jpg,notumor,data/Training/notumor/Tr-no_73.jpg,notumor,perceptual_phash_ncc,4,0.996525228023529,0.968167245388031,False
data/Training/notumor/Tr-no_401.jpg,notumor,data/Testing/notumor/Te-no_254.jpg,notumor,perceptual_phash_ncc,2,0.9951918721199036,0.9632068276405334,False
data/Training/notumor/Tr-no_402.jpg,notumor,data/Training/notumor/Tr-no_488.jpg,notumor,perceptual_phash_ncc,0,0.9928792715072632,0.9237725138664246,False
data/Training/notumor/Tr-no_402.jpg,notumor,data/Testing/notumor/Te-no_11.jpg,notumor,perceptual_phash_ncc,2,0.984578013420105,0.84340500831604,False
data/Training/notumor/Tr-no_403.jpg,notumor,data/Testing/notumor/Te-no_184.jpg,notumor,perceptual_phash_ncc,2,0.9947818517684937,0.9414400458335876,False
data/Training/notumor/Tr-no_403.jpg,notumor,data/Testing/notumor/Te-no_283.jpg,notumor,perceptual_phash_ncc,2,0.9932098388671875,0.9241113066673279,False
data/Training/notumor/Tr-no_404.jpg,notumor,data/Testing/notumor/Te-no_170.jpg,notumor,perceptual_phash_ncc,2,0.9934152364730835,0.8904645442962646,False
data/Training/notumor/Tr-no_405.jpg,notumor,data/Training/notumor/Tr-no_966.jpg,notumor,perceptual_phash_ncc,4,0.9975111484527588,0.9701953530311584,False
data/Training/notumor/Tr-no_409.jpg,notumor,data/Testing/notumor/Te-no_119.jpg,notumor,perceptual_phash_ncc,2,0.9995086193084717,0.9781287908554077,False
data/Training/notumor/Tr-no_413.jpg,notumor,data/Training/notumor/Tr-no_964.jpg,notumor,perceptual_phash_ncc,2,0.9895434975624084,0.8917255401611328,False
data/Training/notumor/Tr-no_415.jpg,notumor,data/Training/notumor/Tr-no_908.jpg,notumor,perceptual_phash_ncc,0,0.9989321827888489,0.973785400390625,False
data/Training/notumor/Tr-no_42.jpg,notumor,data/Training/notumor/Tr-no_774.jpg,notumor,perceptual_phash_ncc,2,0.9983245134353638,0.9826719760894775,False
data/Training/notumor/Tr-no_42.jpg,notumor,data/Training/notumor/Tr-no_962.jpg,notumor,perceptual_phash_ncc,4,0.9951780438423157,0.9622342586517334,False
data/Training/notumor/Tr-no_421.jpg,notumor,data/Training/notumor/Tr-no_582.jpg,notumor,exact_decoded_rgb,0,1.0,1.0,False
data/Training/notumor/Tr-no_423.jpg,notumor,data/Training/notumor/Tr-no_63.jpg,notumor,exact_decoded_rgb,0,1.0,1.0,False
data/Training/notumor/Tr-no_423.jpg,notumor,data/Training/notumor/Tr-no_474.jpg,notumor,perceptual_phash_ncc,2,0.9999277591705322,0.9983543157577515,False
data/Training/notumor/Tr-no_424.jpg,notumor,data/Training/notumor/Tr-no_66.jpg,notumor,perceptual_phash_ncc,0,0.9997888207435608,0.8116525411605835,False
data/Training/notumor/Tr-no_424.jpg,notumor,data/Training/notumor/Tr-no_53.jpg,notumor,perceptual_phash_ncc,4,0.9962282180786133,0.9152948260307312,False
data/Training/notumor/Tr-no_424.jpg,notumor,data/Testing/notumor/Te-no_44.jpg,notumor,perceptual_phash_ncc,4,0.9978119730949402,0.950053334236145,False
data/Training/notumor/Tr-no_425.jpg,notumor,data/Training/notumor/Tr-no_740.jpg,notumor,perceptual_phash_ncc,2,0.9926075339317322,0.9235429167747498,False
data/Training/notumor/Tr-no_425.jpg,notumor,data/Testing/notumor/Te-no_243.jpg,notumor,perceptual_phash_ncc,2,0.9913555979728699,0.9131773710250854,False
data/Training/notumor/Tr-no_425.jpg,notumor,data/Training/notumor/Tr-no_558.jpg,notumor,perceptual_phash_ncc,4,0.9910933971405029,0.8889137506484985,False
data/Training/notumor/Tr-no_429.jpg,notumor,data/Testing/notumor/Te-no_212.jpg,notumor,perceptual_phash_ncc,0,0.9975529909133911,0.971793532371521,False
data/Training/notumor/Tr-no_43.jpg,notumor,data/Training/notumor/Tr-no_963.jpg,notumor,exact_decoded_rgb,0,1.0,1.0,False
data/Training/notumor/Tr-no_43.jpg,notumor,data/Training/notumor/Tr-no_575.jpg,notumor,perceptual_phash_ncc,2,0.998206377029419,0.9764375686645508,False
data/Training/notumor/Tr-no_43.jpg,notumor,data/Training/notumor/Tr-no_541.jpg,notumor,perceptual_phash_ncc,4,0.995494544506073,0.942090630531311,False
data/Training/notumor/Tr-no_43.jpg,notumor,data/Training/notumor/Tr-no_708.jpg,notumor,perceptual_phash_ncc,4,0.9981119632720947,0.9749948382377625,False
data/Training/notumor/Tr-no_433.jpg,notumor,data/Training/notumor/Tr-no_492.jpg,notumor,exact_decoded_rgb,0,1.0,1.0,False
data/Training/notumor/Tr-no_435.jpg,notumor,data/Training/notumor/Tr-no_655.jpg,notumor,perceptual_phash_ncc,0,0.9991774559020996,0.7648638486862183,False
data/Training/notumor/Tr-no_435.jpg,notumor,data/Training/notumor/Tr-no_755.jpg,notumor,exact_decoded_rgb,0,1.0,1.0,False
data/Training/notumor/Tr-no_437.jpg,notumor,data/Training/notumor/Tr-no_473.jpg,notumor,perceptual_phash_ncc,4,0.9998837113380432,0.9979525208473206,False
data/Training/notumor/Tr-no_437.jpg,notumor,data/Training/notumor/Tr-no_778.jpg,notumor,perceptual_phash_ncc,4,0.9998837113380432,0.9979525208473206,False
data/Training/notumor/Tr-no_439.jpg,notumor,data/Training/notumor/Tr-no_557.jpg,notumor,perceptual_phash_ncc,0,0.9981541633605957,0.9745859503746033,False
data/Training/notumor/Tr-no_44.jpg,notumor,data/Training/notumor/Tr-no_847.jpg,notumor,perceptual_phash_ncc,2,0.9988504648208618,0.9836633205413818,False
data/Training/notumor/Tr-no_44.jpg,notumor,data/Training/notumor/Tr-no_718.jpg,notumor,perceptual_phash_ncc,4,0.9988631010055542,0.9844913482666016,False
data/Training/notumor/Tr-no_441.jpg,notumor,data/Training/notumor/Tr-no_627.jpg,notumor,perceptual_phash_ncc,0,0.9998642802238464,0.9964631199836731,False
data/Training/notumor/Tr-no_441.jpg,notumor,data/Training/notumor/Tr-no_877.jpg,notumor,perceptual_phash_ncc,0,0.9996070265769958,0.991306722164154,False
data/Training/notumor/Tr-no_442.jpg,notumor,data/Training/notumor/Tr-no_872.jpg,notumor,perceptual_phash_ncc,2,0.9985675811767578,0.9657662510871887,False
data/Training/notumor/Tr-no_444.jpg,notumor,data/Testing/notumor/Te-no_286.jpg,notumor,perceptual_phash_ncc,2,0.9978420734405518,0.9804143905639648,False
data/Training/notumor/Tr-no_444.jpg,notumor,data/Testing/notumor/Te-no_346.jpg,notumor,perceptual_phash_ncc,2,0.9978472590446472,0.9808169007301331,False
data/Training/notumor/Tr-no_446.jpg,notumor,data/Testing/notumor/Te-no_215.jpg,notumor,perceptual_phash_ncc,4,0.9982902407646179,0.9597564339637756,False
data/Training/notumor/Tr-no_447.jpg,notumor,data/Training/notumor/Tr-no_499.jpg,notumor,perceptual_phash_ncc,0,0.9928117394447327,0.9378727078437805,False
data/Training/notumor/Tr-no_447.jpg,notumor,data/Training/notumor/Tr-no_651.jpg,notumor,perceptual_phash_ncc,0,0.9983845949172974,0.9810687899589539,False
data/Training/notumor/Tr-no_447.jpg,notumor,data/Training/notumor/Tr-no_716.jpg,notumor,perceptual_phash_ncc,0,0.999036967754364,0.9881289005279541,False
data/Training/notumor/Tr-no_447.jpg,notumor,data/Training/notumor/Tr-no_720.jpg,notumor,exact_decoded_rgb,0,1.0,1.0,False
data/Training/notumor/Tr-no_447.jpg,notumor,data/Training/notumor/Tr-no_734.jpg,notumor,perceptual_phash_ncc,0,0.9928117394447327,0.9378727078437805,False
data/Training/notumor/Tr-no_447.jpg,notumor,data/Training/notumor/Tr-no_839.jpg,notumor,exact_decoded_rgb,0,1.0,1.0,False
data/Training/notumor/Tr-no_447.jpg,notumor,data/Training/notumor/Tr-no_986.jpg,notumor,perceptual_phash_ncc,2,0.9990430474281311,0.9886006712913513,False
data/Training/notumor/Tr-no_447.jpg,notumor,data/Testing/notumor/Te-no_24.jpg,notumor,perceptual_phash_ncc,2,0.9855926036834717,0.8934723138809204,False
data/Training/notumor/Tr-no_447.jpg,notumor,data/Testing/notumor/Te-no_396.jpg,notumor,perceptual_phash_ncc,2,0.9899796843528748,0.9208974838256836,False
data/Training/notumor/Tr-no_448.jpg,notumor,data/Training/notumor/Tr-no_774.jpg,notumor,perceptual_phash_ncc,4,0.9949843287467957,0.9681233167648315,False
data/Training/notumor/Tr-no_450.jpg,notumor,data/Testing/notumor/Te-no_389.jpg,notumor,perceptual_phash_ncc,4,0.9953505396842957,0.9340873956680298,False
data/Training/notumor/Tr-no_453.jpg,notumor,data/Training/notumor/Tr-no_588.jpg,notumor,perceptual_phash_ncc,2,0.9991763830184937,0.9859140515327454,False
data/Training/notumor/Tr-no_453.jpg,notumor,data/Training/notumor/Tr-no_989.jpg,notumor,perceptual_phash_ncc,2,0.9991763830184937,0.9859140515327454,False
data/Training/notumor/Tr-no_455.jpg,notumor,data/Training/notumor/Tr-no_866.jpg,notumor,exact_decoded_rgb,0,1.0,1.0,False
data/Training/notumor/Tr-no_46.jpg,notumor,data/Testing/notumor/Te-no_351.jpg,notumor,perceptual_phash_ncc,4,0.9924561381340027,0.9199897646903992,False
data/Training/notumor/Tr-no_460.jpg,notumor,data/Testing/notumor/Te-no_364.jpg,notumor,perceptual_phash_ncc,4,0.9971209168434143,0.962954044342041,False
data/Training/notumor/Tr-no_461.jpg,notumor,data/Training/notumor/Tr-no_820.jpg,notumor,perceptual_phash_ncc,2,0.9964615106582642,0.9635299444198608,False
data/Training/notumor/Tr-no_464.jpg,notumor,data/Training/notumor/Tr-no_681.jpg,notumor,perceptual_phash_ncc,2,0.9950829148292542,0.9580101370811462,False
data/Training/notumor/Tr-no_465.jpg,notumor,data/Training/notumor/Tr-no_861.jpg,notumor,perceptual_phash_ncc,0,0.9995863437652588,0.9952961206436157,False
data/Training/notumor/Tr-no_467.jpg,notumor,data/Training/notumor/Tr-no_727.jpg,notumor,perceptual_phash_ncc,4,0.9955768585205078,0.9434434771537781,False
data/Training/notumor/Tr-no_468.jpg,notumor,data/Testing/notumor/Te-no_10.jpg,notumor,perceptual_phash_ncc,4,0.994383692741394,0.9445042610168457,False
data/Training/notumor/Tr-no_469.jpg,notumor,data/Training/notumor/Tr-no_772.jpg,notumor,perceptual_phash_ncc,0,0.9987968802452087,0.9779564142227173,False
data/Training/notumor/Tr-no_469.jpg,notumor,data/Testing/notumor/Te-no_85.jpg,notumor,perceptual_phash_ncc,0,0.9983701705932617,0.9713783264160156,False
data/Training/notumor/Tr-no_469.jpg,notumor,data/Training/notumor/Tr-no_470.jpg,notumor,perceptual_phash_ncc,2,0.9882278442382812,0.8596418499946594,False
data/Training/notumor/Tr-no_469.jpg,notumor,data/Testing/notumor/Te-no_198.jpg,notumor,perceptual_phash_ncc,2,0.9869283437728882,0.8545759916305542,False
data/Training/notumor/Tr-no_469.jpg,notumor,data/Testing/notumor/Te-no_25.jpg,notumor,perceptual_phash_ncc,2,0.9894849061965942,0.8697208166122437,False
data/Training/notumor/Tr-no_469.jpg,notumor,data/Testing/notumor/Te-no_90.jpg,notumor,perceptual_phash_ncc,2,0.9881173968315125,0.862672746181488,False
data/Training/notumor/Tr-no_470.jpg,notumor,data/Training/notumor/Tr-no_772.jpg,notumor,perceptual_phash_ncc,2,0.9886009097099304,0.8659261465072632,False
data/Training/notumor/Tr-no_470.jpg,notumor,data/Testing/notumor/Te-no_198.jpg,notumor,perceptual_phash_ncc,2,0.9902225136756897,0.9059358835220337,False
data/Training/notumor/Tr-no_470.jpg,notumor,data/Testing/notumor/Te-no_25.jpg,notumor,perceptual_phash_ncc,2,0.9926957488059998,0.9260349869728088,False
data/Training/notumor/Tr-no_470.jpg,notumor,data/Testing/notumor/Te-no_85.jpg,notumor,perceptual_phash_ncc,2,0.9881755709648132,0.8582853078842163,False
data/Training/notumor/Tr-no_470.jpg,notumor,data/Testing/notumor/Te-no_90.jpg,notumor,perceptual_phash_ncc,2,0.9908639788627625,0.910782516002655,False
data/Training/notumor/Tr-no_473.jpg,notumor,data/Training/notumor/Tr-no_778.jpg,notumor,exact_decoded_rgb,0,1.0,1.0,False
data/Training/notumor/Tr-no_474.jpg,notumor,data/Training/notumor/Tr-no_63.jpg,notumor,perceptual_phash_ncc,2,0.9999277591705322,0.9983543157577515,False
data/Training/notumor/Tr-no_475.jpg,notumor,data/Training/notumor/Tr-no_701.jpg,notumor,perceptual_phash_ncc,0,0.9970570206642151,0.9537125825881958,False
data/Training/notumor/Tr-no_475.jpg,notumor,data/Training/notumor/Tr-no_867.jpg,notumor,perceptual_phash_ncc,0,0.9987984299659729,0.9816061854362488,False
data/Training/notumor/Tr-no_475.jpg,notumor,data/Training/notumor/Tr-no_984.jpg,notumor,perceptual_phash_ncc,0,0.9999136328697205,0.9987452030181885,False
data/Training/notumor/Tr-no_475.jpg,notumor,data/Testing/notumor/Te-no_295.jpg,notumor,perceptual_phash_ncc,0,0.998783528804779,0.9822322726249695,False
data/Training/notumor/Tr-no_48.jpg,notumor,data/Training/notumor/Tr-no_749.jpg,notumor,perceptual_phash_ncc,0,0.9997931718826294,0.9342793822288513,False
data/Training/notumor/Tr-no_48.jpg,notumor,data/Training/notumor/Tr-no_931.jpg,notumor,perceptual_phash_ncc,0,0.9997931718826294,0.9342793822288513,False
data/Training/notumor/Tr-no_480.jpg,notumor,data/Testing/notumor/Te-no_342.jpg,notumor,perceptual_phash_ncc,2,0.9969892501831055,0.9603139162063599,False
data/Training/notumor/Tr-no_480.jpg,notumor,data/Testing/notumor/Te-no_110.jpg,notumor,perceptual_phash_ncc,4,0.9987531900405884,0.98441481590271,False
data/Training/notumor/Tr-no_486.jpg,notumor,data/Training/notumor/Tr-no_920.jpg,notumor,exact_decoded_rgb,0,1.0,1.0,False
data/Training/notumor/Tr-no_488.jpg,notumor,data/Testing/notumor/Te-no_11.jpg,notumor,perceptual_phash_ncc,2,0.9859035015106201,0.8529130220413208,False
data/Training/notumor/Tr-no_491.jpg,notumor,data/Training/notumor/Tr-no_991.jpg,notumor,perceptual_phash_ncc,2,0.9958176612854004,0.9299637675285339,False
data/Training/notumor/Tr-no_491.jpg,notumor,data/Testing/notumor/Te-no_17.jpg,notumor,perceptual_phash_ncc,2,0.9941512942314148,0.9135475754737854,False
data/Training/notumor/Tr-no_493.jpg,notumor,data/Training/notumor/Tr-no_664.jpg,notumor,exact_decoded_rgb,0,1.0,1.0,False
data/Training/notumor/Tr-no_495.jpg,notumor,data/Testing/notumor/Te-no_152.jpg,notumor,perceptual_phash_ncc,2,0.9963330626487732,0.9641093015670776,False
data/Training/notumor/Tr-no_498.jpg,notumor,data/Testing/notumor/Te-no_265.jpg,notumor,perceptual_phash_ncc,0,0.9946080446243286,0.9298537373542786,False
data/Training/notumor/Tr-no_499.jpg,notumor,data/Training/notumor/Tr-no_651.jpg,notumor,perceptual_phash_ncc,0,0.9922705292701721,0.9334411025047302,False
data/Training/notumor/Tr-no_499.jpg,notumor,data/Training/notumor/Tr-no_716.jpg,notumor,perceptual_phash_ncc,0,0.9926196932792664,0.9367262125015259,False
data/Training/notumor/Tr-no_499.jpg,notumor,data/Training/notumor/Tr-no_720.jpg,notumor,perceptual_phash_ncc,0,0.9928117394447327,0.9378727078437805,False
data/Training/notumor/Tr-no_499.jpg,notumor,data/Training/notumor/Tr-no_734.jpg,notumor,exact_decoded_rgb,0,1.0,1.0,False
data/Training/notumor/Tr-no_499.jpg,notumor,data/Training/notumor/Tr-no_839.jpg,notumor,perceptual_phash_ncc,0,0.9928117394447327,0.9378727078437805,False
data/Training/notumor/Tr-no_499.jpg,notumor,data/Training/notumor/Tr-no_986.jpg,notumor,perceptual_phash_ncc,2,0.9926167726516724,0.9367167353630066,False
data/Training/notumor/Tr-no_499.jpg,notumor,data/Testing/notumor/Te-no_24.jpg,notumor,perceptual_phash_ncc,2,0.9915353059768677,0.940735936164856,False
data/Training/notumor/Tr-no_499.jpg,notumor,data/Testing/notumor/Te-no_396.jpg,notumor,perceptual_phash_ncc,2,0.9964481592178345,0.9756301045417786,False
data/Training/notumor/Tr-no_5.jpg,notumor,data/Training/notumor/Tr-no_693.jpg,notumor,exact_decoded_rgb,0,1.0,1.0,False
data/Training/notumor/Tr-no_5.jpg,notumor,data/Training/notumor/Tr-no_82.jpg,notumor,perceptual_phash_ncc,4,0.9950129985809326,0.9558565616607666,False
data/Training/notumor/Tr-no_50.jpg,notumor,data/Testing/notumor/Te-no_242.jpg,notumor,perceptual_phash_ncc,0,0.9988491535186768,0.9856040477752686,False
data/Training/notumor/Tr-no_50.jpg,notumor,data/Testing/notumor/Te-no_266.jpg,notumor,perceptual_phash_ncc,2,0.9955199360847473,0.954373836517334,False
data/Training/notumor/Tr-no_50.jpg,notumor,data/Training/notumor/Tr-no_799.jpg,notumor,perceptual_phash_ncc,4,0.9946742057800293,0.9495654106140137,False
data/Training/notumor/Tr-no_500.jpg,notumor,data/Testing/notumor/Te-no_216.jpg,notumor,perceptual_phash_ncc,2,0.9999622106552124,0.9994072914123535,False
data/Training/notumor/Tr-no_500.jpg,notumor,data/Testing/notumor/Te-no_182.jpg,notumor,perceptual_phash_ncc,4,0.9984824061393738,0.9801152944564819,False
data/Training/notumor/Tr-no_501.jpg,notumor,data/Testing/notumor/Te-no_250.jpg,notumor,perceptual_phash_ncc,2,0.9966093897819519,0.9614036083221436,False
data/Training/notumor/Tr-no_502.jpg,notumor,data/Training/notumor/Tr-no_736.jpg,notumor,perceptual_phash_ncc,4,0.9986687302589417,0.9710651636123657,False
data/Training/notumor/Tr-no_502.jpg,notumor,data/Training/notumor/Tr-no_927.jpg,notumor,perceptual_phash_ncc,4,0.9984267354011536,0.9639115333557129,False
data/Training/notumor/Tr-no_507.jpg,notumor,data/Training/notumor/Tr-no_758.jpg,notumor,perceptual_phash_ncc,2,0.9955611228942871,0.9389950037002563,False
data/Training/notumor/Tr-no_508.jpg,notumor,data/Testing/notumor/Te-no_339.jpg,notumor,perceptual_phash_ncc,2,0.9997073411941528,0.9937975406646729,False
data/Training/notumor/Tr-no_510.jpg,notumor,data/Training/notumor/Tr-no_730.jpg,notumor,perceptual_phash_ncc,2,0.9963613748550415,0.9508493542671204,False
data/Training/notumor/Tr-no_510.jpg,notumor,data/Testing/notumor/Te-no_220.jpg,notumor,perceptual_phash_ncc,2,0.9961740374565125,0.9467823505401611,False
data/Training/notumor/Tr-no_511.jpg,notumor,data/Training/notumor/Tr-no_668.jpg,notumor,perceptual_phash_ncc,2,0.9973369240760803,0.9655622243881226,False
data/Training/notumor/Tr-no_511.jpg,notumor,data/Training/notumor/Tr-no_547.jpg,notumor,perceptual_phash_ncc,4,0.997226357460022,0.9637227654457092,False
data/Training/notumor/Tr-no_513.jpg,notumor,data/Training/notumor/Tr-no_996.jpg,notumor,perceptual_phash_ncc,2,0.9936138391494751,0.9254084229469299,False
data/Training/notumor/Tr-no_513.jpg,notumor,data/Testing/notumor/Te-no_53.jpg,notumor,perceptual_phash_ncc,4,0.9924066662788391,0.9173513054847717,False
data/Training/notumor/Tr-no_514.jpg,notumor,data/Testing/notumor/Te-no_35.jpg,notumor,perceptual_phash_ncc,2,0.9888620972633362,0.884087860584259,False
data/Training/notumor/Tr-no_514.jpg,notumor,data/Testing/notumor/Te-no_383.jpg,notumor,perceptual_phash_ncc,2,0.9953455328941345,0.9494909048080444,False
data/Training/notumor/Tr-no_514.jpg,notumor,data/Training/notumor/Tr-no_74.jpg,notumor,perceptual_phash_ncc,4,0.9860985279083252,0.8580566644668579,False
data/Training/notumor/Tr-no_514.jpg,notumor,data/Training/notumor/Tr-no_873.jpg,notumor,perceptual_phash_ncc,4,0.9869665503501892,0.8734192848205566,False
data/Training/notumor/Tr-no_517.jpg,notumor,data/Testing/notumor/Te-no_183.jpg,notumor,perceptual_phash_ncc,2,0.9953248500823975,0.9203274250030518,False
data/Training/notumor/Tr-no_518.jpg,notumor,data/Training/notumor/Tr-no_92.jpg,notumor,exact_decoded_rgb,0,1.0,1.0,False
data/Training/notumor/Tr-no_521.jpg,notumor,data/Testing/notumor/Te-no_139.jpg,notumor,perceptual_phash_ncc,2,0.9968757033348083,0.9325898289680481,False
data/Training/notumor/Tr-no_524.jpg,notumor,data/Training/notumor/Tr-no_617.jpg,notumor,exact_decoded_rgb,0,1.0,1.0,False
data/Training/notumor/Tr-no_526.jpg,notumor,data/Training/notumor/Tr-no_623.jpg,notumor,perceptual_phash_ncc,4,0.9979158043861389,0.9832812547683716,False
data/Training/notumor/Tr-no_53.jpg,notumor,data/Testing/notumor/Te-no_44.jpg,notumor,perceptual_phash_ncc,4,0.9951871633529663,0.9094806909561157,False
data/Training/notumor/Tr-no_530.jpg,notumor,data/Testing/notumor/Te-no_70.jpg,notumor,perceptual_phash_ncc,0,0.9973710179328918,0.968158483505249,False
data/Training/notumor/Tr-no_536.jpg,notumor,data/Training/notumor/Tr-no_612.jpg,notumor,perceptual_phash_ncc,0,0.9997832179069519,0.9955446720123291,False
data/Training/notumor/Tr-no_536.jpg,notumor,data/Training/notumor/Tr-no_56.jpg,notumor,perceptual_phash_ncc,4,0.9964928030967712,0.9666810035705566,False
data/Training/notumor/Tr-no_536.jpg,notumor,data/Training/notumor/Tr-no_657.jpg,notumor,perceptual_phash_ncc,4,0.9932255148887634,0.9388131499290466,False
data/Training/notumor/Tr-no_536.jpg,notumor,data/Training/notumor/Tr-no_73.jpg,notumor,perceptual_phash_ncc,4,0.9964928030967712,0.9666810035705566,False
data/Training/notumor/Tr-no_539.jpg,notumor,data/Training/notumor/Tr-no_543.jpg,notumor,exact_decoded_rgb,0,1.0,1.0,False
data/Training/notumor/Tr-no_540.jpg,notumor,data/Training/notumor/Tr-no_753.jpg,notumor,exact_decoded_rgb,0,1.0,1.0,False
data/Training/notumor/Tr-no_540.jpg,notumor,data/Training/notumor/Tr-no_96.jpg,notumor,perceptual_phash_ncc,0,0.9981268644332886,0.9826235771179199,False
data/Training/notumor/Tr-no_540.jpg,notumor,data/Testing/notumor/Te-no_205.jpg,notumor,perceptual_phash_ncc,2,0.9980710744857788,0.98102205991745,False
data/Training/notumor/Tr-no_541.jpg,notumor,data/Training/notumor/Tr-no_708.jpg,notumor,perceptual_phash_ncc,0,0.9957900047302246,0.945439338684082,False
data/Training/notumor/Tr-no_541.jpg,notumor,data/Training/notumor/Tr-no_575.jpg,notumor,perceptual_phash_ncc,2,0.9944031834602356,0.9304938316345215,False
data/Training/notumor/Tr-no_541.jpg,notumor,data/Training/notumor/Tr-no_963.jpg,notumor,perceptual_phash_ncc,4,0.995494544506073,0.942090630531311,False
data/Training/notumor/Tr-no_542.jpg,notumor,data/Training/notumor/Tr-no_724.jpg,notumor,perceptual_phash_ncc,2,0.9998486638069153,0.9964101910591125,False
data/Training/notumor/Tr-no_542.jpg,notumor,data/Training/notumor/Tr-no_982.jpg,notumor,perceptual_phash_ncc,2,0.9997350573539734,0.9944025278091431,False
data/Training/notumor/Tr-no_544.jpg,notumor,data/Training/notumor/Tr-no_571.jpg,notumor,perceptual_phash_ncc,2,0.998652458190918,0.9823015928268433,False
data/Training/notumor/Tr-no_544.jpg,notumor,data/Testing/notumor/Te-no_385.jpg,notumor,perceptual_phash_ncc,2,0.9999860525131226,0.9996941089630127,False
data/Training/notumor/Tr-no_547.jpg,notumor,data/Training/notumor/Tr-no_668.jpg,notumor,perceptual_phash_ncc,4,0.9979520440101624,0.9734128713607788,False
data/Training/notumor/Tr-no_549.jpg,notumor,data/Testing/notumor/Te-no_155.jpg,notumor,perceptual_phash_ncc,2,0.99590665102005,0.9578841328620911,False
data/Training/notumor/Tr-no_549.jpg,notumor,data/Testing/notumor/Te-no_32.jpg,notumor,perceptual_phash_ncc,4,0.9960318803787231,0.9589720368385315,False
data/Training/notumor/Tr-no_55.jpg,notumor,data/Training/notumor/Tr-no_578.jpg,notumor,perceptual_phash_ncc,0,0.9954020380973816,0.9419476985931396,False
data/Training/notumor/Tr-no_550.jpg,notumor,data/Testing/notumor/Te-no_332.jpg,notumor,perceptual_phash_ncc,2,0.9996508955955505,0.9957400560379028,False
data/Training/notumor/Tr-no_553.jpg,notumor,data/Training/notumor/Tr-no_809.jpg,notumor,perceptual_phash_ncc,0,0.9954409003257751,0.9156885743141174,False
data/Training/notumor/Tr-no_554.jpg,notumor,data/Testing/notumor/Te-no_294.jpg,notumor,perceptual_phash_ncc,0,0.998819887638092,0.981392502784729,False
data/Training/notumor/Tr-no_556.jpg,notumor,data/Training/notumor/Tr-no_739.jpg,notumor,perceptual_phash_ncc,4,0.9924014806747437,0.9165040850639343,False
data/Training/notumor/Tr-no_556.jpg,notumor,data/Testing/notumor/Te-no_188.jpg,notumor,perceptual_phash_ncc,4,0.9951349496841431,0.9386104345321655,False
data/Training/notumor/Tr-no_559.jpg,notumor,data/Training/notumor/Tr-no_620.jpg,notumor,perceptual_phash_ncc,0,0.9958764910697937,0.9558356404304504,False
data/Training/notumor/Tr-no_559.jpg,notumor,data/Training/notumor/Tr-no_781.jpg,notumor,perceptual_phash_ncc,0,0.9928987622261047,0.9381842613220215,False
data/Training/notumor/Tr-no_559.jpg,notumor,data/Training/notumor/Tr-no_955.jpg,notumor,perceptual_phash_ncc,0,0.9997472763061523,0.996887743473053,False
data/Training/notumor/Tr-no_559.jpg,notumor,data/Testing/notumor/Te-no_61.jpg,notumor,perceptual_phash_ncc,2,0.9868237376213074,0.8962761759757996,False
data/Training/notumor/Tr-no_559.jpg,notumor,data/Training/notumor/Tr-no_841.jpg,notumor,perceptual_phash_ncc,4,0.973412811756134,0.8739207983016968,False
data/Training/notumor/Tr-no_559.jpg,notumor,data/Testing/notumor/Te-no_322.jpg,notumor,perceptual_phash_ncc,4,0.9902032017707825,0.946013867855072,False
data/Training/notumor/Tr-no_56.jpg,notumor,data/Training/notumor/Tr-no_657.jpg,notumor,perceptual_phash_ncc,0,0.9962019920349121,0.9624033570289612,False
data/Training/notumor/Tr-no_56.jpg,notumor,data/Training/notumor/Tr-no_73.jpg,notumor,exact_decoded_rgb,0,1.0,1.0,False
data/Training/notumor/Tr-no_56.jpg,notumor,data/Training/notumor/Tr-no_612.jpg,notumor,perceptual_phash_ncc,4,0.9964523315429688,0.9662227034568787,False
data/Training/notumor/Tr-no_560.jpg,notumor,data/Training/notumor/Tr-no_958.jpg,notumor,perceptual_phash_ncc,4,0.9826767444610596,0.8863159418106079,False
data/Training/notumor/Tr-no_560.jpg,notumor,data/Testing/notumor/Te-no_221.jpg,notumor,perceptual_phash_ncc,4,0.9834346175193787,0.8954452872276306,False
data/Training/notumor/Tr-no_561.jpg,notumor,data/Testing/notumor/Te-no_197.jpg,notumor,perceptual_phash_ncc,0,0.9996288418769836,0.9921354651451111,False
data/Training/notumor/Tr-no_561.jpg,notumor,data/Testing/notumor/Te-no_353.jpg,notumor,perceptual_phash_ncc,2,0.9996087551116943,0.9911541938781738,False
data/Training/notumor/Tr-no_563.jpg,notumor,data/Testing/notumor/Te-no_356.jpg,notumor,perceptual_phash_ncc,0,0.9999353885650635,0.9995872378349304,False
data/Training/notumor/Tr-no_564.jpg,notumor,data/Training/notumor/Tr-no_694.jpg,notumor,perceptual_phash_ncc,0,0.99993896484375,0.9987369179725647,False
data/Training/notumor/Tr-no_564.jpg,notumor,data/Training/notumor/Tr-no_878.jpg,notumor,perceptual_phash_ncc,0,0.9990235567092896,0.9854812026023865,False
data/Training/notumor/Tr-no_564.jpg,notumor,data/Testing/notumor/Te-no_14.jpg,notumor,perceptual_phash_ncc,2,0.9989323019981384,0.9802324771881104,False
data/Training/notumor/Tr-no_564.jpg,notumor,data/Testing/notumor/Te-no_222.jpg,notumor,perceptual_phash_ncc,2,0.9997235536575317,0.9945053458213806,False
data/Training/notumor/Tr-no_565.jpg,notumor,data/Training/notumor/Tr-no_625.jpg,notumor,perceptual_phash_ncc,2,0.999725341796875,0.9970875978469849,False
data/Training/notumor/Tr-no_566.jpg,notumor,data/Testing/notumor/Te-no_384.jpg,notumor,perceptual_phash_ncc,4,0.997140645980835,0.9452539682388306,False
data/Training/notumor/Tr-no_568.jpg,notumor,data/Training/notumor/Tr-no_992.jpg,notumor,perceptual_phash_ncc,2,0.9943649172782898,0.9436972737312317,False
data/Training/notumor/Tr-no_570.jpg,notumor,data/Testing/notumor/Te-no_267.jpg,notumor,perceptual_phash_ncc,2,0.9940767288208008,0.9022245407104492,False
data/Training/notumor/Tr-no_571.jpg,notumor,data/Testing/notumor/Te-no_385.jpg,notumor,perceptual_phash_ncc,2,0.9986814260482788,0.9828540086746216,False
data/Training/notumor/Tr-no_575.jpg,notumor,data/Training/notumor/Tr-no_708.jpg,notumor,perceptual_phash_ncc,2,0.9965553879737854,0.9562993049621582,False
data/Training/notumor/Tr-no_575.jpg,notumor,data/Training/notumor/Tr-no_963.jpg,notumor,perceptual_phash_ncc,2,0.998206377029419,0.9764375686645508,False
data/Training/notumor/Tr-no_577.jpg,notumor,data/Training/notumor/Tr-no_764.jpg,notumor,exact_decoded_rgb,0,1.0,1.0,False
data/Training/notumor/Tr-no_58.jpg,notumor,data/Training/notumor/Tr-no_906.jpg,notumor,exact_decoded_rgb,0,1.0,1.0,False
data/Training/notumor/Tr-no_583.jpg,notumor,data/Testing/notumor/Te-no_139.jpg,notumor,perceptual_phash_ncc,0,0.9963778257369995,0.7631145715713501,False
data/Training/notumor/Tr-no_585.jpg,notumor,data/Testing/notumor/Te-no_127.jpg,notumor,perceptual_phash_ncc,2,0.9798590540885925,0.8470808267593384,False
data/Training/notumor/Tr-no_585.jpg,notumor,data/Testing/notumor/Te-no_357.jpg,notumor,perceptual_phash_ncc,4,0.9796790480613708,0.8477820754051208,False
data/Training/notumor/Tr-no_586.jpg,notumor,data/Testing/notumor/Te-no_358.jpg,notumor,perceptual_phash_ncc,2,0.9947454333305359,0.9536557197570801,False
data/Training/notumor/Tr-no_587.jpg,notumor,data/Training/notumor/Tr-no_765.jpg,notumor,perceptual_phash_ncc,2,0.9967191815376282,0.9572996497154236,False
data/Training/notumor/Tr-no_587.jpg,notumor,data/Training/notumor/Tr-no_696.jpg,notumor,perceptual_phash_ncc,4,0.9972349405288696,0.9645026326179504,False
data/Training/notumor/Tr-no_588.jpg,notumor,data/Training/notumor/Tr-no_989.jpg,notumor,exact_decoded_rgb,0,1.0,1.0,False
data/Training/notumor/Tr-no_592.jpg,notumor,data/Training/notumor/Tr-no_65.jpg,notumor,perceptual_phash_ncc,0,0.9993876218795776,0.9821881651878357,False
data/Training/notumor/Tr-no_595.jpg,notumor,data/Training/notumor/Tr-no_597.jpg,notumor,perceptual_phash_ncc,2,0.9918729662895203,0.9105200171470642,False
data/Training/notumor/Tr-no_595.jpg,notumor,data/Testing/notumor/Te-no_392.jpg,notumor,perceptual_phash_ncc,4,0.9888237714767456,0.8855681419372559,False
data/Training/notumor/Tr-no_597.jpg,notumor,data/Testing/notumor/Te-no_392.jpg,notumor,perceptual_phash_ncc,4,0.9929523468017578,0.9234607815742493,False
data/Training/notumor/Tr-no_60.jpg,notumor,data/Training/notumor/Tr-no_885.jpg,notumor,perceptual_phash_ncc,0,0.997992753982544,0.9747862815856934,False
data/Training/notumor/Tr-no_60.jpg,notumor,data/Testing/notumor/Te-no_304.jpg,notumor,perceptual_phash_ncc,2,0.9978897571563721,0.9731541872024536,False
data/Training/notumor/Tr-no_60.jpg,notumor,data/Testing/notumor/Te-no_115.jpg,notumor,perceptual_phash_ncc,4,0.9952712059020996,0.942835807800293,False
data/Training/notumor/Tr-no_600.jpg,notumor,data/Training/notumor/Tr-no_715.jpg,notumor,perceptual_phash_ncc,2,0.9998968243598938,0.99764484167099,False
data/Training/notumor/Tr-no_600.jpg,notumor,data/Testing/notumor/Te-no_344.jpg,notumor,perceptual_phash_ncc,2,0.9993888139724731,0.9884278774261475,False
data/Training/notumor/Tr-no_604.jpg,notumor,data/Training/notumor/Tr-no_717.jpg,notumor,perceptual_phash_ncc,2,0.9973571300506592,0.9790899753570557,False
data/Training/notumor/Tr-no_604.jpg,notumor,data/Testing/notumor/Te-no_82.jpg,notumor,perceptual_phash_ncc,2,0.9919187426567078,0.9437724351882935,False
data/Training/notumor/Tr-no_609.jpg,notumor,data/Testing/notumor/Te-no_143.jpg,notumor,perceptual_phash_ncc,4,0.9982616901397705,0.9592291712760925,False
data/Training/notumor/Tr-no_61.jpg,notumor,data/Training/notumor/Tr-no_889.jpg,notumor,perceptual_phash_ncc,0,0.9998355507850647,0.9988200068473816,False
data/Training/notumor/Tr-no_61.jpg,notumor,data/Training/notumor/Tr-no_748.jpg,notumor,perceptual_phash_ncc,2,0.9969303011894226,0.9783569574356079,False
data/Training/notumor/Tr-no_61.jpg,notumor,data/Testing/notumor/Te-no_281.jpg,notumor,perceptual_phash_ncc,4,0.9930809140205383,0.950086236000061,False
data/Training/notumor/Tr-no_611.jpg,notumor,data/Testing/notumor/Te-no_260.jpg,notumor,perceptual_phash_ncc,2,0.9927002191543579,0.9007662534713745,False
data/Training/notumor/Tr-no_611.jpg,notumor,data/Testing/notumor/Te-no_271.jpg,notumor,perceptual_phash_ncc,2,0.9997015595436096,0.9867344498634338,False
data/Training/notumor/Tr-no_611.jpg,notumor,data/Testing/notumor/Te-no_189.jpg,notumor,perceptual_phash_ncc,4,0.9916120171546936,0.8902525901794434,False
data/Training/notumor/Tr-no_612.jpg,notumor,data/Training/notumor/Tr-no_657.jpg,notumor,perceptual_phash_ncc,4,0.9932111501693726,0.9383939504623413,False
data/Training/notumor/Tr-no_612.jpg,notumor,data/Training/notumor/Tr-no_73.jpg,notumor,perceptual_phash_ncc,4,0.9964523315429688,0.9662227034568787,False
data/Training/notumor/Tr-no_618.jpg,notumor,data/Testing/notumor/Te-no_273.jpg,notumor,perceptual_phash_ncc,0,0.9984083771705627,0.9812174439430237,False
data/Training/notumor/Tr-no_620.jpg,notumor,data/Training/notumor/Tr-no_781.jpg,notumor,perceptual_phash_ncc,0,0.9913039803504944,0.9244335889816284,False
data/Training/notumor/Tr-no_620.jpg,notumor,data/Training/notumor/Tr-no_955.jpg,notumor,perceptual_phash_ncc,0,0.9962722063064575,0.959727942943573,False
data/Training/notumor/Tr-no_620.jpg,notumor,data/Testing/notumor/Te-no_61.jpg,notumor,perceptual_phash_ncc,2,0.9858176708221436,0.888507604598999,False
data/Training/notumor/Tr-no_620.jpg,notumor,data/Training/notumor/Tr-no_841.jpg,notumor,perceptual_phash_ncc,4,0.9691821336746216,0.8476066589355469,False
data/Training/notumor/Tr-no_620.jpg,notumor,data/Testing/notumor/Te-no_322.jpg,notumor,perceptual_phash_ncc,4,0.9887106418609619,0.9300245046615601,False
data/Training/notumor/Tr-no_621.jpg,notumor,data/Testing/notumor/Te-no_210.jpg,notumor,perceptual_phash_ncc,4,0.9972193837165833,0.9629105925559998,False
data/Training/notumor/Tr-no_626.jpg,notumor,data/Training/notumor/Tr-no_665.jpg,notumor,perceptual_phash_ncc,2,0.996505856513977,0.9649544954299927,False
data/Training/notumor/Tr-no_626.jpg,notumor,data/Testing/notumor/Te-no_74.jpg,notumor,perceptual_phash_ncc,2,0.9962462782859802,0.9619471430778503,False
data/Training/notumor/Tr-no_626.jpg,notumor,data/Testing/notumor/Te-no_166.jpg,notumor,perceptual_phash_ncc,4,0.9939164519309998,0.9437156319618225,False
data/Training/notumor/Tr-no_627.jpg,notumor,data/Training/notumor/Tr-no_877.jpg,notumor,perceptual_phash_ncc,0,0.9996382594108582,0.9922385215759277,False
data/Training/notumor/Tr-no_628.jpg,notumor,data/Testing/notumor/Te-no_161.jpg,notumor,perceptual_phash_ncc,2,0.9991151690483093,0.9834840297698975,False
data/Training/notumor/Tr-no_628.jpg,notumor,data/Testing/notumor/Te-no_329.jpg,notumor,perceptual_phash_ncc,4,0.988658607006073,0.8673899173736572,False
data/Training/notumor/Tr-no_628.jpg,notumor,data/Testing/notumor/Te-no_71.jpg,notumor,perceptual_phash_ncc,4,0.9853261113166809,0.84088534116745,False
data/Training/notumor/Tr-no_631.jpg,notumor,data/Testing/notumor/Te-no_257.jpg,notumor,perceptual_phash_ncc,0,0.9934310913085938,0.9359049201011658,False
data/Training/notumor/Tr-no_635.jpg,notumor,data/Testing/notumor/Te-no_95.jpg,notumor,perceptual_phash_ncc,2,0.9970789551734924,0.946129322052002,False
data/Training/notumor/Tr-no_635.jpg,notumor,data/Training/notumor/Tr-no_859.jpg,notumor,perceptual_phash_ncc,4,0.9930126667022705,0.8878671526908875,False
data/Training/notumor/Tr-no_636.jpg,notumor,data/Training/notumor/Tr-no_837.jpg,notumor,perceptual_phash_ncc,0,0.9990377426147461,0.9858834743499756,False
data/Training/notumor/Tr-no_636.jpg,notumor,data/Testing/notumor/Te-no_214.jpg,notumor,perceptual_phash_ncc,0,0.9980873465538025,0.9734655022621155,False
data/Training/notumor/Tr-no_637.jpg,notumor,data/Testing/notumor/Te-no_339.jpg,notumor,perceptual_phash_ncc,4,0.9901212453842163,0.8878501057624817,False
data/Training/notumor/Tr-no_638.jpg,notumor,data/Training/notumor/Tr-no_93.jpg,notumor,exact_decoded_rgb,0,1.0,1.0,False
data/Training/notumor/Tr-no_64.jpg,notumor,data/Testing/notumor/Te-no_34.jpg,notumor,perceptual_phash_ncc,0,0.9997736811637878,0.7791807651519775,False
data/Training/notumor/Tr-no_64.jpg,notumor,data/Training/notumor/Tr-no_788.jpg,notumor,perceptual_phash_ncc,2,0.9990546703338623,0.9798951148986816,False
data/Training/notumor/Tr-no_641.jpg,notumor,data/Testing/notumor/Te-no_310.jpg,notumor,perceptual_phash_ncc,2,0.9993376731872559,0.9713900089263916,False
data/Training/notumor/Tr-no_645.jpg,notumor,data/Testing/notumor/Te-no_36.jpg,notumor,perceptual_phash_ncc,4,0.9969688653945923,0.9585580825805664,False
data/Training/notumor/Tr-no_646.jpg,notumor,data/Training/notumor/Tr-no_999.jpg,notumor,perceptual_phash_ncc,2,0.998029887676239,0.9687055945396423,False
data/Training/notumor/Tr-no_648.jpg,notumor,data/Training/notumor/Tr-no_901.jpg,notumor,perceptual_phash_ncc,0,0.9998509883880615,0.9963504672050476,False
data/Training/notumor/Tr-no_649.jpg,notumor,data/Training/notumor/Tr-no_817.jpg,notumor,exact_decoded_rgb,0,1.0,1.0,False
data/Training/notumor/Tr-no_651.jpg,notumor,data/Training/notumor/Tr-no_716.jpg,notumor,perceptual_phash_ncc,0,0.9980462193489075,0.9778542518615723,False
data/Training/notumor/Tr-no_651.jpg,notumor,data/Training/notumor/Tr-no_720.jpg,notumor,perceptual_phash_ncc,0,0.9983845949172974,0.9810687899589539,False
data/Training/notumor/Tr-no_651.jpg,notumor,data/Training/notumor/Tr-no_734.jpg,notumor,perceptual_phash_ncc,0,0.9922705292701721,0.9334411025047302,False
data/Training/notumor/Tr-no_651.jpg,notumor,data/Training/notumor/Tr-no_839.jpg,notumor,perceptual_phash_ncc,0,0.9983845949172974,0.9810687899589539,False
data/Training/notumor/Tr-no_651.jpg,notumor,data/Training/notumor/Tr-no_986.jpg,notumor,perceptual_phash_ncc,2,0.9985398650169373,0.9833920001983643,False
data/Training/notumor/Tr-no_651.jpg,notumor,data/Testing/notumor/Te-no_24.jpg,notumor,perceptual_phash_ncc,2,0.985318124294281,0.8916959762573242,False
data/Training/notumor/Tr-no_651.jpg,notumor,data/Testing/notumor/Te-no_396.jpg,notumor,perceptual_phash_ncc,2,0.989582359790802,0.917684018611908,False
data/Training/notumor/Tr-no_652.jpg,notumor,data/Testing/notumor/Te-no_8.jpg,notumor,perceptual_phash_ncc,0,0.9983013272285461,0.9679781794548035,False
data/Training/notumor/Tr-no_652.jpg,notumor,data/Training/notumor/Tr-no_904.jpg,notumor,perceptual_phash_ncc,4,0.9983466863632202,0.9676254987716675,False
data/Training/notumor/Tr-no_653.jpg,notumor,data/Training/notumor/Tr-no_941.jpg,notumor,perceptual_phash_ncc,4,0.9747404456138611,0.9407014846801758,False
data/Training/notumor/Tr-no_655.jpg,notumor,data/Training/notumor/Tr-no_755.jpg,notumor,perceptual_phash_ncc,0,0.9991774559020996,0.7648638486862183,False
data/Training/notumor/Tr-no_655.jpg,notumor,data/Testing/notumor/Te-no_245.jpg,notumor,perceptual_phash_ncc,2,0.999039351940155,0.9603632092475891,False
data/Training/notumor/Tr-no_657.jpg,notumor,data/Training/notumor/Tr-no_73.jpg,notumor,perceptual_phash_ncc,0,0.9962019920349121,0.9624033570289612,False
data/Training/notumor/Tr-no_659.jpg,notumor,data/Testing/notumor/Te-no_45.jpg,notumor,perceptual_phash_ncc,4,0.9899503588676453,0.8900985717773438,False
data/Training/notumor/Tr-no_66.jpg,notumor,data/Training/notumor/Tr-no_773.jpg,notumor,perceptual_phash_ncc,2,0.9963259696960449,0.94652259349823,False
data/Training/notumor/Tr-no_66.jpg,notumor,data/Testing/notumor/Te-no_118.jpg,notumor,perceptual_phash_ncc,2,0.9984065890312195,0.9773221611976624,False
data/Training/notumor/Tr-no_663.jpg,notumor,data/Testing/notumor/Te-no_333.jpg,notumor,perceptual_phash_ncc,4,0.9961168169975281,0.9415208697319031,False
data/Training/notumor/Tr-no_665.jpg,notumor,data/Testing/notumor/Te-no_166.jpg,notumor,perceptual_phash_ncc,4,0.9942533373832703,0.9478111863136292,False
data/Training/notumor/Tr-no_665.jpg,notumor,data/Testing/notumor/Te-no_74.jpg,notumor,perceptual_phash_ncc,4,0.9969155788421631,0.9697171449661255,False
data/Training/notumor/Tr-no_666.jpg,notumor,data/Training/notumor/Tr-no_890.jpg,notumor,perceptual_phash_ncc,0,0.9979478716850281,0.9826403260231018,False
data/Training/notumor/Tr-no_666.jpg,notumor,data/Testing/notumor/Te-no_314.jpg,notumor,perceptual_phash_ncc,2,0.9949333667755127,0.9591616988182068,False
data/Training/notumor/Tr-no_667.jpg,notumor,data/Testing/notumor/Te-no_96.jpg,notumor,perceptual_phash_ncc,2,0.9942223429679871,0.902383029460907,False
data/Training/notumor/Tr-no_673.jpg,notumor,data/Training/notumor/Tr-no_995.jpg,notumor,exact_decoded_rgb,0,1.0,1.0,False
data/Training/notumor/Tr-no_673.jpg,notumor,data/Testing/notumor/Te-no_330.jpg,notumor,perceptual_phash_ncc,0,0.9995439648628235,0.9881351590156555,False
data/Training/notumor/Tr-no_675.jpg,notumor,data/Testing/notumor/Te-no_163.jpg,notumor,perceptual_phash_ncc,4,0.9994664788246155,0.9770892858505249,False
data/Training/notumor/Tr-no_675.jpg,notumor,data/Testing/notumor/Te-no_372.jpg,notumor,perceptual_phash_ncc,4,0.9993265867233276,0.9718067646026611,False
data/Training/notumor/Tr-no_68.jpg,notumor,data/Testing/notumor/Te-no_107.jpg,notumor,perceptual_phash_ncc,0,0.9990973472595215,0.9880004525184631,False
data/Training/notumor/Tr-no_680.jpg,notumor,data/Training/notumor/Tr-no_914.jpg,notumor,perceptual_phash_ncc,2,0.9962316155433655,0.9517309069633484,False
data/Training/notumor/Tr-no_683.jpg,notumor,data/Training/notumor/Tr-no_821.jpg,notumor,perceptual_phash_ncc,2,0.9922623038291931,0.9187896251678467,False
data/Training/notumor/Tr-no_683.jpg,notumor,data/Testing/notumor/Te-no_86.jpg,notumor,perceptual_phash_ncc,4,0.9925151467323303,0.926008403301239,False
data/Training/notumor/Tr-no_687.jpg,notumor,data/Training/notumor/Tr-no_929.jpg,notumor,perceptual_phash_ncc,2,0.9990983009338379,0.9767069816589355,False
data/Training/notumor/Tr-no_687.jpg,notumor,data/Testing/notumor/Te-no_228.jpg,notumor,perceptual_phash_ncc,2,0.9989529252052307,0.970844566822052,False
data/Training/notumor/Tr-no_69.jpg,notumor,data/Training/notumor/Tr-no_882.jpg,notumor,perceptual_phash_ncc,0,0.9991164207458496,0.982337236404419,False
data/Training/notumor/Tr-no_690.jpg,notumor,data/Testing/notumor/Te-no_338.jpg,notumor,perceptual_phash_ncc,2,0.9992481470108032,0.9858512878417969,False
data/Training/notumor/Tr-no_692.jpg,notumor,data/Training/notumor/Tr-no_767.jpg,notumor,exact_decoded_rgb,0,1.0,1.0,False
data/Training/notumor/Tr-no_692.jpg,notumor,data/Training/notumor/Tr-no_98.jpg,notumor,exact_decoded_rgb,0,1.0,1.0,False
data/Training/notumor/Tr-no_693.jpg,notumor,data/Training/notumor/Tr-no_82.jpg,notumor,perceptual_phash_ncc,4,0.9950129985809326,0.9558565616607666,False
data/Training/notumor/Tr-no_694.jpg,notumor,data/Training/notumor/Tr-no_878.jpg,notumor,perceptual_phash_ncc,0,0.9990493059158325,0.9846446514129639,False
data/Training/notumor/Tr-no_694.jpg,notumor,data/Testing/notumor/Te-no_14.jpg,notumor,perceptual_phash_ncc,2,0.9989531636238098,0.979028046131134,False
data/Training/notumor/Tr-no_694.jpg,notumor,data/Testing/notumor/Te-no_222.jpg,notumor,perceptual_phash_ncc,2,0.9997456669807434,0.993732750415802,False
data/Training/notumor/Tr-no_696.jpg,notumor,data/Training/notumor/Tr-no_765.jpg,notumor,perceptual_phash_ncc,2,0.9991050958633423,0.9859222769737244,False
data/Training/notumor/Tr-no_698.jpg,notumor,data/Training/notumor/Tr-no_930.jpg,notumor,exact_decoded_rgb,0,1.0,1.0,False
data/Training/notumor/Tr-no_701.jpg,notumor,data/Training/notumor/Tr-no_867.jpg,notumor,perceptual_phash_ncc,0,0.996513307094574,0.9549084901809692,False
data/Training/notumor/Tr-no_701.jpg,notumor,data/Training/notumor/Tr-no_984.jpg,notumor,perceptual_phash_ncc,0,0.9970447421073914,0.9526021480560303,False
data/Training/notumor/Tr-no_701.jpg,notumor,data/Testing/notumor/Te-no_295.jpg,notumor,perceptual_phash_ncc,0,0.9973116517066956,0.9604838490486145,False
data/Training/notumor/Tr-no_703.jpg,notumor,data/Training/notumor/Tr-no_827.jpg,notumor,perceptual_phash_ncc,0,0.9945853352546692,0.9352625012397766,False
data/Training/notumor/Tr-no_704.jpg,notumor,data/Training/notumor/Tr-no_994.jpg,notumor,perceptual_phash_ncc,0,0.9915361404418945,0.9438962936401367,False
data/Training/notumor/Tr-no_704.jpg,notumor,data/Testing/notumor/Te-no_336.jpg,notumor,perceptual_phash_ncc,0,0.9885775446891785,0.9109767079353333,False
data/Training/notumor/Tr-no_708.jpg,notumor,data/Training/notumor/Tr-no_963.jpg,notumor,perceptual_phash_ncc,4,0.9981119632720947,0.9749948382377625,False
data/Training/notumor/Tr-no_709.jpg,notumor,data/Testing/notumor/Te-no_275.jpg,notumor,perceptual_phash_ncc,4,0.9945932626724243,0.9625240564346313,False
data/Training/notumor/Tr-no_714.jpg,notumor,data/Training/notumor/Tr-no_723.jpg,notumor,perceptual_phash_ncc,0,0.9997901916503906,0.997283399105072,False
data/Training/notumor/Tr-no_714.jpg,notumor,data/Testing/notumor/Te-no_135.jpg,notumor,perceptual_phash_ncc,4,0.9964767098426819,0.96014404296875,False
data/Training/notumor/Tr-no_715.jpg,notumor,data/Testing/notumor/Te-no_344.jpg,notumor,perceptual_phash_ncc,2,0.9994126558303833,0.9889745116233826,False
data/Training/notumor/Tr-no_716.jpg,notumor,data/Training/notumor/Tr-no_720.jpg,notumor,perceptual_phash_ncc,0,0.999036967754364,0.9881289005279541,False
data/Training/notumor/Tr-no_716.jpg,notumor,data/Training/notumor/Tr-no_734.jpg,notumor,perceptual_phash_ncc,0,0.9926196932792664,0.9367262125015259,False
data/Training/notumor/Tr-no_716.jpg,notumor,data/Training/notumor/Tr-no_839.jpg,notumor,perceptual_phash_ncc,0,0.999036967754364,0.9881289005279541,False
data/Training/notumor/Tr-no_716.jpg,notumor,data/Training/notumor/Tr-no_986.jpg,notumor,perceptual_phash_ncc,2,0.9985387921333313,0.983076274394989,False
data/Training/notumor/Tr-no_716.jpg,notumor,data/Testing/notumor/Te-no_24.jpg,notumor,perceptual_phash_ncc,2,0.9855843186378479,0.8939321041107178,False
data/Training/notumor/Tr-no_716.jpg,notumor,data/Testing/notumor/Te-no_396.jpg,notumor,perceptual_phash_ncc,2,0.9898821711540222,0.9204880595207214,False
data/Training/notumor/Tr-no_717.jpg,notumor,data/Testing/notumor/Te-no_82.jpg,notumor,perceptual_phash_ncc,2,0.9937031865119934,0.955062210559845,False
data/Training/notumor/Tr-no_718.jpg,notumor,data/Training/notumor/Tr-no_847.jpg,notumor,perceptual_phash_ncc,2,0.9979164004325867,0.9718236923217773,False
data/Training/notumor/Tr-no_72.jpg,notumor,data/Testing/notumor/Te-no_290.jpg,notumor,perceptual_phash_ncc,2,0.9962245225906372,0.9597591161727905,False
data/Training/notumor/Tr-no_720.jpg,notumor,data/Training/notumor/Tr-no_734.jpg,notumor,perceptual_phash_ncc,0,0.9928117394447327,0.9378727078437805,False
data/Training/notumor/Tr-no_720.jpg,notumor,data/Training/notumor/Tr-no_839.jpg,notumor,exact_decoded_rgb,0,1.0,1.0,False
data/Training/notumor/Tr-no_720.jpg,notumor,data/Training/notumor/Tr-no_986.jpg,notumor,perceptual_phash_ncc,2,0.9990430474281311,0.9886006712913513,False
data/Training/notumor/Tr-no_720.jpg,notumor,data/Testing/notumor/Te-no_24.jpg,notumor,perceptual_phash_ncc,2,0.9855926036834717,0.8934723138809204,False
data/Training/notumor/Tr-no_720.jpg,notumor,data/Testing/notumor/Te-no_396.jpg,notumor,perceptual_phash_ncc,2,0.9899796843528748,0.9208974838256836,False
data/Training/notumor/Tr-no_721.jpg,notumor,data/Training/notumor/Tr-no_81.jpg,notumor,exact_decoded_rgb,0,1.0,1.0,False
data/Training/notumor/Tr-no_721.jpg,notumor,data/Training/notumor/Tr-no_751.jpg,notumor,perceptual_phash_ncc,2,0.9973981976509094,0.9683867692947388,False
data/Training/notumor/Tr-no_721.jpg,notumor,data/Testing/notumor/Te-no_145.jpg,notumor,perceptual_phash_ncc,2,0.9988576769828796,0.9846511483192444,False
data/Training/notumor/Tr-no_722.jpg,notumor,data/Training/notumor/Tr-no_731.jpg,notumor,perceptual_phash_ncc,4,0.9961061477661133,0.9568749070167542,False
data/Training/notumor/Tr-no_723.jpg,notumor,data/Testing/notumor/Te-no_135.jpg,notumor,perceptual_phash_ncc,4,0.9965541958808899,0.9615093469619751,False
data/Training/notumor/Tr-no_724.jpg,notumor,data/Training/notumor/Tr-no_982.jpg,notumor,perceptual_phash_ncc,2,0.9998469948768616,0.9958911538124084,False
data/Training/notumor/Tr-no_725.jpg,notumor,data/Testing/notumor/Te-no_134.jpg,notumor,perceptual_phash_ncc,2,0.9988698363304138,0.9857679605484009,False
data/Training/notumor/Tr-no_725.jpg,notumor,data/Testing/notumor/Te-no_58.jpg,notumor,perceptual_phash_ncc,2,0.9975616335868835,0.9700404405593872,False
data/Training/notumor/Tr-no_730.jpg,notumor,data/Testing/notumor/Te-no_220.jpg,notumor,perceptual_phash_ncc,0,0.9992266297340393,0.9844837188720703,False
data/Training/notumor/Tr-no_733.jpg,notumor,data/Training/notumor/Tr-no_9.jpg,notumor,perceptual_phash_ncc,0,0.9945070147514343,0.9441432356834412,False
data/Training/notumor/Tr-no_734.jpg,notumor,data/Training/notumor/Tr-no_839.jpg,notumor,perceptual_phash_ncc,0,0.9928117394447327,0.9378727078437805,False
data/Training/notumor/Tr-no_734.jpg,notumor,data/Training/notumor/Tr-no_986.jpg,notumor,perceptual_phash_ncc,2,0.9926167726516724,0.9367167353630066,False
data/Training/notumor/Tr-no_734.jpg,notumor,data/Testing/notumor/Te-no_24.jpg,notumor,perceptual_phash_ncc,2,0.9915353059768677,0.940735936164856,False
data/Training/notumor/Tr-no_734.jpg,notumor,data/Testing/notumor/Te-no_396.jpg,notumor,perceptual_phash_ncc,2,0.9964481592178345,0.9756301045417786,False
data/Training/notumor/Tr-no_739.jpg,notumor,data/Testing/notumor/Te-no_188.jpg,notumor,perceptual_phash_ncc,4,0.9914668798446655,0.9054462313652039,False
data/Training/notumor/Tr-no_74.jpg,notumor,data/Testing/notumor/Te-no_35.jpg,notumor,perceptual_phash_ncc,2,0.9830223321914673,0.8293049335479736,False
data/Training/notumor/Tr-no_74.jpg,notumor,data/Testing/notumor/Te-no_383.jpg,notumor,perceptual_phash_ncc,2,0.9891459345817566,0.8825232982635498,False
data/Training/notumor/Tr-no_740.jpg,notumor,data/Testing/notumor/Te-no_243.jpg,notumor,perceptual_phash_ncc,2,0.9883453249931335,0.8902497887611389,False
data/Training/notumor/Tr-no_741.jpg,notumor,data/Training/notumor/Tr-no_976.jpg,notumor,perceptual_phash_ncc,2,0.9999467730522156,0.9973475933074951,False
data/Training/notumor/Tr-no_742.jpg,notumor,data/Testing/notumor/Te-no_37.jpg,notumor,perceptual_phash_ncc,2,0.9955230951309204,0.9274975061416626,False
data/Training/notumor/Tr-no_742.jpg,notumor,data/Testing/notumor/Te-no_73.jpg,notumor,perceptual_phash_ncc,2,0.9944635629653931,0.9095620512962341,False
data/Training/notumor/Tr-no_748.jpg,notumor,data/Training/notumor/Tr-no_889.jpg,notumor,perceptual_phash_ncc,2,0.9968630075454712,0.9780383110046387,False
data/Training/notumor/Tr-no_748.jpg,notumor,data/Testing/notumor/Te-no_281.jpg,notumor,perceptual_phash_ncc,2,0.9936004877090454,0.9533766508102417,False
data/Training/notumor/Tr-no_749.jpg,notumor,data/Training/notumor/Tr-no_931.jpg,notumor,exact_decoded_rgb,0,1.0,1.0,False
data/Training/notumor/Tr-no_750.jpg,notumor,data/Training/notumor/Tr-no_843.jpg,notumor,exact_decoded_rgb,0,1.0,1.0,False
data/Training/notumor/Tr-no_751.jpg,notumor,data/Training/notumor/Tr-no_81.jpg,notumor,perceptual_phash_ncc,2,0.9973981976509094,0.9683867692947388,False
data/Training/notumor/Tr-no_751.jpg,notumor,data/Testing/notumor/Te-no_145.jpg,notumor,perceptual_phash_ncc,2,0.9967451691627502,0.9620186686515808,False
data/Training/notumor/Tr-no_753.jpg,notumor,data/Training/notumor/Tr-no_96.jpg,notumor,perceptual_phash_ncc,0,0.9981268644332886,0.9826235771179199,False
data/Training/notumor/Tr-no_753.jpg,notumor,data/Testing/notumor/Te-no_205.jpg,notumor,perceptual_phash_ncc,2,0.9980710744857788,0.98102205991745,False
data/Training/notumor/Tr-no_756.jpg,notumor,data/Training/notumor/Tr-no_944.jpg,notumor,perceptual_phash_ncc,4,0.9964844584465027,0.9255412220954895,False
data/Training/notumor/Tr-no_759.jpg,notumor,data/Testing/notumor/Te-no_207.jpg,notumor,perceptual_phash_ncc,2,0.997026264667511,0.9453625679016113,False
data/Training/notumor/Tr-no_760.jpg,notumor,data/Testing/notumor/Te-no_315.jpg,notumor,exact_decoded_rgb,0,1.0,1.0,False
data/Training/notumor/Tr-no_761.jpg,notumor,data/Testing/notumor/Te-no_236.jpg,notumor,perceptual_phash_ncc,2,0.9961287379264832,0.9444712996482849,False
data/Training/notumor/Tr-no_761.jpg,notumor,data/Testing/notumor/Te-no_345.jpg,notumor,perceptual_phash_ncc,2,0.9944540858268738,0.9189268350601196,False
data/Training/notumor/Tr-no_762.jpg,notumor,data/Testing/notumor/Te-no_302.jpg,notumor,perceptual_phash_ncc,4,0.9963169097900391,0.9559333920478821,False
data/Training/notumor/Tr-no_766.jpg,notumor,data/Training/notumor/Tr-no_967.jpg,notumor,exact_decoded_rgb,0,1.0,1.0,False
data/Training/notumor/Tr-no_767.jpg,notumor,data/Training/notumor/Tr-no_98.jpg,notumor,exact_decoded_rgb,0,1.0,1.0,False
data/Training/notumor/Tr-no_770.jpg,notumor,data/Training/notumor/Tr-no_798.jpg,notumor,perceptual_phash_ncc,0,0.999592125415802,0.984794557094574,False
data/Training/notumor/Tr-no_771.jpg,notumor,data/Testing/notumor/Te-no_327.jpg,notumor,perceptual_phash_ncc,0,0.9905127286911011,0.9237135052680969,False
data/Training/notumor/Tr-no_771.jpg,notumor,data/Testing/notumor/Te-no_175.jpg,notumor,perceptual_phash_ncc,2,0.9867242574691772,0.9002499580383301,False
data/Training/notumor/Tr-no_771.jpg,notumor,data/Training/notumor/Tr-no_852.jpg,notumor,perceptual_phash_ncc,4,0.9880906343460083,0.9087158441543579,False
data/Training/notumor/Tr-no_772.jpg,notumor,data/Testing/notumor/Te-no_85.jpg,notumor,perceptual_phash_ncc,0,0.9986057877540588,0.9747372269630432,False
data/Training/notumor/Tr-no_772.jpg,notumor,data/Testing/notumor/Te-no_198.jpg,notumor,perceptual_phash_ncc,2,0.9872128963470459,0.8597708940505981,False
data/Training/notumor/Tr-no_772.jpg,notumor,data/Testing/notumor/Te-no_25.jpg,notumor,perceptual_phash_ncc,2,0.9898419976234436,0.875975489616394,False
data/Training/notumor/Tr-no_772.jpg,notumor,data/Testing/notumor/Te-no_90.jpg,notumor,perceptual_phash_ncc,2,0.9884366989135742,0.8684755563735962,False
data/Training/notumor/Tr-no_773.jpg,notumor,data/Testing/notumor/Te-no_118.jpg,notumor,perceptual_phash_ncc,4,0.9955623745918274,0.9408696293830872,False
data/Training/notumor/Tr-no_775.jpg,notumor,data/Testing/notumor/Te-no_350.jpg,notumor,perceptual_phash_ncc,0,0.9980804324150085,0.9660782814025879,False
data/Training/notumor/Tr-no_775.jpg,notumor,data/Testing/notumor/Te-no_289.jpg,notumor,perceptual_phash_ncc,2,0.9983678460121155,0.9708313941955566,False
data/Training/notumor/Tr-no_780.jpg,notumor,data/Testing/notumor/Te-no_296.jpg,notumor,perceptual_phash_ncc,4,0.9970232844352722,0.940537691116333,False
data/Training/notumor/Tr-no_780.jpg,notumor,data/Testing/notumor/Te-no_360.jpg,notumor,perceptual_phash_ncc,4,0.9964490532875061,0.9299378395080566,False
data/Training/notumor/Tr-no_781.jpg,notumor,data/Training/notumor/Tr-no_955.jpg,notumor,perceptual_phash_ncc,0,0.9933713674545288,0.9427931308746338,False
data/Training/notumor/Tr-no_781.jpg,notumor,data/Testing/notumor/Te-no_61.jpg,notumor,perceptual_phash_ncc,2,0.9929988384246826,0.9405403137207031,False
data/Training/notumor/Tr-no_781.jpg,notumor,data/Testing/notumor/Te-no_322.jpg,notumor,perceptual_phash_ncc,4,0.990275502204895,0.9330010414123535,False
data/Training/notumor/Tr-no_791.jpg,notumor,data/Testing/notumor/Te-no_120.jpg,notumor,perceptual_phash_ncc,0,0.9973372220993042,0.9409483075141907,False
data/Training/notumor/Tr-no_791.jpg,notumor,data/Testing/notumor/Te-no_399.jpg,notumor,perceptual_phash_ncc,0,0.9968655109405518,0.9279589056968689,False
data/Training/notumor/Tr-no_793.jpg,notumor,data/Testing/notumor/Te-no_219.jpg,notumor,perceptual_phash_ncc,2,0.9984013438224792,0.9516491889953613,False
data/Training/notumor/Tr-no_794.jpg,notumor,data/Testing/notumor/Te-no_72.jpg,notumor,perceptual_phash_ncc,4,0.99942946434021,0.9890965819358826,False
data/Training/notumor/Tr-no_797.jpg,notumor,data/Testing/notumor/Te-no_180.jpg,notumor,perceptual_phash_ncc,4,0.9994230270385742,0.975874662399292,False
data/Training/notumor/Tr-no_797.jpg,notumor,data/Testing/notumor/Te-no_88.jpg,notumor,perceptual_phash_ncc,4,0.9994862675666809,0.9775048494338989,False
data/Training/notumor/Tr-no_799.jpg,notumor,data/Training/notumor/Tr-no_876.jpg,notumor,perceptual_phash_ncc,2,0.9998354315757751,0.9962040185928345,False
data/Training/notumor/Tr-no_799.jpg,notumor,data/Testing/notumor/Te-no_266.jpg,notumor,perceptual_phash_ncc,2,0.9938924312591553,0.9446222186088562,False
data/Training/notumor/Tr-no_799.jpg,notumor,data/Testing/notumor/Te-no_242.jpg,notumor,perceptual_phash_ncc,4,0.9956634044647217,0.9594703912734985,False
data/Training/notumor/Tr-no_8.jpg,notumor,data/Training/notumor/Tr-no_935.jpg,notumor,exact_decoded_rgb,0,1.0,1.0,False
data/Training/notumor/Tr-no_80.jpg,notumor,data/Testing/notumor/Te-no_48.jpg,notumor,perceptual_phash_ncc,2,0.9995139837265015,0.9791356921195984,False
data/Training/notumor/Tr-no_804.jpg,notumor,data/Training/notumor/Tr-no_870.jpg,notumor,perceptual_phash_ncc,4,0.991301417350769,0.9186587333679199,False
data/Training/notumor/Tr-no_804.jpg,notumor,data/Testing/notumor/Te-no_231.jpg,notumor,perceptual_phash_ncc,4,0.9911881685256958,0.9175398349761963,False
data/Training/notumor/Tr-no_808.jpg,notumor,data/Testing/notumor/Te-no_43.jpg,notumor,perceptual_phash_ncc,4,0.9986772537231445,0.9827280640602112,False
data/Training/notumor/Tr-no_81.jpg,notumor,data/Testing/notumor/Te-no_145.jpg,notumor,perceptual_phash_ncc,2,0.9988576769828796,0.9846511483192444,False
data/Training/notumor/Tr-no_810.jpg,notumor,data/Training/notumor/Tr-no_864.jpg,notumor,perceptual_phash_ncc,2,0.9965335726737976,0.9523054361343384,False
data/Training/notumor/Tr-no_811.jpg,notumor,data/Testing/notumor/Te-no_114.jpg,notumor,perceptual_phash_ncc,0,0.997307300567627,0.9717451333999634,False
data/Training/notumor/Tr-no_811.jpg,notumor,data/Training/notumor/Tr-no_948.jpg,notumor,perceptual_phash_ncc,2,0.9803588390350342,0.8543761968612671,False
data/Training/notumor/Tr-no_813.jpg,notumor,data/Training/notumor/Tr-no_946.jpg,notumor,exact_decoded_rgb,0,1.0,1.0,False
data/Training/notumor/Tr-no_821.jpg,notumor,data/Testing/notumor/Te-no_86.jpg,notumor,perceptual_phash_ncc,2,0.9998448491096497,0.9945248365402222,False
data/Training/notumor/Tr-no_825.jpg,notumor,data/Testing/notumor/Te-no_31.jpg,notumor,perceptual_phash_ncc,2,0.9990754127502441,0.9744645357131958,False
data/Training/notumor/Tr-no_83.jpg,notumor,data/Testing/notumor/Te-no_307.jpg,notumor,perceptual_phash_ncc,0,0.9992839097976685,0.7676122188568115,False
data/Training/notumor/Tr-no_830.jpg,notumor,data/Testing/notumor/Te-no_51.jpg,notumor,perceptual_phash_ncc,2,0.9988496899604797,0.9695979356765747,False
data/Training/notumor/Tr-no_831.jpg,notumor,data/Training/notumor/Tr-no_863.jpg,notumor,exact_decoded_rgb,0,1.0,1.0,False
data/Training/notumor/Tr-no_832.jpg,notumor,data/Testing/notumor/Te-no_121.jpg,notumor,exact_decoded_rgb,0,1.0,1.0,False
data/Training/notumor/Tr-no_835.jpg,notumor,data/Testing/notumor/Te-no_349.jpg,notumor,perceptual_phash_ncc,2,0.9991222620010376,0.9885996580123901,False
data/Training/notumor/Tr-no_835.jpg,notumor,data/Testing/notumor/Te-no_164.jpg,notumor,perceptual_phash_ncc,4,0.9972041249275208,0.9627041816711426,False
data/Training/notumor/Tr-no_835.jpg,notumor,data/Testing/notumor/Te-no_66.jpg,notumor,perceptual_phash_ncc,4,0.9972326755523682,0.9630709886550903,False
data/Training/notumor/Tr-no_837.jpg,notumor,data/Testing/notumor/Te-no_214.jpg,notumor,perceptual_phash_ncc,0,0.9976432919502258,0.9684353470802307,False
data/Training/notumor/Tr-no_838.jpg,notumor,data/Testing/notumor/Te-no_133.jpg,notumor,perceptual_phash_ncc,4,0.9949294924736023,0.949291467666626,False
data/Training/notumor/Tr-no_839.jpg,notumor,data/Training/notumor/Tr-no_986.jpg,notumor,perceptual_phash_ncc,2,0.9990430474281311,0.9886006712913513,False
data/Training/notumor/Tr-no_839.jpg,notumor,data/Testing/notumor/Te-no_24.jpg,notumor,perceptual_phash_ncc,2,0.9855926036834717,0.8934723138809204,False
data/Training/notumor/Tr-no_839.jpg,notumor,data/Testing/notumor/Te-no_396.jpg,notumor,perceptual_phash_ncc,2,0.9899796843528748,0.9208974838256836,False
data/Training/notumor/Tr-no_841.jpg,notumor,data/Training/notumor/Tr-no_955.jpg,notumor,perceptual_phash_ncc,4,0.9733156561851501,0.8736753463745117,False
data/Training/notumor/Tr-no_845.jpg,notumor,data/Testing/notumor/Te-no_325.jpg,notumor,perceptual_phash_ncc,2,0.9966710805892944,0.9571382403373718,False
data/Training/notumor/Tr-no_848.jpg,notumor,data/Testing/notumor/Te-no_362.jpg,notumor,perceptual_phash_ncc,0,0.9979617595672607,0.9639898538589478,False
data/Training/notumor/Tr-no_849.jpg,notumor,data/Training/notumor/Tr-no_973.jpg,notumor,perceptual_phash_ncc,2,0.9980101585388184,0.9586551189422607,False
data/Training/notumor/Tr-no_851.jpg,notumor,data/Testing/notumor/Te-no_321.jpg,notumor,perceptual_phash_ncc,0,0.999916136264801,0.9988923668861389,False
data/Training/notumor/Tr-no_852.jpg,notumor,data/Testing/notumor/Te-no_175.jpg,notumor,perceptual_phash_ncc,2,0.9899789094924927,0.9358935952186584,False
data/Training/notumor/Tr-no_852.jpg,notumor,data/Testing/notumor/Te-no_327.jpg,notumor,perceptual_phash_ncc,4,0.9969652891159058,0.9752277135848999,False
data/Training/notumor/Tr-no_855.jpg,notumor,data/Testing/notumor/Te-no_324.jpg,notumor,perceptual_phash_ncc,4,0.9981122612953186,0.966195821762085,False
data/Training/notumor/Tr-no_856.jpg,notumor,data/Training/notumor/Tr-no_917.jpg,notumor,perceptual_phash_ncc,2,0.9955860376358032,0.9436661005020142,False
data/Training/notumor/Tr-no_858.jpg,notumor,data/Training/notumor/Tr-no_985.jpg,notumor,perceptual_phash_ncc,0,0.9997600317001343,0.9960291981697083,False
data/Training/notumor/Tr-no_862.jpg,notumor,data/Training/notumor/Tr-no_988.jpg,notumor,perceptual_phash_ncc,2,0.9900069832801819,0.8694610595703125,False
data/Training/notumor/Tr-no_867.jpg,notumor,data/Training/notumor/Tr-no_984.jpg,notumor,perceptual_phash_ncc,0,0.998786449432373,0.9807135462760925,False
data/Training/notumor/Tr-no_867.jpg,notumor,data/Testing/notumor/Te-no_295.jpg,notumor,perceptual_phash_ncc,0,0.9978363513946533,0.971170961856842,False
data/Training/notumor/Tr-no_87.jpg,notumor,data/Testing/notumor/Te-no_347.jpg,notumor,perceptual_phash_ncc,0,0.9956034421920776,0.9405069351196289,False
data/Training/notumor/Tr-no_870.jpg,notumor,data/Testing/notumor/Te-no_231.jpg,notumor,perceptual_phash_ncc,0,0.9997300505638123,0.9957767724990845,False
data/Training/notumor/Tr-no_876.jpg,notumor,data/Testing/notumor/Te-no_266.jpg,notumor,perceptual_phash_ncc,4,0.9938569664955139,0.9434361457824707,False
data/Training/notumor/Tr-no_878.jpg,notumor,data/Testing/notumor/Te-no_14.jpg,notumor,perceptual_phash_ncc,2,0.9998802542686462,0.9963714480400085,False
data/Training/notumor/Tr-no_878.jpg,notumor,data/Testing/notumor/Te-no_222.jpg,notumor,perceptual_phash_ncc,2,0.9988796710968018,0.9850465655326843,False
data/Training/notumor/Tr-no_88.jpg,notumor,data/Testing/notumor/Te-no_253.jpg,notumor,perceptual_phash_ncc,0,0.9985374808311462,0.9748313426971436,False
data/Training/notumor/Tr-no_880.jpg,notumor,data/Training/notumor/Tr-no_918.jpg,notumor,exact_decoded_rgb,0,1.0,1.0,False
data/Training/notumor/Tr-no_885.jpg,notumor,data/Testing/notumor/Te-no_304.jpg,notumor,perceptual_phash_ncc,2,0.9961158037185669,0.9522011280059814,False
data/Training/notumor/Tr-no_885.jpg,notumor,data/Testing/notumor/Te-no_115.jpg,notumor,perceptual_phash_ncc,4,0.9957293272018433,0.9476584792137146,False
data/Training/notumor/Tr-no_888.jpg,notumor,data/Testing/notumor/Te-no_111.jpg,notumor,perceptual_phash_ncc,2,0.9994487762451172,0.9884392023086548,False
data/Training/notumor/Tr-no_888.jpg,notumor,data/Testing/notumor/Te-no_80.jpg,notumor,perceptual_phash_ncc,2,0.9974018335342407,0.9510090947151184,False
data/Training/notumor/Tr-no_888.jpg,notumor,data/Testing/notumor/Te-no_361.jpg,notumor,perceptual_phash_ncc,4,0.9972142577171326,0.9481106996536255,False
data/Training/notumor/Tr-no_889.jpg,notumor,data/Testing/notumor/Te-no_281.jpg,notumor,perceptual_phash_ncc,4,0.9930048584938049,0.9497913718223572,False
data/Training/notumor/Tr-no_890.jpg,notumor,data/Testing/notumor/Te-no_314.jpg,notumor,perceptual_phash_ncc,2,0.9954648613929749,0.9636556506156921,False
data/Training/notumor/Tr-no_892.jpg,notumor,data/Testing/notumor/Te-no_131.jpg,notumor,perceptual_phash_ncc,2,0.9861173033714294,0.8476007580757141,False
data/Training/notumor/Tr-no_892.jpg,notumor,data/Testing/notumor/Te-no_129.jpg,notumor,perceptual_phash_ncc,4,0.9912740588188171,0.9138856530189514,False
data/Training/notumor/Tr-no_892.jpg,notumor,data/Testing/notumor/Te-no_147.jpg,notumor,perceptual_phash_ncc,4,0.9924622774124146,0.9255965948104858,False
data/Training/notumor/Tr-no_892.jpg,notumor,data/Testing/notumor/Te-no_395.jpg,notumor,perceptual_phash_ncc,4,0.9901062250137329,0.9053961634635925,False
data/Training/notumor/Tr-no_896.jpg,notumor,data/Testing/notumor/Te-no_27.jpg,notumor,perceptual_phash_ncc,2,0.9987935423851013,0.9665837287902832,False
data/Training/notumor/Tr-no_896.jpg,notumor,data/Testing/notumor/Te-no_64.jpg,notumor,perceptual_phash_ncc,2,0.998710036277771,0.9592946171760559,False
data/Training/notumor/Tr-no_898.jpg,notumor,data/Testing/notumor/Te-no_97.jpg,notumor,perceptual_phash_ncc,0,0.9971787929534912,0.9518756866455078,False
data/Training/notumor/Tr-no_903.jpg,notumor,data/Testing/notumor/Te-no_136.jpg,notumor,perceptual_phash_ncc,2,0.9953620433807373,0.9447181224822998,False
data/Training/notumor/Tr-no_904.jpg,notumor,data/Testing/notumor/Te-no_8.jpg,notumor,perceptual_phash_ncc,4,0.9969087839126587,0.9431149959564209,False
data/Training/notumor/Tr-no_909.jpg,notumor,data/Training/notumor/Tr-no_975.jpg,notumor,perceptual_phash_ncc,0,0.9925149083137512,0.9259917736053467,False
data/Training/notumor/Tr-no_910.jpg,notumor,data/Testing/notumor/Te-no_47.jpg,notumor,perceptual_phash_ncc,2,0.996116042137146,0.9670704007148743,False
data/Training/notumor/Tr-no_914.jpg,notumor,data/Testing/notumor/Te-no_178.jpg,notumor,perceptual_phash_ncc,4,0.9952989220619202,0.9389919638633728,False
data/Training/notumor/Tr-no_928.jpg,notumor,data/Testing/notumor/Te-no_55.jpg,notumor,perceptual_phash_ncc,2,0.9968550205230713,0.956660807132721,False
data/Training/notumor/Tr-no_929.jpg,notumor,data/Testing/notumor/Te-no_228.jpg,notumor,perceptual_phash_ncc,2,0.998651921749115,0.9634929299354553,False
data/Training/notumor/Tr-no_933.jpg,notumor,data/Training/notumor/Tr-no_969.jpg,notumor,exact_decoded_rgb,0,1.0,1.0,False
data/Training/notumor/Tr-no_937.jpg,notumor,data/Testing/notumor/Te-no_381.jpg,notumor,perceptual_phash_ncc,2,0.9984041452407837,0.9811768531799316,False
data/Training/notumor/Tr-no_939.jpg,notumor,data/Testing/notumor/Te-no_109.jpg,notumor,perceptual_phash_ncc,2,0.9995384812355042,0.9909940958023071,False
data/Training/notumor/Tr-no_943.jpg,notumor,data/Testing/notumor/Te-no_335.jpg,notumor,perceptual_phash_ncc,2,0.9944520592689514,0.9046978950500488,False
data/Training/notumor/Tr-no_948.jpg,notumor,data/Testing/notumor/Te-no_114.jpg,notumor,perceptual_phash_ncc,2,0.9798533916473389,0.8507809042930603,False
data/Training/notumor/Tr-no_952.jpg,notumor,data/Testing/notumor/Te-no_130.jpg,notumor,perceptual_phash_ncc,4,0.9894157648086548,0.8899179697036743,False
data/Training/notumor/Tr-no_953.jpg,notumor,data/Testing/notumor/Te-no_54.jpg,notumor,perceptual_phash_ncc,2,0.9956308603286743,0.9165948033332825,False
data/Training/notumor/Tr-no_955.jpg,notumor,data/Testing/notumor/Te-no_61.jpg,notumor,perceptual_phash_ncc,2,0.9873559474945068,0.9008744955062866,False
data/Training/notumor/Tr-no_955.jpg,notumor,data/Testing/notumor/Te-no_322.jpg,notumor,perceptual_phash_ncc,4,0.9907525777816772,0.9513235688209534,False
data/Training/notumor/Tr-no_958.jpg,notumor,data/Testing/notumor/Te-no_221.jpg,notumor,perceptual_phash_ncc,0,0.9997581243515015,0.9945672750473022,False
data/Training/notumor/Tr-no_96.jpg,notumor,data/Testing/notumor/Te-no_205.jpg,notumor,perceptual_phash_ncc,2,0.9998980760574341,0.9986368417739868,False
data/Training/notumor/Tr-no_968.jpg,notumor,data/Testing/notumor/Te-no_293.jpg,notumor,perceptual_phash_ncc,0,0.9997534155845642,0.9839298725128174,False
data/Training/notumor/Tr-no_970.jpg,notumor,data/Testing/notumor/Te-no_159.jpg,notumor,exact_decoded_rgb,0,1.0,1.0,False
data/Training/notumor/Tr-no_971.jpg,notumor,data/Testing/notumor/Te-no_154.jpg,notumor,perceptual_phash_ncc,4,0.9978447556495667,0.9789745211601257,False
data/Training/notumor/Tr-no_974.jpg,notumor,data/Testing/notumor/Te-no_301.jpg,notumor,perceptual_phash_ncc,0,0.9979011416435242,0.973077654838562,False
data/Training/notumor/Tr-no_974.jpg,notumor,data/Testing/notumor/Te-no_308.jpg,notumor,perceptual_phash_ncc,0,0.9999442100524902,0.9996946454048157,False
data/Training/notumor/Tr-no_981.jpg,notumor,data/Testing/notumor/Te-no_174.jpg,notumor,perceptual_phash_ncc,0,0.9996126294136047,0.9916708469390869,False
data/Training/notumor/Tr-no_984.jpg,notumor,data/Testing/notumor/Te-no_295.jpg,notumor,perceptual_phash_ncc,0,0.9987832307815552,0.9816535115242004,False
data/Training/notumor/Tr-no_986.jpg,notumor,data/Testing/notumor/Te-no_396.jpg,notumor,perceptual_phash_ncc,0,0.9898884296417236,0.9205082654953003,False
data/Training/notumor/Tr-no_986.jpg,notumor,data/Testing/notumor/Te-no_24.jpg,notumor,perceptual_phash_ncc,4,0.9855486154556274,0.8936947584152222,False
data/Training/notumor/Tr-no_987.jpg,notumor,data/Testing/notumor/Te-no_78.jpg,notumor,perceptual_phash_ncc,0,0.9999963641166687,0.9999943971633911,False
data/Training/notumor/Tr-no_99.jpg,notumor,data/Testing/notumor/Te-no_241.jpg,notumor,perceptual_phash_ncc,0,0.9992361068725586,0.9779846668243408,False
data/Training/notumor/Tr-no_991.jpg,notumor,data/Testing/notumor/Te-no_17.jpg,notumor,perceptual_phash_ncc,2,0.9964258670806885,0.9456367492675781,False
data/Training/notumor/Tr-no_994.jpg,notumor,data/Testing/notumor/Te-no_336.jpg,notumor,perceptual_phash_ncc,0,0.9885435104370117,0.9117947816848755,False
data/Training/notumor/Tr-no_995.jpg,notumor,data/Testing/notumor/Te-no_330.jpg,notumor,perceptual_phash_ncc,0,0.9995439648628235,0.9881351590156555,False
data/Training/notumor/Tr-no_996.jpg,notumor,data/Testing/notumor/Te-no_53.jpg,notumor,perceptual_phash_ncc,4,0.9913883209228516,0.904233455657959,False
data/Training/pituitary/Tr-pi_1023.jpg,pituitary,data/Training/pituitary/Tr-pi_1071.jpg,pituitary,exact_decoded_rgb,0,1.0,1.0,False
data/Training/pituitary/Tr-pi_1023.jpg,pituitary,data/Training/pituitary/Tr-pi_1207.jpg,pituitary,exact_decoded_rgb,0,1.0,1.0,False
data/Training/pituitary/Tr-pi_1023.jpg,pituitary,data/Training/pituitary/Tr-pi_991.jpg,pituitary,exact_decoded_rgb,0,1.0,1.0,False
data/Training/pituitary/Tr-pi_1029.jpg,pituitary,data/Training/pituitary/Tr-pi_17.jpg,pituitary,perceptual_phash_ncc,0,0.9990558624267578,0.9438651204109192,False
data/Training/pituitary/Tr-pi_1029.jpg,pituitary,data/Training/pituitary/Tr-pi_306.jpg,pituitary,perceptual_phash_ncc,0,0.9990558624267578,0.9438651204109192,False
data/Training/pituitary/Tr-pi_1071.jpg,pituitary,data/Training/pituitary/Tr-pi_1207.jpg,pituitary,exact_decoded_rgb,0,1.0,1.0,False
data/Training/pituitary/Tr-pi_1071.jpg,pituitary,data/Training/pituitary/Tr-pi_991.jpg,pituitary,exact_decoded_rgb,0,1.0,1.0,False
data/Training/pituitary/Tr-pi_1098.jpg,pituitary,data/Training/pituitary/Tr-pi_1155.jpg,pituitary,exact_decoded_rgb,0,1.0,1.0,False
data/Training/pituitary/Tr-pi_1098.jpg,pituitary,data/Training/pituitary/Tr-pi_1380.jpg,pituitary,exact_decoded_rgb,0,1.0,1.0,False
data/Training/pituitary/Tr-pi_1122.jpg,pituitary,data/Training/pituitary/Tr-pi_1196.jpg,pituitary,exact_decoded_rgb,0,1.0,1.0,False
data/Training/pituitary/Tr-pi_1122.jpg,pituitary,data/Training/pituitary/Tr-pi_943.jpg,pituitary,exact_decoded_rgb,0,1.0,1.0,False
data/Training/pituitary/Tr-pi_1133.jpg,pituitary,data/Training/pituitary/Tr-pi_1320.jpg,pituitary,exact_decoded_rgb,0,1.0,1.0,False
data/Training/pituitary/Tr-pi_1154.jpg,pituitary,data/Training/pituitary/Tr-pi_1211.jpg,pituitary,exact_decoded_rgb,0,1.0,1.0,False
data/Training/pituitary/Tr-pi_1154.jpg,pituitary,data/Training/pituitary/Tr-pi_1339.jpg,pituitary,exact_decoded_rgb,0,1.0,1.0,False
data/Training/pituitary/Tr-pi_1154.jpg,pituitary,data/Training/pituitary/Tr-pi_160.jpg,pituitary,exact_decoded_rgb,0,1.0,1.0,False
data/Training/pituitary/Tr-pi_1155.jpg,pituitary,data/Training/pituitary/Tr-pi_1380.jpg,pituitary,exact_decoded_rgb,0,1.0,1.0,False
data/Training/pituitary/Tr-pi_1181.jpg,pituitary,data/Training/pituitary/Tr-pi_668.jpg,pituitary,exact_decoded_rgb,0,1.0,1.0,False
data/Training/pituitary/Tr-pi_1187.jpg,pituitary,data/Training/pituitary/Tr-pi_384.jpg,pituitary,exact_decoded_rgb,0,1.0,1.0,False
data/Training/pituitary/Tr-pi_1187.jpg,pituitary,data/Training/pituitary/Tr-pi_863.jpg,pituitary,exact_decoded_rgb,0,1.0,1.0,False
data/Training/pituitary/Tr-pi_1196.jpg,pituitary,data/Training/pituitary/Tr-pi_943.jpg,pituitary,exact_decoded_rgb,0,1.0,1.0,False
data/Training/pituitary/Tr-pi_120.jpg,pituitary,data/Training/pituitary/Tr-pi_763.jpg,pituitary,exact_decoded_rgb,0,1.0,1.0,False
data/Training/pituitary/Tr-pi_1207.jpg,pituitary,data/Training/pituitary/Tr-pi_991.jpg,pituitary,exact_decoded_rgb,0,1.0,1.0,False
data/Training/pituitary/Tr-pi_1209.jpg,pituitary,data/Training/pituitary/Tr-pi_1352.jpg,pituitary,exact_decoded_rgb,0,1.0,1.0,False
data/Training/pituitary/Tr-pi_1211.jpg,pituitary,data/Training/pituitary/Tr-pi_1339.jpg,pituitary,exact_decoded_rgb,0,1.0,1.0,False
data/Training/pituitary/Tr-pi_1211.jpg,pituitary,data/Training/pituitary/Tr-pi_160.jpg,pituitary,exact_decoded_rgb,0,1.0,1.0,False
data/Training/pituitary/Tr-pi_1252.jpg,pituitary,data/Training/pituitary/Tr-pi_461.jpg,pituitary,exact_decoded_rgb,0,1.0,1.0,False
data/Training/pituitary/Tr-pi_1252.jpg,pituitary,data/Training/pituitary/Tr-pi_528.jpg,pituitary,exact_decoded_rgb,0,1.0,1.0,False
data/Training/pituitary/Tr-pi_1309.jpg,pituitary,data/Training/pituitary/Tr-pi_261.jpg,pituitary,exact_decoded_rgb,0,1.0,1.0,False
data/Training/pituitary/Tr-pi_132.jpg,pituitary,data/Training/pituitary/Tr-pi_564.jpg,pituitary,exact_decoded_rgb,0,1.0,1.0,False
data/Training/pituitary/Tr-pi_1323.jpg,pituitary,data/Training/pituitary/Tr-pi_984.jpg,pituitary,exact_decoded_rgb,0,1.0,1.0,False
data/Training/pituitary/Tr-pi_1339.jpg,pituitary,data/Training/pituitary/Tr-pi_160.jpg,pituitary,exact_decoded_rgb,0,1.0,1.0,False
data/Training/pituitary/Tr-pi_1399.jpg,pituitary,data/Training/pituitary/Tr-pi_195.jpg,pituitary,exact_decoded_rgb,0,1.0,1.0,False
data/Training/pituitary/Tr-pi_163.jpg,pituitary,data/Training/pituitary/Tr-pi_504.jpg,pituitary,exact_decoded_rgb,0,1.0,1.0,False
data/Training/pituitary/Tr-pi_17.jpg,pituitary,data/Training/pituitary/Tr-pi_306.jpg,pituitary,exact_decoded_rgb,0,1.0,1.0,False
data/Training/pituitary/Tr-pi_193.jpg,pituitary,data/Training/pituitary/Tr-pi_812.jpg,pituitary,exact_decoded_rgb,0,1.0,1.0,False
data/Training/pituitary/Tr-pi_206.jpg,pituitary,data/Training/pituitary/Tr-pi_405.jpg,pituitary,exact_decoded_rgb,0,1.0,1.0,False
data/Training/pituitary/Tr-pi_206.jpg,pituitary,data/Training/pituitary/Tr-pi_634.jpg,pituitary,exact_decoded_rgb,0,1.0,1.0,False
data/Training/pituitary/Tr-pi_206.jpg,pituitary,data/Training/pituitary/Tr-pi_928.jpg,pituitary,exact_decoded_rgb,0,1.0,1.0,False
data/Training/pituitary/Tr-pi_221.jpg,pituitary,data/Training/pituitary/Tr-pi_430.jpg,pituitary,exact_decoded_rgb,0,1.0,1.0,False
data/Training/pituitary/Tr-pi_221.jpg,pituitary,data/Training/pituitary/Tr-pi_883.jpg,pituitary,exact_decoded_rgb,0,1.0,1.0,False
data/Training/pituitary/Tr-pi_246.jpg,pituitary,data/Training/pituitary/Tr-pi_698.jpg,pituitary,exact_decoded_rgb,0,1.0,1.0,False
data/Training/pituitary/Tr-pi_246.jpg,pituitary,data/Training/pituitary/Tr-pi_969.jpg,pituitary,exact_decoded_rgb,0,1.0,1.0,False
data/Training/pituitary/Tr-pi_285.jpg,pituitary,data/Training/pituitary/Tr-pi_962.jpg,pituitary,exact_decoded_rgb,0,1.0,1.0,False
data/Training/pituitary/Tr-pi_286.jpg,pituitary,data/Training/pituitary/Tr-pi_397.jpg,pituitary,exact_decoded_rgb,0,1.0,1.0,False
data/Training/pituitary/Tr-pi_311.jpg,pituitary,data/Training/pituitary/Tr-pi_320.jpg,pituitary,exact_decoded_rgb,0,1.0,1.0,False
data/Training/pituitary/Tr-pi_356.jpg,pituitary,data/Training/pituitary/Tr-pi_759.jpg,pituitary,exact_decoded_rgb,0,1.0,1.0,False
data/Training/pituitary/Tr-pi_356.jpg,pituitary,data/Training/pituitary/Tr-pi_77.jpg,pituitary,exact_decoded_rgb,0,1.0,1.0,False
data/Training/pituitary/Tr-pi_384.jpg,pituitary,data/Training/pituitary/Tr-pi_863.jpg,pituitary,exact_decoded_rgb,0,1.0,1.0,False
data/Training/pituitary/Tr-pi_396.jpg,pituitary,data/Training/pituitary/Tr-pi_476.jpg,pituitary,exact_decoded_rgb,0,1.0,1.0,False
data/Training/pituitary/Tr-pi_405.jpg,pituitary,data/Training/pituitary/Tr-pi_634.jpg,pituitary,exact_decoded_rgb,0,1.0,1.0,False
data/Training/pituitary/Tr-pi_405.jpg,pituitary,data/Training/pituitary/Tr-pi_928.jpg,pituitary,exact_decoded_rgb,0,1.0,1.0,False
data/Training/pituitary/Tr-pi_410.jpg,pituitary,data/Training/pituitary/Tr-pi_515.jpg,pituitary,exact_decoded_rgb,0,1.0,1.0,False
data/Training/pituitary/Tr-pi_430.jpg,pituitary,data/Training/pituitary/Tr-pi_883.jpg,pituitary,exact_decoded_rgb,0,1.0,1.0,False
data/Training/pituitary/Tr-pi_461.jpg,pituitary,data/Training/pituitary/Tr-pi_528.jpg,pituitary,exact_decoded_rgb,0,1.0,1.0,False
data/Training/pituitary/Tr-pi_464.jpg,pituitary,data/Training/pituitary/Tr-pi_75.jpg,pituitary,exact_decoded_rgb,0,1.0,1.0,False
data/Training/pituitary/Tr-pi_541.jpg,pituitary,data/Training/pituitary/Tr-pi_960.jpg,pituitary,perceptual_phash_ncc,2,0.9993077516555786,0.9810388088226318,False
data/Training/pituitary/Tr-pi_542.jpg,pituitary,data/Training/pituitary/Tr-pi_857.jpg,pituitary,exact_decoded_rgb,0,1.0,1.0,False
data/Training/pituitary/Tr-pi_634.jpg,pituitary,data/Training/pituitary/Tr-pi_928.jpg,pituitary,exact_decoded_rgb,0,1.0,1.0,False
data/Training/pituitary/Tr-pi_698.jpg,pituitary,data/Training/pituitary/Tr-pi_969.jpg,pituitary,exact_decoded_rgb,0,1.0,1.0,False
data/Training/pituitary/Tr-pi_759.jpg,pituitary,data/Training/pituitary/Tr-pi_77.jpg,pituitary,exact_decoded_rgb,0,1.0,1.0,False
data/Training/pituitary/Tr-pi_805.jpg,pituitary,data/Training/pituitary/Tr-pi_878.jpg,pituitary,exact_decoded_rgb,0,1.0,1.0,False
data/Testing/glioma/Te-gl_129.jpg,glioma,data/Testing/glioma/Te-gl_303.jpg,glioma,exact_decoded_rgb,0,1.0,1.0,False
data/Testing/glioma/Te-gl_140.jpg,glioma,data/Testing/glioma/Te-gl_238.jpg,glioma,exact_decoded_rgb,0,1.0,1.0,False
data/Testing/glioma/Te-gl_140.jpg,glioma,data/Testing/glioma/Te-gl_76.jpg,glioma,perceptual_phash_ncc,0,0.9995007514953613,0.9823692440986633,False
data/Testing/glioma/Te-gl_143.jpg,glioma,data/Testing/glioma/Te-gl_72.jpg,glioma,exact_decoded_rgb,0,1.0,1.0,False
data/Testing/glioma/Te-gl_144.jpg,glioma,data/Testing/glioma/Te-gl_59.jpg,glioma,exact_decoded_rgb,0,1.0,1.0,False
data/Testing/glioma/Te-gl_160.jpg,glioma,data/Testing/meningioma/Te-me_159.jpg,meningioma,perceptual_phash_ncc,0,0.9967038631439209,0.9741189479827881,True
data/Testing/glioma/Te-gl_162.jpg,glioma,data/Testing/glioma/Te-gl_359.jpg,glioma,exact_decoded_rgb,0,1.0,1.0,False
data/Testing/glioma/Te-gl_166.jpg,glioma,data/Testing/glioma/Te-gl_278.jpg,glioma,exact_decoded_rgb,0,1.0,1.0,False
data/Testing/glioma/Te-gl_170.jpg,glioma,data/Testing/glioma/Te-gl_178.jpg,glioma,exact_decoded_rgb,0,1.0,1.0,False
data/Testing/glioma/Te-gl_171.jpg,glioma,data/Testing/glioma/Te-gl_228.jpg,glioma,exact_decoded_rgb,0,1.0,1.0,False
data/Testing/glioma/Te-gl_177.jpg,glioma,data/Testing/glioma/Te-gl_36.jpg,glioma,exact_decoded_rgb,0,1.0,1.0,False
data/Testing/glioma/Te-gl_204.jpg,glioma,data/Testing/glioma/Te-gl_259.jpg,glioma,exact_decoded_rgb,0,1.0,1.0,False
data/Testing/glioma/Te-gl_212.jpg,glioma,data/Testing/glioma/Te-gl_272.jpg,glioma,exact_decoded_rgb,0,1.0,1.0,False
data/Testing/glioma/Te-gl_212.jpg,glioma,data/Testing/glioma/Te-gl_338.jpg,glioma,exact_decoded_rgb,0,1.0,1.0,False
data/Testing/glioma/Te-gl_216.jpg,glioma,data/Testing/glioma/Te-gl_225.jpg,glioma,exact_decoded_rgb,0,1.0,1.0,False
data/Testing/glioma/Te-gl_238.jpg,glioma,data/Testing/glioma/Te-gl_76.jpg,glioma,perceptual_phash_ncc,0,0.9995007514953613,0.9823692440986633,False
data/Testing/glioma/Te-gl_253.jpg,glioma,data/Testing/glioma/Te-gl_85.jpg,glioma,exact_decoded_rgb,0,1.0,1.0,False
data/Testing/glioma/Te-gl_270.jpg,glioma,data/Testing/glioma/Te-gl_29.jpg,glioma,exact_decoded_rgb,0,1.0,1.0,False
data/Testing/glioma/Te-gl_272.jpg,glioma,data/Testing/glioma/Te-gl_338.jpg,glioma,exact_decoded_rgb,0,1.0,1.0,False
data/Testing/glioma/Te-gl_299.jpg,glioma,data/Testing/glioma/Te-gl_364.jpg,glioma,exact_decoded_rgb,0,1.0,1.0,False
data/Testing/glioma/Te-gl_32.jpg,glioma,data/Testing/glioma/Te-gl_389.jpg,glioma,exact_decoded_rgb,0,1.0,1.0,False
data/Testing/glioma/Te-gl_68.jpg,glioma,data/Testing/meningioma/Te-me_61.jpg,meningioma,perceptual_phash_ncc,2,0.9991085529327393,0.9704560041427612,True
data/Testing/glioma/Te-gl_68.jpg,glioma,data/Testing/meningioma/Te-me_96.jpg,meningioma,perceptual_phash_ncc,2,0.9991050958633423,0.970160722732544,True
data/Testing/glioma/Te-gl_68.jpg,glioma,data/Testing/meningioma/Te-me_50.jpg,meningioma,perceptual_phash_ncc,4,0.9980408549308777,0.9366958737373352,True
data/Testing/meningioma/Te-me_116.jpg,meningioma,data/Testing/meningioma/Te-me_235.jpg,meningioma,exact_decoded_rgb,0,1.0,1.0,False
data/Testing/meningioma/Te-me_179.jpg,meningioma,data/Testing/meningioma/Te-me_198.jpg,meningioma,exact_decoded_rgb,0,1.0,1.0,False
data/Testing/meningioma/Te-me_182.jpg,meningioma,data/Testing/meningioma/Te-me_45.jpg,meningioma,exact_decoded_rgb,0,1.0,1.0,False
data/Testing/meningioma/Te-me_2.jpg,meningioma,data/Testing/meningioma/Te-me_252.jpg,meningioma,perceptual_phash_ncc,0,0.9975658059120178,0.9459166526794434,False
data/Testing/meningioma/Te-me_202.jpg,meningioma,data/Testing/meningioma/Te-me_208.jpg,meningioma,perceptual_phash_ncc,4,0.9979960918426514,0.9527656435966492,False
data/Testing/meningioma/Te-me_214.jpg,meningioma,data/Testing/meningioma/Te-me_262.jpg,meningioma,perceptual_phash_ncc,0,0.9997040033340454,0.993053138256073,False
data/Testing/meningioma/Te-me_214.jpg,meningioma,data/Testing/meningioma/Te-me_42.jpg,meningioma,perceptual_phash_ncc,2,0.9989149570465088,0.9542617797851562,False
data/Testing/meningioma/Te-me_262.jpg,meningioma,data/Testing/meningioma/Te-me_42.jpg,meningioma,perceptual_phash_ncc,2,0.9987359046936035,0.9545783996582031,False
data/Testing/meningioma/Te-me_295.jpg,meningioma,data/Testing/meningioma/Te-me_70.jpg,meningioma,exact_decoded_rgb,0,1.0,1.0,False
data/Testing/meningioma/Te-me_50.jpg,meningioma,data/Testing/meningioma/Te-me_61.jpg,meningioma,perceptual_phash_ncc,4,0.9982820749282837,0.9444637894630432,False
data/Testing/meningioma/Te-me_61.jpg,meningioma,data/Testing/meningioma/Te-me_96.jpg,meningioma,perceptual_phash_ncc,4,0.9998249411582947,0.9930714964866638,False
data/Testing/notumor/Te-no_1.jpg,notumor,data/Testing/notumor/Te-no_63.jpg,notumor,perceptual_phash_ncc,4,0.9984799027442932,0.9766820669174194,False
data/Testing/notumor/Te-no_100.jpg,notumor,data/Testing/notumor/Te-no_160.jpg,notumor,perceptual_phash_ncc,2,0.9996219277381897,0.9912967681884766,False
data/Testing/notumor/Te-no_101.jpg,notumor,data/Testing/notumor/Te-no_185.jpg,notumor,perceptual_phash_ncc,2,0.9907119274139404,0.9245135188102722,False
data/Testing/notumor/Te-no_101.jpg,notumor,data/Testing/notumor/Te-no_195.jpg,notumor,perceptual_phash_ncc,2,0.990472674369812,0.9223458170890808,False
data/Testing/notumor/Te-no_101.jpg,notumor,data/Testing/notumor/Te-no_303.jpg,notumor,perceptual_phash_ncc,4,0.9933685064315796,0.9552779197692871,False
data/Testing/notumor/Te-no_101.jpg,notumor,data/Testing/notumor/Te-no_89.jpg,notumor,perceptual_phash_ncc,4,0.9914267063140869,0.9415656328201294,False
data/Testing/notumor/Te-no_103.jpg,notumor,data/Testing/notumor/Te-no_230.jpg,notumor,perceptual_phash_ncc,2,0.9974997043609619,0.9535320997238159,False
data/Testing/notumor/Te-no_105.jpg,notumor,data/Testing/notumor/Te-no_328.jpg,notumor,perceptual_phash_ncc,2,0.9964925050735474,0.9609642028808594,False
data/Testing/notumor/Te-no_110.jpg,notumor,data/Testing/notumor/Te-no_342.jpg,notumor,perceptual_phash_ncc,4,0.997225821018219,0.9636713862419128,False
data/Testing/notumor/Te-no_111.jpg,notumor,data/Testing/notumor/Te-no_80.jpg,notumor,perceptual_phash_ncc,2,0.9973412156105042,0.9502499103546143,False
data/Testing/notumor/Te-no_111.jpg,notumor,data/Testing/notumor/Te-no_361.jpg,notumor,perceptual_phash_ncc,4,0.9971635937690735,0.9474548101425171,False
data/Testing/notumor/Te-no_112.jpg,notumor,data/Testing/notumor/Te-no_123.jpg,notumor,perceptual_phash_ncc,4,0.9935078024864197,0.953167200088501,False
data/Testing/notumor/Te-no_113.jpg,notumor,data/Testing/notumor/Te-no_334.jpg,notumor,perceptual_phash_ncc,2,0.996451199054718,0.9575358629226685,False
data/Testing/notumor/Te-no_117.jpg,notumor,data/Testing/notumor/Te-no_202.jpg,notumor,perceptual_phash_ncc,0,0.9970968961715698,0.9672199487686157,False
data/Testing/notumor/Te-no_117.jpg,notumor,data/Testing/notumor/Te-no_382.jpg,notumor,perceptual_phash_ncc,2,0.9963051676750183,0.9603208899497986,False
data/Testing/notumor/Te-no_120.jpg,notumor,data/Testing/notumor/Te-no_399.jpg,notumor,perceptual_phash_ncc,0,0.9959295988082886,0.9136567711830139,False
data/Testing/notumor/Te-no_124.jpg,notumor,data/Testing/notumor/Te-no_203.jpg,notumor,perceptual_phash_ncc,2,0.9976785182952881,0.9739841222763062,False
data/Testing/notumor/Te-no_124.jpg,notumor,data/Testing/notumor/Te-no_374.jpg,notumor,perceptual_phash_ncc,2,0.9975257515907288,0.9710995554924011,False
data/Testing/notumor/Te-no_126.jpg,notumor,data/Testing/notumor/Te-no_93.jpg,notumor,perceptual_phash_ncc,4,0.9980480670928955,0.9849449992179871,False
data/Testing/notumor/Te-no_127.jpg,notumor,data/Testing/notumor/Te-no_357.jpg,notumor,perceptual_phash_ncc,2,0.9986736178398132,0.9859118461608887,False
data/Testing/notumor/Te-no_128.jpg,notumor,data/Testing/notumor/Te-no_256.jpg,notumor,perceptual_phash_ncc,0,0.9997971653938293,0.9965265393257141,False
data/Testing/notumor/Te-no_129.jpg,notumor,data/Testing/notumor/Te-no_147.jpg,notumor,perceptual_phash_ncc,0,0.9929558634757996,0.9324190616607666,False
data/Testing/notumor/Te-no_129.jpg,notumor,data/Testing/notumor/Te-no_395.jpg,notumor,perceptual_phash_ncc,0,0.9949129819869995,0.9480569362640381,False
data/Testing/notumor/Te-no_129.jpg,notumor,data/Testing/notumor/Te-no_131.jpg,notumor,perceptual_phash_ncc,2,0.9906889200210571,0.882339358329773,False
data/Testing/notumor/Te-no_131.jpg,notumor,data/Testing/notumor/Te-no_147.jpg,notumor,perceptual_phash_ncc,2,0.9872839450836182,0.8570764660835266,False
data/Testing/notumor/Te-no_131.jpg,notumor,data/Testing/notumor/Te-no_395.jpg,notumor,perceptual_phash_ncc,2,0.989229142665863,0.8708417415618896,False
data/Testing/notumor/Te-no_133.jpg,notumor,data/Testing/notumor/Te-no_60.jpg,notumor,perceptual_phash_ncc,2,0.9983522295951843,0.979128360748291,False
data/Testing/notumor/Te-no_134.jpg,notumor,data/Testing/notumor/Te-no_58.jpg,notumor,perceptual_phash_ncc,2,0.9969176054000854,0.9657749533653259,False
data/Testing/notumor/Te-no_137.jpg,notumor,data/Testing/notumor/Te-no_366.jpg,notumor,perceptual_phash_ncc,2,0.9955843091011047,0.943263590335846,False
data/Testing/notumor/Te-no_137.jpg,notumor,data/Testing/notumor/Te-no_91.jpg,notumor,perceptual_phash_ncc,2,0.9963072538375854,0.9509527087211609,False
data/Testing/notumor/Te-no_14.jpg,notumor,data/Testing/notumor/Te-no_222.jpg,notumor,perceptual_phash_ncc,2,0.9988231658935547,0.9819778203964233,False
data/Testing/notumor/Te-no_140.jpg,notumor,data/Testing/notumor/Te-no_388.jpg,notumor,perceptual_phash_ncc,2,0.9923514127731323,0.9194421768188477,False
data/Testing/notumor/Te-no_141.jpg,notumor,data/Testing/notumor/Te-no_42.jpg,notumor,perceptual_phash_ncc,4,0.9971680045127869,0.9633246660232544,False
data/Testing/notumor/Te-no_142.jpg,notumor,data/Testing/notumor/Te-no_173.jpg,notumor,perceptual_phash_ncc,2,0.999073326587677,0.986524224281311,False
data/Testing/notumor/Te-no_146.jpg,notumor,data/Testing/notumor/Te-no_83.jpg,notumor,perceptual_phash_ncc,4,0.9962857961654663,0.9373279213905334,False
data/Testing/notumor/Te-no_147.jpg,notumor,data/Testing/notumor/Te-no_395.jpg,notumor,perceptual_phash_ncc,0,0.9909016489982605,0.9131532907485962,False
data/Testing/notumor/Te-no_15.jpg,notumor,data/Testing/notumor/Te-no_305.jpg,notumor,perceptual_phash_ncc,0,0.9941462874412537,0.9557973742485046,False
data/Testing/notumor/Te-no_151.jpg,notumor,data/Testing/notumor/Te-no_393.jpg,notumor,perceptual_phash_ncc,2,0.9987367987632751,0.963848888874054,False
data/Testing/notumor/Te-no_153.jpg,notumor,data/Testing/notumor/Te-no_270.jpg,notumor,perceptual_phash_ncc,2,0.9973551630973816,0.9505897760391235,False
data/Testing/notumor/Te-no_155.jpg,notumor,data/Testing/notumor/Te-no_32.jpg,notumor,perceptual_phash_ncc,4,0.996649980545044,0.9685385227203369,False
data/Testing/notumor/Te-no_157.jpg,notumor,data/Testing/notumor/Te-no_75.jpg,notumor,perceptual_phash_ncc,4,0.9979621767997742,0.9744880199432373,False
data/Testing/notumor/Te-no_158.jpg,notumor,data/Testing/notumor/Te-no_397.jpg,notumor,perceptual_phash_ncc,0,0.9964272975921631,0.7567728757858276,False
data/Testing/notumor/Te-no_16.jpg,notumor,data/Testing/notumor/Te-no_5.jpg,notumor,perceptual_phash_ncc,2,0.9997560977935791,0.9947192072868347,False
data/Testing/notumor/Te-no_161.jpg,notumor,data/Testing/notumor/Te-no_329.jpg,notumor,perceptual_phash_ncc,2,0.9883291721343994,0.8636424541473389,False
data/Testing/notumor/Te-no_161.jpg,notumor,data/Testing/notumor/Te-no_71.jpg,notumor,perceptual_phash_ncc,2,0.9850833415985107,0.8388350605964661,False
data/Testing/notumor/Te-no_164.jpg,notumor,data/Testing/notumor/Te-no_66.jpg,notumor,perceptual_phash_ncc,2,0.9996920228004456,0.9952242970466614,False
data/Testing/notumor/Te-no_164.jpg,notumor,data/Testing/notumor/Te-no_349.jpg,notumor,perceptual_phash_ncc,4,0.9975246787071228,0.9669575095176697,False
data/Testing/notumor/Te-no_165.jpg,notumor,data/Testing/notumor/Te-no_34.jpg,notumor,perceptual_phash_ncc,4,0.9990403652191162,0.9603919982910156,False
data/Testing/notumor/Te-no_166.jpg,notumor,data/Testing/notumor/Te-no_74.jpg,notumor,perceptual_phash_ncc,4,0.9956376552581787,0.9586553573608398,False
data/Testing/notumor/Te-no_168.jpg,notumor,data/Testing/notumor/Te-no_211.jpg,notumor,perceptual_phash_ncc,2,0.9833813905715942,0.8607007265090942,False
data/Testing/notumor/Te-no_168.jpg,notumor,data/Testing/notumor/Te-no_235.jpg,notumor,perceptual_phash_ncc,2,0.9923522472381592,0.9454699158668518,False
data/Testing/notumor/Te-no_171.jpg,notumor,data/Testing/notumor/Te-no_262.jpg,notumor,perceptual_phash_ncc,2,0.9978136420249939,0.9531530737876892,False
data/Testing/notumor/Te-no_171.jpg,notumor,data/Testing/notumor/Te-no_397.jpg,notumor,perceptual_phash_ncc,2,0.9961748123168945,0.9251054525375366,False
data/Testing/notumor/Te-no_175.jpg,notumor,data/Testing/notumor/Te-no_327.jpg,notumor,perceptual_phash_ncc,2,0.9915907382965088,0.9435495138168335,False
data/Testing/notumor/Te-no_176.jpg,notumor,data/Testing/notumor/Te-no_387.jpg,notumor,perceptual_phash_ncc,0,0.9986661076545715,0.9788317680358887,False
data/Testing/notumor/Te-no_180.jpg,notumor,data/Testing/notumor/Te-no_88.jpg,notumor,perceptual_phash_ncc,4,0.9996947646141052,0.9867619872093201,False
data/Testing/notumor/Te-no_181.jpg,notumor,data/Testing/notumor/Te-no_368.jpg,notumor,perceptual_phash_ncc,2,0.9982242584228516,0.9715551733970642,False
data/Testing/notumor/Te-no_182.jpg,notumor,data/Testing/notumor/Te-no_216.jpg,notumor,perceptual_phash_ncc,4,0.9984660744667053,0.979826807975769,False
data/Testing/notumor/Te-no_184.jpg,notumor,data/Testing/notumor/Te-no_283.jpg,notumor,perceptual_phash_ncc,0,0.9918725490570068,0.9120286107063293,False
data/Testing/notumor/Te-no_185.jpg,notumor,data/Testing/notumor/Te-no_195.jpg,notumor,perceptual_phash_ncc,2,0.9985532164573669,0.9827477931976318,False
data/Testing/notumor/Te-no_185.jpg,notumor,data/Testing/notumor/Te-no_303.jpg,notumor,perceptual_phash_ncc,2,0.9878737926483154,0.9074106216430664,False
data/Testing/notumor/Te-no_185.jpg,notumor,data/Testing/notumor/Te-no_89.jpg,notumor,perceptual_phash_ncc,2,0.9870592355728149,0.902077317237854,False
data/Testing/notumor/Te-no_189.jpg,notumor,data/Testing/notumor/Te-no_260.jpg,notumor,perceptual_phash_ncc,2,0.9941620826721191,0.9342439770698547,False
data/Testing/notumor/Te-no_189.jpg,notumor,data/Testing/notumor/Te-no_271.jpg,notumor,perceptual_phash_ncc,4,0.9915731549263,0.889350175857544,False
data/Testing/notumor/Te-no_190.jpg,notumor,data/Testing/notumor/Te-no_200.jpg,notumor,perceptual_phash_ncc,2,0.9967199563980103,0.9435609579086304,False
data/Testing/notumor/Te-no_195.jpg,notumor,data/Testing/notumor/Te-no_303.jpg,notumor,perceptual_phash_ncc,4,0.9876791834831238,0.9057319164276123,False
data/Testing/notumor/Te-no_195.jpg,notumor,data/Testing/notumor/Te-no_89.jpg,notumor,perceptual_phash_ncc,4,0.98678058385849,0.9004574418067932,False
data/Testing/notumor/Te-no_196.jpg,notumor,data/Testing/notumor/Te-no_274.jpg,notumor,perceptual_phash_ncc,2,0.999135434627533,0.9889968633651733,False
data/Testing/notumor/Te-no_196.jpg,notumor,data/Testing/notumor/Te-no_306.jpg,notumor,perceptual_phash_ncc,4,0.9975039958953857,0.966389536857605,False
data/Testing/notumor/Te-no_197.jpg,notumor,data/Testing/notumor/Te-no_353.jpg,notumor,perceptual_phash_ncc,2,0.9997526407241821,0.9941994547843933,False
data/Testing/notumor/Te-no_198.jpg,notumor,data/Testing/notumor/Te-no_90.jpg,notumor,perceptual_phash_ncc,0,0.9940590858459473,0.9380137920379639,False
data/Testing/notumor/Te-no_198.jpg,notumor,data/Testing/notumor/Te-no_85.jpg,notumor,perceptual_phash_ncc,2,0.9868423938751221,0.8527701497077942,False
data/Testing/notumor/Te-no_198.jpg,notumor,data/Testing/notumor/Te-no_25.jpg,notumor,perceptual_phash_ncc,4,0.9914131760597229,0.9173439145088196,False
data/Testing/notumor/Te-no_199.jpg,notumor,data/Testing/notumor/Te-no_370.jpg,notumor,perceptual_phash_ncc,2,0.9963632822036743,0.9518314599990845,False
data/Testing/notumor/Te-no_2.jpg,notumor,data/Testing/notumor/Te-no_317.jpg,notumor,perceptual_phash_ncc,2,0.9988774061203003,0.9842849969863892,False
data/Testing/notumor/Te-no_202.jpg,notumor,data/Testing/notumor/Te-no_382.jpg,notumor,perceptual_phash_ncc,2,0.9966344833374023,0.9693313837051392,False
data/Testing/notumor/Te-no_203.jpg,notumor,data/Testing/notumor/Te-no_374.jpg,notumor,perceptual_phash_ncc,2,0.9979246854782104,0.9765689969062805,False
data/Testing/notumor/Te-no_204.jpg,notumor,data/Testing/notumor/Te-no_50.jpg,notumor,perceptual_phash_ncc,2,0.9996922016143799,0.9935243129730225,False
data/Testing/notumor/Te-no_21.jpg,notumor,data/Testing/notumor/Te-no_213.jpg,notumor,perceptual_phash_ncc,2,0.9971479177474976,0.9674821496009827,False
data/Testing/notumor/Te-no_21.jpg,notumor,data/Testing/notumor/Te-no_337.jpg,notumor,perceptual_phash_ncc,2,0.9975374937057495,0.9715123772621155,False
data/Testing/notumor/Te-no_211.jpg,notumor,data/Testing/notumor/Te-no_235.jpg,notumor,perceptual_phash_ncc,4,0.9806234240531921,0.8588601350784302,False
data/Testing/notumor/Te-no_213.jpg,notumor,data/Testing/notumor/Te-no_337.jpg,notumor,perceptual_phash_ncc,0,0.9993135333061218,0.9883887767791748,False
data/Testing/notumor/Te-no_223.jpg,notumor,data/Testing/notumor/Te-no_59.jpg,notumor,perceptual_phash_ncc,0,0.9997959136962891,0.9943041205406189,False
data/Testing/notumor/Te-no_224.jpg,notumor,data/Testing/notumor/Te-no_386.jpg,notumor,perceptual_phash_ncc,2,0.9949159622192383,0.9560456275939941,False
data/Testing/notumor/Te-no_226.jpg,notumor,data/Testing/notumor/Te-no_320.jpg,notumor,perceptual_phash_ncc,2,0.9979350566864014,0.9632349610328674,False
data/Testing/notumor/Te-no_226.jpg,notumor,data/Testing/notumor/Te-no_340.jpg,notumor,perceptual_phash_ncc,2,0.9993224740028381,0.984753429889679,False
data/Testing/notumor/Te-no_232.jpg,notumor,data/Testing/notumor/Te-no_369.jpg,notumor,perceptual_phash_ncc,2,0.9992944598197937,0.9869535565376282,False
data/Testing/notumor/Te-no_233.jpg,notumor,data/Testing/notumor/Te-no_278.jpg,notumor,perceptual_phash_ncc,4,0.9882410168647766,0.9143531918525696,False
data/Testing/notumor/Te-no_236.jpg,notumor,data/Testing/notumor/Te-no_345.jpg,notumor,perceptual_phash_ncc,2,0.9950517416000366,0.9209735989570618,False
data/Testing/notumor/Te-no_24.jpg,notumor,data/Testing/notumor/Te-no_396.jpg,notumor,perceptual_phash_ncc,4,0.9893761873245239,0.9318159818649292,False
data/Testing/notumor/Te-no_242.jpg,notumor,data/Testing/notumor/Te-no_266.jpg,notumor,perceptual_phash_ncc,2,0.9962588548660278,0.9614598155021667,False
data/Testing/notumor/Te-no_244.jpg,notumor,data/Testing/notumor/Te-no_390.jpg,notumor,perceptual_phash_ncc,2,0.9960047006607056,0.96864914894104,False
data/Testing/notumor/Te-no_249.jpg,notumor,data/Testing/notumor/Te-no_261.jpg,notumor,perceptual_phash_ncc,4,0.9991379976272583,0.9873538017272949,False
data/Testing/notumor/Te-no_25.jpg,notumor,data/Testing/notumor/Te-no_85.jpg,notumor,perceptual_phash_ncc,2,0.9894565343856812,0.8689508438110352,False
data/Testing/notumor/Te-no_25.jpg,notumor,data/Testing/notumor/Te-no_90.jpg,notumor,perceptual_phash_ncc,4,0.9930706024169922,0.9306486248970032,False
data/Testing/notumor/Te-no_260.jpg,notumor,data/Testing/notumor/Te-no_271.jpg,notumor,perceptual_phash_ncc,2,0.9926689863204956,0.9001463055610657,False
data/Testing/notumor/Te-no_262.jpg,notumor,data/Testing/notumor/Te-no_397.jpg,notumor,perceptual_phash_ncc,2,0.9970716834068298,0.9415872693061829,False
data/Testing/notumor/Te-no_263.jpg,notumor,data/Testing/notumor/Te-no_318.jpg,notumor,perceptual_phash_ncc,4,0.9959138631820679,0.9121069312095642,False
data/Testing/notumor/Te-no_264.jpg,notumor,data/Testing/notumor/Te-no_68.jpg,notumor,perceptual_phash_ncc,2,0.9829581379890442,0.8911330699920654,False
data/Testing/notumor/Te-no_27.jpg,notumor,data/Testing/notumor/Te-no_64.jpg,notumor,perceptual_phash_ncc,4,0.9989105463027954,0.9692510366439819,False
data/Testing/notumor/Te-no_272.jpg,notumor,data/Testing/notumor/Te-no_79.jpg,notumor,perceptual_phash_ncc,2,0.9958887696266174,0.9578394293785095,False
data/Testing/notumor/Te-no_280.jpg,notumor,data/Testing/notumor/Te-no_343.jpg,notumor,perceptual_phash_ncc,2,0.9980804324150085,0.9815756678581238,False
data/Testing/notumor/Te-no_282.jpg,notumor,data/Testing/notumor/Te-no_326.jpg,notumor,perceptual_phash_ncc,4,0.9950851202011108,0.9327759742736816,False
data/Testing/notumor/Te-no_286.jpg,notumor,data/Testing/notumor/Te-no_346.jpg,notumor,perceptual_phash_ncc,2,0.999907374382019,0.998909592628479,False
data/Testing/notumor/Te-no_289.jpg,notumor,data/Testing/notumor/Te-no_350.jpg,notumor,perceptual_phash_ncc,2,0.9978923797607422,0.9612075686454773,False
data/Testing/notumor/Te-no_29.jpg,notumor,data/Testing/notumor/Te-no_352.jpg,notumor,perceptual_phash_ncc,4,0.9989615678787231,0.9910473823547363,False
data/Testing/notumor/Te-no_292.jpg,notumor,data/Testing/notumor/Te-no_87.jpg,notumor,perceptual_phash_ncc,2,0.9954060912132263,0.9401090145111084,False
data/Testing/notumor/Te-no_296.jpg,notumor,data/Testing/notumor/Te-no_360.jpg,notumor,perceptual_phash_ncc,2,0.9972396492958069,0.9426551461219788,False
data/Testing/notumor/Te-no_298.jpg,notumor,data/Testing/notumor/Te-no_319.jpg,notumor,perceptual_phash_ncc,2,0.9969362616539001,0.9471616148948669,False
data/Testing/notumor/Te-no_299.jpg,notumor,data/Testing/notumor/Te-no_312.jpg,notumor,perceptual_phash_ncc,0,0.9971529841423035,0.961370587348938,False
data/Testing/notumor/Te-no_300.jpg,notumor,data/Testing/notumor/Te-no_99.jpg,notumor,perceptual_phash_ncc,2,0.9929386377334595,0.8848572969436646,False
data/Testing/notumor/Te-no_301.jpg,notumor,data/Testing/notumor/Te-no_308.jpg,notumor,perceptual_phash_ncc,0,0.9979159235954285,0.9731220006942749,False
data/Testing/notumor/Te-no_303.jpg,notumor,data/Testing/notumor/Te-no_89.jpg,notumor,perceptual_phash_ncc,0,0.9923039078712463,0.9486753344535828,False
data/Testing/notumor/Te-no_320.jpg,notumor,data/Testing/notumor/Te-no_340.jpg,notumor,perceptual_phash_ncc,2,0.9975220561027527,0.9572714567184448,False
data/Testing/notumor/Te-no_326.jpg,notumor,data/Testing/notumor/Te-no_57.jpg,notumor,perceptual_phash_ncc,4,0.9969624280929565,0.9550231099128723,False
data/Testing/notumor/Te-no_329.jpg,notumor,data/Testing/notumor/Te-no_71.jpg,notumor,perceptual_phash_ncc,2,0.9884535670280457,0.891650915145874,False
data/Testing/notumor/Te-no_349.jpg,notumor,data/Testing/notumor/Te-no_66.jpg,notumor,perceptual_phash_ncc,4,0.99754399061203,0.9672577977180481,False
data/Testing/notumor/Te-no_35.jpg,notumor,data/Testing/notumor/Te-no_383.jpg,notumor,perceptual_phash_ncc,2,0.9914405941963196,0.9055293798446655,False
data/Testing/notumor/Te-no_361.jpg,notumor,data/Testing/notumor/Te-no_80.jpg,notumor,perceptual_phash_ncc,2,0.9981318712234497,0.9692153334617615,False
data/Testing/notumor/Te-no_366.jpg,notumor,data/Testing/notumor/Te-no_91.jpg,notumor,perceptual_phash_ncc,0,0.9988654255867004,0.9816551208496094,False
data/Testing/notumor/Te-no_37.jpg,notumor,data/Testing/notumor/Te-no_73.jpg,notumor,perceptual_phash_ncc,2,0.9968341588973999,0.9463286995887756,False
data/Testing/notumor/Te-no_378.jpg,notumor,data/Testing/notumor/Te-no_98.jpg,notumor,perceptual_phash_ncc,2,0.9988712072372437,0.9691840410232544,False
data/Testing/notumor/Te-no_384.jpg,notumor,data/Testing/notumor/Te-no_6.jpg,notumor,perceptual_phash_ncc,2,0.9984386563301086,0.9743711948394775,False
data/Testing/notumor/Te-no_394.jpg,notumor,data/Testing/notumor/Te-no_7.jpg,notumor,perceptual_phash_ncc,2,0.9992039203643799,0.9844794273376465,False
data/Testing/notumor/Te-no_85.jpg,notumor,data/Testing/notumor/Te-no_90.jpg,notumor,perceptual_phash_ncc,2,0.9880756735801697,0.8620712757110596,False
