relative_path,class_name,class_index,final_split,pixel_sha256,width,height,aspect_ratio,decoded_format,original_mode,original_split
data/Testing/glioma/Te-gl_1.jpg,glioma,0,train,5aaa0b2e2d60577207d4b7a65143aef4efc189ea285d4a85bf9bb818f1d25c9a,354,442,0.8009049773755657,JPEG,RGB,Testing
data/Testing/glioma/Te-gl_10.jpg,glioma,0,train,53697ab76287b758d9bd9c44d527b6b9ab7ed0f4e2f42cfca546fdcaef74c026,512,512,1.0,JPEG,L,Testing
data/Testing/glioma/Te-gl_100.jpg,glioma,0,train,7daec5d0ba54991d1558cbd2ba4d66ca9e31a39596acc11ab217cd2e0ee0d3d1,512,512,1.0,JPEG,L,Testing
data/Testing/glioma/Te-gl_101.jpg,glioma,0,train,2ee45d518d6917c4bf69994b3eaa9a615333288ecaf727c983bef3f186eae019,512,512,1.0,JPEG,L,Testing
data/Testing/glioma/Te-gl_103.jpg,glioma,0,train,5a396a697ddb44856dd734e195ac6ccd46ff0ba2af0b83769c12f6f8c451d833,541,477,1.1341719077568133,JPEG,RGB,Testing
data/Testing/glioma/Te-gl_105.jpg,glioma,0,train,413d46f1104f25731f9c96b818fa0ed1c412cc233dc92d3152a84dc49cfd6301,512,512,1.0,JPEG,L,Testing
data/Testing/glioma/Te-gl_106.jpg,glioma,0,train,53ee6c5815b8830b2cf8806ac53eab7d15e64158ebec0d263ab6e390ed7dfe5b,236,236,1.0,JPEG,RGB,Testing
data/Testing/glioma/Te-gl_107.jpg,glioma,0,train,6893114d1bab74d2be106a35ee6c64d587b0ff5de0bdd46555b8106ac3279f0e,512,512,1.0,JPEG,L,Testing
data/Testing/glioma/Te-gl_108.jpg,glioma,0,train,beb3a85de4baf2555343e508b05f11437bc1a42ea0c39e4b33966233fdfed43d,512,512,1.0,JPEG,RGB,Testing
data/Testing/glioma/Te-gl_109.jpg,glioma,0,train,79eebf39097d84a47442e4b92875a636837993d624ffa35851b8fa50d0769f51,236,236,1.0,JPEG,RGB,Testing
data/Testing/glioma/Te-gl_11.jpg,glioma,0,train,aa97448e0482fff7d0bd2ebba50bd3e5a0ff6449b44c73dca0b65593dd5831d9,512,512,1.0,JPEG,L,Testing
data/Testing/glioma/Te-gl_110.jpg,glioma,0,train,a71c0b3bd7954227d1c951093f347e319490576a92fe73694126597541dde362,512,512,1.0,JPEG,L,Testing
data/Testing/glioma/Te-gl_111.jpg,glioma,0,train,4ae8285fd7272655259395d168d80636e681ef399666c5178ad7da4bc9b035d1,512,512,1.0,JPEG,RGB,Testing
data/Testing/glioma/Te-gl_112.jpg,glioma,0,train,a0b0029799e5be96e97b4c3445642a80f3e1d6c04a9453f880cc21b1eb26a17d,512,512,1.0,JPEG,RGB,Testing
data/Testing/glioma/Te-gl_113.jpg,glioma,0,train,8ba027f56ba15f8e5e5957ea77146440c32bbf1627dc85bb4f2199c873cd1107,512,512,1.0,JPEG,L,Testing
data/Testing/glioma/Te-gl_115.jpg,glioma,0,train,3f4890e84446d63aaf5ecb19b1e726c28905fa2cbe9a6570a04dbcf297192622,338,411,0.8223844282238443,JPEG,RGB,Testing
data/Testing/glioma/Te-gl_116.jpg,glioma,0,train,c700ca19414d9f3e02ce387570eb0e58ebad160f051518f69764edfe9f7b77ab,512,512,1.0,JPEG,RGB,Testing
data/Testing/glioma/Te-gl_117.jpg,glioma,0,train,76fecbd6e5dad4cb788c027a9810bbf03db490d0306f33af82ce9666ca9546a8,512,512,1.0,JPEG,L,Testing
data/Testing/glioma/Te-gl_119.jpg,glioma,0,train,87cd888fa90e26dd45ed5aa93e4622e606f8bf077912cc41383045ab263904f8,512,512,1.0,JPEG,L,Testing
data/Testing/glioma/Te-gl_120.jpg,glioma,0,train,610933b7a8c4d8a67ca9694490f3fd39f4ab5938e3f993258d619e9c88634ecc,384,382,1.0052356020942408,JPEG,RGB,Testing
data/Testing/glioma/Te-gl_121.jpg,glioma,0,train,c42b1e3198eb20f713c75501547937b81ae25fabedcdc196042d8b68742593b4,512,512,1.0,JPEG,RGB,Testing
data/Testing/glioma/Te-gl_122.jpg,glioma,0,train,c2f81acf1e904ef5f8639ef28818082efd62d06c1e9611b1dd7ff7a3ea6acddc,512,512,1.0,JPEG,L,Testing
data/Testing/glioma/Te-gl_124.jpg,glioma,0,train,9e1f6ca81983dd597fd622633818b84b74c7b8310cde864e86acb52760f47018,512,512,1.0,JPEG,L,Testing
data/Testing/glioma/Te-gl_125.jpg,glioma,0,train,dc9a9c94aa3b19640d91db3a8291d34acb37a26e8bdfb76f7e2866d83b9530e7,512,512,1.0,JPEG,L,Testing
data/Testing/glioma/Te-gl_126.jpg,glioma,0,train,e1c0a42cfcd6c0ae4f050043540f182eb78261a6766606c0bec0159fc91e4758,360,380,0.9473684210526315,JPEG,RGB,Testing
data/Testing/glioma/Te-gl_127.jpg,glioma,0,train,3ff2f845bde6f715c4532c3a122c203704f2d6c5ef3ae2ddc537d80c1f7ecdb1,512,512,1.0,JPEG,L,Testing
data/Testing/glioma/Te-gl_128.jpg,glioma,0,train,40644eeb84ac014fc3b71e5a3fd858714fb60245afca1d71432d41d9220c5df3,512,512,1.0,JPEG,L,Testing
data/Testing/glioma/Te-gl_129.jpg,glioma,0,train,53c0c4b07fbb50ad1873afbb75227d37a263a68a312813e4343f109f71162fd4,200,249,0.8032128514056225,JPEG,RGB,Testing
data/Testing/glioma/Te-gl_13.jpg,glioma,0,train,afa55b7138f1f4431cfd58e60e425af98ffd372b7880c7971c37f8f36368653f,512,512,1.0,JPEG,L,Testing
data/Testing/glioma/Te-gl_130.jpg,glioma,0,train,01597eda70ac965b57eb32fe82cd26377ca1f5f63ec93d2f9fdf3a94f017ee4e,512,512,1.0,JPEG,L,Testing
data/Testing/glioma/Te-gl_131.jpg,glioma,0,train,6ab4f365df04f1d556451a37b1ce6b84ac76d63c7ace719679d41df5f1ebf77e,512,512,1.0,JPEG,L,Testing
data/Testing/glioma/Te-gl_132.jpg,glioma,0,train,f97c4c6a832a863e5241574304e2c0a0a95a59794345013e12ffa40e34ab9c5b,512,512,1.0,JPEG,RGB,Testing
data/Testing/glioma/Te-gl_133.jpg,glioma,0,train,1295bcdf2ecc8280f950e2cc75639df91239c2e9372c507c0c55ff660ca81ad8,526,583,0.902229845626072,JPEG,RGB,Testing
data/Testing/glioma/Te-gl_134.jpg,glioma,0,train,85d53994f7697ab85a256b6ff1c3ec01dca0f2360c3656694d09abd69bf479cc,512,512,1.0,JPEG,L,Testing
data/Testing/glioma/Te-gl_135.jpg,glioma,0,train,9cf393f039540104fb1ce4de4303a5af3f5cd1448470a57cb6a3a68fa8fdd98f,512,512,1.0,JPEG,L,Testing
data/Testing/glioma/Te-gl_137.jpg,glioma,0,train,7f51a8364f23ac800ead0add5c08143d6cd0110a6fc6b7655cc4828c92c89c16,512,512,1.0,JPEG,L,Testing
data/Testing/glioma/Te-gl_14.jpg,glioma,0,train,137edf645922b07727251fbb08a4d629ebac86d1afa43abb9f83fc94e576e13b,512,512,1.0,JPEG,RGB,Testing
data/Testing/glioma/Te-gl_140.jpg,glioma,0,train,bb2fb0461438c218399d425e3f0f7b3a805525dac8e48292548b5c04fff0d414,510,602,0.8471760797342193,JPEG,RGB,Testing
data/Testing/glioma/Te-gl_141.jpg,glioma,0,train,eccc5b86722436f4b0d0e672d50ed03355517806f2e63e51bec896d360cf2ab6,512,512,1.0,JPEG,RGB,Testing
data/Testing/glioma/Te-gl_144.jpg,glioma,0,train,3c984232d33e4a965dc6936fd824bc97f51d32741305f62bff224344bc6feea1,544,564,0.9645390070921985,JPEG,RGB,Testing
data/Testing/glioma/Te-gl_145.jpg,glioma,0,train,2a72c4589e0858eba3fe22fccd99339b0fc686e9de58911a9cb69fb685a8ccca,512,512,1.0,JPEG,L,Testing
data/Testing/glioma/Te-gl_148.jpg,glioma,0,train,08a20c0a8dde9b897de86e35a8dd3332e9491330071fd61cb2ad49435409e300,512,512,1.0,JPEG,L,Testing
data/Testing/glioma/Te-gl_149.jpg,glioma,0,train,e1efb86a15cd935b8c8ef0949eb7b066595fe3048ad31da3ee96b879849f798a,512,512,1.0,JPEG,L,Testing
data/Testing/glioma/Te-gl_15.jpg,glioma,0,train,c1b866dca4de26e39e6423386c6b6ca40a564693f80bf7022e189cacd84992a0,383,407,0.941031941031941,JPEG,RGB,Testing
data/Testing/glioma/Te-gl_150.jpg,glioma,0,train,87ee658fd9a0b8b087446230a7ae8ca0dc99ed1ff826b73c9930b3166e651a22,512,512,1.0,JPEG,L,Testing
data/Testing/glioma/Te-gl_151.jpg,glioma,0,train,f5300d6da9c40bd5c5d6cbfdaaec08afd134fc42cdcfef5b443129aa8d8df8c8,319,360,0.8861111111111111,JPEG,RGB,Testing
data/Testing/glioma/Te-gl_152.jpg,glioma,0,train,b40718d8964a72b5b33142723c48a294a130ab1b8c16c2831926a6e1d0f1cf6e,512,512,1.0,JPEG,RGB,Testing
data/Testing/glioma/Te-gl_155.jpg,glioma,0,train,41ec43b29bf9b917d99672b52c46095f0973393e35aa58ba755d1cbaaedf0ee0,512,512,1.0,JPEG,RGB,Testing
data/Testing/glioma/Te-gl_157.jpg,glioma,0,train,218ac60b33afe1515ec197c010d3f9e6358ff47203eb70e8c7f8f681a15fc403,512,512,1.0,JPEG,L,Testing
data/Testing/glioma/Te-gl_158.jpg,glioma,0,train,54cafc07d760d599a3c410e3251cef3804cc0d87e74eb62c06fbe256d1ce8413,512,512,1.0,JPEG,L,Testing
data/Testing/glioma/Te-gl_161.jpg,glioma,0,train,3bc899ac85d3d5e0b5513eeeb19fd3c76ba97d3da4be76feb949e59490b65b06,512,512,1.0,JPEG,L,Testing
data/Testing/glioma/Te-gl_162.jpg,glioma,0,train,4c17e68323bb98f8e3dc314826f73749444e1210c50490e3904d3783b133e69d,512,512,1.0,JPEG,RGB,Testing
data/Testing/glioma/Te-gl_163.jpg,glioma,0,train,9c99c8df0bba8968e2be63cc423a6945c8518847f8e3f2925d9d64db28ca95cf,512,512,1.0,JPEG,RGB,Testing
data/Testing/glioma/Te-gl_164.jpg,glioma,0,train,f97ea03620e07c9fabf826d5fed0a11e5770a2888f1b015845272c9ed1978d0d,512,512,1.0,JPEG,L,Testing
data/Testing/glioma/Te-gl_165.jpg,glioma,0,train,9376496c6fac761dfae070d1f071dc7f44d53c3afca6d6694625016e7e14242b,512,512,1.0,JPEG,L,Testing
data/Testing/glioma/Te-gl_168.jpg,glioma,0,train,6c4ba06e7afc4e7faf038c9f3d6ec420bc41b111e55d06c4c79ee40c0c7a12fc,512,512,1.0,JPEG,L,Testing
data/Testing/glioma/Te-gl_169.jpg,glioma,0,train,7caf5a6e2821a1575f96000aa4d7cf416e8958092b89f411253b6c7ce6a06ab1,512,512,1.0,JPEG,RGB,Testing
data/Testing/glioma/Te-gl_17.jpg,glioma,0,train,74ab233a61b098d55481c71fa61f7c2fe23359d85f6f23f59be6f5df793a85be,512,512,1.0,JPEG,L,Testing
data/Testing/glioma/Te-gl_171.jpg,glioma,0,train,1f8a4e2eda3f917d1a1cd1bbf501a047ed0c43664e557f49b6875945d1c2aa99,310,380,0.8157894736842105,JPEG,RGB,Testing
data/Testing/glioma/Te-gl_172.jpg,glioma,0,train,6b66dbee3b00fba29ab1ddcdc416a212fb43254fd87bff9fa1364913afdd7026,512,512,1.0,JPEG,L,Testing
data/Testing/glioma/Te-gl_173.jpg,glioma,0,train,fe3ddaa8157d873be8f4690ab568a4cdba76eefb972a03788103165a89615735,512,512,1.0,JPEG,L,Testing
data/Testing/glioma/Te-gl_174.jpg,glioma,0,train,62f289179ce1e51d9a49b79e945df735ed5a14fc437677655cfa65f3457d2a5d,512,512,1.0,JPEG,L,Testing
data/Testing/glioma/Te-gl_175.jpg,glioma,0,train,317bbdcd6cef3b6d30151ad17c88b3f7313c0228efb9c8b146a6cad9ccb4fa3e,512,512,1.0,JPEG,L,Testing
data/Testing/glioma/Te-gl_176.jpg,glioma,0,train,ddc6f36434beba4f7a4bd7d1193db34ea31a554749dec593c62f8639cfa2ff8c,512,512,1.0,JPEG,L,Testing
data/Testing/glioma/Te-gl_177.jpg,glioma,0,train,351f97c9974186d111117fa00b6d7fb8f7b55a8b45bc6016126a68dd60aa6df3,512,512,1.0,JPEG,RGB,Testing
data/Testing/glioma/Te-gl_179.jpg,glioma,0,train,8de201c8c7c3a11f92ab77fb817122445a3a65e517c2d3ec64b869c99f827a2c,512,512,1.0,JPEG,RGB,Testing
data/Testing/glioma/Te-gl_18.jpg,glioma,0,train,fdf85ebcf851de8bb8ad0e65bade82bc419c0471aa6d825c6231ac8e0ae7c3b9,512,512,1.0,JPEG,RGB,Testing
data/Testing/glioma/Te-gl_181.jpg,glioma,0,train,d865be401487296bf0aed88a494af10b110d7736f09852508fd06886390c1509,512,512,1.0,JPEG,L,Testing
data/Testing/glioma/Te-gl_182.jpg,glioma,0,train,68739ed62b22f4ee05b5ae1ec30d5a1c1be4a7634b864a769541011e161b4c51,512,512,1.0,JPEG,L,Testing
data/Testing/glioma/Te-gl_185.jpg,glioma,0,train,00e9dd6f7b5a4bf02041ecd738b02e833de016877bdbc5145063da64f4703534,512,512,1.0,JPEG,L,Testing
data/Testing/glioma/Te-gl_186.jpg,glioma,0,train,ab5509733fe99b150782db504ef23742de9390c11456a626f90b0c689523a132,512,512,1.0,JPEG,L,Testing
data/Testing/glioma/Te-gl_188.jpg,glioma,0,train,f8423be0dcec5c00e5678852b55b9c0f15c08af93b93debddf7b6a4e45ec19d7,512,512,1.0,JPEG,L,Testing
data/Testing/glioma/Te-gl_19.jpg,glioma,0,train,0fcce6bb105b13747d8e2bd67fef82363bbd5d9363cd825c3304b490dead1ef9,512,512,1.0,JPEG,L,Testing
data/Testing/glioma/Te-gl_191.jpg,glioma,0,train,052ec785f8b007f1b71e8c791e8ded58fb40ce0ba65eda9823dc1a450f6e024b,512,512,1.0,JPEG,L,Testing
data/Testing/glioma/Te-gl_192.jpg,glioma,0,train,c4cf1b77fff26e6731d8a6f7304bee72403b24a2874a9119965caafe8248e62c,512,512,1.0,JPEG,L,Testing
data/Testing/glioma/Te-gl_195.jpg,glioma,0,train,e176b96996653abf833581dce54efc08e72999ca138c88c757ddc1dbc3ebd833,512,512,1.0,JPEG,L,Testing
data/Testing/glioma/Te-gl_197.jpg,glioma,0,train,2f5341085960b4d294ed0c96f5c21b88532576bc470f0012f29a92590a632448,512,512,1.0,JPEG,L,Testing
data/Testing/glioma/Te-gl_198.jpg,glioma,0,train,d43698f257024db7b1b56a17cc79523149bd98299e3c924ab388af8ba7f158b7,512,512,1.0,JPEG,RGB,Testing
data/Testing/glioma/Te-gl_199.jpg,glioma,0,train,721ddb12e41cc134c7ec8dfba0f19d8fd180010d5c02817aee9853b7d1f3eca6,512,512,1.0,JPEG,L,Testing
data/Testing/glioma/Te-gl_2.jpg,glioma,0,train,b0019be18e80202a8b1c0f8344808e5c811e6523e8dc898c7a1d8d79836c7089,512,512,1.0,JPEG,L,Testing
data/Testing/glioma/Te-gl_20.jpg,glioma,0,train,86c9f8ba37d047e827dc3d6115e1cba865200631c6e9f559bfcd4268160c9f2a,512,512,1.0,JPEG,L,Testing
data/Testing/glioma/Te-gl_200.jpg,glioma,0,train,b6d13372cfd06e5490a606721192dee11ffdf32cb279ae4a518a78d1381b55ee,512,512,1.0,JPEG,RGB,Testing
data/Testing/glioma/Te-gl_202.jpg,glioma,0,train,0c79e685fbc177172f231de0c83539849ac043b44be5c2616b9247e59bc88481,512,512,1.0,JPEG,L,Testing
data/Testing/glioma/Te-gl_204.jpg,glioma,0,train,3e97b7df773e1be7506700a66667e2bad93e97fbdbcb8efeb0f6ea6e0f58808c,256,256,1.0,JPEG,RGB,Testing
data/Testing/glioma/Te-gl_205.jpg,glioma,0,train,1845886cfe038092ae1d9a67b4a5017d4c0f5477edc85d23702300fd42449e87,512,512,1.0,JPEG,L,Testing
data/Testing/glioma/Te-gl_206.jpg,glioma,0,train,f8c0040886e52f60cac904b2660c55f037cead6a6f729c7c94d3811672a777dd,512,512,1.0,JPEG,RGB,Testing
data/Testing/glioma/Te-gl_207.jpg,glioma,0,train,41682f54ea022a265917c748143907174d0c755140eddd2d9e7281d57a3c051e,512,512,1.0,JPEG,RGB,Testing
data/Testing/glioma/Te-gl_208.jpg,glioma,0,train,69ee442bc196fc3708ffb9e603ec16c9c78ab387be9f32ae715f229b25f6115c,512,512,1.0,JPEG,L,Testing
data/Testing/glioma/Te-gl_209.jpg,glioma,0,train,5ead1f2f41b14f03372839ae8882ee934b99ecb5cdeacbda498596e50bd883da,512,512,1.0,JPEG,L,Testing
data/Testing/glioma/Te-gl_21.jpg,glioma,0,train,acbaf1106101589154c45c9a3a488091184febc8bab647afede140b3781ab0b8,512,512,1.0,JPEG,RGB,Testing
data/Testing/glioma/Te-gl_212.jpg,glioma,0,train,6e2bd7f28abfad33b6114c6169fca0c83254251b02232c246c1c04aba3ab5c36,524,581,0.9018932874354562,JPEG,RGB,Testing
data/Testing/glioma/Te-gl_213.jpg,glioma,0,train,ce234bc83dce2b5c1d867304b15a9fa9cd61ef67119c2a3d4225f4cfd76333d1,512,512,1.0,JPEG,L,Testing
data/Testing/glioma/Te-gl_214.jpg,glioma,0,train,c61f345bd3327c71e44cea240c127c5e19bb4b40bf8706b03403bad77aff05f6,512,512,1.0,JPEG,L,Testing
data/Testing/glioma/Te-gl_215.jpg,glioma,0,train,647e5e4992664960d155569bb8b7802b02561bc8ebc29bc6113b63d685677711,565,513,1.101364522417154,JPEG,RGB,Testing
data/Testing/glioma/Te-gl_216.jpg,glioma,0,train,fc4647597b2e9849c104cddbddba722b6ee16ec8210219a6dc4669e61a83bc5f,512,512,1.0,JPEG,RGB,Testing
data/Testing/glioma/Te-gl_217.jpg,glioma,0,train,e850ac713a78bec9e74b1226183d8cf37dcb676f4bd6b249c4cfd532d46196f3,512,512,1.0,JPEG,L,Testing
data/Testing/glioma/Te-gl_218.jpg,glioma,0,train,d2f7ad5dd65b34bff755f4f18a1da77eea405c1d362a345705659a36bdccc3b6,373,378,0.9867724867724867,JPEG,RGB,Testing
data/Testing/glioma/Te-gl_22.jpg,glioma,0,train,870181128626477082508063e1b7b3f22828ab127dfdacd0c12f1d2bc316bd50,512,512,1.0,JPEG,L,Testing
data/Testing/glioma/Te-gl_220.jpg,glioma,0,train,7d8040f3e73c138bc48f113acf74e0b4832381ed16e449290743287edcdca86b,512,512,1.0,JPEG,RGB,Testing
data/Testing/glioma/Te-gl_221.jpg,glioma,0,train,2a57f2458fb869776a7c2cb4b6355d374dedf7645e4264306ca2492a74a53f5a,512,512,1.0,JPEG,L,Testing
data/Testing/glioma/Te-gl_222.jpg,glioma,0,train,0639206b2a34c161fcd01e1eccf44c839c45cf3a92b2b98c1acd567dc6efc735,512,512,1.0,JPEG,L,Testing
data/Testing/glioma/Te-gl_223.jpg,glioma,0,train,261f5a1465d972a8beddcc42764d9ba139e8bbcd291b1af3172606d66f3aa155,512,512,1.0,JPEG,RGB,Testing
data/Testing/glioma/Te-gl_226.jpg,glioma,0,train,2c0b34f0f961ac89d3a693f78c20341e1ccc1f45b549b8c1b7ef71cad708de76,512,512,1.0,JPEG,L,Testing
data/Testing/glioma/Te-gl_227.jpg,glioma,0,train,85030e002804ef3f05c5a506e9426b895eb53cd4327b032890137b1c898eed65,512,512,1.0,JPEG,L,Testing
data/Testing/glioma/Te-gl_229.jpg,glioma,0,train,d8c84ed894edb04b8ac0da8cbd32acad4f16f5eab5599fd90f11cfa2b1e73fdf,495,619,0.7996768982229402,JPEG,RGB,Testing
data/Testing/glioma/Te-gl_23.jpg,glioma,0,train,0a638d7f11d9c992e6de3ab81746a8729e2e62a579d977d84e67d8f8920fff40,512,512,1.0,JPEG,L,Testing
data/Testing/glioma/Te-gl_230.jpg,glioma,0,train,68c20eb2ac17fc70d5e53802b39bb7d4a9d9bcb37daecd3b0dd066f596e6f8a0,512,512,1.0,JPEG,L,Testing
data/Testing/glioma/Te-gl_231.jpg,glioma,0,train,1db7abcdd1df6f1a5852ad0560dbda135c563307fd227ad5bb1c7853a86b5d35,512,512,1.0,JPEG,L,Testing
data/Testing/glioma/Te-gl_232.jpg,glioma,0,train,8b42f5b89d66449d30e4c6230fc7447858dd00ead4e796afe01eae818b9d316c,512,512,1.0,JPEG,L,Testing
data/Testing/glioma/Te-gl_233.jpg,glioma,0,train,ed45e3b02da5940f195284af654bad3374e5ae5c1738855a78e15a4abdf79382,512,512,1.0,JPEG,RGB,Testing
data/Testing/glioma/Te-gl_234.jpg,glioma,0,train,40b0fa4ca741d3c8053bb4c93ebf88373e40e687e243dc4bc04127cdd877b607,512,512,1.0,JPEG,RGB,Testing
data/Testing/glioma/Te-gl_236.jpg,glioma,0,train,8352d33c4011a95c5df2b37410628a02e8d13cb6b48b00ca0de4e40f5594094c,512,512,1.0,JPEG,L,Testing
data/Testing/glioma/Te-gl_237.jpg,glioma,0,train,08668e59597ee3c45aec976f3775712a3ffbeeb2811f625bb2318c7d55b147cf,512,512,1.0,JPEG,L,Testing
data/Testing/glioma/Te-gl_239.jpg,glioma,0,train,fef464d2c7fe5b4699dc55f4c7cf814d5067b6f38d9962e4629c0bd96426600f,512,512,1.0,JPEG,L,Testing
data/Testing/glioma/Te-gl_24.jpg,glioma,0,train,8789595c7bbd04acfcb68ff0dbc143d17ec7c1cf163a70ae0b88d49c7ce609a3,512,512,1.0,JPEG,L,Testing
data/Testing/glioma/Te-gl_241.jpg,glioma,0,train,6884d59df621fc4ae8feac37bb2573cef2dcd238d66067eb43955ee3a1cc5246,512,512,1.0,JPEG,L,Testing
data/Testing/glioma/Te-gl_244.jpg,glioma,0,train,011b6425a2b038bc72ea8be5f21c7ce849f02832d5216e09ea5b01de1037a013,512,512,1.0,JPEG,RGB,Testing
data/Testing/glioma/Te-gl_245.jpg,glioma,0,train,275e0ae1f2d10b8eb12abd02ba6b417249dd6c0c82ced9820db3d41fa737f2a8,512,512,1.0,JPEG,L,Testing
data/Testing/glioma/Te-gl_247.jpg,glioma,0,train,64f2f29f3cc525c38e0f3125e2ae8e1556bb706e98ff7c9a05cc95f3e72e61c9,512,512,1.0,JPEG,RGB,Testing
data/Testing/glioma/Te-gl_249.jpg,glioma,0,train,be082fc2028e906d9977f3b24415788c6484b38a6c7c4b83a56b71966b42e88c,512,512,1.0,JPEG,L,Testing
data/Testing/glioma/Te-gl_25.jpg,glioma,0,train,4ec701b7d673d69a1cfdd953d3d1b825e180c04673ba88152a6fe2bdc8e36f63,512,512,1.0,JPEG,L,Testing
data/Testing/glioma/Te-gl_250.jpg,glioma,0,train,0ec0eab6c73035ce101470543b4549df0cd2d5a01c5b489cc77c7727b1209862,512,512,1.0,JPEG,RGB,Testing
data/Testing/glioma/Te-gl_252.jpg,glioma,0,train,947e9b44b9f56b0d6a93ab596a33a0e1bc7ddba40869c80d53e8f6de30e010c8,512,512,1.0,JPEG,L,Testing
data/Testing/glioma/Te-gl_258.jpg,glioma,0,train,352cf77b9db1f00cc75031e98116b511c3544f8ef878a3ae11ae40c43a4d6907,512,512,1.0,JPEG,L,Testing
data/Testing/glioma/Te-gl_26.jpg,glioma,0,train,0af80fd7a85f9a375958ff6921d20bf4e3d95fc1a711c09d3da2b0cbc0f12ba4,512,512,1.0,JPEG,L,Testing
data/Testing/glioma/Te-gl_261.jpg,glioma,0,train,bb3725a4498bf489153cb219940100c4a85e62c26139339928dc5669522dd9ac,512,512,1.0,JPEG,RGB,Testing
data/Testing/glioma/Te-gl_262.jpg,glioma,0,train,3683c92aab6d33fa9b059833e199bf2097fd761ab8fc4776f0cf679124652cdf,512,512,1.0,JPEG,L,Testing
data/Testing/glioma/Te-gl_264.jpg,glioma,0,train,450120725d17e3cf82db55ceaa6964a430beb37df052d2de08ea06dd49ef6835,546,562,0.9715302491103203,JPEG,RGB,Testing
data/Testing/glioma/Te-gl_265.jpg,glioma,0,train,e36fa3a6f0208cb36e9fcf625a817b04fde1ff1fc73a4d13ce08ad36249754bb,512,512,1.0,JPEG,L,Testing
data/Testing/glioma/Te-gl_266.jpg,glioma,0,train,a8fc37e87b745c9dfb73f3f274cb6fdb7f78ae9374a7dc73a8cca59a8284a37c,512,512,1.0,JPEG,L,Testing
data/Testing/glioma/Te-gl_267.jpg,glioma,0,train,25f46a91f9d48cc617cafd6d241eeecd5779a76890c73a955f9a7d4fc370ec7f,512,512,1.0,JPEG,L,Testing
data/Testing/glioma/Te-gl_273.jpg,glioma,0,train,f1fd1c41ac87f8b8e1b2b008fe24c95fd36467313b4d5243b64e940d1abd791c,512,512,1.0,JPEG,L,Testing
data/Testing/glioma/Te-gl_274.jpg,glioma,0,train,fac4ca447edcb941fadcd45e32b42a4d5238b10ad547a5e231428b56282aed0b,512,512,1.0,JPEG,L,Testing
data/Testing/glioma/Te-gl_275.jpg,glioma,0,train,3958eba8ecb0bc46bbd51d3ea351c770e2e96f13c7e5c66d1edb3968d5da8fb1,236,236,1.0,JPEG,RGB,Testing
data/Testing/glioma/Te-gl_276.jpg,glioma,0,train,93af06b7c12e304f5125d36f8e977eaca9bdb7d2188166e48dbc63804230fae3,512,512,1.0,JPEG,L,Testing
data/Testing/glioma/Te-gl_277.jpg,glioma,0,train,e77c817f12b7470ff7aef5a2e03238673d70217bc7bdb168a560eb98c0f3795f,357,396,0.9015151515151515,JPEG,RGB,Testing
data/Testing/glioma/Te-gl_279.jpg,glioma,0,train,d79f738f53875c7479c1982c39730de5f0d70ed1e7c66edc4ee824bd90f220f7,512,512,1.0,JPEG,RGB,Testing
data/Testing/glioma/Te-gl_28.jpg,glioma,0,train,5ea324ab0bfa32c0b6e6d0f99cb0f2f07667fda673bbd667f2f092239f2ce311,512,512,1.0,JPEG,RGB,Testing
data/Testing/glioma/Te-gl_280.jpg,glioma,0,train,6b91e97fb19ee03a3bfd6074ecd3180a868ec402f87319ab811e9e7642edfcbc,512,512,1.0,JPEG,L,Testing
data/Testing/glioma/Te-gl_282.jpg,glioma,0,train,59a28fbad3fbf0c61656288fca5cf64afc62f51cc512286f84f090b79ad75f1b,512,512,1.0,JPEG,RGB,Testing
data/Testing/glioma/Te-gl_284.jpg,glioma,0,train,e97ab9fa8134bfd0c068a9e19ca4c9d4ab2434b630c7a2cb27e05721c58d71bf,512,512,1.0,JPEG,RGB,Testing
data/Testing/glioma/Te-gl_286.jpg,glioma,0,train,fc4bc2052aca57848d3fc2e0d2b7f13efd14018ddee6f441ef8526d079e8dbb2,512,512,1.0,JPEG,L,Testing
data/Testing/glioma/Te-gl_287.jpg,glioma,0,train,2d8c9ba73b9250f85a0b1883b292e92526555db38fd73367afe0fe3739b9127e,512,512,1.0,JPEG,L,Testing
data/Testing/glioma/Te-gl_289.jpg,glioma,0,train,a8da011c10062ae71e97b92c3c67d880b915c0aa58efb38bd9bc83ce2d7a687f,512,512,1.0,JPEG,L,Testing
data/Testing/glioma/Te-gl_290.jpg,glioma,0,train,3b98941b684c4e8230937ec4464106ad587743831a01d39c10ccc95f6d411dd9,512,512,1.0,JPEG,L,Testing
data/Testing/glioma/Te-gl_293.jpg,glioma,0,train,98b6deac8a3f7767702f099bff59c38bb55fd66a052d77516cf3c88d0d467bd8,512,512,1.0,JPEG,L,Testing
data/Testing/glioma/Te-gl_294.jpg,glioma,0,train,0d95e89a9ef831049833990760d9981190b4c3a42aef847dce8f16fca9d29c17,512,512,1.0,JPEG,RGB,Testing
data/Testing/glioma/Te-gl_295.jpg,glioma,0,train,f98e6d1326f59ab5adfadab73ac3648de60d045ea2217734f62eba400e54f22c,204,245,0.8326530612244898,JPEG,RGB,Testing
data/Testing/glioma/Te-gl_297.jpg,glioma,0,train,a6cb34bb02ac948d9634952786f57a74899b38a97267beeb47c946b87907e9fa,512,512,1.0,JPEG,L,Testing
data/Testing/glioma/Te-gl_299.jpg,glioma,0,train,2af2685978b4e53eccf5839e513711d80b3348b0931e212d7cc413cf910c0183,512,512,1.0,JPEG,RGB,Testing
data/Testing/glioma/Te-gl_30.jpg,glioma,0,train,999c6ef685bfd627f2ef912c8dc513c408c16fd3de22d40fd38c12562502ba6d,379,379,1.0,JPEG,RGB,Testing
data/Testing/glioma/Te-gl_301.jpg,glioma,0,train,d3b6dadbf1461e41d3f219addecc5d86492b9912d6516be2cb7dccee6f87f0b0,512,512,1.0,JPEG,L,Testing
data/Testing/glioma/Te-gl_302.jpg,glioma,0,train,25918ba1c46ba640d78941b43b0531f1e4da5c5729f782d571c6f1e66077c4e8,512,512,1.0,JPEG,L,Testing
data/Testing/glioma/Te-gl_304.jpg,glioma,0,train,8a34c3a847d7d1ac62e05ac04ace8a7c8bd0de27e89268c0345edc31146d987c,512,512,1.0,JPEG,RGB,Testing
data/Testing/glioma/Te-gl_308.jpg,glioma,0,train,77b1ee0a0d88586123e8a786a88dd782664adb64e36ec5a886316047536666f0,512,512,1.0,JPEG,L,Testing
data/Testing/glioma/Te-gl_309.jpg,glioma,0,train,933093300638755a4cb102bf5f0a79fa9b5e33f0c81a6c6233b152051d169e0b,512,512,1.0,JPEG,L,Testing
data/Testing/glioma/Te-gl_311.jpg,glioma,0,train,2314bb199100ff44b969547b1c9eef91fee679a04a0aa613091f8ae22bed1952,512,512,1.0,JPEG,RGB,Testing
data/Testing/glioma/Te-gl_312.jpg,glioma,0,train,2942ab911a32bbcb5d4ee76fa5256816bc0076503d10ec55312fd9c30b8d39ee,512,512,1.0,JPEG,RGB,Testing
data/Testing/glioma/Te-gl_314.jpg,glioma,0,train,269848b343eb2a12b3eb53f5c41b142310a5d887a9af20b0982eb0a93e5769e0,531,577,0.9202772963604853,JPEG,RGB,Testing
data/Testing/glioma/Te-gl_316.jpg,glioma,0,train,1e79c7035fe5aa27d2ef5811c13619180051ab1a7e4e4fe1be623a833294aa4c,512,512,1.0,JPEG,L,Testing
data/Testing/glioma/Te-gl_317.jpg,glioma,0,train,c0290fde8fbf588a7fd2307e804e073aaf86da3be67434ba36f5cf61c04b6442,512,512,1.0,JPEG,L,Testing
data/Testing/glioma/Te-gl_318.jpg,glioma,0,train,0db24b11cb5ba85937d439bc522c54037b8c35a3e5cbf746787020a644baef46,197,229,0.8602620087336245,JPEG,RGB,Testing
data/Testing/glioma/Te-gl_319.jpg,glioma,0,train,08196d033a85487028c714a4fb8d50d6885e3a6b2ce953593b7771f224759861,512,512,1.0,JPEG,L,Testing
data/Testing/glioma/Te-gl_32.jpg,glioma,0,train,425ece7276d86e0212b70e8b067cae42c95f7595a00865de80eb8034590bdd7b,249,238,1.046218487394958,JPEG,RGB,Testing
data/Testing/glioma/Te-gl_321.jpg,glioma,0,train,3547732faaa069d2d99e2045837d35924be49a15ec08013ba162bfa904afaea5,512,512,1.0,JPEG,L,Testing
data/Testing/glioma/Te-gl_322.jpg,glioma,0,train,22ee42f1408cfc6b55dd55ed25f1c7e7814c58bd704acd26bbd59b53dcd1fce3,512,512,1.0,JPEG,RGB,Testing
data/Testing/glioma/Te-gl_323.jpg,glioma,0,train,2d5658198e70a2f02454d26c7df66f391cafd484f77ea462bd49a376aeed86c7,326,405,0.8049382716049382,JPEG,RGB,Testing
data/Testing/glioma/Te-gl_324.jpg,glioma,0,train,0c041e54244cdd4defb61a3d685ba862afd6d7493adc69f6da1c8451cbca1700,512,512,1.0,JPEG,L,Testing
data/Testing/glioma/Te-gl_325.jpg,glioma,0,train,6503e8b564fb72df8158eacf175b84757ab4ba9338d4cff78aa9c5cef9a1e998,512,512,1.0,JPEG,RGB,Testing
data/Testing/glioma/Te-gl_327.jpg,glioma,0,train,ee94ef17f57d2eb1c6e3933484ab52d166aaf956804717f2313df7c8caae706b,512,512,1.0,JPEG,L,Testing
data/Testing/glioma/Te-gl_328.jpg,glioma,0,train,feeea515666b58a9140b34575244ec7d720a4cdc1e36c4b56ba602b4c09a0a77,512,512,1.0,JPEG,L,Testing
data/Testing/glioma/Te-gl_33.jpg,glioma,0,train,f95d6528af2dea63b0ddd152ca5efbd15c3cee0eed23d8140e271581ace270cb,512,512,1.0,JPEG,RGB,Testing
data/Testing/glioma/Te-gl_330.jpg,glioma,0,train,a3428b471c5e69e05a1c64d5cdc0f36af7b5bfa86a4382dec304379433327de8,331,392,0.8443877551020408,JPEG,RGB,Testing
data/Testing/glioma/Te-gl_331.jpg,glioma,0,train,a7ca8ffc85054542f2a7ccff2ed077e196763ebb1956f9d60cf345e48e0324ae,512,512,1.0,JPEG,L,Testing
data/Testing/glioma/Te-gl_332.jpg,glioma,0,train,e06a5b10e45f0add91ae7c6676481f8b1de4bbc245bc0340a3e9386acfd7b5f5,512,512,1.0,JPEG,L,Testing
data/Testing/glioma/Te-gl_333.jpg,glioma,0,train,bd811f2df58d97a22670bed75b305f3e7e2cf01c14d692d017e4de1f2ad39f11,512,512,1.0,JPEG,L,Testing
data/Testing/glioma/Te-gl_334.jpg,glioma,0,train,a3f2d1a2744fdfc24eae0baf001075fd40797b1709c971e840140a0ec573dbf4,512,512,1.0,JPEG,L,Testing
data/Testing/glioma/Te-gl_335.jpg,glioma,0,train,efa010cd0b526746f17e5efd04d3797033d14bd6cbd0a5239a52264dcd8a3345,572,536,1.0671641791044777,JPEG,RGB,Testing
data/Testing/glioma/Te-gl_337.jpg,glioma,0,train,a3b36695e72e850527cd132ce016edd85cb9c4db0f96109ce80c8c8ab92ae76b,512,512,1.0,JPEG,L,Testing
data/Testing/glioma/Te-gl_339.jpg,glioma,0,train,8beaddb32ff4772f934a8692a6059542167eedfd0ab63b8c326eb6f63921e1ca,512,512,1.0,JPEG,RGB,Testing
data/Testing/glioma/Te-gl_34.jpg,glioma,0,train,c97a291973ca929efc222ead2a505ea07a60dff42c99e2fea9664d40f761553f,512,512,1.0,JPEG,RGB,Testing
data/Testing/glioma/Te-gl_340.jpg,glioma,0,train,f2eb91839ab8a2ae5443a67acc6cd3cde9024a80d3380fb35f4c647c50c1f80f,512,512,1.0,JPEG,L,Testing
data/Testing/glioma/Te-gl_341.jpg,glioma,0,train,c09f79f0119465e4edafe998ffba3967f99ef92202eae79accd66be0763add47,640,480,1.3333333333333333,JPEG,RGB,Testing
data/Testing/glioma/Te-gl_342.jpg,glioma,0,train,fdc4a7892425c546611025b8e603acc368cf0c7b9ccc0068215b5cdc5e60de63,512,512,1.0,JPEG,L,Testing
data/Testing/glioma/Te-gl_343.jpg,glioma,0,train,7acd5676933177f2e5148f02d84e5279a2d7875fa2ecc545313753ef94b66a41,512,512,1.0,JPEG,L,Testing
data/Testing/glioma/Te-gl_344.jpg,glioma,0,train,62ce089a75310224d8b3b738284760054594665b805f8590785ee3fd9baafa03,512,512,1.0,JPEG,L,Testing
data/Testing/glioma/Te-gl_345.jpg,glioma,0,train,255e7f31e25ad878a49afbb69a650f87b30a9aa8abf5a5c1052c7cb0cb1e09b5,512,512,1.0,JPEG,L,Testing
data/Testing/glioma/Te-gl_346.jpg,glioma,0,train,f003c420b7056786f3e61c7f177e6fb50b7b0d28d981ddd2c57f6296d2eaad12,512,512,1.0,JPEG,L,Testing
data/Testing/glioma/Te-gl_348.jpg,glioma,0,train,5bb25fc8b7ef5e5985eb675bd8cd87d6a1a9af1fd1ad3a88c83055a6682ec15c,512,512,1.0,JPEG,L,Testing
data/Testing/glioma/Te-gl_349.jpg,glioma,0,train,b3c8d68dee51b6dc201d27a880797d8d40bbcfd8a1f00b77ff57d90ada7b6d88,554,554,1.0,JPEG,RGB,Testing
data/Testing/glioma/Te-gl_35.jpg,glioma,0,train,a40f3c408c3c117c2856b02f34d6379d6ac1135fd13ab4a3bc0c5df043f2be95,512,512,1.0,JPEG,L,Testing
data/Testing/glioma/Te-gl_350.jpg,glioma,0,train,e62bb56571a86fb97a7d8867d3ee01d033276d6c0d5bf302751ea69c19f0ff53,175,167,1.0479041916167664,JPEG,RGB,Testing
data/Testing/glioma/Te-gl_351.jpg,glioma,0,train,309d5d6e0058afe6a4b5b6987312d11e810e37c0a158ac30f9bc6760e8418c9d,337,412,0.8179611650485437,JPEG,RGB,Testing
data/Testing/glioma/Te-gl_352.jpg,glioma,0,train,3b767c0d0ab0c628936cf4c337ac07f0366f8285b9f2504bab6969fb0168b710,512,512,1.0,JPEG,L,Testing
data/Testing/glioma/Te-gl_353.jpg,glioma,0,train,8f79d9129f5c92b91498c2e33c26bfb5c2ca8d0a6263201a0c7288249a8cd356,512,512,1.0,JPEG,L,Testing
data/Testing/glioma/Te-gl_354.jpg,glioma,0,train,82e6d56b71837c6e29321eb6515084281a255b956b519311b4527c92323f0fff,512,512,1.0,JPEG,L,Testing
data/Testing/glioma/Te-gl_356.jpg,glioma,0,train,cd45b0ec78cbd401b938125557828fd9ae6f1c283559c32bc385643e93a65e06,512,512,1.0,JPEG,L,Testing
data/Testing/glioma/Te-gl_357.jpg,glioma,0,train,a1f51757970d62daee4ff1441e016e458092217d0d207c5f29ff38376935469a,512,512,1.0,JPEG,L,Testing
data/Testing/glioma/Te-gl_358.jpg,glioma,0,train,95b59fa16962e8eb3cc343b72388921fe6db248ac2e4407f70161be88b087808,225,225,1.0,JPEG,RGB,Testing
data/Testing/glioma/Te-gl_360.jpg,glioma,0,train,13ae3ace78645e3bf808fa355aeee62bbb65de0d9e1acbea4ec9a8c6da2f59ee,512,512,1.0,JPEG,L,Testing
data/Testing/glioma/Te-gl_361.jpg,glioma,0,train,0ab24cdc269517ea1d0243251c237deefdf818963bc194334c68008bc32be3dd,512,512,1.0,JPEG,L,Testing
data/Testing/glioma/Te-gl_362.jpg,glioma,0,train,2a3aed5b4ca30fb03794b588e004faa0d218df6cd427fa629f9cfc68381168f3,512,512,1.0,JPEG,L,Testing
data/Testing/glioma/Te-gl_363.jpg,glioma,0,train,6e808820c75d87574f5c98b2abe03295eb11e57c25cdff30ef8d465982eca381,512,512,1.0,JPEG,RGB,Testing
data/Testing/glioma/Te-gl_366.jpg,glioma,0,train,b83eca55de4eb7388badae429aac0d6a804e43cd514aac008dbebbef58672662,512,512,1.0,JPEG,L,Testing
data/Testing/glioma/Te-gl_370.jpg,glioma,0,train,e63dedd6eb9c13e1ebffcc1a8c6da7245ca82a01a1b2f7f2cf8937fc913e1a74,512,512,1.0,JPEG,RGB,Testing
data/Testing/glioma/Te-gl_372.jpg,glioma,0,train,6d6a1039f2a210bb5cfa0d5231ba2a4592440c2033bcb5a4769d702466d3902a,233,233,1.0,JPEG,RGB,Testing
data/Testing/glioma/Te-gl_373.jpg,glioma,0,train,63d249a0de1715f6b2a5cebe53eda9abd62493e0ef349c6227f711261ff83845,512,512,1.0,JPEG,RGB,Testing
data/Testing/glioma/Te-gl_374.jpg,glioma,0,train,96bf75a9471a37c774696c775dafabc5d17d4cbbc8279731d63f442abdfc3254,512,512,1.0,JPEG,RGB,Testing
data/Testing/glioma/Te-gl_375.jpg,glioma,0,train,13e7509416062c5ac41d0892270a171957c1079e9960037fb0c513c8580fad36,512,512,1.0,JPEG,L,Testing
data/Testing/glioma/Te-gl_376.jpg,glioma,0,train,4eb631ef3b6472e9e5079a6ff2682a2fcff384be76d0fc10b3cdb503c4dcfd8e,512,512,1.0,JPEG,L,Testing
data/Testing/glioma/Te-gl_377.jpg,glioma,0,train,ab54199a6712d74808fdb9d90ce00e199a5e14551e921e3be5380f61e36999f6,512,512,1.0,JPEG,L,Testing
data/Testing/glioma/Te-gl_378.jpg,glioma,0,train,37b4116bd584d36461d52fda8f0395b739e148090b73ef6ab20684a2eea40781,512,512,1.0,JPEG,RGB,Testing
data/Testing/glioma/Te-gl_379.jpg,glioma,0,train,5d0744fb565f6c3cb6f28a208bf405e411d942394eb3fa2e69715f9d3d4005aa,512,512,1.0,JPEG,L,Testing
data/Testing/glioma/Te-gl_380.jpg,glioma,0,train,b74b7c9e6052db16ad0b26a973e6a1dd7632b7c655dc78ec9597abe4348e3f71,512,512,1.0,JPEG,L,Testing
data/Testing/glioma/Te-gl_381.jpg,glioma,0,train,4c5ff4a380b8863c65c3f1ca746d3877af9a04e8ef2b47f35fa1e12a3ade512b,512,512,1.0,JPEG,L,Testing
data/Testing/glioma/Te-gl_382.jpg,glioma,0,train,7d8ab3b0b726da12854ce75300b985279800acdea59d6aa1873eff4c250552a8,512,512,1.0,JPEG,L,Testing
data/Testing/glioma/Te-gl_383.jpg,glioma,0,train,2a3731f8b15f959da04caa249fde1a1d9903d55b6f0965384974cfb837e21f2e,512,512,1.0,JPEG,L,Testing
data/Testing/glioma/Te-gl_385.jpg,glioma,0,train,d73aa35322b200d3e792b55a47577ebebc4442e540edf2b1a273f1f163795428,512,512,1.0,JPEG,RGB,Testing
data/Testing/glioma/Te-gl_386.jpg,glioma,0,train,9861e35af414253257475204ba0a8ae1fef1866f9730c565c547d211191c0950,512,512,1.0,JPEG,L,Testing
data/Testing/glioma/Te-gl_387.jpg,glioma,0,train,169437a9907041697568265c20c1ac16b2f13bec7b9cb8bcc3aefeec5c99cc8e,512,512,1.0,JPEG,RGB,Testing
data/Testing/glioma/Te-gl_388.jpg,glioma,0,train,1e9d7fdf80a50be390972fc6519a4df7d4518c7064f8f395d16035fe525287f9,512,512,1.0,JPEG,L,Testing
data/Testing/glioma/Te-gl_39.jpg,glioma,0,train,e6b135c42f2733b9da01153e1e0a8ab1b10b4468b15867208ed3527650de897f,200,234,0.8547008547008547,JPEG,RGB,Testing
data/Testing/glioma/Te-gl_391.jpg,glioma,0,train,24de374e54f9b90b5d26b88797a5f7e8732fd8170e4ab8fe10515fa5dfe4d346,490,625,0.784,JPEG,RGB,Testing
data/Testing/glioma/Te-gl_392.jpg,glioma,0,train,9315a5d6194bd9c50ae7159ffc6db3a1f8143e0049b7574c57902e68bed00647,512,512,1.0,JPEG,L,Testing
data/Testing/glioma/Te-gl_393.jpg,glioma,0,train,8339c54c8c55d7268c0752af9c9b9badc6ab4f0d36f117e0a8cdd6dc0c6c1442,512,512,1.0,JPEG,L,Testing
data/Testing/glioma/Te-gl_394.jpg,glioma,0,train,d1366d7ea061dcdce8e0ead634e60ca13d91b41cb837ec067558cb2fa1a0afde,512,512,1.0,JPEG,L,Testing
data/Testing/glioma/Te-gl_398.jpg,glioma,0,train,29653aef7206923ec0d402ff9893630306cbd84bdd312c13e045530d38a05d58,512,512,1.0,JPEG,RGB,Testing
data/Testing/glioma/Te-gl_4.jpg,glioma,0,train,909e7cd279f6737649e828d06a73714f457db1f7f282c90903ac56bc73d8ff9e,512,512,1.0,JPEG,L,Testing
data/Testing/glioma/Te-gl_40.jpg,glioma,0,train,ec9afeb1082f4d19fafcba972fedd1fdbc18e155ba339916c6eb301cc64470fa,512,512,1.0,JPEG,L,Testing
data/Testing/glioma/Te-gl_41.jpg,glioma,0,train,541e5e01251f87705b3c3a34938f636c7a9846ba248b899d97512ab9df94c072,512,512,1.0,JPEG,L,Testing
data/Testing/glioma/Te-gl_43.jpg,glioma,0,train,9eff637cca3b0212e6450c1da13003ad4343c1b09f6dfe582ecc2f5abd355882,236,236,1.0,JPEG,RGB,Testing
data/Testing/glioma/Te-gl_44.jpg,glioma,0,train,e0e454c0e7b5af4d044f62be1b1ad6aa829a659c814f05dd65e6c6ad1a56444f,512,512,1.0,JPEG,L,Testing
data/Testing/glioma/Te-gl_46.jpg,glioma,0,train,708f61f35feeb633bc396f8c5ac0a3a590fd3366ac2237a462e2f934bf1c0afc,512,512,1.0,JPEG,L,Testing
data/Testing/glioma/Te-gl_47.jpg,glioma,0,train,f0f892bee957c38c7648e0d37de3cd4ea259a18a376bff01b51177897b1bb1ea,401,475,0.8442105263157895,JPEG,RGB,Testing
data/Testing/glioma/Te-gl_48.jpg,glioma,0,train,58ee2b29da48fc8c09ecc3761b22de399ecd0126a61b4863b8c6257ffe7ff6e0,512,512,1.0,JPEG,L,Testing
data/Testing/glioma/Te-gl_49.jpg,glioma,0,train,e7e6ba8d4aa614bc5a84b6dfb4b3b16717212a79487462339ea5f64717b431c1,512,512,1.0,JPEG,L,Testing
data/Testing/glioma/Te-gl_5.jpg,glioma,0,train,b9d19489a79cf0b97a5df18bd35d3c0a04868808029f64bc30534f5fcb51e6db,512,512,1.0,JPEG,RGB,Testing
data/Testing/glioma/Te-gl_51.jpg,glioma,0,train,a16ad9dd6c4fd51c769b9d19ff7e335d7aeeff9dada17efb478bc02e33b5bf7b,512,512,1.0,JPEG,L,Testing
data/Testing/glioma/Te-gl_53.jpg,glioma,0,train,a8b6f4dbecd21069f259df3c282c09c33fd8018b5ee50f5656147815a5871220,355,399,0.8897243107769424,JPEG,RGB,Testing
data/Testing/glioma/Te-gl_55.jpg,glioma,0,train,2c5eef7b7def8108a440f2381da52629c370c7b812db584fbbf92e7a6ff994b0,512,512,1.0,JPEG,L,Testing
data/Testing/glioma/Te-gl_56.jpg,glioma,0,train,0bb5863c88f3f66f3b89944e373d51516ee4ca144967c6dcd887fc199a3e6ec2,512,512,1.0,JPEG,L,Testing
data/Testing/glioma/Te-gl_57.jpg,glioma,0,train,25bfc18262a081cf055b5b333619cbece13a5f5f1b80a9db70828535e09d3aa5,512,512,1.0,JPEG,L,Testing
data/Testing/glioma/Te-gl_58.jpg,glioma,0,train,ba61e06ecd4b90bf9f0391392cf3bb2e3f15e3a177ccd901b3de8c4902b45bc9,282,257,1.0972762645914398,JPEG,RGB,Testing
data/Testing/glioma/Te-gl_6.jpg,glioma,0,train,0a0601636534fb8c9ec472e6b630d9881421700fbdac9ddfc4602a6b81497438,512,512,1.0,JPEG,L,Testing
data/Testing/glioma/Te-gl_62.jpg,glioma,0,train,abd06edd05e8e0b3fd23bcd612e4093e28f81ee5b49ba26f3945fcaf56ca7bec,317,378,0.8386243386243386,JPEG,RGB,Testing
data/Testing/glioma/Te-gl_63.jpg,glioma,0,train,02aa3d9128576568a4bab3efe76e50ecf1daa2ca2e60c77e1632ab5384f14145,512,512,1.0,JPEG,L,Testing
data/Testing/glioma/Te-gl_65.jpg,glioma,0,train,d36b171df82494be89a53ffd1df487f2c854be85a13bbaa360d41498aae9c591,512,512,1.0,JPEG,L,Testing
data/Testing/glioma/Te-gl_66.jpg,glioma,0,train,d1a8dc51e9ce15d60646710d67b880151705390969451be8a072d620e015f827,353,427,0.8266978922716628,JPEG,RGB,Testing
data/Testing/glioma/Te-gl_69.jpg,glioma,0,train,69bb063e62e47c68e0498098c38b5c5f3e33c5871eddd5b68078412d585f1b11,512,512,1.0,JPEG,L,Testing
data/Testing/glioma/Te-gl_7.jpg,glioma,0,train,df3045705f6bf4feaa5213c2ba2d48198a2770735c3355dfb26a2a32e699c460,512,512,1.0,JPEG,L,Testing
data/Testing/glioma/Te-gl_71.jpg,glioma,0,train,b58984586057e6ce3c9fddbe63fb2c1ba7b416d1ce501d503ad84fd65d65f25a,512,512,1.0,JPEG,RGB,Testing
data/Testing/glioma/Te-gl_73.jpg,glioma,0,train,043acd63e62e1b98f7f8627f1d9c9f05a6d110281751383fee3e2d8882df9dd9,512,512,1.0,JPEG,L,Testing
data/Testing/glioma/Te-gl_74.jpg,glioma,0,train,0a98304fa933f0cc80db3f4e349972740cb8e63e822c69c5cdb2b83be8dfe839,440,398,1.1055276381909547,JPEG,RGB,Testing
data/Testing/glioma/Te-gl_75.jpg,glioma,0,train,03d2346d8b87fa9c180510741445abe17f02c769f5fbce37536a58327f7e3434,512,512,1.0,JPEG,RGB,Testing
data/Testing/glioma/Te-gl_79.jpg,glioma,0,train,73586aa7ac3cc6fc237d9e293f97ecc02bd64cfbf801f97832e22be9d45cb74d,512,512,1.0,JPEG,L,Testing
data/Testing/glioma/Te-gl_8.jpg,glioma,0,train,e852921285ac4ba1c5b0f5ef655c0e17963a00f40519c43051524d103cedc7ab,512,512,1.0,JPEG,RGB,Testing
data/Testing/glioma/Te-gl_80.jpg,glioma,0,train,a4ca5d77d6f0d09d93f9065335200bb5e6a43f30130f6c3545720ad279a57131,512,512,1.0,JPEG,L,Testing
data/Testing/glioma/Te-gl_81.jpg,glioma,0,train,52e31d6592956e5972b7d3567d4f9208332ea09763d7e832b64bad90d27eca25,512,512,1.0,JPEG,L,Testing
data/Testing/glioma/Te-gl_82.jpg,glioma,0,train,9a7225655157bb23a3c97e278526cb77b36d59e9b9ab1edd84d669dcc7475226,512,512,1.0,JPEG,L,Testing
data/Testing/glioma/Te-gl_83.jpg,glioma,0,train,606758a7cb1ab7241ca3664ad6a8f223267621eb8d9f23d1d7977084d620d62f,512,512,1.0,JPEG,L,Testing
data/Testing/glioma/Te-gl_87.jpg,glioma,0,train,21bc711f5183afb77ee36843f02131dd7dd504e04c6e297f24a354e617879cae,512,512,1.0,JPEG,RGB,Testing
data/Testing/glioma/Te-gl_89.jpg,glioma,0,train,11f966431e5a3afbb340e7d1bf482a6c1e9ed8c555240d3fe1b454f2ea99c9ad,512,512,1.0,JPEG,L,Testing
data/Testing/glioma/Te-gl_9.jpg,glioma,0,train,4bff095e9d78bbb78663f4b162c2fc57190906296f0dc46264a50a648ec57d49,512,512,1.0,JPEG,RGB,Testing
data/Testing/glioma/Te-gl_90.jpg,glioma,0,train,a59e26a95c9bafcd2110eb2f592c40c50fc5d6c972550ddf31750494ca69310a,512,512,1.0,JPEG,L,Testing
data/Testing/glioma/Te-gl_92.jpg,glioma,0,train,aacc88507c4027ca08092fd54125827b595d90e5b4dad18975d6fa8c0ffcfd0c,512,512,1.0,JPEG,L,Testing
data/Testing/glioma/Te-gl_93.jpg,glioma,0,train,944f205d3b2882bed5bda2317b90ac680511cda71d1344f2b75f91fe1a3d8430,512,512,1.0,JPEG,L,Testing
data/Testing/glioma/Te-gl_96.jpg,glioma,0,train,6fcb7e5a8e0ed86ef54e3458ed2bf1df3ac8b7dc62f5ce1ac1000b81c4e0e8cb,512,512,1.0,JPEG,L,Testing
data/Testing/glioma/Te-gl_97.jpg,glioma,0,train,1339d581f9c443159457c00f7ffbf5038e528fe5776b9d432b19b43e10ea8465,504,608,0.8289473684210527,JPEG,RGB,Testing
data/Testing/glioma/Te-gl_98.jpg,glioma,0,train,108ee621834ba440df379654d97f40d65bda97c47c447c768c3255a23758ebe2,512,512,1.0,JPEG,L,Testing
data/Testing/glioma/Te-gl_99.jpg,glioma,0,train,0bab9fea1ac8b781968519ab3a272f3e12ac692c992fe143e0ee29550af35665,512,512,1.0,JPEG,L,Testing
data/Training/glioma/Tr-gl_10.jpg,glioma,0,train,e6cdc099859deab8cd9ffc062c177abd8d4333a043cf2591fee718284860dd8c,512,512,1.0,JPEG,L,Training
data/Training/glioma/Tr-gl_100.jpg,glioma,0,train,21420172a0c39bbdb53f597c56efcdc18079bfaebd264e68a2a73d35ba234f91,512,512,1.0,JPEG,L,Training
data/Training/glioma/Tr-gl_1000.jpg,glioma,0,train,57b28bf0e070fab8dfa4987a2abef52bbef7c6912fffdf591edc5a55b83978cc,512,512,1.0,JPEG,L,Training
data/Training/glioma/Tr-gl_1001.jpg,glioma,0,train,dd8310094e61eb1ec91a02be96317685042db1e97d10cd2ff118ca39a8de8beb,512,512,1.0,JPEG,L,Training
data/Training/glioma/Tr-gl_1002.jpg,glioma,0,train,890c0f89e61d6dce0ca8926520416881d2e899bb13dff23dd8534a0efee4a665,512,512,1.0,JPEG,L,Training
data/Training/glioma/Tr-gl_1003.jpg,glioma,0,train,ab2fca47202ed0a52711d28cb530b712a94780addbf2a19b08737b5608dfa1e2,512,512,1.0,JPEG,L,Training
data/Training/glioma/Tr-gl_1004.jpg,glioma,0,train,369be175beaad7bf558942f14ac2fc5f688cc6851ded6b1098dce8093a716f8c,512,512,1.0,JPEG,RGB,Training
data/Training/glioma/Tr-gl_1005.jpg,glioma,0,train,f182dab4bbaff45a312df8a1b3d6af3877b00186ba668e00218eb8a4b753cbcb,512,512,1.0,JPEG,L,Training
data/Training/glioma/Tr-gl_1006.jpg,glioma,0,train,0b9929c837ad2fe06e4b67288557888a68eb4a094cb96d00e6d2cd284cc19b8f,512,512,1.0,JPEG,L,Training
data/Training/glioma/Tr-gl_1007.jpg,glioma,0,train,9a34a1bdef91c95b58d5212c2fa17da60da27430f0252d3750179ecc4efdf937,512,512,1.0,JPEG,L,Training
data/Training/glioma/Tr-gl_1008.jpg,glioma,0,train,e15fba1ac838e1f83db641231b84c6f9ccf57e8911516dc3cacee3d0f69e3dae,512,512,1.0,JPEG,L,Training
data/Training/glioma/Tr-gl_1009.jpg,glioma,0,train,7cf1e3a135b370b58b8ec80324cdaafd8c9af855f71a7c93632d017141d078d1,512,512,1.0,JPEG,L,Training
data/Training/glioma/Tr-gl_1012.jpg,glioma,0,train,45d254730028aaa192594095c045b97f7d27fd60e4693806af225cb8af88aa63,512,512,1.0,JPEG,L,Training
data/Training/glioma/Tr-gl_1013.jpg,glioma,0,train,cb07623d37e72f35e0d2728ca24d2e53737f2cc1721df79cda54cf5b57b9df98,512,512,1.0,JPEG,L,Training
data/Training/glioma/Tr-gl_1014.jpg,glioma,0,train,b2f470d4721bbb6a844368a083034b699dca45af9cc98167283a273bba750f3b,512,512,1.0,JPEG,RGB,Training
data/Training/glioma/Tr-gl_1015.jpg,glioma,0,train,85d7cbb23c3eaa6a1ff88b41f0287d7c52f6ab63a6000663759d132ac397f8fd,512,512,1.0,JPEG,L,Training
data/Training/glioma/Tr-gl_1016.jpg,glioma,0,train,1ea2a0686a143801ff5ccb56fcf134681a3bd8e7d256fc77ee7058c19e6a9ae9,512,512,1.0,JPEG,L,Training
data/Training/glioma/Tr-gl_102.jpg,glioma,0,train,607bfdd1635e4d5a2d3c49c057346e0eaf95086e193ee2b74e18682c54f00257,512,512,1.0,JPEG,L,Training
data/Training/glioma/Tr-gl_1020.jpg,glioma,0,train,e7c1b02d118d41d0879f9eab1a8a20d620bdbbbc6ac89257a44789b97a828361,512,512,1.0,JPEG,L,Training
data/Training/glioma/Tr-gl_1022.jpg,glioma,0,train,f1ffe361cc8127c71a77cd271683ceb08a32dac59179b8546b86d957077f54f0,512,512,1.0,JPEG,L,Training
data/Training/glioma/Tr-gl_1023.jpg,glioma,0,train,bf9e10d2e5ac1448346512d91c18ad75962c3840a27342713672f1063447be15,512,512,1.0,JPEG,L,Training
data/Training/glioma/Tr-gl_1025.jpg,glioma,0,train,ce2d58898a2d5a53902fde1c92fa4778dca93994e051f701f3567b5437359881,512,512,1.0,JPEG,L,Training
data/Training/glioma/Tr-gl_1026.jpg,glioma,0,train,d497d3bfd8473ce4d32535d461336afb7f1204bd5a408975cec4408a308044fc,512,512,1.0,JPEG,L,Training
data/Training/glioma/Tr-gl_1027.jpg,glioma,0,train,b09c9436cbd9fb451867da5a6e6a1b7d3a29e154353e29b8038fde2c85b1a331,512,512,1.0,JPEG,L,Training
data/Training/glioma/Tr-gl_1028.jpg,glioma,0,train,c0c0f8828d6f36d94b2fe8bf162aadaee8687f8d4529d26a10cf31771003468e,512,512,1.0,JPEG,L,Training
data/Training/glioma/Tr-gl_103.jpg,glioma,0,train,de933ae9b89671b7d86e0336ab300fcf21c5056d10bb1bb09c020b3e6e4e8ff1,512,512,1.0,JPEG,L,Training
data/Training/glioma/Tr-gl_1030.jpg,glioma,0,train,8750436a69f85f72feb47ba20a8a0d0e4776c40ec0b343d913527234f161f4f1,512,512,1.0,JPEG,RGB,Training
data/Training/glioma/Tr-gl_1033.jpg,glioma,0,train,7c01bcca96f857f7636fd9da27aed40947aa7a44daa573e402b5dd22fbb6dcac,512,512,1.0,JPEG,RGB,Training
data/Training/glioma/Tr-gl_1034.jpg,glioma,0,train,9b78ad95b8285d803f7bcfb46c8a8326b40a2d9faff13e43a32d40052f23ef34,512,512,1.0,JPEG,L,Training
data/Training/glioma/Tr-gl_1035.jpg,glioma,0,train,f4da09d0de6fb43f3fee6f6c2a7a2797dec9763916e600e25adf60da0708c0d2,512,512,1.0,JPEG,L,Training
data/Training/glioma/Tr-gl_1036.jpg,glioma,0,train,bc3b49aaf8a5eade3132a73a9a3c9c322da2c3df3e68b14483f94f5d7966ca7c,512,512,1.0,JPEG,L,Training
data/Training/glioma/Tr-gl_1037.jpg,glioma,0,train,55df2311dfae74c0f0e280f19bdc774ed5d2cad2c451d8f524ef0c7a1b0b3f7e,512,512,1.0,JPEG,L,Training
data/Training/glioma/Tr-gl_1038.jpg,glioma,0,train,2b20500b8c5a8b1cd3acd4331bd44ee2e71215bca392df3eed662ee928976d0e,512,512,1.0,JPEG,RGB,Training
data/Training/glioma/Tr-gl_1039.jpg,glioma,0,train,b265a135b0f85e78a261356a28eaf711b56bdc4d1755ec65479546fe6ee8a22d,512,512,1.0,JPEG,L,Training
data/Training/glioma/Tr-gl_104.jpg,glioma,0,train,48d675782e4b1554ef28cb3b6aceb65301016ef4472f2fcbca4c2821ace407b5,512,512,1.0,JPEG,RGB,Training
data/Training/glioma/Tr-gl_1040.jpg,glioma,0,train,1b867b45c0850396048f5e20f4330a10ee61185e94d14d76abcd7da56c68451c,512,512,1.0,JPEG,L,Training
data/Training/glioma/Tr-gl_1041.jpg,glioma,0,train,baf5a8a02d720a6405ccc33ca0d2d231d5f5c2ffdefc9c679f78b1a27ec08543,512,512,1.0,JPEG,L,Training
data/Training/glioma/Tr-gl_1043.jpg,glioma,0,train,dd47c100d925b860a841989318ebe3713b7727d316f4355bb850fc46cdfa8889,512,512,1.0,JPEG,L,Training
data/Training/glioma/Tr-gl_1044.jpg,glioma,0,train,20f90b046390a61c5bce2cc3a40e3e703a1938685c1a1f9a7622e628a82181cc,512,512,1.0,JPEG,L,Training
data/Training/glioma/Tr-gl_1045.jpg,glioma,0,train,f29f7b7f46cad09815f219ff6f47d49504f73fbac0809f557db94b2e7f6a7e7c,512,512,1.0,JPEG,L,Training
data/Training/glioma/Tr-gl_1046.jpg,glioma,0,train,c7a8c4aac2cdb84e02580e12f11dd3c121455eb91470ab481b7a76382d014a18,512,512,1.0,JPEG,L,Training
data/Training/glioma/Tr-gl_1048.jpg,glioma,0,train,54aeb92b8b2da6a19d74cead7d7b6e71d2ccd49f2ccab33c104d7e5e299c1d5b,512,512,1.0,JPEG,L,Training
data/Training/glioma/Tr-gl_1049.jpg,glioma,0,train,4ed58e9da4b31b00ff23fd5fdd35b6608b9be34758c2111a50d99cd14f8cd411,512,512,1.0,JPEG,L,Training
data/Training/glioma/Tr-gl_105.jpg,glioma,0,train,c276e6248a52c7caa7668afc6d3801fa64393797d8b7ca960af430f81f4c2929,512,512,1.0,JPEG,L,Training
data/Training/glioma/Tr-gl_1051.jpg,glioma,0,train,f1cca633a382f2e430acfc6cc947bb089b6af5348ffa2f4ea2a26aa442a4c8be,512,512,1.0,JPEG,L,Training
data/Training/glioma/Tr-gl_1053.jpg,glioma,0,train,c1895a289b7a9e6f647737b1481be423e40c7689f2cbc9d6ba1990092deac6ab,512,512,1.0,JPEG,L,Training
data/Training/glioma/Tr-gl_1055.jpg,glioma,0,train,e8bb78cdd06eeb5c23ffe001d94cfc67e675755485b4697085400a9933243c89,512,512,1.0,JPEG,L,Training
data/Training/glioma/Tr-gl_1056.jpg,glioma,0,train,17590e10137fe68e4c5ac4059cddd571272a60b5c1c10032fca59db5135e09c0,512,512,1.0,JPEG,L,Training
data/Training/glioma/Tr-gl_1058.jpg,glioma,0,train,95eb30141b951aac6d79fa48f32a7598d77ae6d0dfd730ccb741e001815cbf46,512,512,1.0,JPEG,L,Training
data/Training/glioma/Tr-gl_1059.jpg,glioma,0,train,165f1922ad0f2916935b6efea84afd738d5005e98759832bff7b1de7bb15a9b8,512,512,1.0,JPEG,L,Training
data/Training/glioma/Tr-gl_1061.jpg,glioma,0,train,b3a128094b94c6523dd473aaa87535ab0fed373020907676a36e9d2d7cecb9ee,512,512,1.0,JPEG,L,Training
data/Training/glioma/Tr-gl_1062.jpg,glioma,0,train,8cb72f5b64795a498537baf82b0e2c128edc8ad756a3622fdd8bf7f49bb2e5b3,512,512,1.0,JPEG,L,Training
data/Training/glioma/Tr-gl_1063.jpg,glioma,0,train,63bdf808c43d217ac86b8ff983308b3f3af5d82e052fd714b14ca74b53c8f029,512,512,1.0,JPEG,L,Training
data/Training/glioma/Tr-gl_1067.jpg,glioma,0,train,88ad8645bb4528738072d99cddd3d480236448a0e78ea959f0aa575950e6d9dc,512,512,1.0,JPEG,L,Training
data/Training/glioma/Tr-gl_1068.jpg,glioma,0,train,07fb96a514575d7c1580a71d3a4be659b43f2b630e18961f81afd9e7d81b5ab2,512,512,1.0,JPEG,L,Training
data/Training/glioma/Tr-gl_1069.jpg,glioma,0,train,2e8fdb48394e70212ec1fb6df7e635d333c01d15d19a14be280330560ab66f2c,512,512,1.0,JPEG,L,Training
data/Training/glioma/Tr-gl_1071.jpg,glioma,0,train,f81853178178819b82e18557cd8cf34330a869da0ef7d23b7e4290c838987481,512,512,1.0,JPEG,RGB,Training
data/Training/glioma/Tr-gl_1072.jpg,glioma,0,train,ea5c0e13886900e2a08a2e7ea75e96568a5c1c49c72a3ee64a808e6ff5f033a1,512,512,1.0,JPEG,L,Training
data/Training/glioma/Tr-gl_1074.jpg,glioma,0,train,7202ebd2adf8fb8b7aadd161d464c70e69f9832a0bc0876c4ef7f11a86b2d335,512,512,1.0,JPEG,L,Training
data/Training/glioma/Tr-gl_1075.jpg,glioma,0,train,a50c7c16f78a6938035b2b70cfc01b165910b699bbf00d99dc4afd3319659204,512,512,1.0,JPEG,L,Training
data/Training/glioma/Tr-gl_1076.jpg,glioma,0,train,6cf033a23d1d40b737f454e4fd8df1f0583b16f01663dfaf464eb17e71107770,512,512,1.0,JPEG,L,Training
data/Training/glioma/Tr-gl_1077.jpg,glioma,0,train,c67f110060ba12ed3ddbe80d721cc46cb04724d9e61ef140412f44549a85a564,512,512,1.0,JPEG,L,Training
data/Training/glioma/Tr-gl_1078.jpg,glioma,0,train,e0f0a80d562be4cac7189bd0247cadfa904f284dcd6af12812839fae59d6890d,512,512,1.0,JPEG,RGB,Training
data/Training/glioma/Tr-gl_1079.jpg,glioma,0,train,a9d5d594504a1ae8892f5c3f289311eca9efbfbc73a4dd57a39ce23c1352a39e,512,512,1.0,JPEG,L,Training
data/Training/glioma/Tr-gl_108.jpg,glioma,0,train,9ded61cb018110f6b471cee48016beae1fc8b68e63f50066b52613cecd4e5338,512,512,1.0,JPEG,L,Training
data/Training/glioma/Tr-gl_1080.jpg,glioma,0,train,d7a15204a8e43e09810d89b4d386dc845be23a2b0e376c0fdaaf02d5d28d652b,512,512,1.0,JPEG,L,Training
data/Training/glioma/Tr-gl_1081.jpg,glioma,0,train,56f06d1b3f1492349bcab528b198fea3986ec99603e0228de33b6720abc902fb,512,512,1.0,JPEG,L,Training
data/Training/glioma/Tr-gl_1083.jpg,glioma,0,train,43b023230939984b53d9093d23cca831fe493401bcb6c71917b438cc67e4378b,512,512,1.0,JPEG,RGB,Training
data/Training/glioma/Tr-gl_1084.jpg,glioma,0,train,cc3e8b93de16b311f46966596a2446d8ffb857055c1718fd92fb894fe4e9b989,512,512,1.0,JPEG,RGB,Training
data/Training/glioma/Tr-gl_1086.jpg,glioma,0,train,a6ba401f9c1753a46f59267ec7ab6614b87e6a5a4779b1e454b25f89a068dfa4,512,512,1.0,JPEG,L,Training
data/Training/glioma/Tr-gl_1087.jpg,glioma,0,train,de99d1a913b48fed87dae1934fe4e55aa0c24ab16754697aa3157ef9e5afe401,512,512,1.0,JPEG,L,Training
data/Training/glioma/Tr-gl_1088.jpg,glioma,0,train,4f0fa07f08dec4c8388fcde91f238c8b5c0b704d8c31994eb6acf9ad8518b90b,512,512,1.0,JPEG,RGB,Training
data/Training/glioma/Tr-gl_1091.jpg,glioma,0,train,4f685f673091bea2c19370a725e06cc7f9fcdc91ea318696c6f14fc472b5ee0d,512,512,1.0,JPEG,L,Training
data/Training/glioma/Tr-gl_1092.jpg,glioma,0,train,a958f99e016187320125ed69d5b41e5a39ff7fc425b82f6979b78589879bba03,512,512,1.0,JPEG,L,Training
data/Training/glioma/Tr-gl_1093.jpg,glioma,0,train,cbddcd545cceeabe30c228cc54673163399ae1f09dedfbac9c5df54f972741e3,512,512,1.0,JPEG,L,Training
data/Training/glioma/Tr-gl_1095.jpg,glioma,0,train,c6bd0989867c7fb412c642c1b314a60331112de412d9dc333b89f1fe714ef0a1,512,512,1.0,JPEG,L,Training
data/Training/glioma/Tr-gl_1096.jpg,glioma,0,train,e271769fce6db8848c2f67b91b58a4c111e0a55aeec1d7fe07a8ce97c8b679bd,512,512,1.0,JPEG,L,Training
data/Training/glioma/Tr-gl_1097.jpg,glioma,0,train,1185980e5438389883e0372d9223f1a2f5e984972a09434380e73b5636689a77,512,512,1.0,JPEG,L,Training
data/Training/glioma/Tr-gl_11.jpg,glioma,0,train,66d6e82c52429b67ceb806815cdfbae6de7d9f9d4df61d461bc7f5ae78e11330,512,512,1.0,JPEG,L,Training
data/Training/glioma/Tr-gl_110.jpg,glioma,0,train,7b3c703fe1afd290e239b9e1368c731dc00146a2ce44591c55226b10abc033a2,512,512,1.0,JPEG,L,Training
data/Training/glioma/Tr-gl_1100.jpg,glioma,0,train,91156ace577bfbb9401fc84cef401fdbe9601d544e1b872927abadacea60ab75,512,512,1.0,JPEG,L,Training
data/Training/glioma/Tr-gl_1101.jpg,glioma,0,train,f07243f7cc02f195b86604acb435be18e4267cbe43abe3b1a1e2b075d68a810f,512,512,1.0,JPEG,RGB,Training
data/Training/glioma/Tr-gl_1102.jpg,glioma,0,train,4545ab5344a323f4fd063585711d473d64420a6735fc1c96e0b9d5856d916f86,512,512,1.0,JPEG,L,Training
data/Training/glioma/Tr-gl_1103.jpg,glioma,0,train,3a43394f80e05991212fc2eca23fe100f7fa6998c37a358416045aa0d8be8e1d,512,512,1.0,JPEG,L,Training
data/Training/glioma/Tr-gl_1106.jpg,glioma,0,train,247587c088bf9c40197be247245883972c3b6b53ba10653eb6f0508d1a5c31c5,512,512,1.0,JPEG,L,Training
data/Training/glioma/Tr-gl_1107.jpg,glioma,0,train,df6f54a112a3cdbf6952b6676244f9a894cae12e6adadcd219b43ada7bef8185,512,512,1.0,JPEG,L,Training
data/Training/glioma/Tr-gl_1108.jpg,glioma,0,train,040aceb3a355105f6676fe41e0f10fbd746c74b13ff9694257edc6f51e003745,512,512,1.0,JPEG,L,Training
data/Training/glioma/Tr-gl_1109.jpg,glioma,0,train,fb6a67f3e13331b3ea6209bf56100851cae7130a943b6afadddee0ea44dab8dc,512,512,1.0,JPEG,L,Training
data/Training/glioma/Tr-gl_1110.jpg,glioma,0,train,2efe9d853b70ebdc4500baf616086c0afd933481c95cce32c01dddf84290bc99,512,512,1.0,JPEG,RGB,Training
data/Training/glioma/Tr-gl_1111.jpg,glioma,0,train,7a9187d272f71834accfb65bbe786c129238754471acdcbf2ce8c2d2f55879f3,512,512,1.0,JPEG,L,Training
data/Training/glioma/Tr-gl_1113.jpg,glioma,0,train,d43ecfd0f3d38b3fbda535aaafa9ee1f42a91bf59ab6d580315e8ba612edc5ca,512,512,1.0,JPEG,L,Training
data/Training/glioma/Tr-gl_1116.jpg,glioma,0,train,f92ce86a455e24b1039884159e3ee74ba9d35c06458cc0112c7e3a914b98491c,512,512,1.0,JPEG,L,Training
data/Training/glioma/Tr-gl_1118.jpg,glioma,0,train,bbaee9f25606757694fab8afa3cd47d54aa2a6212b91bd8af3112942ee0c5a30,512,512,1.0,JPEG,L,Training
data/Training/glioma/Tr-gl_112.jpg,glioma,0,train,984fdff142751f6f50b04779ed0dc2c8ed662d55d2ac0636fd84c6a71992d888,512,512,1.0,JPEG,L,Training
data/Training/glioma/Tr-gl_1122.jpg,glioma,0,train,7eaec03cecbffbe8e4a186232bf8dee73ce3d75264e7da508e1e2f5d90983bd8,512,512,1.0,JPEG,L,Training
data/Training/glioma/Tr-gl_1123.jpg,glioma,0,train,7477870bf9d8d5f09645798be6ec933bf006b146d91400b7e50ed0786cd82935,512,512,1.0,JPEG,RGB,Training
data/Training/glioma/Tr-gl_1124.jpg,glioma,0,train,27663235fa9afa2d2408ed8de8a43167fb21ed3ac6f4e410ba37ca1debb1a741,512,512,1.0,JPEG,L,Training
data/Training/glioma/Tr-gl_1125.jpg,glioma,0,train,8b8ad693dc1106b9cbef00200bbe9aea5a5783f4693c4a989f11c2c3046fbebb,512,512,1.0,JPEG,L,Training
data/Training/glioma/Tr-gl_1126.jpg,glioma,0,train,c08ae48d0d7c76643ee044c1d38cb160422ee4c4e5bc49b0a6e9ba84e76edd2d,512,512,1.0,JPEG,L,Training
data/Training/glioma/Tr-gl_1127.jpg,glioma,0,train,cec15cf91c28d2ffbe592186fbacd739b9d18e309613a474cc94e119d360eac6,512,512,1.0,JPEG,L,Training
data/Training/glioma/Tr-gl_1128.jpg,glioma,0,train,439f2b70a211bbc2b8b062983aed1b13b95e21236b5d2502c2689e4143e5cb40,512,512,1.0,JPEG,RGB,Training
data/Training/glioma/Tr-gl_1129.jpg,glioma,0,train,303fd06d7faa7dcb5ea1e282ae19f74f6cd48d8fd79ac81c4f13f559cd1d1744,512,512,1.0,JPEG,L,Training
data/Training/glioma/Tr-gl_1131.jpg,glioma,0,train,c1132ba02718b38ed28f4a48a7d109989855d7b0d322e39e2103ab685aaaf157,512,512,1.0,JPEG,L,Training
data/Training/glioma/Tr-gl_1133.jpg,glioma,0,train,d843c23655b82d67ee8fe1e02bb6cb562e65fd070d3756374091c3a9312c7621,512,512,1.0,JPEG,L,Training
data/Training/glioma/Tr-gl_1134.jpg,glioma,0,train,d529b2273b81f1f9db6e5478865bfef128a96df805193e96a3931f133630d715,512,512,1.0,JPEG,RGB,Training
data/Training/glioma/Tr-gl_1137.jpg,glioma,0,train,011fe07e44995aa29628f3750f9069cbcb2e495a49dd52d9812ee48f42552182,512,512,1.0,JPEG,L,Training
data/Training/glioma/Tr-gl_1138.jpg,glioma,0,train,b8b70b6a712977532b0602793221b5ad58df489fe58774c9f60d3b5c9a05e5e3,512,512,1.0,JPEG,RGB,Training
data/Training/glioma/Tr-gl_114.jpg,glioma,0,train,688e0ce0ae1885408f4c44781336365c583bd0b53bfad16e2da299b6f929ccc7,512,512,1.0,JPEG,L,Training
data/Training/glioma/Tr-gl_1140.jpg,glioma,0,train,230597f6fbb07e8df8bef2c1d4dc6b399e6865b7d5eb0efb22e830747b2b57be,512,512,1.0,JPEG,L,Training
data/Training/glioma/Tr-gl_1141.jpg,glioma,0,train,f045b76d0701952f92b33cda38bea789c052b8fc6276e32b40f0dbb292d2bbbe,512,512,1.0,JPEG,L,Training
data/Training/glioma/Tr-gl_1145.jpg,glioma,0,train,e76ed50b7990aa8517ca7ae502330519ee6d7c52c686b7dc032e31215f038ba6,512,512,1.0,JPEG,L,Training
data/Training/glioma/Tr-gl_1146.jpg,glioma,0,train,1062474f063574bba2a6e3daa2816264c592ce6eb0cb1344de7bea282f014f60,512,512,1.0,JPEG,L,Training
data/Training/glioma/Tr-gl_1147.jpg,glioma,0,train,7df3dd6b58397888e74e19fb6d07a08580ebf38f6e2460e3010b9f5898fd4fa1,512,512,1.0,JPEG,RGB,Training
data/Training/glioma/Tr-gl_1148.jpg,glioma,0,train,310738598ea27715577c0adb35f68a21899d31921dbb492ac095d103fe0cca5a,512,512,1.0,JPEG,L,Training
data/Training/glioma/Tr-gl_1149.jpg,glioma,0,train,17b5669b32eac6e3ab853dcade0fc4e4a1bda2fb4d94338313caef04acceb333,512,512,1.0,JPEG,L,Training
data/Training/glioma/Tr-gl_115.jpg,glioma,0,train,f67ace2949e5cbc2eeef25b87d808cc09cde0f31a7c60abf5bbb9f6c10131348,512,512,1.0,JPEG,RGB,Training
data/Training/glioma/Tr-gl_1150.jpg,glioma,0,train,4459e3ea7147ef4b246e75fc10a9aeae443e80b300a5aee9fbcaecdc4db7499d,512,512,1.0,JPEG,L,Training
data/Training/glioma/Tr-gl_1153.jpg,glioma,0,train,98ee1689394cf62964906dcbb9cfbb25668ef2d10d37e7960e1e2e9d70d1595c,512,512,1.0,JPEG,L,Training
data/Training/glioma/Tr-gl_1154.jpg,glioma,0,train,74e65bbe31b1c3208e8cf696e3f6950b1631595ba920445059af10ae2c63f0b0,512,512,1.0,JPEG,L,Training
data/Training/glioma/Tr-gl_1155.jpg,glioma,0,train,fabc90cc6c9b9b5afea084834a5655dceb7da406edf4cd5a57202379d53db044,512,512,1.0,JPEG,L,Training
data/Training/glioma/Tr-gl_1156.jpg,glioma,0,train,d31fa276bc40b8a98d4a3d157390510d59d40f3c6b98056f5e7bbb7d6b7a82b3,512,512,1.0,JPEG,L,Training
data/Training/glioma/Tr-gl_1157.jpg,glioma,0,train,1f0f3169cc3826d3ca1506ee1f9cff74bfc316e0ad66d2df69fe0b20d7307b6a,512,512,1.0,JPEG,L,Training
data/Training/glioma/Tr-gl_1158.jpg,glioma,0,train,fbaa7eba426fd0b3a1a70269bc0eb371822099c00845106deba744976b5f0e71,512,512,1.0,JPEG,L,Training
data/Training/glioma/Tr-gl_1160.jpg,glioma,0,train,2e852c9a4bcd73ecb95862e6a2126f2187a871711905609ef2947176e682e6b2,512,512,1.0,JPEG,L,Training
data/Training/glioma/Tr-gl_1162.jpg,glioma,0,train,d43cc1efa90f9b0af3f06b901de7c97f708b2d1864dad537ab2a18b6301029a8,512,512,1.0,JPEG,L,Training
data/Training/glioma/Tr-gl_1163.jpg,glioma,0,train,15e1dec9645b00e0012e08060c55a37d5f4e76fb851c08abed64a24dff4b0233,512,512,1.0,JPEG,L,Training
data/Training/glioma/Tr-gl_1164.jpg,glioma,0,train,0802f78fae3960fe684b55608cab082f1586684e16da9dd4001a9e033d690ebf,512,512,1.0,JPEG,L,Training
data/Training/glioma/Tr-gl_1165.jpg,glioma,0,train,2519f312fc7f5b12687d7f199787e2c4add50ce821eea4493ab13ac01ad8b2aa,512,512,1.0,JPEG,RGB,Training
data/Training/glioma/Tr-gl_1166.jpg,glioma,0,train,67cf128cf199b177d8bb14e537f004e0d4cc99a4dbe5c2aff169419ec5c3930b,512,512,1.0,JPEG,L,Training
data/Training/glioma/Tr-gl_1167.jpg,glioma,0,train,62b289b02f75c444ae2da73ba809a36cd9cfa8d79d7564ab7d06bb041d261030,512,512,1.0,JPEG,L,Training
data/Training/glioma/Tr-gl_1168.jpg,glioma,0,train,f2a755fe15f06ba434a8df272d764e373c9c717ab1ca2cdaf19bf0da3dbd8cf6,512,512,1.0,JPEG,RGB,Training
data/Training/glioma/Tr-gl_1169.jpg,glioma,0,train,c3e23b959ef65021c29e3abc171532158540cbd38ca2163954ed83412f54b86a,512,512,1.0,JPEG,L,Training
data/Training/glioma/Tr-gl_117.jpg,glioma,0,train,d2e526661608c0c5a5cb20323d417848d3078a3e8d4e92e65828c145b549b378,512,512,1.0,JPEG,L,Training
data/Training/glioma/Tr-gl_1171.jpg,glioma,0,train,b229a4630a766d1c705448d7f3426a69d06c72531aa48e30decd16c90633160a,512,512,1.0,JPEG,L,Training
data/Training/glioma/Tr-gl_1173.jpg,glioma,0,train,74e5cbfb27d20788a84cac9e0d9c7ce0b71d5c6b12a9c06a1ae68fe7103a1f63,512,512,1.0,JPEG,L,Training
data/Training/glioma/Tr-gl_1175.jpg,glioma,0,train,814b1a1b6aa5a1fc8a3f621c388fe201e455f5346584e27a5bee63dc4ec4fc39,512,512,1.0,JPEG,L,Training
data/Training/glioma/Tr-gl_1179.jpg,glioma,0,train,e36f6e6098c5f06484eb69df7f4a98805a73ea9112af3d65de572d5e668eaab5,512,512,1.0,JPEG,L,Training
data/Training/glioma/Tr-gl_118.jpg,glioma,0,train,feb6029c35417dce4906607cb41fc955178d4e8a279bdc9a180055a99b49a9a5,512,512,1.0,JPEG,L,Training
data/Training/glioma/Tr-gl_1180.jpg,glioma,0,train,b14a4dfe9c1b1eb2fc5a741710918f23a94299da2f7cc1d9894a515afe8616c8,512,512,1.0,JPEG,L,Training
data/Training/glioma/Tr-gl_1181.jpg,glioma,0,train,6049330e4488ab33e53ec4ce18ee9e0d6e6bfe4276ba41dc97886da835bf5288,512,512,1.0,JPEG,L,Training
data/Training/glioma/Tr-gl_1182.jpg,glioma,0,train,e19d2df6f98a6f21f19917e30ad004aac1f3fe2b965b595108b8bfe877eb6bb4,512,512,1.0,JPEG,L,Training
data/Training/glioma/Tr-gl_1183.jpg,glioma,0,train,cfcc2521aa64d91b56cebdfb0282eea21a482d79a1870c027e8d573220361cdf,512,512,1.0,JPEG,L,Training
data/Training/glioma/Tr-gl_1184.jpg,glioma,0,train,2888a15c0c32a518a4b406563c49a11e445e32cc7d52f035d7459bfecee5d515,512,512,1.0,JPEG,L,Training
data/Training/glioma/Tr-gl_1186.jpg,glioma,0,train,7295748b2732798965e89fc8dba0e89eef2b70f14241838f5fc0c9c062fc2061,512,512,1.0,JPEG,L,Training
data/Training/glioma/Tr-gl_1187.jpg,glioma,0,train,d62ddee31a2674a5e5a4d6922a5b3251ebf578c60e7a511d6e2aa89298e1e43e,512,512,1.0,JPEG,L,Training
data/Training/glioma/Tr-gl_1188.jpg,glioma,0,train,0c98a71ba5767aadb95dfb43a6fb192732b33a8498caef1aa12012f5457c7dff,512,512,1.0,JPEG,L,Training
data/Training/glioma/Tr-gl_119.jpg,glioma,0,train,9699ca9370406ac7ff173c6f46887a60c004ebe322866505fa749b485bfa7bb1,512,512,1.0,JPEG,L,Training
data/Training/glioma/Tr-gl_1191.jpg,glioma,0,train,44e421bbac68f0420723242219b7b223962a301626e25f52c605aa9cd8202f4b,512,512,1.0,JPEG,L,Training
data/Training/glioma/Tr-gl_1192.jpg,glioma,0,train,c6a2143a427d00369f510cc45e1ff280e718f1aca36bb1e9a511a9f5cf0b7867,512,512,1.0,JPEG,RGB,Training
data/Training/glioma/Tr-gl_1193.jpg,glioma,0,train,98fe6ed1d1208b37840147cf0147392177ae4854ab09e3359ec9afd0b96a2f19,512,512,1.0,JPEG,RGB,Training
data/Training/glioma/Tr-gl_1194.jpg,glioma,0,train,c492c09e8d5b66bbaf759d7bcd01e8f89e00e9941f4d73760eeb2198f7cf1c98,512,512,1.0,JPEG,L,Training
data/Training/glioma/Tr-gl_1198.jpg,glioma,0,train,dd1361656e5a80227705afac4a4deb8b5dd1a557b36a37d6d0a5670c6da2800c,512,512,1.0,JPEG,L,Training
data/Training/glioma/Tr-gl_120.jpg,glioma,0,train,60eb0c45129b0f13def87ab9f7fc8ab0221ce6e7d2137781487daad98c4110ed,512,512,1.0,JPEG,L,Training
data/Training/glioma/Tr-gl_1200.jpg,glioma,0,train,c7aab956ff758e632988a9b059c726a4edcc14f18da4d2f40f5669b048374df8,512,512,1.0,JPEG,L,Training
data/Training/glioma/Tr-gl_1201.jpg,glioma,0,train,766e32c831f4eec6483df7359d62a3fa123b51f967be8fe70c1d04b1fe4c26a8,512,512,1.0,JPEG,L,Training
data/Training/glioma/Tr-gl_1202.jpg,glioma,0,train,a0c572b6d0645aa32021b5943688de6240d73d755390c625fe52357e15e936b1,512,512,1.0,JPEG,L,Training
data/Training/glioma/Tr-gl_1203.jpg,glioma,0,train,a9d77184b80959a31079e677d76a2aed234c4cb9e0222e04a28607e8ab252b1c,512,512,1.0,JPEG,L,Training
data/Training/glioma/Tr-gl_1205.jpg,glioma,0,train,49d0cea703e9c759e4c20bfee0f8deaf3e8c979ca066780d01da6577dd82b8b5,512,512,1.0,JPEG,L,Training
data/Training/glioma/Tr-gl_1206.jpg,glioma,0,train,f21e399380f09f0b335db1c1829e65cfb4e66888a43698723d10bb9058c7c337,512,512,1.0,JPEG,L,Training
data/Training/glioma/Tr-gl_1207.jpg,glioma,0,train,296a2f1ca3f830607e02b0b933906483b847215cd5d4e36065131cf6d8c7fd0b,512,512,1.0,JPEG,L,Training
data/Training/glioma/Tr-gl_1208.jpg,glioma,0,train,40f1e332ea1db8b6297ca154e1d624dad70e2048afb1edaef3eef7655ba445cd,512,512,1.0,JPEG,L,Training
data/Training/glioma/Tr-gl_121.jpg,glioma,0,train,8833b8de170f2af60e310d75da4f32ee047a9ce57a79c283a2820fdb7755efe7,512,512,1.0,JPEG,L,Training
data/Training/glioma/Tr-gl_1210.jpg,glioma,0,train,95bdf405541551d06947dce640c50d705b0f7b246e666ee3104727cbb2e8b6ef,512,512,1.0,JPEG,L,Training
data/Training/glioma/Tr-gl_1211.jpg,glioma,0,train,32abce06f4d031e47287dee604dc9bfaa8cbd368dd4283038bff38665246b6b1,512,512,1.0,JPEG,L,Training
data/Training/glioma/Tr-gl_1212.jpg,glioma,0,train,c3f036dac11551ca4315429b96d9ff610d8788a5edd17af4521a2bcd432a36e0,512,512,1.0,JPEG,L,Training
data/Training/glioma/Tr-gl_1213.jpg,glioma,0,train,01899505fdf737a31368e3f9c27f2be5e1fbd7c39f489777ea1d2848f8da482f,512,512,1.0,JPEG,L,Training
data/Training/glioma/Tr-gl_1214.jpg,glioma,0,train,189fe1b54907084abfbdd4c64fd58f6b2bb1155037a72e217225021fafc2ba8e,512,512,1.0,JPEG,L,Training
data/Training/glioma/Tr-gl_1215.jpg,glioma,0,train,970746c658cf6f3b05d8a89bc60d44fc3a8053f1e0115b70b229ca61d5d29188,512,512,1.0,JPEG,RGB,Training
data/Training/glioma/Tr-gl_1216.jpg,glioma,0,train,c35fda65f2f7b09f244972bf380b0bf347ea2bccb849de9eb85005178ce2a16b,512,512,1.0,JPEG,L,Training
data/Training/glioma/Tr-gl_122.jpg,glioma,0,train,64cdc0c5d05f94075bbe4b529c0ba1f5256172f51d9b355afec401741d374401,512,512,1.0,JPEG,L,Training
data/Training/glioma/Tr-gl_1220.jpg,glioma,0,train,d37eba389de62b611dd2787f9f509aa25c14adc219b03e667a669427042b70f1,512,512,1.0,JPEG,L,Training
data/Training/glioma/Tr-gl_1222.jpg,glioma,0,train,77dc4577bfefd428b299615af6f1bd86dde4c617b1e31f7032c9727d025866d1,512,512,1.0,JPEG,L,Training
data/Training/glioma/Tr-gl_1223.jpg,glioma,0,train,242ce9179a9d90e27e3be215489569695cdf1471dd4ca97fc6f6a6457c44cbc3,512,512,1.0,JPEG,L,Training
data/Training/glioma/Tr-gl_1225.jpg,glioma,0,train,773fde97c920c51073861964e34e984707312e6fb6e79ec820d5dfe695509754,512,512,1.0,JPEG,L,Training
data/Training/glioma/Tr-gl_1226.jpg,glioma,0,train,3956d85d6d27c4a157e13678bd0159d0d0b13c3909e8170e97678735b275afd8,512,512,1.0,JPEG,L,Training
data/Training/glioma/Tr-gl_1227.jpg,glioma,0,train,e2d9d4ae16612245c6023babce9f63b30e642cddfdd9985987bd2dd8855e9e19,512,512,1.0,JPEG,RGB,Training
data/Training/glioma/Tr-gl_1228.jpg,glioma,0,train,67985281b33c4d780fecb23489ca7d3e7629d9da5ce4a8fc2a74aab734186365,512,512,1.0,JPEG,L,Training
data/Training/glioma/Tr-gl_123.jpg,glioma,0,train,60fe4f4f4cabdde9f98262b00e05c3635c0c3fa035f398244338e9210eb54708,512,512,1.0,JPEG,L,Training
data/Training/glioma/Tr-gl_1231.jpg,glioma,0,train,e2a95546eeb2eea2c103e8feffc93cd7936e62e353af8fd9068ca91305fea9c0,512,512,1.0,JPEG,RGB,Training
data/Training/glioma/Tr-gl_1232.jpg,glioma,0,train,644f1dbdebfa4d338475b58ef3651983491afa12d02f6620f082372300e426e9,512,512,1.0,JPEG,L,Training
data/Training/glioma/Tr-gl_1233.jpg,glioma,0,train,e31e998ffc10392365473bcbec2209f2805afc61e6f39918936fdc0e6a357ce2,512,512,1.0,JPEG,L,Training
data/Training/glioma/Tr-gl_1234.jpg,glioma,0,train,98120d1c9a8cfc5e76d9f696cab255bd345f4d0086d109b3a12ef5e1771174c6,512,512,1.0,JPEG,L,Training
data/Training/glioma/Tr-gl_1235.jpg,glioma,0,train,3b876bc84fe13d8a76f08356f569528e3eef5b050d6b86c06337b5dc5de9366b,512,512,1.0,JPEG,L,Training
data/Training/glioma/Tr-gl_1236.jpg,glioma,0,train,13ac1f302002ccf79043d10a1be970bfbf6e07e63cb730d1839cc455bdb4c631,512,512,1.0,JPEG,RGB,Training
data/Training/glioma/Tr-gl_1237.jpg,glioma,0,train,63d4abe4ffa7b33444bd75f6ced6c8df810db69ad37ab3611331beaa9f3d27fa,512,512,1.0,JPEG,L,Training
data/Training/glioma/Tr-gl_1238.jpg,glioma,0,train,b4c7c3f41395b8fd3d569dadb11aceea6c7c2b32842e154955c16cb8a8561e59,512,512,1.0,JPEG,RGB,Training
data/Training/glioma/Tr-gl_124.jpg,glioma,0,train,9f2c1efe62eea841f7f13c347aecd16425647c6cba778971bfb5c08978c78987,512,512,1.0,JPEG,L,Training
data/Training/glioma/Tr-gl_1241.jpg,glioma,0,train,d89e49095c4cdaad301337bd5d7979d631bcc1a6351d936872d669bfa2550668,512,512,1.0,JPEG,L,Training
data/Training/glioma/Tr-gl_1243.jpg,glioma,0,train,09fe43296d356522671641c1e4c48955c32cee3e06221d4d00f183b37d32c500,512,512,1.0,JPEG,RGB,Training
data/Training/glioma/Tr-gl_1244.jpg,glioma,0,train,a777ffc7794e15d130ac2148d048c69a8e27abe87461a26ed837f7c807215392,512,512,1.0,JPEG,L,Training
data/Training/glioma/Tr-gl_1245.jpg,glioma,0,train,dc2ea519f09d9ef45bb083f739bc877eba7009613bff964471b6251a2c80aea8,512,512,1.0,JPEG,L,Training
data/Training/glioma/Tr-gl_1246.jpg,glioma,0,train,a24fddd4d2ccdc4b0535cf634be5260806a84590ae885a36ecf425848063e99a,512,512,1.0,JPEG,L,Training
data/Training/glioma/Tr-gl_1247.jpg,glioma,0,train,6eba875d28c4db61eb97a3b9c69cfa2642542dc221037fcecc69afe08849cb75,512,512,1.0,JPEG,L,Training
data/Training/glioma/Tr-gl_1249.jpg,glioma,0,train,ac2837f906a4cd3beedf60f46d1ed59c4ed3c0b3f1e909c421147fd161a07a14,512,512,1.0,JPEG,L,Training
data/Training/glioma/Tr-gl_125.jpg,glioma,0,train,af0383f3ab64c3dc48d29ab70450104ad7162a4b98f9165704cfd4760a36fb9e,512,512,1.0,JPEG,L,Training
data/Training/glioma/Tr-gl_1251.jpg,glioma,0,train,d4734893fb61bbb1d9d11d8bb692871f0352b1eee9df2acdc93adbbac3ed6edc,512,512,1.0,JPEG,L,Training
data/Training/glioma/Tr-gl_1252.jpg,glioma,0,train,acdd77cedf093c3b5975a8af2102923f076b54d8adea3d7e651e8faaaf6b3e1c,512,512,1.0,JPEG,L,Training
data/Training/glioma/Tr-gl_1253.jpg,glioma,0,train,dfa9ae79721649322b1fdd5615f94bccf4f6c43f77a8123ffdb2310f29b04d7a,512,512,1.0,JPEG,L,Training
data/Training/glioma/Tr-gl_1254.jpg,glioma,0,train,424811bbfc9b88e0f93fd711386f4f96c372d3c080eda9718bed97403448596a,512,512,1.0,JPEG,RGB,Training
data/Training/glioma/Tr-gl_1255.jpg,glioma,0,train,b03a97928d0616007c7e2507cf9ea3f7feb2b2c2456c702c5aeb74341acdf072,512,512,1.0,JPEG,RGB,Training
data/Training/glioma/Tr-gl_1257.jpg,glioma,0,train,9a798799674ab87777c2e9998217ff26f3cbcea6cc39242cc159dc866dc32462,512,512,1.0,JPEG,RGB,Training
data/Training/glioma/Tr-gl_1258.jpg,glioma,0,train,9fb8d462cbe82cad03b6dc3b09a0999f95245e1f16cbdb8971ffabd2b9ff1b5b,512,512,1.0,JPEG,RGB,Training
data/Training/glioma/Tr-gl_1259.jpg,glioma,0,train,0797fe3676b4bf6539e7ae9337f8f7c759f5143f14f644b4f65e02cafee5fd0c,512,512,1.0,JPEG,L,Training
data/Training/glioma/Tr-gl_126.jpg,glioma,0,train,c69eafcf38dfaed456f5899b1360ecfc450e113c963ea8522004078bce79cba6,512,512,1.0,JPEG,L,Training
data/Training/glioma/Tr-gl_1260.jpg,glioma,0,train,7692376eae20113003f001af1a994faf3a5ffedb5250efbb305b13de282b5007,512,512,1.0,JPEG,L,Training
data/Training/glioma/Tr-gl_1262.jpg,glioma,0,train,f85f978404529c6131aa4aa59aa4bcf53940e1617ed9f914a0287bfecdeb0986,512,512,1.0,JPEG,L,Training
data/Training/glioma/Tr-gl_1264.jpg,glioma,0,train,785b3b8f99d940b07c988df9e6f17a2518632ec061a79e19d867a5a357c944a9,512,512,1.0,JPEG,L,Training
data/Training/glioma/Tr-gl_1265.jpg,glioma,0,train,af501b0bee36cbe7e9bd6cf3b0cdcb55e0d1a2b106b919e740ce8466c3f0a025,512,512,1.0,JPEG,L,Training
data/Training/glioma/Tr-gl_1266.jpg,glioma,0,train,b5c592cbb2803001d894e8c02ec363077c3db56bfd00a1be79197cd400649a54,512,512,1.0,JPEG,RGB,Training
data/Training/glioma/Tr-gl_1267.jpg,glioma,0,train,559b4b2cb2ab0e4c1faa0737c77dc8c56c0587ecde03d96dfb0d2cc7c09e4062,512,512,1.0,JPEG,L,Training
data/Training/glioma/Tr-gl_1268.jpg,glioma,0,train,7b572bd9e3a3934fdd765a9fe2a9080af43cf09fb05680213ef62fd8fb7b1e4a,512,512,1.0,JPEG,L,Training
data/Training/glioma/Tr-gl_1269.jpg,glioma,0,train,b3a77a08684bf0fe6ba6e68cc9a5c6d28ff5f5bedca57eeadbc41614fe89c4cc,512,512,1.0,JPEG,L,Training
data/Training/glioma/Tr-gl_127.jpg,glioma,0,train,f2f021d45d0bb52d7c4f0e60574739429cef6a251c943bb7e47180bc4045804d,512,512,1.0,JPEG,L,Training
data/Training/glioma/Tr-gl_1270.jpg,glioma,0,train,7de28cd00ae58e5d76a97dda731550b63e4e64ad8fe13d9edf24211cd367f90b,512,512,1.0,JPEG,L,Training
data/Training/glioma/Tr-gl_1272.jpg,glioma,0,train,ae0d36758c720949ea1052e7ad9fc9dc90c91de1ea3084d7f3f180787711c07d,512,512,1.0,JPEG,L,Training
data/Training/glioma/Tr-gl_1275.jpg,glioma,0,train,b0bb424958231ed6d4d114d1c07babdc1d906dc4426419192604cb1791f1a690,512,512,1.0,JPEG,RGB,Training
data/Training/glioma/Tr-gl_1276.jpg,glioma,0,train,40b39ab98687668c744e60815aed04f1bd4bc1233caefea861c4da865794493f,512,512,1.0,JPEG,RGB,Training
data/Training/glioma/Tr-gl_1277.jpg,glioma,0,train,80a630f3ba263e829f78aa73a77d5bad579246cda3dd89d5b444160c6f849016,512,512,1.0,JPEG,RGB,Training
data/Training/glioma/Tr-gl_1278.jpg,glioma,0,train,9cd57b5bd9a6d6d22b35dd5659dacb9429afaac8f948ac4271d53669afc39df8,512,512,1.0,JPEG,L,Training
data/Training/glioma/Tr-gl_1279.jpg,glioma,0,train,c96aebc9ee0426eed6ade6a20b832ed12db7bb2e9a5836644ab74a53b14ede8e,512,512,1.0,JPEG,L,Training
data/Training/glioma/Tr-gl_128.jpg,glioma,0,train,1dbf025fe21303e88635bdf8ef70c28e20c2983d3844063feb1999237a052969,512,512,1.0,JPEG,RGB,Training
data/Training/glioma/Tr-gl_1282.jpg,glioma,0,train,be968cb0527e9c6c832b69c6268f1140fde7bf08a9485009cef6218b822fdbf0,512,512,1.0,JPEG,RGB,Training
data/Training/glioma/Tr-gl_1284.jpg,glioma,0,train,640d4bf412a4e7cc08d37f52abc37144a97da46496e4f862bdbe2bec891bf41e,512,512,1.0,JPEG,L,Training
data/Training/glioma/Tr-gl_1285.jpg,glioma,0,train,cedb5c5604ab49b9e1dc7bb1c78fe41839f549b127326842ca347b251317a0fc,512,512,1.0,JPEG,L,Training
data/Training/glioma/Tr-gl_1286.jpg,glioma,0,train,736e573a7f61fdf2352b5d5ee8dfd0d183f902aabaff5a6754a1b22c28df6b10,512,512,1.0,JPEG,L,Training
data/Training/glioma/Tr-gl_1287.jpg,glioma,0,train,a5f30c2c7a7e46df6dd288c3cfff8fd17ee9e6fd3bc30a3ffa9faa15a107dd87,512,512,1.0,JPEG,RGB,Training
data/Training/glioma/Tr-gl_1288.jpg,glioma,0,train,2078c2b55a34343dfafd81b0aa4ba081485aa7923543a282e167cfeb35da2f79,512,512,1.0,JPEG,L,Training
data/Training/glioma/Tr-gl_1289.jpg,glioma,0,train,9d634febc9269967c92906c1fde56f5c0f0bba17f0e2a4b2161e3d99f85fc05d,512,512,1.0,JPEG,L,Training
data/Training/glioma/Tr-gl_129.jpg,glioma,0,train,42360ef004a7a5f39c706835531ccdaf7130976128da56bc31a7c0fa1324745d,512,512,1.0,JPEG,RGB,Training
data/Training/glioma/Tr-gl_1291.jpg,glioma,0,train,1a319018136866b763c2aca883a7973f7d4090bf7ae003b7179dff4d522fb7f6,512,512,1.0,JPEG,L,Training
data/Training/glioma/Tr-gl_1292.jpg,glioma,0,train,86b5a67a7e2d11e2afae7c9167415ac5f4b2fe6def053c1c65b066aa66ac08f0,512,512,1.0,JPEG,L,Training
data/Training/glioma/Tr-gl_1293.jpg,glioma,0,train,6deabfc97122057da90eba1f0717baa77c00ecb02171469ba1a6f74aaa3f7833,512,512,1.0,JPEG,L,Training
data/Training/glioma/Tr-gl_1294.jpg,glioma,0,train,d5041f45040e427d48c165c6d3752013cb88165d755717d534f8ccf73b01bfc1,512,512,1.0,JPEG,L,Training
data/Training/glioma/Tr-gl_1295.jpg,glioma,0,train,c06b652947b45dc6cd76d63d667509db4d23bfec082505c1615b54e3696c2d85,512,512,1.0,JPEG,L,Training
data/Training/glioma/Tr-gl_1296.jpg,glioma,0,train,af57734c98fcc1013dce54230ff8ca9d0da6a3a1ecf4376b328990f4fb6a0ffc,512,512,1.0,JPEG,L,Training
data/Training/glioma/Tr-gl_1297.jpg,glioma,0,train,768fd3b14432ffaca7f73eb869dfc9b4b45ef9f6b1119973280c3d32dc3c2f91,512,512,1.0,JPEG,RGB,Training
data/Training/glioma/Tr-gl_1298.jpg,glioma,0,train,c6b8243adfa70ba60112e374c818131872e72261e26eec9970e1657d018bcf9f,512,512,1.0,JPEG,L,Training
data/Training/glioma/Tr-gl_13.jpg,glioma,0,train,45f64be0741197021649b1bbf374bcb993b2c26a78403a0766271fc9563ae72a,512,512,1.0,JPEG,L,Training
data/Training/glioma/Tr-gl_130.jpg,glioma,0,train,73b2e5f00ff9a5bb20bb78d1ff5c61b94be51ea769d52f611bc98f7b20e9be5e,512,512,1.0,JPEG,L,Training
data/Training/glioma/Tr-gl_1300.jpg,glioma,0,train,66afbcf4957cbe8d2a9fd7d316869f4b35807d6599194d19bf48bab538d26104,512,512,1.0,JPEG,RGB,Training
data/Training/glioma/Tr-gl_1301.jpg,glioma,0,train,3fddef0536a0bf4ee63b698718d5c1cb24f257b1573ca4a4d5d22a0c803381d8,512,512,1.0,JPEG,L,Training
data/Training/glioma/Tr-gl_1302.jpg,glioma,0,train,56bc6a6828e5fab316bee507181fc304f81041fb469d93abde6d885dfa81e122,512,512,1.0,JPEG,RGB,Training
data/Training/glioma/Tr-gl_1303.jpg,glioma,0,train,b0398c96679d90d9d236e6d5ffbe1ef0eaea081407db639f59f892e6fecf1b6f,512,512,1.0,JPEG,L,Training
data/Training/glioma/Tr-gl_1304.jpg,glioma,0,train,73f55e396e48d93dbe7c5ddb910a906689d11a76ccf85d5e5a1fd27d7db9834c,512,512,1.0,JPEG,L,Training
data/Training/glioma/Tr-gl_1305.jpg,glioma,0,train,ecb06ddf27fce040289675c7b62c0f73d6f84627c2bb7ee7f3b7ab047ddf7ec8,512,512,1.0,JPEG,RGB,Training
data/Training/glioma/Tr-gl_1306.jpg,glioma,0,train,8acaac73b64baca88052229561da957ac62841e8354cf8288d57ec659d026c50,512,512,1.0,JPEG,L,Training
data/Training/glioma/Tr-gl_1308.jpg,glioma,0,train,cb74776446ac6879acddee704e3d5b5a9fd915841686f9a450741183ca5f503d,512,512,1.0,JPEG,L,Training
data/Training/glioma/Tr-gl_131.jpg,glioma,0,train,2d6a50274fe134c523b37ff14802c2be30b3ec7f507f321014b3fe46f7463d13,512,512,1.0,JPEG,L,Training
data/Training/glioma/Tr-gl_1311.jpg,glioma,0,train,e3d804ef3c85f49cdfa14d97e6f557fa710eba460a885e205a455bba198b9cc0,512,512,1.0,JPEG,L,Training
data/Training/glioma/Tr-gl_1312.jpg,glioma,0,train,35f040635827f6e6a1450258e5859688f77daeda90f8fc8e8ceb02815faaaaa7,512,512,1.0,JPEG,L,Training
data/Training/glioma/Tr-gl_1314.jpg,glioma,0,train,0e3e0e680a1fd821696339bb9ae0408106fe242b01a729287946b8f8cebc370e,512,512,1.0,JPEG,RGB,Training
data/Training/glioma/Tr-gl_1315.jpg,glioma,0,train,e0940103dc031fdcce5061601791c2a05a7063152c5f084e3ff5d08eb1c7ea73,512,512,1.0,JPEG,RGB,Training
data/Training/glioma/Tr-gl_1317.jpg,glioma,0,train,3bb68ca37d7d3ecec3bb7610388047f7b8efd306cc790a407a3f73121a0ee88a,512,512,1.0,JPEG,L,Training
data/Training/glioma/Tr-gl_1318.jpg,glioma,0,train,2710d98e7af310dbc8ab1207b01b6aff3919f578189ba39a9a789f66a964fea9,512,512,1.0,JPEG,L,Training
data/Training/glioma/Tr-gl_1319.jpg,glioma,0,train,2b8e55e278fe77c90f1002e082392ee8e59a579e885577dad6af0e12d47d350a,512,512,1.0,JPEG,L,Training
data/Training/glioma/Tr-gl_132.jpg,glioma,0,train,10f81b3ae7a77d3c89c2aee8d5d5cdbfee3b7cfcac2f3fc5804d1bce2c874865,512,512,1.0,JPEG,L,Training
data/Training/glioma/Tr-gl_1320.jpg,glioma,0,train,12297ef717710652eea69d5a8babf411bc82840716e7e744370e0ecfb1cd2d47,512,512,1.0,JPEG,L,Training
data/Training/glioma/Tr-gl_1321.jpg,glioma,0,train,6f06e6e6fc8ff94602611f98465373a88411f221c69f60d486cb37f4c4c8fc80,512,512,1.0,JPEG,L,Training
data/Training/glioma/Tr-gl_1322.jpg,glioma,0,train,6808955410ad9e26bde052bb40f05fa18b7331f216a53ece0f6c70ad531907b5,512,512,1.0,JPEG,L,Training
data/Training/glioma/Tr-gl_1323.jpg,glioma,0,train,5b242b3919bf0b290ca984910e7bb46a1622c30829524c66606d891a4c7c7d41,512,512,1.0,JPEG,RGB,Training
data/Training/glioma/Tr-gl_1324.jpg,glioma,0,train,8a04451e434dbb622d64a7f1bea37cd9fb974d81cf0ec4e0f9678979de092bf6,512,512,1.0,JPEG,RGB,Training
data/Training/glioma/Tr-gl_1328.jpg,glioma,0,train,6c39dae69bad1b99d046587c6a2c9f580ee695f5b1e45efb5eb8044ace32703a,512,512,1.0,JPEG,L,Training
data/Training/glioma/Tr-gl_1329.jpg,glioma,0,train,eff7799f7477a1e55c5bd81206abd8f0a93f8b790494dd7726a6a28e15854732,512,512,1.0,JPEG,L,Training
data/Training/glioma/Tr-gl_133.jpg,glioma,0,train,2cbd670f7c8e463b20e0090a62edf310764e5a81bd1f9b9bb46cb28bf71b01e0,512,512,1.0,JPEG,RGB,Training
data/Training/glioma/Tr-gl_1330.jpg,glioma,0,train,3d995e008d94f789453ba2ab31f7e5cfd84922cc7de132adc2772f2b5106abf0,512,512,1.0,JPEG,L,Training
data/Training/glioma/Tr-gl_1333.jpg,glioma,0,train,f061e009880779b6d74cfa5347bd02a0e5bf7dc14979245bf6c621bb461564b1,512,512,1.0,JPEG,L,Training
data/Training/glioma/Tr-gl_1334.jpg,glioma,0,train,b792ab7ba73eacfbb4a9e8d1e22d0f37ef228a85979fe75007d6296bd849fe0f,512,512,1.0,JPEG,L,Training
data/Training/glioma/Tr-gl_1335.jpg,glioma,0,train,d0cc980a5c7cb34c69568c6fab96daec63a8c239e3e65a097f4a2a96cc35c729,512,512,1.0,JPEG,L,Training
data/Training/glioma/Tr-gl_1336.jpg,glioma,0,train,c929e71dd8471d943498a0a00b83c5477cd31b14a209188d511d74b3cd01feaa,512,512,1.0,JPEG,L,Training
data/Training/glioma/Tr-gl_1337.jpg,glioma,0,train,3e79be6aeb685316b97a9deabac2610dbf0013d34e1a84bb6bc7e26e5bf02290,512,512,1.0,JPEG,L,Training
data/Training/glioma/Tr-gl_1338.jpg,glioma,0,train,82779de0bdec77b419e76b2a07f8f32fa773d50fa2b1912e606043c4c66ed57e,512,512,1.0,JPEG,L,Training
data/Training/glioma/Tr-gl_134.jpg,glioma,0,train,af43effa4eb4c3a73c8df6f34560ed5836122787c315392bd82ab1124b1b6c12,512,512,1.0,JPEG,RGB,Training
data/Training/glioma/Tr-gl_1340.jpg,glioma,0,train,3a69bae39dc83955a49c9b79648721f8e17b986b60d551bf6ce47d72ff97398f,512,512,1.0,JPEG,L,Training
data/Training/glioma/Tr-gl_1341.jpg,glioma,0,train,cfd6448821314fb52224ad8dcda248b75f511f3193a41a72d5d5aca96040d2f6,512,512,1.0,JPEG,L,Training
data/Training/glioma/Tr-gl_1342.jpg,glioma,0,train,7d821bff3a5123a604af43031895de53db2c567d963970ac7a8e422e4f1edc6a,512,512,1.0,JPEG,RGB,Training
data/Training/glioma/Tr-gl_1343.jpg,glioma,0,train,fcf6153bd7a0d6b0382bed7bf3075bb599d4853d72968c00313335a1a0c39541,512,512,1.0,JPEG,L,Training
data/Training/glioma/Tr-gl_1344.jpg,glioma,0,train,9113c68b2bca13e7bd63beca162a1554d9fe1e6c28f961e2eef1b6ea4d2dbf85,512,512,1.0,JPEG,RGB,Training
data/Training/glioma/Tr-gl_1345.jpg,glioma,0,train,89b88876c5174cbfd75d34db2a14c54cc0983a8c5d1b94e065317bd3c8cc3905,512,512,1.0,JPEG,RGB,Training
data/Training/glioma/Tr-gl_1347.jpg,glioma,0,train,39a4ed850f7a81d23db3da70c80138f63ca692c7731a154f3589a4ceaddeb9ac,512,512,1.0,JPEG,L,Training
data/Training/glioma/Tr-gl_1348.jpg,glioma,0,train,55a9882514d040f4a9a4e2ec1b1935b2c55ebde24375184bc86ce9069c0db33d,512,512,1.0,JPEG,RGB,Training
data/Training/glioma/Tr-gl_1349.jpg,glioma,0,train,c7e6a7392a1854e557eb8890e7ac9da48e3ebc4e15406d05c04fb9888ca20727,512,512,1.0,JPEG,L,Training
data/Training/glioma/Tr-gl_135.jpg,glioma,0,train,fea485a25dae8e0e4e79759c2cdb90fc240aa33b76e5172b46f1b6b390f05c83,512,512,1.0,JPEG,L,Training
data/Training/glioma/Tr-gl_1350.jpg,glioma,0,train,3eb98d48eb2c1a44447d3297069e5e51d31cbc4ad9e0e886a76eb32eae64555b,512,512,1.0,JPEG,RGB,Training
data/Training/glioma/Tr-gl_1352.jpg,glioma,0,train,b44c5d640c7e737f82324ed43cd625e4b86228007d2f20413e4773125bd4ee1e,512,512,1.0,JPEG,L,Training
data/Training/glioma/Tr-gl_1355.jpg,glioma,0,train,9aa24fd0e7549f1a9d663faac1248dcf0a0aac32e413d712d27b3e9fb42c9cfe,512,512,1.0,JPEG,L,Training
data/Training/glioma/Tr-gl_1356.jpg,glioma,0,train,9605b1e05f69d6d515979a1765b25d89c131b49f4b5171777e141500298f11a4,512,512,1.0,JPEG,L,Training
data/Training/glioma/Tr-gl_1358.jpg,glioma,0,train,36578bb3d2412ee057f34cf2787788cfa01861d0d89005f8ce6ca8dea4d97df6,512,512,1.0,JPEG,L,Training
data/Training/glioma/Tr-gl_1359.jpg,glioma,0,train,7e1cddda34521b7bc096903714c384ee60a462c566498ec730fce76cec888eca,512,512,1.0,JPEG,L,Training
data/Training/glioma/Tr-gl_136.jpg,glioma,0,train,1446ace13f9b437b044ffc6eaca9b5bde3c39d4e1259cc3109fa09dc3f61e1fe,512,512,1.0,JPEG,L,Training
data/Training/glioma/Tr-gl_1360.jpg,glioma,0,train,c7dd83c29e8f0e0353edbe359d75370548703809304b2f8fe072d194122f6487,512,512,1.0,JPEG,L,Training
data/Training/glioma/Tr-gl_1361.jpg,glioma,0,train,a01bae5da02d5a84a1495ea91fb5c4b5201affb2599bdd2847bb9321593562d3,512,512,1.0,JPEG,L,Training
data/Training/glioma/Tr-gl_1363.jpg,glioma,0,train,9d8c45b89086a245d28fa5825180a772c84695714d3a7f30742fdf9017b840cd,512,512,1.0,JPEG,L,Training
data/Training/glioma/Tr-gl_1364.jpg,glioma,0,train,b7998edfef8ab1dab6165ad23cb02385c10ee33ec66df5ab1c26aa0a3b5931af,512,512,1.0,JPEG,L,Training
data/Training/glioma/Tr-gl_1365.jpg,glioma,0,train,77e53c4276a2413bb02509cd0d80d07e1c63584ac30c616ce3b6c723c2483fcc,512,512,1.0,JPEG,L,Training
data/Training/glioma/Tr-gl_1366.jpg,glioma,0,train,6d8922e7c49f4410a9ff50d24681477f12206830fabf5494fbd93c0285f06038,512,512,1.0,JPEG,RGB,Training
data/Training/glioma/Tr-gl_1367.jpg,glioma,0,train,c73c84ce9cda46322586dfbab35f730a38a752b0f4206456f9be5be2d21dce75,512,512,1.0,JPEG,RGB,Training
data/Training/glioma/Tr-gl_1368.jpg,glioma,0,train,8755e9ad05ccc6f50b47225a03e558d2fcef39694a570a716b2407ba07ffb0b9,512,512,1.0,JPEG,L,Training
data/Training/glioma/Tr-gl_1369.jpg,glioma,0,train,705a735b00546d97b51a474f7e0374c6bae1cb5dd4dc3b67c07ee58bf88f27f6,512,512,1.0,JPEG,RGB,Training
data/Training/glioma/Tr-gl_1370.jpg,glioma,0,train,031868585b7ecaa46644e6530bc75080f670e755932e932c4c0a59be06e24fc5,512,512,1.0,JPEG,L,Training
data/Training/glioma/Tr-gl_1371.jpg,glioma,0,train,369d27f480796e2ff66f1c09c103fb157fc6d52e5e7d3b79cb8a2ec802b6c481,512,512,1.0,JPEG,L,Training
data/Training/glioma/Tr-gl_1372.jpg,glioma,0,train,139c611bd8c3c40732c307b0c5c2de2ab739f7a03706310d40ec5b579abcbea0,512,512,1.0,JPEG,L,Training
data/Training/glioma/Tr-gl_1373.jpg,glioma,0,train,442178c4479be7483d48618e0ee128c9574e74066da2ea7afc6bd2ee4557478e,512,512,1.0,JPEG,L,Training
data/Training/glioma/Tr-gl_1377.jpg,glioma,0,train,ad659c730d9759bad8da8e8779912b3c98a90187c606a278e0b5aad468afbb59,512,512,1.0,JPEG,L,Training
data/Training/glioma/Tr-gl_1379.jpg,glioma,0,train,dd38a91e103a062ca9d53c6b6323475e956b7f1e8815b75f258b0f895eb62b28,512,512,1.0,JPEG,L,Training
data/Training/glioma/Tr-gl_1380.jpg,glioma,0,train,2e1162395ad9c02476ef6d0ee8c1260784a3e4e15dc2ec59663b41b166daac89,512,512,1.0,JPEG,RGB,Training
data/Training/glioma/Tr-gl_1381.jpg,glioma,0,train,a75d9166a2351dd911d57bf311cab05115fc8393d995e69385be8f5cdee49c03,512,512,1.0,JPEG,L,Training
data/Training/glioma/Tr-gl_1382.jpg,glioma,0,train,b79da920022cf71ed15898fa884d3ee07ccb15f7e27d73201f09eb8756f44eda,512,512,1.0,JPEG,L,Training
data/Training/glioma/Tr-gl_1383.jpg,glioma,0,train,8111b7a78d3d0d1b8284b1e7380420438822f2ee60e8b0f57f0b9cdf27c843d1,512,512,1.0,JPEG,RGB,Training
data/Training/glioma/Tr-gl_1384.jpg,glioma,0,train,e5f2976e93896bdc7142ec2788e031c8c7577af2c0d0af44e194218d5c3cd853,512,512,1.0,JPEG,L,Training
data/Training/glioma/Tr-gl_1385.jpg,glioma,0,train,51b39df99b2df52a09ccf74daddb4fa558ae8c9802e016aec7c09269f6b15d09,512,512,1.0,JPEG,L,Training
data/Training/glioma/Tr-gl_1386.jpg,glioma,0,train,57a0c6fe62c42901b0cc8be421b6c3ed7ed2c28b9261a86d25d125432f3356f6,512,512,1.0,JPEG,L,Training
data/Training/glioma/Tr-gl_1387.jpg,glioma,0,train,a9f0731233edbf8a9406ad6c67f8b41ac3171a74c2b14be616dca712c7af8a9c,512,512,1.0,JPEG,L,Training
data/Training/glioma/Tr-gl_1388.jpg,glioma,0,train,cd81c7df4e67918e7d1b60c489444bb9b4db092006717fd72689cbb4aef4770f,512,512,1.0,JPEG,L,Training
data/Training/glioma/Tr-gl_139.jpg,glioma,0,train,4e5dbcec3df50832b28e8ff6cc3793af803fc1a2d64335512056fadf3ccdbeda,512,512,1.0,JPEG,L,Training
data/Training/glioma/Tr-gl_1390.jpg,glioma,0,train,95adb0913f71741e90c4ea21f78654fcfde5456319ceeed09549176a4d8d5396,512,512,1.0,JPEG,L,Training
data/Training/glioma/Tr-gl_1391.jpg,glioma,0,train,044c1e76d44b31265a20fb67cc197df13e60abf9e94e66bbfa7eeafcc2206791,512,512,1.0,JPEG,L,Training
data/Training/glioma/Tr-gl_1392.jpg,glioma,0,train,e836da78b08502c013d0a6d4deb5db249022ccccfe85cda91c08c8b1d0635280,512,512,1.0,JPEG,L,Training
data/Training/glioma/Tr-gl_1393.jpg,glioma,0,train,9addb67e1217328fc38007649f8f8d2d7bdfba11faa29b16dee27a97342bd27b,512,512,1.0,JPEG,L,Training
data/Training/glioma/Tr-gl_1394.jpg,glioma,0,train,6efb10213f3b92522f2f049398ccd977b572a833524be21a13f267078d884f21,512,512,1.0,JPEG,L,Training
data/Training/glioma/Tr-gl_1397.jpg,glioma,0,train,ae1e918af2a3efaf471374e0867f0b597e79bbdece28dbbe3704df90356df01f,512,512,1.0,JPEG,L,Training
data/Training/glioma/Tr-gl_1398.jpg,glioma,0,train,8bf8df3c1e6225010bc7cc8f0010e420998587507c07e4c17660b563dba59146,512,512,1.0,JPEG,L,Training
data/Training/glioma/Tr-gl_1399.jpg,glioma,0,train,0c50add9cab21b998dd4be49884762828fb8824a8936a8295e69355d66443b49,512,512,1.0,JPEG,L,Training
data/Training/glioma/Tr-gl_14.jpg,glioma,0,train,d7746b268bbacc7887e8c9f71c8d133af378fd571d9166576176664fc3fca239,512,512,1.0,JPEG,L,Training
data/Training/glioma/Tr-gl_140.jpg,glioma,0,train,47bf3aec936ad889164a737f88040557df0879d7ca4bcaa3893ca6806549e48e,512,512,1.0,JPEG,L,Training
data/Training/glioma/Tr-gl_1400.jpg,glioma,0,train,ca0d85eec3547de6a6ebd1c6e18372a5585a8c811505ff7f37f09a9778fa3fee,512,512,1.0,JPEG,L,Training
data/Training/glioma/Tr-gl_145.jpg,glioma,0,train,929bf1c2a6f7e0bcd9d73273642b06fc1b4c6a53e99129e5bcd502f030af466f,512,512,1.0,JPEG,L,Training
data/Training/glioma/Tr-gl_147.jpg,glioma,0,train,a99897864c7824a31c7e5d1164364cf331931475d2e8ef2181f041a82550d8cd,512,512,1.0,JPEG,L,Training
data/Training/glioma/Tr-gl_148.jpg,glioma,0,train,931ed855d7f09bc7b5233f79302015c91b6d55ae438ba32b0704e109e0afb403,512,512,1.0,JPEG,L,Training
data/Training/glioma/Tr-gl_150.jpg,glioma,0,train,79ca66892639a9e6c954b959391436ca2eee9f285006a2e5f5335bce99523ae0,512,512,1.0,JPEG,L,Training
data/Training/glioma/Tr-gl_152.jpg,glioma,0,train,956f2b635085c0e95ae9616624eb31414f615b7d186781caf5af34e0976ae005,512,512,1.0,JPEG,L,Training
data/Training/glioma/Tr-gl_155.jpg,glioma,0,train,b530ab007cdb10fe9e215033be0ab757bd982dba9820916ffc48edea5e150f75,512,512,1.0,JPEG,L,Training
data/Training/glioma/Tr-gl_157.jpg,glioma,0,train,26af753b928aa37fb7f9847c874629613ad2158a0716ab21f533e397f966a087,512,512,1.0,JPEG,L,Training
data/Training/glioma/Tr-gl_158.jpg,glioma,0,train,d8c95b8fea601d036957bd9a90d9239d3702fd6b8e1f4d13fd1e0afb71002a13,512,512,1.0,JPEG,L,Training
data/Training/glioma/Tr-gl_159.jpg,glioma,0,train,92c06a2152dda6f88f1e8a8a9f81410b7c35a73b4518a8418e60873804e502db,512,512,1.0,JPEG,L,Training
data/Training/glioma/Tr-gl_16.jpg,glioma,0,train,46664819cb7f7ef84382f3c2b59a935927991c24ed66bafb2fc4d36f96797d50,512,512,1.0,JPEG,L,Training
data/Training/glioma/Tr-gl_161.jpg,glioma,0,train,3da66f2d6939224fcd727cb4fa62d33e932c46897444285e5cc3f8c1af85615e,512,512,1.0,JPEG,RGB,Training
data/Training/glioma/Tr-gl_165.jpg,glioma,0,train,3b49b9d631f48b982754c4f55731044f20ba08eb2e06c0c704027d10e1040c3d,512,512,1.0,JPEG,L,Training
data/Training/glioma/Tr-gl_166.jpg,glioma,0,train,d7991bf35fa3f79d662d4509b362c5a6bb957e138c485af059eaf151508f18cb,512,512,1.0,JPEG,L,Training
data/Training/glioma/Tr-gl_167.jpg,glioma,0,train,e8065a1e2c7d357b796cea8b36782257883a4a04541d5261c6c995b1c4533be5,512,512,1.0,JPEG,L,Training
data/Training/glioma/Tr-gl_169.jpg,glioma,0,train,c4197ef4e748d067793149d26bcc2b6a5e5e002732c040011a45955ef81c068f,512,512,1.0,JPEG,L,Training
data/Training/glioma/Tr-gl_17.jpg,glioma,0,train,6a19d1282fabbcd2bd5907d0160171b4afedcfe46cb81e306ffeb050a4eb27ca,512,512,1.0,JPEG,L,Training
data/Training/glioma/Tr-gl_170.jpg,glioma,0,train,cd62997215fe1d721a15b7f717ba8ae5eef59536ebbe26cfd4474d7c7f857f37,512,512,1.0,JPEG,RGB,Training
data/Training/glioma/Tr-gl_171.jpg,glioma,0,train,df682198502dc43f6686d5406b3543f03d57570ad39297864a8403821e6c10ea,512,512,1.0,JPEG,L,Training
data/Training/glioma/Tr-gl_172.jpg,glioma,0,train,61e2db962907dc6b65fd543ee9750089971458dbea865615c5514e5ca4d090a4,512,512,1.0,JPEG,RGB,Training
data/Training/glioma/Tr-gl_173.jpg,glioma,0,train,896881fb8d4d9dcd2d9c9fc89d99c8c38952bdb1e6b8a972ef1931f2fc64d41f,512,512,1.0,JPEG,L,Training
data/Training/glioma/Tr-gl_175.jpg,glioma,0,train,fe853d383dbb958487c863263a4f564778305948e6e21dde1ade81bc59867202,512,512,1.0,JPEG,L,Training
data/Training/glioma/Tr-gl_177.jpg,glioma,0,train,22016e9ef61a89e928f73c436dabf79294dfce7766bbd254af5e23fb4809fedd,512,512,1.0,JPEG,RGB,Training
data/Training/glioma/Tr-gl_180.jpg,glioma,0,train,e288116c651624ce2fee9099e437446371643f46acd0bb369ba3ad397bfea3e7,512,512,1.0,JPEG,L,Training
data/Training/glioma/Tr-gl_181.jpg,glioma,0,train,b18f879aa1f7c30d83eb376e06e0cde231c2b774c37a22acfea5d527251a9a9e,512,512,1.0,JPEG,RGB,Training
data/Training/glioma/Tr-gl_183.jpg,glioma,0,train,4789e0c09a2913a81bd3449c999e7cb093767bb52f2b8860b617f41c7cbd15e8,512,512,1.0,JPEG,L,Training
data/Training/glioma/Tr-gl_184.jpg,glioma,0,train,74a5a22e64f2fa079001866a5d0e8d6ea27147619fa2fd82ef823db9c1b9083c,512,512,1.0,JPEG,L,Training
data/Training/glioma/Tr-gl_185.jpg,glioma,0,train,b7f2677b2283d1b4acf8b7bd240ef851c1a9409f1608228836de50875ff0c53c,512,512,1.0,JPEG,RGB,Training
data/Training/glioma/Tr-gl_186.jpg,glioma,0,train,ea96faf03324c61ec9f2ddd4172b4e39b3fb4e00f481dc94d61a5a503f9ccfab,512,512,1.0,JPEG,L,Training
data/Training/glioma/Tr-gl_187.jpg,glioma,0,train,fa203969bc421e8b5109e905d5e3df67ed1fca87ac5f155d7a87f98b75a57054,512,512,1.0,JPEG,L,Training
data/Training/glioma/Tr-gl_188.jpg,glioma,0,train,6220275ac335b5c2f117ff5a6117e4df994420075ae25bea9deed22720c72d3b,512,512,1.0,JPEG,L,Training
data/Training/glioma/Tr-gl_189.jpg,glioma,0,train,adf9d08b2cc26d935aeb08b88faca0a0e10a9cec6dd89a92445201681bef60e0,512,512,1.0,JPEG,RGB,Training
data/Training/glioma/Tr-gl_19.jpg,glioma,0,train,35b3eb62a6c5a4bc77887bcaa70c8ec8aeab8f83ba76cf30889f72dd161cc58a,512,512,1.0,JPEG,RGB,Training
data/Training/glioma/Tr-gl_190.jpg,glioma,0,train,e54ae76ea9506757dfdc94f7114b0ec5c65d57808083b052370bab46a2ce40fe,512,512,1.0,JPEG,L,Training
data/Training/glioma/Tr-gl_191.jpg,glioma,0,train,dab36e44e9e9328d7915176fa06945ea6a57675809336e652f8215cc6c8a0a49,512,512,1.0,JPEG,L,Training
data/Training/glioma/Tr-gl_194.jpg,glioma,0,train,9e0072cdd8d27d7551caf4b08288557851156f21c652da2d1c1a2218e638e13a,512,512,1.0,JPEG,RGB,Training
data/Training/glioma/Tr-gl_195.jpg,glioma,0,train,ce0cd02bc13ddea924806b247a5e3f6858005b7f474cca57ff5413eaef734e46,512,512,1.0,JPEG,L,Training
data/Training/glioma/Tr-gl_196.jpg,glioma,0,train,d77e7bfa0e24bb8ea63352784e8cbc55c3028545a330163ee31333990032d685,512,512,1.0,JPEG,L,Training
data/Training/glioma/Tr-gl_197.jpg,glioma,0,train,1a533d5de89b525e9f6c1cf10a28c10d518bd32508023a40d4312033d08ecae7,512,512,1.0,JPEG,L,Training
data/Training/glioma/Tr-gl_198.jpg,glioma,0,train,6dab5ceab743e32d786a86bdb7d74036c91826646961eb671464fff772626dc1,512,512,1.0,JPEG,L,Training
data/Training/glioma/Tr-gl_199.jpg,glioma,0,train,54741b9ce678b6a70724f0382bc42932dbeb97eabebd41cc67de9d05772e2565,512,512,1.0,JPEG,L,Training
data/Training/glioma/Tr-gl_20.jpg,glioma,0,train,8ce5f2bbf34b346ee769316a105879075258fe18cb9ba73eea913db9f5f288bb,512,512,1.0,JPEG,L,Training
data/Training/glioma/Tr-gl_200.jpg,glioma,0,train,2c84241e8141f22f6dc6d609a4b4fcab7118c786b8a125f481c2fc9184466946,512,512,1.0,JPEG,L,Training
data/Training/glioma/Tr-gl_201.jpg,glioma,0,train,30a7706891842239cae8d0f3bf0ad8732eec0052d7a03a2ebfe9a82f26bcb903,512,512,1.0,JPEG,L,Training
data/Training/glioma/Tr-gl_204.jpg,glioma,0,train,8de2f76cc1819ed7d1e5da68bc003b8c97abe28f988e927bf1ac091fa32ef6bc,512,512,1.0,JPEG,L,Training
data/Training/glioma/Tr-gl_206.jpg,glioma,0,train,555fa68d4d92bd8b5ff48c3812cad613daa4fbc6b89762be2342b106a3a4309e,512,512,1.0,JPEG,L,Training
data/Training/glioma/Tr-gl_207.jpg,glioma,0,train,8120a0b33bda1a8a653c17f9c78bc5c8ccb89e252d0d44a989887803f185371f,512,512,1.0,JPEG,L,Training
data/Training/glioma/Tr-gl_209.jpg,glioma,0,train,6fc8b3f1d3b8d09a3c66cf9f5aa65017191ebd7a364423666c5fb446b8ac8ee7,512,512,1.0,JPEG,L,Training
data/Training/glioma/Tr-gl_21.jpg,glioma,0,train,0791e3687e69d25493e9c52388e2344ac4558a21224e4aa69c85c12b79ebc656,512,512,1.0,JPEG,L,Training
data/Training/glioma/Tr-gl_210.jpg,glioma,0,train,bb8e17713f7e2b2cb8c94736c098a95baa6ba81e30decb51a241882b52dbbca3,512,512,1.0,JPEG,L,Training
data/Training/glioma/Tr-gl_214.jpg,glioma,0,train,6320ad612acbc0160cbade0ec971f804a6376d1c6628564c968b02ac07109201,512,512,1.0,JPEG,L,Training
data/Training/glioma/Tr-gl_215.jpg,glioma,0,train,85c35725c2c0d98810242b4dc54f4c67131039098f9e882d9cb1ce35e9a79f8e,512,512,1.0,JPEG,L,Training
data/Training/glioma/Tr-gl_216.jpg,glioma,0,train,f0b701c16896a10c3269e23bc33403a035be9ddfab04dce8501d90d041987e05,512,512,1.0,JPEG,L,Training
data/Training/glioma/Tr-gl_218.jpg,glioma,0,train,abbc102e1faaa380759c250d06fc51fc7df7dbefef4dea9ba6ddfe56e0d1789a,512,512,1.0,JPEG,L,Training
data/Training/glioma/Tr-gl_219.jpg,glioma,0,train,2a2bd8c1d8d69a8d4e70e3d5a0c2b33313945839afcdb37b89ef3611ca824383,512,512,1.0,JPEG,L,Training
data/Training/glioma/Tr-gl_22.jpg,glioma,0,train,fc5ee808291bcd1a5ade5284e3c872a2e6eac10896d17897b768d03d86d415dd,512,512,1.0,JPEG,L,Training
data/Training/glioma/Tr-gl_220.jpg,glioma,0,train,a630009f0e8381ea546f8c0934217a6891e0d6260f5a02a2f3f5dcaed023110a,512,512,1.0,JPEG,RGB,Training
data/Training/glioma/Tr-gl_222.jpg,glioma,0,train,1865192ed20a7fb389a28d5c1eea6461c157cf4862f9314337250c3fd0d9df11,512,512,1.0,JPEG,L,Training
data/Training/glioma/Tr-gl_223.jpg,glioma,0,train,45ce0e6523ed01a9cd7c7c8d9b85f71822f7546c2eec4815ed0f7cc6e116b47f,512,512,1.0,JPEG,L,Training
data/Training/glioma/Tr-gl_224.jpg,glioma,0,train,a3784c695d5d2378499a1ca5d66117155ba5ab85c8e0b5b3108baa221b56e621,512,512,1.0,JPEG,L,Training
data/Training/glioma/Tr-gl_226.jpg,glioma,0,train,30ceea2636cdd8836c55931d21386fe6069bc4bf3298f6d10bfffb663a653f7b,512,512,1.0,JPEG,L,Training
data/Training/glioma/Tr-gl_227.jpg,glioma,0,train,3f39074ac19431252e76103daa8001d85e4f600df8117909a03ad508bd9916cc,512,512,1.0,JPEG,L,Training
data/Training/glioma/Tr-gl_228.jpg,glioma,0,train,cc87c82c07ae4e2654a628d0a3f9d47f07a5742b090e1a7445f65ee1d3bb0280,512,512,1.0,JPEG,L,Training
data/Training/glioma/Tr-gl_229.jpg,glioma,0,train,71d55062a5bbcbd810c2cd36adc9ad72260fc0e92db7fc3ec86757604f2e6be8,512,512,1.0,JPEG,L,Training
data/Training/glioma/Tr-gl_23.jpg,glioma,0,train,0d2c6eb3970c6c7834e048b8fafe6425d35073e6c1655e1d010399f05d214425,512,512,1.0,JPEG,L,Training
data/Training/glioma/Tr-gl_230.jpg,glioma,0,train,816d838f5561ceeb949d2396ba51ae3bce1e717a859714310d48351e99856c47,512,512,1.0,JPEG,L,Training
data/Training/glioma/Tr-gl_231.jpg,glioma,0,train,90606fde02e332acae386326b714161f3079f0c3d2841237f6a3db88847e28f2,512,512,1.0,JPEG,L,Training
data/Training/glioma/Tr-gl_234.jpg,glioma,0,train,8d5fc875397405860d31ce0abad21df727610ad60f5004a23adeb8d685f41edc,512,512,1.0,JPEG,L,Training
data/Training/glioma/Tr-gl_235.jpg,glioma,0,train,4db5be78474947fd1851b8d11ee51e6fc8d0a5009f3b7e94c03b9683cbc050ac,512,512,1.0,JPEG,L,Training
data/Training/glioma/Tr-gl_236.jpg,glioma,0,train,b067e7eeb41544df36e91423c0df4d4f084b8efe359a4f6efeaa6b351f25f4b7,512,512,1.0,JPEG,L,Training
data/Training/glioma/Tr-gl_237.jpg,glioma,0,train,25fa72edb0c97bf6d1ff30d65ed27b1c2a918bcadf7e89ac46b4c4139b9b5f09,512,512,1.0,JPEG,L,Training
data/Training/glioma/Tr-gl_238.jpg,glioma,0,train,ac406be6bae6486ed229fe340891a11024186131a11ab516236c506de3f1819a,512,512,1.0,JPEG,L,Training
data/Training/glioma/Tr-gl_24.jpg,glioma,0,train,c7355667ab4a39447feb6098eb4262e1e1059ce7d1594dea599d9c166d7c2c77,512,512,1.0,JPEG,RGB,Training
data/Training/glioma/Tr-gl_241.jpg,glioma,0,train,9f4c5fa1c308764c229009e5d23df6cb8c7cbe0c68676d41dd45a633f5b05864,512,512,1.0,JPEG,L,Training
data/Training/glioma/Tr-gl_242.jpg,glioma,0,train,d535ee7a16998817db54b32dcdb7ecf3da97a4a9cc1cd1a4b754835c7c089a1d,512,512,1.0,JPEG,L,Training
data/Training/glioma/Tr-gl_246.jpg,glioma,0,train,d98afd8c2d21df24b4c7994103975b58ee9c50d04e7498a718e88be06f162a46,512,512,1.0,JPEG,L,Training
data/Training/glioma/Tr-gl_248.jpg,glioma,0,train,abd739b1705d79b6560666002904bea076276c091c16b0f1c6d8ccea7b8f86b8,512,512,1.0,JPEG,L,Training
data/Training/glioma/Tr-gl_249.jpg,glioma,0,train,a906d8e08de29b2815601476e4fac18d341a4e0cddcb343236880d74d30af986,512,512,1.0,JPEG,L,Training
data/Training/glioma/Tr-gl_25.jpg,glioma,0,train,07f4b58e1a6190766c17490a761b08d886f40075b2f3812ef6c475a0d984d2ff,512,512,1.0,JPEG,L,Training
data/Training/glioma/Tr-gl_251.jpg,glioma,0,train,f1e53772a0371aa1c0a98de8953a65e07a58c01fc5c999f21d0d72228e50b7e8,512,512,1.0,JPEG,L,Training
data/Training/glioma/Tr-gl_254.jpg,glioma,0,train,76b2d757d0c9dc35b20bb7a1a6cf740048d4d21e0f4945eb89a0fed4d3c33748,512,512,1.0,JPEG,L,Training
data/Training/glioma/Tr-gl_255.jpg,glioma,0,train,b2e595fe70e26c0fd0b48cc61a88370c9815a986e5159fa0639ea778ee88e420,512,512,1.0,JPEG,L,Training
data/Training/glioma/Tr-gl_256.jpg,glioma,0,train,290dde4d84c0e0226854160c624be8edefd6fede31e1d8c31ce731285c80f327,512,512,1.0,JPEG,L,Training
data/Training/glioma/Tr-gl_258.jpg,glioma,0,train,9ae0c3e043b72674fc80b689bc7dec56723637b2b432be2dd78f1c0078135c47,512,512,1.0,JPEG,RGB,Training
data/Training/glioma/Tr-gl_26.jpg,glioma,0,train,58046b04a958a362082bc6f469beee594823cf52505e7e0d0aed5878dd3c4ce4,512,512,1.0,JPEG,L,Training
data/Training/glioma/Tr-gl_260.jpg,glioma,0,train,44747e037c20007b7675acee2befbcd2652cecb15584191ab99f7d3f545a006c,512,512,1.0,JPEG,L,Training
data/Training/glioma/Tr-gl_261.jpg,glioma,0,train,338a3ee3d358235bf0b4e72decdd4953d8372881546c4b03d8f167ec096b8012,512,512,1.0,JPEG,L,Training
data/Training/glioma/Tr-gl_262.jpg,glioma,0,train,3c65ebd447468b3dfec2111aac23a32b845fe80982009834fddd044bf62a7c64,512,512,1.0,JPEG,L,Training
data/Training/glioma/Tr-gl_263.jpg,glioma,0,train,d133ce11a9e655e37be10773775e5b9a7870a3760f8d2bc8dbc46577f72ea3d8,512,512,1.0,JPEG,L,Training
data/Training/glioma/Tr-gl_265.jpg,glioma,0,train,8e1a1d02577c5e30954e6fa7667fd3384bbfd05dc27b0ef7925c503af837eeb2,512,512,1.0,JPEG,L,Training
data/Training/glioma/Tr-gl_266.jpg,glioma,0,train,3d70878d73c6f3a82d9950672ac6b64d2f4b791963283540e2354299d2bb0fae,512,512,1.0,JPEG,L,Training
data/Training/glioma/Tr-gl_267.jpg,glioma,0,train,6703a6f67f11e72a0385193bce68e18498c5d2a51885de232b6f2dbf0a49709f,512,512,1.0,JPEG,L,Training
data/Training/glioma/Tr-gl_268.jpg,glioma,0,train,df1837cf7cbbd531e4ede177e8ffca12e08c94126de1f186ef7e1e5e7ed86672,512,512,1.0,JPEG,RGB,Training
data/Training/glioma/Tr-gl_269.jpg,glioma,0,train,599d9dc5488ffb25767651ed715082bdf12a5f87622c9ed79d84fa236209cf5a,512,512,1.0,JPEG,L,Training
data/Training/glioma/Tr-gl_271.jpg,glioma,0,train,e4ec354bbcdf07199a67c04264112921336934a5b8a8f9639334a36475b3e17b,512,512,1.0,JPEG,L,Training
data/Training/glioma/Tr-gl_272.jpg,glioma,0,train,c2cde28fb10825a198e449cabc189a325eecb6b6b263011ab10e63ea19778e78,512,512,1.0,JPEG,L,Training
data/Training/glioma/Tr-gl_275.jpg,glioma,0,train,111e0df8de2442b39d90daed6cc9f7f5c110ee9ad0d7aed286e0f9a802ac9245,512,512,1.0,JPEG,L,Training
data/Training/glioma/Tr-gl_276.jpg,glioma,0,train,02124d5f9f956019c1094d544754be49385fd524d6e9364e1978ef51956b5a34,512,512,1.0,JPEG,L,Training
data/Training/glioma/Tr-gl_277.jpg,glioma,0,train,1beba9e22c1ad9d8ccc01d46dda91b0ff2bf7b66157c1380a5044ffc9186f3f1,512,512,1.0,JPEG,L,Training
data/Training/glioma/Tr-gl_28.jpg,glioma,0,train,28d8cb7e1f95e8c12ded38db7df45f97bc11d7fd106348832e38b6d47c0fe2b1,512,512,1.0,JPEG,RGB,Training
data/Training/glioma/Tr-gl_280.jpg,glioma,0,train,1d49e797541fae03d27b7dfde5cb76f81da149db2e328091b21c8e6a4701d736,512,512,1.0,JPEG,L,Training
data/Training/glioma/Tr-gl_282.jpg,glioma,0,train,7be4cb890ccbb0b73566c427fa25030dd54c1f11f949609929a4281c6799eb70,512,512,1.0,JPEG,RGB,Training
data/Training/glioma/Tr-gl_283.jpg,glioma,0,train,4ca368d8f0e0578029f589db0de44022b2bd16b1d6342d247b5767b3f4eda3ce,512,512,1.0,JPEG,L,Training
data/Training/glioma/Tr-gl_285.jpg,glioma,0,train,5c48c05435ead8c669a8ac5652232fa0b38ca42f1a777e12d9555ec120e1bba5,512,512,1.0,JPEG,RGB,Training
data/Training/glioma/Tr-gl_286.jpg,glioma,0,train,3e6110670bd75870887e0ea80fda85b108525197be60df7363f7ce00f6030960,512,512,1.0,JPEG,L,Training
data/Training/glioma/Tr-gl_288.jpg,glioma,0,train,ab38fbd18cdc08210ca2952c45b5d77e0fbbbd62f7a5a1a5d4c886372b93cfce,512,512,1.0,JPEG,L,Training
data/Training/glioma/Tr-gl_289.jpg,glioma,0,train,5cfa1c54669f0f4184d90098e6fbe133a2ee45ead220f0fecb8d15555ee53f92,512,512,1.0,JPEG,L,Training
data/Training/glioma/Tr-gl_290.jpg,glioma,0,train,6636fb14bccf7a5f7e6755a8c58563bdffea680af93f6e0d2e0d8adcd46ebabe,512,512,1.0,JPEG,L,Training
data/Training/glioma/Tr-gl_291.jpg,glioma,0,train,16bc2d8eb211c432f1b8a684c61f0ab10c536b0a10035e30753a41f393185303,512,512,1.0,JPEG,L,Training
data/Training/glioma/Tr-gl_292.jpg,glioma,0,train,f4dd4f921fc5b81e039c675604fa8769f6f40b392587552ff2e387f2f05f0f24,512,512,1.0,JPEG,L,Training
data/Training/glioma/Tr-gl_293.jpg,glioma,0,train,454eb24d68556149fe14f957316875fd18dcf359a24a9605b186c550c75b3924,512,512,1.0,JPEG,L,Training
data/Training/glioma/Tr-gl_294.jpg,glioma,0,train,6599f15390d997c7b6fee4df5b7f689b6baed8bfa05591fef554eacd2c4ad18e,512,512,1.0,JPEG,L,Training
data/Training/glioma/Tr-gl_295.jpg,glioma,0,train,1b32d70cd7c06a0c74f25d99a4b35acba42acc374711c6d3c748cd24d4820a09,512,512,1.0,JPEG,L,Training
data/Training/glioma/Tr-gl_296.jpg,glioma,0,train,b8a95b710cb8a68af383868b5edbbf1f14efb664d071749668a17b060583392a,512,512,1.0,JPEG,L,Training
data/Training/glioma/Tr-gl_297.jpg,glioma,0,train,2c37cb8ebc2c80111f7a8cf254c9f44f036a056c4141b6e5c5372c3624758fd9,512,512,1.0,JPEG,RGB,Training
data/Training/glioma/Tr-gl_298.jpg,glioma,0,train,6a472a5d8b2c897a4cd0a0009040f5010d0a6742bd976bfa6efe2ea8256bd2d6,512,512,1.0,JPEG,L,Training
data/Training/glioma/Tr-gl_299.jpg,glioma,0,train,710a1cc9672f858f20562bf9aa464dbf2699cca395d3ed2e72bf3345ee96afaf,512,512,1.0,JPEG,L,Training
data/Training/glioma/Tr-gl_3.jpg,glioma,0,train,71a0bc668639e7f5add8302f42ac67ee038beb22c73eda1e64b60d8617d19f0a,512,512,1.0,JPEG,L,Training
data/Training/glioma/Tr-gl_30.jpg,glioma,0,train,7791b4bc553ad1470418bfeb292b8f08ce674f766f9db643dc175530bd4c7d7d,512,512,1.0,JPEG,L,Training
data/Training/glioma/Tr-gl_302.jpg,glioma,0,train,d0cbcfb013891df08be2d610a058c3138c81ac003c6201a99342bc592e9edf38,512,512,1.0,JPEG,L,Training
data/Training/glioma/Tr-gl_303.jpg,glioma,0,train,ab6d1b652bbd02021ee6d76c6afd7ce816cf2a79dafca08e08a385c31cad7fde,512,512,1.0,JPEG,L,Training
data/Training/glioma/Tr-gl_304.jpg,glioma,0,train,1f25f1c2c0ac603a93293c2cbe63e1eeb114ceb5419d27899cc74092b50b6132,512,512,1.0,JPEG,L,Training
data/Training/glioma/Tr-gl_306.jpg,glioma,0,train,1e3c804bbd17bf558ce8fb936c9f9b90b4c5340eee5a336aea51e6a222c9b9f5,512,512,1.0,JPEG,L,Training
data/Training/glioma/Tr-gl_307.jpg,glioma,0,train,9e848e2c211c6c61bc376bdfbfee3aa180e288b50947904cc08a5af15a092cf1,512,512,1.0,JPEG,RGB,Training
data/Training/glioma/Tr-gl_309.jpg,glioma,0,train,1151af5a79f04a3df43694be78ba25f30a92cbdfb3dfcb100bb25801e4252d07,512,512,1.0,JPEG,L,Training
data/Training/glioma/Tr-gl_31.jpg,glioma,0,train,4d75b09879917e2470fbf5d0052802b0e1e391ae59828f7b41efac89b5733522,512,512,1.0,JPEG,L,Training
data/Training/glioma/Tr-gl_311.jpg,glioma,0,train,1ddf24042e36d6a1f1002e2d70f654d6160bd3513f4d91bab1597e084d3de9ca,512,512,1.0,JPEG,RGB,Training
data/Training/glioma/Tr-gl_313.jpg,glioma,0,train,bfca5105bea963184b4736825207b7f9e0998682b4250b636de008cf3ee9a436,512,512,1.0,JPEG,RGB,Training
data/Training/glioma/Tr-gl_314.jpg,glioma,0,train,1b60d727729811bfceca95d247d68e918fd0253287fc86f952e060470b4c5572,512,512,1.0,JPEG,L,Training
data/Training/glioma/Tr-gl_315.jpg,glioma,0,train,fe90e596912645c105f3cd68e91149e97873801596bb7e4fd8df46e8401ca412,512,512,1.0,JPEG,L,Training
data/Training/glioma/Tr-gl_318.jpg,glioma,0,train,f49d8b2cca3e0300daeb2c0b2caebe38395b8635642e10a503677053f39effd1,512,512,1.0,JPEG,RGB,Training
data/Training/glioma/Tr-gl_319.jpg,glioma,0,train,8a4115b750f85d8896f0229d0db8d158387b664888f873089910ddcfe29665c1,512,512,1.0,JPEG,RGB,Training
data/Training/glioma/Tr-gl_320.jpg,glioma,0,train,3b65e6b0700c9c223800127173f9c46df767c2d022512459fd341d4f12e7a5d1,512,512,1.0,JPEG,L,Training
data/Training/glioma/Tr-gl_321.jpg,glioma,0,train,614c691fcce417a6262fdf29771f2b6321ed79260f1466d2959f9b83e5275fb0,512,512,1.0,JPEG,L,Training
data/Training/glioma/Tr-gl_322.jpg,glioma,0,train,ed6bbd900cd0348479ddb2b295ab50d3d8011c3f63483e406bc30e9ec68a3e88,512,512,1.0,JPEG,L,Training
data/Training/glioma/Tr-gl_323.jpg,glioma,0,train,6acb92ef50f94a6d01b51198349a0a1c03354d60a0e6d9899fb467e199f6e9cd,512,512,1.0,JPEG,L,Training
data/Training/glioma/Tr-gl_324.jpg,glioma,0,train,46dbcd0c6a768e3f1f5222888ef2ab8caa389ac94f72a4da7e02d2c9f5907200,512,512,1.0,JPEG,L,Training
data/Training/glioma/Tr-gl_325.jpg,glioma,0,train,cc6d625e58a612bea71ea71c2e4b02c325c690e7d25c797c37819ce9ef91db59,512,512,1.0,JPEG,L,Training
data/Training/glioma/Tr-gl_326.jpg,glioma,0,train,fc78872d2002e0b54e666ce02bfa3e4a9384ccef8c0926fb66e563a5fa3df364,512,512,1.0,JPEG,RGB,Training
data/Training/glioma/Tr-gl_327.jpg,glioma,0,train,a1d1f5c4aa18e453995f5aac9d0b1ea646df77bee1a68af3c9263428b6063fa0,512,512,1.0,JPEG,L,Training
data/Training/glioma/Tr-gl_328.jpg,glioma,0,train,72b1a4478414980257ef4e1ef3c471c2ddadc1fbbe4ef31edb6469912478d122,512,512,1.0,JPEG,L,Training
data/Training/glioma/Tr-gl_329.jpg,glioma,0,train,4d01b3c5fc3b4cf8d7d3e749532cb6aed1fd5715961cfc705718f6814559a8ce,512,512,1.0,JPEG,RGB,Training
data/Training/glioma/Tr-gl_330.jpg,glioma,0,train,e97593dbcd1200def2045d984347a80be231e5efd0ff91629a7c45536ccf21e8,512,512,1.0,JPEG,L,Training
data/Training/glioma/Tr-gl_331.jpg,glioma,0,train,544ef4f0220ddc4d79a178955787209c6b3d6a241bf0d4d3d81ad65ef5dd4c72,512,512,1.0,JPEG,L,Training
data/Training/glioma/Tr-gl_333.jpg,glioma,0,train,0c4a6ecc62d3a9b7a01ad6342dd71961ba8d7c169400ed9de9853631b51358c4,512,512,1.0,JPEG,RGB,Training
data/Training/glioma/Tr-gl_334.jpg,glioma,0,train,16d1f3ee24ccba398476f154c0aed6d72bb5fd0d26c97caf90b884145ab28312,512,512,1.0,JPEG,L,Training
data/Training/glioma/Tr-gl_337.jpg,glioma,0,train,f48747b857006a742d422db1bef0c36e7a7c5515260f5ac22e11f6cb5b8d8dbe,512,512,1.0,JPEG,L,Training
data/Training/glioma/Tr-gl_338.jpg,glioma,0,train,7dab888c96e72a6fc2a21c77090435cbcce747fa8cb98657eb00284b0e60b042,512,512,1.0,JPEG,L,Training
data/Training/glioma/Tr-gl_34.jpg,glioma,0,train,bf40e5fd3b3440cde7436e044da6c415c4b2a6141cd7fa4904c505a0ea136d2d,512,512,1.0,JPEG,L,Training
data/Training/glioma/Tr-gl_340.jpg,glioma,0,train,6ec519e846c4e945a9367e08077cf3732bc54cbd69091361fd55216f413c95c3,512,512,1.0,JPEG,L,Training
data/Training/glioma/Tr-gl_341.jpg,glioma,0,train,0b9dcaf779f9f34a22c194f7ca3040a875ec740d8b6ea31475a58eafba8187b2,512,512,1.0,JPEG,L,Training
data/Training/glioma/Tr-gl_345.jpg,glioma,0,train,edd96b599e791f041a38831244bc3ef7c8cc171ed001a1b1f4c97ef8a2590337,512,512,1.0,JPEG,L,Training
data/Training/glioma/Tr-gl_348.jpg,glioma,0,train,4868ad3a37ddbd306d18c24a72e0cd497aad29ed3e414fd34429fed06f72c0bf,512,512,1.0,JPEG,L,Training
data/Training/glioma/Tr-gl_349.jpg,glioma,0,train,597124e1b75e93b0622a56441fa3977964d2ca604208232871bdc85aabcbff7d,512,512,1.0,JPEG,L,Training
data/Training/glioma/Tr-gl_35.jpg,glioma,0,train,123d9ba6bb06fa5215df5427aaeb8cf50e93bd85a14143c25cc365f6390a974b,512,512,1.0,JPEG,L,Training
data/Training/glioma/Tr-gl_350.jpg,glioma,0,train,dd6d312843b2316ad54137f2bc3143e58d6c3505cf0d4c451fdcf4d4ffb3e940,512,512,1.0,JPEG,L,Training
data/Training/glioma/Tr-gl_351.jpg,glioma,0,train,426298171bcc8bbad69bba2ed862ffdcabce1df62169ca51bb624078a7eb0989,512,512,1.0,JPEG,L,Training
data/Training/glioma/Tr-gl_353.jpg,glioma,0,train,087f23195d6b9e2cb42c07dd9f906677759f16d19ab9b4cfd26c81b1cf73f627,512,512,1.0,JPEG,L,Training
data/Training/glioma/Tr-gl_355.jpg,glioma,0,train,689c2673153106061bbc83c70f05394901bd5f7cecc700e81059a4b61b7eac17,512,512,1.0,JPEG,L,Training
data/Training/glioma/Tr-gl_356.jpg,glioma,0,train,f56163f055b3f33ffb7670ad61a0e1952b4f7006eaddc75c3a9c7b6a726b0de3,512,512,1.0,JPEG,RGB,Training
data/Training/glioma/Tr-gl_360.jpg,glioma,0,train,b219a614fe71b757dc3e26adf2281ed8895165e00b4282dc2c24a44cb72e0604,512,512,1.0,JPEG,RGB,Training
data/Training/glioma/Tr-gl_362.jpg,glioma,0,train,3bbada83662e703df9b64841ef02290e4e1afa6640ffc7c1518ca8ee0aaa2bd2,512,512,1.0,JPEG,L,Training
data/Training/glioma/Tr-gl_363.jpg,glioma,0,train,b750666b587d93322df0a271b30f588b1874aa2d063dc1c6d914a0b9805f2be6,512,512,1.0,JPEG,L,Training
data/Training/glioma/Tr-gl_365.jpg,glioma,0,train,ba75103fcaaac229c8851b00c396c78d6fb59e252f30d24e3b98d45969effc6a,512,512,1.0,JPEG,L,Training
data/Training/glioma/Tr-gl_368.jpg,glioma,0,train,f414abe63fa764cf2069da2d3e98cdd77f14e5178a2d95bbc5f3773c80028d11,512,512,1.0,JPEG,L,Training
data/Training/glioma/Tr-gl_370.jpg,glioma,0,train,54e0451b69140bff6eeef56054a1e4aad6cfa310c6b32da571e4cd66ff5ad6ce,512,512,1.0,JPEG,L,Training
data/Training/glioma/Tr-gl_371.jpg,glioma,0,train,eeab7ed0030f3ca270ac76d995f1a308ca017cbd93d298a73549b2201cb72387,512,512,1.0,JPEG,L,Training
data/Training/glioma/Tr-gl_372.jpg,glioma,0,train,51d9e7d06c5c30c56de49926384526dcc414db310ca7434f7138633894ac89bd,512,512,1.0,JPEG,L,Training
data/Training/glioma/Tr-gl_373.jpg,glioma,0,train,d8b84f6198f05d40a8bf4ac2fce37e3771b49c99de36d73cb07138924e504df4,512,512,1.0,JPEG,L,Training
data/Training/glioma/Tr-gl_374.jpg,glioma,0,train,720edb3f6f91b741c8adc5a11e41391ce3d68fd4a682e245666345ad07c7cf99,512,512,1.0,JPEG,L,Training
data/Training/glioma/Tr-gl_375.jpg,glioma,0,train,916179e80b004d63673b495394e8106300109271bba4579d2f995839b0c427f1,512,512,1.0,JPEG,L,Training
data/Training/glioma/Tr-gl_376.jpg,glioma,0,train,fd9646f633864e7ed7d43d57871c8f82ad53dac24cd96cdd7df2bad406e99393,512,512,1.0,JPEG,L,Training
data/Training/glioma/Tr-gl_377.jpg,glioma,0,train,b0b772f6b49acc12cc86f5408369b217024ea12a6041d1b95e64f7add10cf8c8,512,512,1.0,JPEG,RGB,Training
data/Training/glioma/Tr-gl_379.jpg,glioma,0,train,1e5f200fc4c87d3767df89c5b04f666a4db6dacd53fa41d4526ea33e10affe68,512,512,1.0,JPEG,L,Training
data/Training/glioma/Tr-gl_38.jpg,glioma,0,train,ede2ee34ffb9683c4048981593bbc8f48da4340f78b6c275e4cb75ba21c00896,512,512,1.0,JPEG,L,Training
data/Training/glioma/Tr-gl_380.jpg,glioma,0,train,c6399c6e8ef6a32fb3d8b0b34c5ca6664ff247f845074f8ab4f651217c6bf6ca,512,512,1.0,JPEG,L,Training
data/Training/glioma/Tr-gl_381.jpg,glioma,0,train,a8401e955c095b68732cf9fd622f29bf9b1f5563aa2923a4a79b30171db1bcb1,512,512,1.0,JPEG,L,Training
data/Training/glioma/Tr-gl_383.jpg,glioma,0,train,088ee2c5a07777cefd1ef1bf1d8c82152c2f5b295208f37df965aad12836efab,512,512,1.0,JPEG,RGB,Training
data/Training/glioma/Tr-gl_385.jpg,glioma,0,train,bd2577d038b443c00d70ce36133795beaf20975783d96f8799c0e9c6d743aeac,512,512,1.0,JPEG,L,Training
data/Training/glioma/Tr-gl_386.jpg,glioma,0,train,7d092ceae0838d922f79afbe8f4e3c7ac4dd9985c2ade83560fb717ef8dd3f9a,512,512,1.0,JPEG,L,Training
data/Training/glioma/Tr-gl_387.jpg,glioma,0,train,789ab1951e6870ba064c09d20ba40d53cbc3cfac51711d52fdb83f597a05059e,512,512,1.0,JPEG,L,Training
data/Training/glioma/Tr-gl_388.jpg,glioma,0,train,97c04e02212d26ac3b9d98614a5632ed2946eed883c3cda682aaa2d6e13c3787,512,512,1.0,JPEG,RGB,Training
data/Training/glioma/Tr-gl_39.jpg,glioma,0,train,f87da2ccb80996f19301cfd7d16cf3b56b0216ffab5776e7624594045cbd65e4,512,512,1.0,JPEG,L,Training
data/Training/glioma/Tr-gl_390.jpg,glioma,0,train,2785f4e1d9d7be5536ba86a26278104307fc614ead5b5988044ce6972bee9a1c,512,512,1.0,JPEG,L,Training
data/Training/glioma/Tr-gl_391.jpg,glioma,0,train,6388137767bfdd855631b2affaebb4027b10421faac0a43226aeda94f41b9b7d,512,512,1.0,JPEG,L,Training
data/Training/glioma/Tr-gl_392.jpg,glioma,0,train,e8967ca51a875aa965dc3e071d5559c49dc7ab0ef07d6770a80b560d70a5e2f0,512,512,1.0,JPEG,RGB,Training
data/Training/glioma/Tr-gl_393.jpg,glioma,0,train,6b828e1ba1b499ee5248a54e071788acaa20188ea3a66ce3d04cec1fb79999fd,512,512,1.0,JPEG,L,Training
data/Training/glioma/Tr-gl_394.jpg,glioma,0,train,fa4ba8b2876b0ef8eaae51a1be0e39b98178ae1a0be8f2f9053def57d8a96871,512,512,1.0,JPEG,L,Training
data/Training/glioma/Tr-gl_395.jpg,glioma,0,train,0b0ba743eb51bee990048410caca5b33deb5be8b2ac854f68e64521f5894dd06,512,512,1.0,JPEG,L,Training
data/Training/glioma/Tr-gl_397.jpg,glioma,0,train,f177406d2c3029e934a8adbd6e5749a49f54c860bd6b359104d7ab1e4438297f,512,512,1.0,JPEG,L,Training
data/Training/glioma/Tr-gl_398.jpg,glioma,0,train,988f265c850a68c2e593afbfc4cf347d72d23fd49500e59712bebb10dc56f876,512,512,1.0,JPEG,L,Training
data/Training/glioma/Tr-gl_399.jpg,glioma,0,train,8a0524232790736f08d9711eaa2245b2b3f8e90709f9cfbf4fae609ba45a52ec,512,512,1.0,JPEG,RGB,Training
data/Training/glioma/Tr-gl_40.jpg,glioma,0,train,fbc87df5e8a166c059cf979a2d37845d2bcd37b4f51c4af72eb004c515e79da0,512,512,1.0,JPEG,RGB,Training
data/Training/glioma/Tr-gl_400.jpg,glioma,0,train,2bdbeaef3c995b9e7c3f8a29a2c130f1905ff42519928340b001b2896f8cbbb4,512,512,1.0,JPEG,L,Training
data/Training/glioma/Tr-gl_402.jpg,glioma,0,train,ed6e6d587f905ce226df9accf7fdc303361c1b76a8056afeb43f37a1d805c193,512,512,1.0,JPEG,L,Training
data/Training/glioma/Tr-gl_403.jpg,glioma,0,train,0ad37ccca52349ee972469cd727f5993288fd34062cea4751c0ea15acea43a3c,512,512,1.0,JPEG,L,Training
data/Training/glioma/Tr-gl_404.jpg,glioma,0,train,9a73f318c27eea6907e20505bbc771c5049fd298d5f277579f20f5a08d42abdf,512,512,1.0,JPEG,L,Training
data/Training/glioma/Tr-gl_405.jpg,glioma,0,train,c61cec90bfdebc35e7b150a93792cbf797e24694f091699e95de00e8600b6712,512,512,1.0,JPEG,L,Training
data/Training/glioma/Tr-gl_406.jpg,glioma,0,train,e249cbc152094594437d0d9c28e0f79a20eb1567f3fde0e73aae5472d5534ba7,512,512,1.0,JPEG,RGB,Training
data/Training/glioma/Tr-gl_407.jpg,glioma,0,train,aafafe51af05d97e53019afafbae8252f2b3c973e7630e141d95245636a09630,512,512,1.0,JPEG,L,Training
data/Training/glioma/Tr-gl_408.jpg,glioma,0,train,309d7683c4f536d9027f1d9f22c6a9df61ee751fb875eff9e195c1dbdbf5791d,512,512,1.0,JPEG,L,Training
data/Training/glioma/Tr-gl_409.jpg,glioma,0,train,7b448572a4d356b65d171038a22d3b32d899ed49baca9abb1b35cbbc98aa055b,512,512,1.0,JPEG,L,Training
data/Training/glioma/Tr-gl_412.jpg,glioma,0,train,2a9bdd449fa8fcf80f7e8e30b37281ad589269bf5a5e339b72016b7fa20101de,512,512,1.0,JPEG,L,Training
data/Training/glioma/Tr-gl_413.jpg,glioma,0,train,ab99aa452ef0549bbac110787b9a7f9569fe810373f1b6357a57f177f9bba512,512,512,1.0,JPEG,RGB,Training
data/Training/glioma/Tr-gl_415.jpg,glioma,0,train,c79741bcf3985b21ff5d2fe8175abb364403cd49999ad25238569e6f24746ffc,512,512,1.0,JPEG,L,Training
data/Training/glioma/Tr-gl_416.jpg,glioma,0,train,ded5f825ae5b221ec71e33b36f2d72b71756c6a43d428c2b54acbb8e0cf29091,512,512,1.0,JPEG,L,Training
data/Training/glioma/Tr-gl_417.jpg,glioma,0,train,ed784b5f26991ac038be860f81cdde6030ff3f91443347e53c41a4dc6bc4e92b,512,512,1.0,JPEG,RGB,Training
data/Training/glioma/Tr-gl_418.jpg,glioma,0,train,58d13678913ba92a262763f57093a9468a4d1148f348e8737d8c8d02f766944a,512,512,1.0,JPEG,L,Training
data/Training/glioma/Tr-gl_423.jpg,glioma,0,train,1d781e09abcb691159f1c6b3d622c2960bd72a37ec4518b603bdc368ac4605ac,512,512,1.0,JPEG,RGB,Training
data/Training/glioma/Tr-gl_424.jpg,glioma,0,train,29d7f67eadde8f52e4a591c1ecb0b70a4512e93c4a5bebf9a7fffd2922e7010a,512,512,1.0,JPEG,RGB,Training
data/Training/glioma/Tr-gl_425.jpg,glioma,0,train,d6a045ab29424c47c78bf4d87747925c771171c5681a7fa1c9fc9e4051d03b20,512,512,1.0,JPEG,L,Training
data/Training/glioma/Tr-gl_426.jpg,glioma,0,train,471f3331332c6e6bb7eb17658cdc5cc509d68611df85db03df5c408282b9ee24,512,512,1.0,JPEG,L,Training
data/Training/glioma/Tr-gl_427.jpg,glioma,0,train,ef39c6dc3e3208de2a8d66a0b7bd58814d95087629da9801fda9c4235eac2572,512,512,1.0,JPEG,L,Training
data/Training/glioma/Tr-gl_428.jpg,glioma,0,train,539b74e583289e15c2ae9149907f47667ad66a2b34f225fb6411042e4287b334,512,512,1.0,JPEG,L,Training
data/Training/glioma/Tr-gl_429.jpg,glioma,0,train,4c0d3042d91fadcb6c2035c04f4c5bed92365c5785d83898ee1ae01e533e0076,512,512,1.0,JPEG,RGB,Training
data/Training/glioma/Tr-gl_43.jpg,glioma,0,train,e248a27685b5805264ba4bfbf899508fa6fc97c00ded4cc3c92deb8ad7216d38,512,512,1.0,JPEG,L,Training
data/Training/glioma/Tr-gl_430.jpg,glioma,0,train,3f1ec5bcaf54114ca300f27098004d69f8a4f22ef71826fad748aa2819d69dc3,512,512,1.0,JPEG,L,Training
data/Training/glioma/Tr-gl_432.jpg,glioma,0,train,dd01f58806200abe5e27a1debe442b00d30c56b135967a5f0092e7fdd87c7877,512,512,1.0,JPEG,RGB,Training
data/Training/glioma/Tr-gl_433.jpg,glioma,0,train,35c0f7c7aa06c3e930e6d56c56d10a0af09f7c8c08b23e5a6fd1a28221a32432,512,512,1.0,JPEG,L,Training
data/Training/glioma/Tr-gl_434.jpg,glioma,0,train,2e33e1a2d6903520bc9a765e839ebed8ecf515b7ff0575dd003a6a5f9cecb6d7,512,512,1.0,JPEG,L,Training
data/Training/glioma/Tr-gl_435.jpg,glioma,0,train,a9a85cc1169a92a567055e7f9aa5c4fa0f4742e2a5bf4fd8d754a993ca46e192,512,512,1.0,JPEG,L,Training
data/Training/glioma/Tr-gl_437.jpg,glioma,0,train,77e4976c6b82825c786ed204b31d16006fca258c0d6ef510dbf8648762f6411e,512,512,1.0,JPEG,L,Training
data/Training/glioma/Tr-gl_438.jpg,glioma,0,train,b9b15d7d79bec68ee9dbaf63aa417700b1acdf136e448215b134d4c39a5380de,512,512,1.0,JPEG,L,Training
data/Training/glioma/Tr-gl_439.jpg,glioma,0,train,4ae034338c06d112df4b133bca4d12c2cc54e963fa767e3c9b074d4f262995b4,512,512,1.0,JPEG,L,Training
data/Training/glioma/Tr-gl_440.jpg,glioma,0,train,04d638405b94d43cdc98b3c788511ac716167bd5b6e3c47acd22c690f7a9e9b9,512,512,1.0,JPEG,L,Training
data/Training/glioma/Tr-gl_442.jpg,glioma,0,train,395b52360c6a8897839be3aa2fe69a2a6082b199728543b9a4f905eb81c72ccd,512,512,1.0,JPEG,L,Training
data/Training/glioma/Tr-gl_444.jpg,glioma,0,train,73b207dd0ba45f15dd52bfb252f678d58a5186a0a512b9674b41ecc4ec4567ab,512,512,1.0,JPEG,L,Training
data/Training/glioma/Tr-gl_445.jpg,glioma,0,train,0321b846eb5e31942bdd2f66eb4a1c316956307969ea29680abf8a419e1932ca,512,512,1.0,JPEG,L,Training
data/Training/glioma/Tr-gl_446.jpg,glioma,0,train,1c0df77e632402c439486e6491d3ac6ba00ccd4ea31ac4c94f99f9fefa2c47f1,512,512,1.0,JPEG,L,Training
data/Training/glioma/Tr-gl_447.jpg,glioma,0,train,079a8236cc702aa661c5c8dc260fd3f9faeed774d7f65be0218c35c7a6643b9d,512,512,1.0,JPEG,RGB,Training
data/Training/glioma/Tr-gl_448.jpg,glioma,0,train,0f17327444ecaa071eb2700ca25500852783487fbf46e64c0a20c4c45722ff52,512,512,1.0,JPEG,L,Training
data/Training/glioma/Tr-gl_449.jpg,glioma,0,train,7b5813065b5ede59bb5b98d883ba627cf8116ed937314da62db17ee2bc640ab2,512,512,1.0,JPEG,L,Training
data/Training/glioma/Tr-gl_451.jpg,glioma,0,train,1ae995fa8f9ebc769d7340e4d67485f66221c88094a91ab7f803b6c6cce59644,512,512,1.0,JPEG,L,Training
data/Training/glioma/Tr-gl_453.jpg,glioma,0,train,39eff851a60bb28ab55f2c0b624eb3e86d967150e17337e0404e18e843d83fc7,512,512,1.0,JPEG,L,Training
data/Training/glioma/Tr-gl_454.jpg,glioma,0,train,defc469a21543f0631956be5c24318504a1b636ba4a061e81e25fce2ddf92f9a,512,512,1.0,JPEG,L,Training
data/Training/glioma/Tr-gl_457.jpg,glioma,0,train,14c6f23fe72123ef7cb6d2a1702274f7b997704b2c31d3c092e81f35170cf41e,512,512,1.0,JPEG,RGB,Training
data/Training/glioma/Tr-gl_459.jpg,glioma,0,train,dc79e92d30682c6c282ad546adf821f877295711b7910f88499d573b9c3afe86,512,512,1.0,JPEG,L,Training
data/Training/glioma/Tr-gl_46.jpg,glioma,0,train,9a9c6c94c190b90f120ff328caeb86465824229a86cecf808b0b099c241fd6ff,512,512,1.0,JPEG,L,Training
data/Training/glioma/Tr-gl_461.jpg,glioma,0,train,3d6e4618a173e0a3337d5bf3e3ad0af63aa0ac7b9ba93af0c419ae22edf68983,512,512,1.0,JPEG,L,Training
data/Training/glioma/Tr-gl_462.jpg,glioma,0,train,16065068c0d4526da82a4a057c28d7fa2e168bcae6662e9f34eb487493ecd84e,512,512,1.0,JPEG,L,Training
data/Training/glioma/Tr-gl_463.jpg,glioma,0,train,4242113807671b020155b043a700c76af5dc7d9f94883f4ecad36707322146b9,512,512,1.0,JPEG,L,Training
data/Training/glioma/Tr-gl_464.jpg,glioma,0,train,36d212995aa2eb9409cac3d8ea44552f69a5a25adbbd723130be6f563763ffa9,512,512,1.0,JPEG,L,Training
data/Training/glioma/Tr-gl_466.jpg,glioma,0,train,5f3c8850b8de87ee0ed3fabf19939b9fdb35e907351bf96f2f0ff363ccbdc317,512,512,1.0,JPEG,L,Training
data/Training/glioma/Tr-gl_467.jpg,glioma,0,train,cca3f3bac2717b8f4237637fbab716d8301833e1d070180b641e0531574a2186,512,512,1.0,JPEG,L,Training
data/Training/glioma/Tr-gl_468.jpg,glioma,0,train,c8a5cdb0b1a797dbbe0598bca81d7db69b75ece5c75ba950ae3af93c9cf9617c,512,512,1.0,JPEG,L,Training
data/Training/glioma/Tr-gl_469.jpg,glioma,0,train,351e31deaccd64c8bc4755cbc74d159606211eeb6b57da6faeb2806eaf650de0,512,512,1.0,JPEG,L,Training
data/Training/glioma/Tr-gl_47.jpg,glioma,0,train,22ec56472646aa8f33368584d64a7bcfd230171d8192ba3ebcae483f2062e0d2,512,512,1.0,JPEG,L,Training
data/Training/glioma/Tr-gl_471.jpg,glioma,0,train,94e629ba153cd8a5cef8291771c420f2374c0886a19b6c2e80930a0f2f12c4c8,512,512,1.0,JPEG,L,Training
data/Training/glioma/Tr-gl_472.jpg,glioma,0,train,b3d070a459a03ba97ef22e83e91f7cf900baba8829d3b5c0e01e3ac6e2942405,512,512,1.0,JPEG,L,Training
data/Training/glioma/Tr-gl_474.jpg,glioma,0,train,34dd0ac430dbf8db15cee2246276b186b848b09c4e73fbdefaf568672aee09af,512,512,1.0,JPEG,L,Training
data/Training/glioma/Tr-gl_475.jpg,glioma,0,train,269b3a69a03f1525c9d948e3ccea97c2192c501d26280344783e6f05b38105fb,512,512,1.0,JPEG,L,Training
data/Training/glioma/Tr-gl_476.jpg,glioma,0,train,e06cc076fa14663937829126af968c0763097f3f22d214777b96b325cf460dfd,512,512,1.0,JPEG,L,Training
data/Training/glioma/Tr-gl_477.jpg,glioma,0,train,a4889985f637d536b4903b554dd493ec11320481be386cc3a7eb9957711272a9,512,512,1.0,JPEG,L,Training
data/Training/glioma/Tr-gl_478.jpg,glioma,0,train,68fdf9444bcb431ebb68357a4e96843ae43ba17fe1966c175435de3d6dcccf99,512,512,1.0,JPEG,L,Training
data/Training/glioma/Tr-gl_479.jpg,glioma,0,train,e26366b420490c2580147166c26e14e448ac75f20dc6a34f06dbaed0277916bf,512,512,1.0,JPEG,RGB,Training
data/Training/glioma/Tr-gl_48.jpg,glioma,0,train,4a7121abc81501a749b4cd4d279d6be9503070072266dc6a93152453a72fa2f6,512,512,1.0,JPEG,RGB,Training
data/Training/glioma/Tr-gl_480.jpg,glioma,0,train,f8c79721291859fba93cae41193af782e2b0a0b3023f4bb3edbd7a479c848262,512,512,1.0,JPEG,L,Training
data/Training/glioma/Tr-gl_482.jpg,glioma,0,train,41fe84f2545a8a207dfc5f4e381cee17e6edde172ef9a06f765d2f2827563670,512,512,1.0,JPEG,L,Training
data/Training/glioma/Tr-gl_485.jpg,glioma,0,train,a4c76f26798b2565f5bdb7931f19e39be2a63e1736682939a988338d8dfd0e62,512,512,1.0,JPEG,L,Training
data/Training/glioma/Tr-gl_486.jpg,glioma,0,train,646009fd0da8df6e993dcd308606dc6a30f7c538751e9548fa87672b0d9a85d8,512,512,1.0,JPEG,L,Training
data/Training/glioma/Tr-gl_487.jpg,glioma,0,train,269246a77255af08a8472fccc34502545e0fec8230a5e8f8fc8eedd0153e6de5,512,512,1.0,JPEG,L,Training
data/Training/glioma/Tr-gl_490.jpg,glioma,0,train,265e48b9f69a511fd16eb2fa1bdbb4ac14784a29fabc41a2864fde43f3bde77e,512,512,1.0,JPEG,L,Training
data/Training/glioma/Tr-gl_491.jpg,glioma,0,train,d824f891b883c255f1460547671c845553c2715a656017417493b1ab2b77a25e,512,512,1.0,JPEG,L,Training
data/Training/glioma/Tr-gl_492.jpg,glioma,0,train,a4e60bbd398302e85477b8201379c85d98aba1ba159f6dccbdabd2f057d8f16f,512,512,1.0,JPEG,L,Training
data/Training/glioma/Tr-gl_493.jpg,glioma,0,train,f5d700de2599674a160015a72a4490948e419174f2e4036eef34a8324587cc34,512,512,1.0,JPEG,L,Training
data/Training/glioma/Tr-gl_494.jpg,glioma,0,train,803b971fdf2c1b9bf72f6e220ed2c9ee4292df7364b24db831fe2c090f4d962f,512,512,1.0,JPEG,L,Training
data/Training/glioma/Tr-gl_496.jpg,glioma,0,train,9057cca60c910d34a76b9a81cdc27b2e32cc0d5be2ef34e074b0962f56e84830,512,512,1.0,JPEG,L,Training
data/Training/glioma/Tr-gl_498.jpg,glioma,0,train,9d2e89e6f46d086328232e644a0d9c1b3df03bc0ff9443694b3ba792f8d52967,512,512,1.0,JPEG,RGB,Training
data/Training/glioma/Tr-gl_5.jpg,glioma,0,train,b156115215557bfffacbe707c33699b7baede28068d168bfd7a51604a2d87b10,512,512,1.0,JPEG,L,Training
data/Training/glioma/Tr-gl_50.jpg,glioma,0,train,4717128cbae594586de19c780b3d39df81effc49e93c1654eb86b582e82ce256,512,512,1.0,JPEG,RGB,Training
data/Training/glioma/Tr-gl_500.jpg,glioma,0,train,1557cdb2788b983591ced66c91b549caada6fd696ddb2ac67106dfa67870287c,512,512,1.0,JPEG,L,Training
data/Training/glioma/Tr-gl_501.jpg,glioma,0,train,78c7b61efce9c17e007a40ff5b6b0b8c8d739c579231214a2d8bc5791a80d6db,512,512,1.0,JPEG,L,Training
data/Training/glioma/Tr-gl_503.jpg,glioma,0,train,6cec3237a46d4a62d68fee17a0efaa68038010ab61dd9ca44cfef95a973b8eec,512,512,1.0,JPEG,L,Training
data/Training/glioma/Tr-gl_505.jpg,glioma,0,train,773007facda7b1a6472ae2410a267215524c890bf144fe8ffa2bc2cade89dcf3,512,512,1.0,JPEG,L,Training
data/Training/glioma/Tr-gl_508.jpg,glioma,0,train,619094215b28de904dcf4a0a3d0060167ec1ba3ac3a64269b9a09eca2ab3ee0e,512,512,1.0,JPEG,RGB,Training
data/Training/glioma/Tr-gl_509.jpg,glioma,0,train,aee7d3cd41a08ad7740a82e82da0ee0b55d9c7aa0b4ffbc7c6e92abc44328270,512,512,1.0,JPEG,L,Training
data/Training/glioma/Tr-gl_510.jpg,glioma,0,train,628790e2fb9529dcbf063b2f443755d1104955830988117ddc71bd54d153753c,512,512,1.0,JPEG,L,Training
data/Training/glioma/Tr-gl_511.jpg,glioma,0,train,aff1720fda980d44242f657273ad4f8000621660ec1ab5774479ff866892368a,512,512,1.0,JPEG,L,Training
data/Training/glioma/Tr-gl_512.jpg,glioma,0,train,cfe8c82c6623bdb4e27a3d482d4630e75fa89f263244244eac4b2096a33dfbb9,512,512,1.0,JPEG,RGB,Training
data/Training/glioma/Tr-gl_513.jpg,glioma,0,train,8f4243e5d7fbe99232c7c01ee0b6468d227781cfca09b6a3b63f4ccc0b36cf60,512,512,1.0,JPEG,L,Training
data/Training/glioma/Tr-gl_514.jpg,glioma,0,train,f811542d17ad69c2de05f59284ee566879d11d503ae8375017c9d97141bea62d,512,512,1.0,JPEG,L,Training
data/Training/glioma/Tr-gl_515.jpg,glioma,0,train,607c98213ea04a4931c784668367e19d2c13b61d783deda0508c3a0158bff027,512,512,1.0,JPEG,L,Training
data/Training/glioma/Tr-gl_516.jpg,glioma,0,train,b0e6039a49259731bb97841907e5d683b1e8fae61a23c2b1051a3e304af9489a,512,512,1.0,JPEG,RGB,Training
data/Training/glioma/Tr-gl_517.jpg,glioma,0,train,86d49115f02b206b1696feb9eadeafef1c169cf18fd149b418aeabdcd08366ef,512,512,1.0,JPEG,L,Training
data/Training/glioma/Tr-gl_518.jpg,glioma,0,train,98d8cfdde508a809857e60688c18210041efd4a905e85c5e02342636b0939fc0,512,512,1.0,JPEG,L,Training
data/Training/glioma/Tr-gl_519.jpg,glioma,0,train,2e65a68ea46b2d04b7d6acb0ccb3f3b07e8a0b52189556a62d6a5395eb2922c5,512,512,1.0,JPEG,L,Training
data/Training/glioma/Tr-gl_52.jpg,glioma,0,train,4646cc239e79573e06057e8a50585f67a18deb9275de40ca2f08bbb96ce2088c,512,512,1.0,JPEG,L,Training
data/Training/glioma/Tr-gl_521.jpg,glioma,0,train,4f3d7d73ff0effbfe686c358cc6bf7f1047c077932b34f7e57c5dd4b91a84284,512,512,1.0,JPEG,L,Training
data/Training/glioma/Tr-gl_522.jpg,glioma,0,train,aa42ab9e44f6d9376097d441eb52ef8d6c4e63b24d5dd9093e6a324cb2e2d2ae,512,512,1.0,JPEG,L,Training
data/Training/glioma/Tr-gl_523.jpg,glioma,0,train,a0e7f5e3655c6138d8ac700ade3690ec2d612bb78fecefa0c975a9d24c495b2a,512,512,1.0,JPEG,L,Training
data/Training/glioma/Tr-gl_524.jpg,glioma,0,train,2d58cfc3b64cbb9947a71513944c426ca111ab86c1360e1f7bdf4f567701ca4c,512,512,1.0,JPEG,L,Training
data/Training/glioma/Tr-gl_526.jpg,glioma,0,train,efcddf575ae221e812b9055c8b4c3b879b7393165caebaeceb29f7493856bb4c,512,512,1.0,JPEG,L,Training
data/Training/glioma/Tr-gl_527.jpg,glioma,0,train,8428b163a273f2ee5f375f1b44a9ffba61a7598919a6f060375b0e1d3334ff73,512,512,1.0,JPEG,L,Training
data/Training/glioma/Tr-gl_529.jpg,glioma,0,train,0f4226858d21a8262946f633c8d318655168e5a9e622f843b2a44df51ff9c1c8,512,512,1.0,JPEG,L,Training
data/Training/glioma/Tr-gl_530.jpg,glioma,0,train,52fadd25dc2c00ea86b69d3646b6b4f5b2a2f745f6d3bd9e984ebb6017989fcf,512,512,1.0,JPEG,L,Training
data/Training/glioma/Tr-gl_531.jpg,glioma,0,train,8397f435c9b9b9fa8f5cf59414997a2bb63574b0fa36525cc3b6a5261fdee832,512,512,1.0,JPEG,L,Training
data/Training/glioma/Tr-gl_533.jpg,glioma,0,train,52868494723067262fb0db2aa7e2240f72629b433a70b8ccba714d0cb11d6ae2,512,512,1.0,JPEG,L,Training
data/Training/glioma/Tr-gl_534.jpg,glioma,0,train,8917a35121d07e55b6fdd79a1fb1dbdb4732ab68f4408b17d187f88ff10116bd,512,512,1.0,JPEG,L,Training
data/Training/glioma/Tr-gl_535.jpg,glioma,0,train,ac7cf7dedf3fcb7d45bce8b7ea69c72214c5af7fb93ab1942b4f5942a2055abe,512,512,1.0,JPEG,L,Training
data/Training/glioma/Tr-gl_536.jpg,glioma,0,train,bd6b46b39aa5a47687522b6b844a5557fae39641f5d4d89e365e466a50098583,512,512,1.0,JPEG,L,Training
data/Training/glioma/Tr-gl_537.jpg,glioma,0,train,84193e402e98bba650e8b92de7897ef14e80a4b02f40b4b7aee1ad876cdf028c,512,512,1.0,JPEG,L,Training
data/Training/glioma/Tr-gl_538.jpg,glioma,0,train,b85c9c170365f82a93da0ef0e13b88cffe971f1b825bc91fae935bb8bef14841,512,512,1.0,JPEG,L,Training
data/Training/glioma/Tr-gl_539.jpg,glioma,0,train,c4c2aa796c77ce52b2fcbebfecb96d915bc89204f044b3e3540ac4a10233106f,512,512,1.0,JPEG,L,Training
data/Training/glioma/Tr-gl_54.jpg,glioma,0,train,cdd193fae665f8f90971bae646813dd1209a41749a228f29b81381842347d083,512,512,1.0,JPEG,L,Training
data/Training/glioma/Tr-gl_540.jpg,glioma,0,train,78fd0a06ea18ae1a53b58ceca91972aab915c09add421924c5335da0cefbd2ca,512,512,1.0,JPEG,L,Training
data/Training/glioma/Tr-gl_541.jpg,glioma,0,train,b5a40e50542efdfedb3693857e171b9e196ffb84121270c165457517edb85d30,512,512,1.0,JPEG,L,Training
data/Training/glioma/Tr-gl_542.jpg,glioma,0,train,f9394f42766f93d6563f3373e7e93a36070b4087725ad48669a40904e27671ea,512,512,1.0,JPEG,L,Training
data/Training/glioma/Tr-gl_543.jpg,glioma,0,train,f1debd0e83319ab096b695920f0453fd16cee2fa3e7f5bacfab3fb92ff103e63,512,512,1.0,JPEG,RGB,Training
data/Training/glioma/Tr-gl_544.jpg,glioma,0,train,693400291fc964c083c27a3efcc95b411f50388b0bccc0fee61592d1296b2dfc,512,512,1.0,JPEG,L,Training
data/Training/glioma/Tr-gl_545.jpg,glioma,0,train,30f9ef20c71c283033c17dc6e2760b004df783181136c89fd52e5ddca66e91fd,512,512,1.0,JPEG,RGB,Training
data/Training/glioma/Tr-gl_546.jpg,glioma,0,train,ab9cfbf6ab53bd26e6ba5b881c8b23320c77842b239b77a49a7c4b9c0ff40c56,512,512,1.0,JPEG,L,Training
data/Training/glioma/Tr-gl_548.jpg,glioma,0,train,2b45524b670fda88825aa9d8025ba72ed138805f7e7009b7d6d806045704047d,512,512,1.0,JPEG,L,Training
data/Training/glioma/Tr-gl_549.jpg,glioma,0,train,52f37c1239fcb7b567b13bc1d2d2cdb6be37219f1987cc1ee5a456ce52f2c7f3,512,512,1.0,JPEG,L,Training
data/Training/glioma/Tr-gl_55.jpg,glioma,0,train,da8625c4ccae5692bcf67cf7d113bbee348b464801f85e82ba75a1b3d807641f,512,512,1.0,JPEG,L,Training
data/Training/glioma/Tr-gl_551.jpg,glioma,0,train,6f4ccb894a2edbcdbde9a3b4bfb258c03e8f628bb1ff7e9e9ae0b5868f2821a8,512,512,1.0,JPEG,L,Training
data/Training/glioma/Tr-gl_552.jpg,glioma,0,train,834e45e340524431302e1e21636ca5d13efe5d3d91ba66bf232dbc3c705764fc,512,512,1.0,JPEG,L,Training
data/Training/glioma/Tr-gl_555.jpg,glioma,0,train,35cf011787a004df1b2a0550d45217f1bfcf36617fb1f66359b3fb8b7a270740,512,512,1.0,JPEG,L,Training
data/Training/glioma/Tr-gl_556.jpg,glioma,0,train,24ba83ed1f291c55f52058c44636bf52e5cbc4525ad4cff92dd8e4036fbcd4a7,512,512,1.0,JPEG,L,Training
data/Training/glioma/Tr-gl_557.jpg,glioma,0,train,3f382ae87366990d9147bd877c73bb5f70a01db884d5a40ca75eee8f7156bb54,512,512,1.0,JPEG,L,Training
data/Training/glioma/Tr-gl_558.jpg,glioma,0,train,e762615d09efc75dfe59f15cd518b0354c8e65606a81a409591b9a797d25fe30,512,512,1.0,JPEG,L,Training
data/Training/glioma/Tr-gl_559.jpg,glioma,0,train,6c5d55392e4cfea8f29953563a55374feafda8322978bc0c7e43b17dcbc508bd,512,512,1.0,JPEG,L,Training
data/Training/glioma/Tr-gl_56.jpg,glioma,0,train,a9ea67e7ff2ece04e9276e3db0824a1c59a335d2309730676ddb17d331bf2605,512,512,1.0,JPEG,L,Training
data/Training/glioma/Tr-gl_560.jpg,glioma,0,train,7cc2b7450c4eccb4c98b0f281d8c485d51c0281a5c4a42c46ec39cbb22aedaf8,512,512,1.0,JPEG,L,Training
data/Training/glioma/Tr-gl_562.jpg,glioma,0,train,cfd47f617a8fbb4475a7f12fb601a103c9f96c99fb84959289e70a68bfb75e7b,512,512,1.0,JPEG,L,Training
data/Training/glioma/Tr-gl_563.jpg,glioma,0,train,f42ea4fbd395a88f18a787e5b2332b98c4f475575efbeb85b0053ce0232eb8b6,512,512,1.0,JPEG,RGB,Training
data/Training/glioma/Tr-gl_564.jpg,glioma,0,train,9f9343ee271ca586149dc5e44cc221213a3416bed20b3f4b36ba44da7a6a4fed,512,512,1.0,JPEG,L,Training
data/Training/glioma/Tr-gl_566.jpg,glioma,0,train,c9c139b1ad0a0697d3ac6c1c2b01876d411159e5503ad18b298886fb89c328a1,512,512,1.0,JPEG,L,Training
data/Training/glioma/Tr-gl_57.jpg,glioma,0,train,dbd38989862bb748a22bb9e35ba21c02c84904876108ddfe32c93bf353e45355,512,512,1.0,JPEG,L,Training
data/Training/glioma/Tr-gl_570.jpg,glioma,0,train,6d7a211cbc71b6950cdcd13700ba5202f3bd79a230fbe0c1440eace8dc6a9d92,512,512,1.0,JPEG,L,Training
data/Training/glioma/Tr-gl_571.jpg,glioma,0,train,b292a80b8212a52049ed2b83c64ccc016b853dbe4eab0598218faaf9dab97ee7,512,512,1.0,JPEG,L,Training
data/Training/glioma/Tr-gl_572.jpg,glioma,0,train,ea973bdaf60e47ea87b1141cc8ad6342b34b771d9d8c4712bbd551f26a0f72ce,512,512,1.0,JPEG,L,Training
data/Training/glioma/Tr-gl_573.jpg,glioma,0,train,99c65e73f39c95783db38e4a0af6d275236e8ccbd503c45fc225e1b9ca44475d,512,512,1.0,JPEG,L,Training
data/Training/glioma/Tr-gl_576.jpg,glioma,0,train,33533c8e29a6b9bc2b378b6262be2375e136a9b18ba3404e797816343f3a16c6,512,512,1.0,JPEG,RGB,Training
data/Training/glioma/Tr-gl_577.jpg,glioma,0,train,e4c4a032b7880cd885caeb8014a36b0318c7d6cbbf0bb7dfa99ef9887d25fd93,512,512,1.0,JPEG,L,Training
data/Training/glioma/Tr-gl_579.jpg,glioma,0,train,344c56046e1f430f69d3df7d0e5272679020bc9043d821dd4503c3ec23abc3ad,512,512,1.0,JPEG,L,Training
data/Training/glioma/Tr-gl_58.jpg,glioma,0,train,f38c1d084e344a9dfdcedda52f11aaf3e8e7ee7b2a2ffdabd1661f32f8631a49,512,512,1.0,JPEG,L,Training
data/Training/glioma/Tr-gl_581.jpg,glioma,0,train,7dbe9e35ff13f3ce9c796fcf2475856d8126810b64837456d96a57b974578e6b,512,512,1.0,JPEG,L,Training
data/Training/glioma/Tr-gl_583.jpg,glioma,0,train,1a8c0e12a923bca9ecffb1f582c0c48998f4235eaf4433842ff8639bb6abec08,512,512,1.0,JPEG,L,Training
data/Training/glioma/Tr-gl_584.jpg,glioma,0,train,1fb77fa28791585f835bdcaf1fac87a4ee344b7fd7952522b9d048248847463a,512,512,1.0,JPEG,RGB,Training
data/Training/glioma/Tr-gl_585.jpg,glioma,0,train,aef342e237203cbe19b855aa359f7128c92a2f339b4e91598dc5cce31c0cd804,512,512,1.0,JPEG,RGB,Training
data/Training/glioma/Tr-gl_586.jpg,glioma,0,train,178390f1d5629f2dbd7d09296acab3c3bac78e43bf4d07b6aafe25cbfd70c6a4,512,512,1.0,JPEG,L,Training
data/Training/glioma/Tr-gl_589.jpg,glioma,0,train,7a2141c0aefd941aaf0b2670349ea8fd3489138be8664ca6b2b04b42578eb59c,512,512,1.0,JPEG,L,Training
data/Training/glioma/Tr-gl_59.jpg,glioma,0,train,bcf85e3d1ed0834401104bff5357b953e0e7b5d9e4174c726896bc05bda582f2,512,512,1.0,JPEG,RGB,Training
data/Training/glioma/Tr-gl_590.jpg,glioma,0,train,bc8e76e9b63b1309f61c596c1960e11719b8432392373aa1b76133f3115d2eac,512,512,1.0,JPEG,L,Training
data/Training/glioma/Tr-gl_591.jpg,glioma,0,train,2aad82f00497ea58bc9df5013b45c9333591f446099e64356b1904a7e8e24961,512,512,1.0,JPEG,L,Training
data/Training/glioma/Tr-gl_592.jpg,glioma,0,train,84ffcdab5bf52bc625897acca8e20c16f5dcd903492d3d4f45c75d74d74bffea,512,512,1.0,JPEG,L,Training
data/Training/glioma/Tr-gl_593.jpg,glioma,0,train,b668c2dda08739507dde6d4f778668cff11c2aea67bcbece5abc8d1a6cffaac7,512,512,1.0,JPEG,L,Training
data/Training/glioma/Tr-gl_594.jpg,glioma,0,train,25e619c5db5bba7ed8ac89dc02118cbcf8c77de549a45254b149ae8c5603f7c1,512,512,1.0,JPEG,L,Training
data/Training/glioma/Tr-gl_596.jpg,glioma,0,train,2d04a7e9dce4da3b26b6e6cefc21413cd66261d079f89caff099a906d127d8b1,512,512,1.0,JPEG,L,Training
data/Training/glioma/Tr-gl_598.jpg,glioma,0,train,7713f141e0550d647009b66cd0fbd21762404b1abd80f6aa28c4a007cc88d845,512,512,1.0,JPEG,L,Training
data/Training/glioma/Tr-gl_599.jpg,glioma,0,train,5bb109ef39d690187f791eaea7c60d966e1ef99832d5140da4eb30d690ca8492,512,512,1.0,JPEG,L,Training
data/Training/glioma/Tr-gl_60.jpg,glioma,0,train,9f169550b311fadd54a819523e02f95df8a3641bc80772da8f39eb3beda81b4f,512,512,1.0,JPEG,L,Training
data/Training/glioma/Tr-gl_600.jpg,glioma,0,train,88f19c0db1f4b4a42a769d3c3a6e072d4a32b38e689b6988b05a73d3359e1c2b,512,512,1.0,JPEG,L,Training
data/Training/glioma/Tr-gl_602.jpg,glioma,0,train,aceb87af397aafe20503ca051cb9a163b20990319de1e26b44aac214abb390f2,512,512,1.0,JPEG,L,Training
data/Training/glioma/Tr-gl_603.jpg,glioma,0,train,de516541169bf6a4bfe43add93ddc4d641ad9e99a58d374c7fadaf71716d5151,512,512,1.0,JPEG,L,Training
data/Training/glioma/Tr-gl_604.jpg,glioma,0,train,f2f8863bfe0526d02f7046f293cb9db02ebca3a304f9a496c1fccce62ea9378b,512,512,1.0,JPEG,L,Training
data/Training/glioma/Tr-gl_605.jpg,glioma,0,train,b8ced4a31e1abfb7fc79ebc52fbfe4e356653c55de2e958bfa0cbd052ed93bcf,512,512,1.0,JPEG,L,Training
data/Training/glioma/Tr-gl_606.jpg,glioma,0,train,79f66b622bb95c0897442dfae83c3992e94ed68dea8f234c94acdad8c3d5974a,512,512,1.0,JPEG,L,Training
data/Training/glioma/Tr-gl_608.jpg,glioma,0,train,51de9df8590269677dc34ac1aae342d4b42d5911026c43f783f564684fd91664,512,512,1.0,JPEG,RGB,Training
data/Training/glioma/Tr-gl_609.jpg,glioma,0,train,e0c004245a2c28de271baeb12e9fee0cfc370435a313b1d78c524500412f3ac4,512,512,1.0,JPEG,L,Training
data/Training/glioma/Tr-gl_61.jpg,glioma,0,train,b8e06cbd9023c0eb26b66861fc101ad953455e67e42eb04063bdeb824b88dbdb,512,512,1.0,JPEG,L,Training
data/Training/glioma/Tr-gl_610.jpg,glioma,0,train,99b68e0704c753a4a3c7a3da99ed44d6a6cc54fb5334331041f9a065ece01e82,512,512,1.0,JPEG,L,Training
data/Training/glioma/Tr-gl_611.jpg,glioma,0,train,6112f8d9ea3d27614df877cd1a39613897607242cd5e29e45af5ac08cc94107e,512,512,1.0,JPEG,L,Training
data/Training/glioma/Tr-gl_614.jpg,glioma,0,train,49b316ab71e511949111ea1ed22d561606e9b06c5c22912f2f09c82e43ea7264,512,512,1.0,JPEG,L,Training
data/Training/glioma/Tr-gl_615.jpg,glioma,0,train,aefee167e2456134d7a38dc4cffd905e926b4c320721f79106f760fd4ec2eba4,512,512,1.0,JPEG,RGB,Training
data/Training/glioma/Tr-gl_616.jpg,glioma,0,train,8760f45d8eb5039f7b6b5a598cde70d2a086ee6cf04acebfe085c9e802c670ef,512,512,1.0,JPEG,L,Training
data/Training/glioma/Tr-gl_617.jpg,glioma,0,train,d438cecff993fd2d34824b8fc61f0bf352ef5327755dc54e5f5a328de84be60f,512,512,1.0,JPEG,L,Training
data/Training/glioma/Tr-gl_618.jpg,glioma,0,train,40965e64a03bf6ae9a4bf175afb92f50ca23831a9fe02a296c990fb65c1c15bc,512,512,1.0,JPEG,L,Training
data/Training/glioma/Tr-gl_619.jpg,glioma,0,train,bf2cac5d197683e3bbc32d13c8f9a19f9cfd3ff604f0c7847eba1383945b4405,512,512,1.0,JPEG,L,Training
data/Training/glioma/Tr-gl_62.jpg,glioma,0,train,05e25176d38c045deb5dc345322005def781322b04d84531291461e9ad51f3a8,512,512,1.0,JPEG,L,Training
data/Training/glioma/Tr-gl_621.jpg,glioma,0,train,ff2d98bba0615dd8af2ce29ec601b637e1deba2ad296a87540c294e338c8f113,512,512,1.0,JPEG,L,Training
data/Training/glioma/Tr-gl_622.jpg,glioma,0,train,670ce273d470e51a3d6be3ace6a7106757783941dc8f8a20adafdc09cfef825a,512,512,1.0,JPEG,L,Training
data/Training/glioma/Tr-gl_623.jpg,glioma,0,train,8829da739cd9eb65aec98f9d243c057160a45caebc192dbf9743140e1b626d92,512,512,1.0,JPEG,L,Training
data/Training/glioma/Tr-gl_624.jpg,glioma,0,train,4a52412b6cab95f94fcec4ea29bf59f6e05e5a970107cfa52c44b1ccf787cc30,512,512,1.0,JPEG,L,Training
data/Training/glioma/Tr-gl_625.jpg,glioma,0,train,76879d0b3930b92be61482ecfeb03618027967920936061bfb72ebcd96ac18b8,512,512,1.0,JPEG,RGB,Training
data/Training/glioma/Tr-gl_627.jpg,glioma,0,train,d48adc59f19ca005685267c978c7b58e9458a503c9593509239286cdb6f102d3,512,512,1.0,JPEG,L,Training
data/Training/glioma/Tr-gl_628.jpg,glioma,0,train,c17e2e9f10661153ce5f1d2fe845657e612821130cba933f07dcfa80d77702ee,512,512,1.0,JPEG,L,Training
data/Training/glioma/Tr-gl_629.jpg,glioma,0,train,54580252e34d0f125797a1228bade10d282a0558a85a93c5ec28fa365c80b399,512,512,1.0,JPEG,L,Training
data/Training/glioma/Tr-gl_63.jpg,glioma,0,train,c84f258686ec28553e7b0bd910c31027a6e94b25de2b81f683457e945f50a32e,512,512,1.0,JPEG,L,Training
data/Training/glioma/Tr-gl_630.jpg,glioma,0,train,0fca39a256e4de94653cb010650cae8faa0e65eee9801ba9bdf15cf187b84054,512,512,1.0,JPEG,L,Training
data/Training/glioma/Tr-gl_631.jpg,glioma,0,train,85e4b5288d20e76265d2ef570fe0cb97116ecfb1032a4b44d585c946362dc1b3,512,512,1.0,JPEG,RGB,Training
data/Training/glioma/Tr-gl_632.jpg,glioma,0,train,0dbc7654f09b52f177e4f9aa2fbbbc193ff82b6eb133220fcfaf8b240e36d821,512,512,1.0,JPEG,L,Training
data/Training/glioma/Tr-gl_633.jpg,glioma,0,train,c4a4777ca4290279011d1e1bdc6e477d3b28be4a7650be9bf16d996ad4368294,512,512,1.0,JPEG,L,Training
data/Training/glioma/Tr-gl_634.jpg,glioma,0,train,4f70b7f7a05063a3b000ef5618bd7d88f53b6c22b697942095ecba83b5dfc1d0,512,512,1.0,JPEG,L,Training
data/Training/glioma/Tr-gl_636.jpg,glioma,0,train,0c7a86f1eaecf2e5989e935b079fa78f89930273a8de2fb5932c0857199f3447,512,512,1.0,JPEG,RGB,Training
data/Training/glioma/Tr-gl_637.jpg,glioma,0,train,8a52cf97f37d4d722254d8022cdb78ec3dc4f99bfe7cbcd049edbdfcf19998d6,512,512,1.0,JPEG,L,Training
data/Training/glioma/Tr-gl_639.jpg,glioma,0,train,6e18e4118ca534767ec9f691277b2cfa7b787a3ea860cd0c5cf365d29faf1881,512,512,1.0,JPEG,L,Training
data/Training/glioma/Tr-gl_64.jpg,glioma,0,train,384aad92da2cad905791bac3bca8d4ecff15de5b4d92acdf3e58c09bedf97bea,512,512,1.0,JPEG,L,Training
data/Training/glioma/Tr-gl_640.jpg,glioma,0,train,27d1d70e9bb82894f4b26d27fdffd7c67f5e9c5627cbbbbc7d9a93fc04331ebc,512,512,1.0,JPEG,L,Training
data/Training/glioma/Tr-gl_643.jpg,glioma,0,train,647ad875e4e9d44ffc08e2063e7fc5d85a7e4f99a6191bb1633a044213d705b2,512,512,1.0,JPEG,L,Training
data/Training/glioma/Tr-gl_645.jpg,glioma,0,train,624fd7e181585dc3794215fbd924eeead8dbee96f7bdcc7bf23df50d1a909582,512,512,1.0,JPEG,L,Training
data/Training/glioma/Tr-gl_646.jpg,glioma,0,train,3f521029990ee3b495cee5032dd0a145e228039c86197cbb8b3324be1d8b47d7,512,512,1.0,JPEG,RGB,Training
data/Training/glioma/Tr-gl_647.jpg,glioma,0,train,5ee8986229799c9fbabb6a104fce5f207f423a293efafe06405a718f4eaf7f79,512,512,1.0,JPEG,L,Training
data/Training/glioma/Tr-gl_648.jpg,glioma,0,train,0fea0c993dab7148c8842aa1b98640b3a6edd7e01584054513ca80c24d271885,512,512,1.0,JPEG,L,Training
data/Training/glioma/Tr-gl_649.jpg,glioma,0,train,9086bb0cd8496d071580ea4a7b45a6b26fa23b548969ac1c909f2d5209d26f9e,512,512,1.0,JPEG,L,Training
data/Training/glioma/Tr-gl_65.jpg,glioma,0,train,3e1b0cbd6fabf6d8b982030d71bd9d8609b96cf6c9120b9875dc743e8f1d215a,512,512,1.0,JPEG,L,Training
data/Training/glioma/Tr-gl_650.jpg,glioma,0,train,6f69ffd4e983d22e68799d13f87a404483169a5632d5325a8d41b80e64b31898,512,512,1.0,JPEG,L,Training
data/Training/glioma/Tr-gl_652.jpg,glioma,0,train,c46764d85e7408d21bd5d3c2b744540d5b70be31da43f157572f85a56edb0492,512,512,1.0,JPEG,L,Training
data/Training/glioma/Tr-gl_653.jpg,glioma,0,train,ac5306b4de4e96b0a5920d393cd4555e6a7613e650bc63526e64625ba3c8c39c,512,512,1.0,JPEG,L,Training
data/Training/glioma/Tr-gl_654.jpg,glioma,0,train,69695384f71b7fe676e35ffcdf5bfee98a4174716ef61b3924cb62b729099647,512,512,1.0,JPEG,RGB,Training
data/Training/glioma/Tr-gl_656.jpg,glioma,0,train,11dc72bfce5319a089c5de60c164cea107443a05836b270006162bb9fc6dff15,512,512,1.0,JPEG,RGB,Training
data/Training/glioma/Tr-gl_658.jpg,glioma,0,train,e008200680b7e323e580dffed111e993bf1912c8bf31dd1c62221202cd7cabd6,512,512,1.0,JPEG,L,Training
data/Training/glioma/Tr-gl_659.jpg,glioma,0,train,e2ac0c28da4f8a774925e0b3407357cefc7946966faa08b2f90799101254a902,512,512,1.0,JPEG,L,Training
data/Training/glioma/Tr-gl_66.jpg,glioma,0,train,d5434b20bd68ef3b622394ee8d9f9c259ccebaf759cb9a906c087dfdefead674,512,512,1.0,JPEG,L,Training
data/Training/glioma/Tr-gl_661.jpg,glioma,0,train,f488fe8227453a2ca0df5b620e03a1d08d5323307e9d9e8c54e697572670dedc,512,512,1.0,JPEG,L,Training
data/Training/glioma/Tr-gl_663.jpg,glioma,0,train,80ab14bc9b3f2b9631ca420038b0d47e0d445ed37578f6f9df2494a28e29dcab,512,512,1.0,JPEG,L,Training
data/Training/glioma/Tr-gl_664.jpg,glioma,0,train,72cbe9f9f250f80828b0de2628b54738f42c6706b6e611fa69d18337a43d787c,512,512,1.0,JPEG,RGB,Training
data/Training/glioma/Tr-gl_666.jpg,glioma,0,train,dfd5af21473d34de2a1e165bdadb85884e18f73488ce0596c6b4ab2150fac816,512,512,1.0,JPEG,L,Training
data/Training/glioma/Tr-gl_667.jpg,glioma,0,train,585ffe64d26109464963f797ebe811c59894e5d23474efb69e78d14cc92540e6,512,512,1.0,JPEG,L,Training
data/Training/glioma/Tr-gl_669.jpg,glioma,0,train,c25ac9ba3ef11348ceacf3c2f9e7c677941283301ee52f94e869af02898d88a7,512,512,1.0,JPEG,L,Training
data/Training/glioma/Tr-gl_67.jpg,glioma,0,train,baf5469a84d9c934dd49ab72ad4b0dde9b906b2b1d84174c9470355f7d82c2de,512,512,1.0,JPEG,L,Training
data/Training/glioma/Tr-gl_671.jpg,glioma,0,train,6739dc038930174b902baf91ff83c183b5f853309e16235a8e8bb46bbcf98a16,512,512,1.0,JPEG,L,Training
data/Training/glioma/Tr-gl_672.jpg,glioma,0,train,56b77724143c6488a7bb53035a2904a411c12686e20cc5ff8432f456ad5ae1bb,512,512,1.0,JPEG,L,Training
data/Training/glioma/Tr-gl_673.jpg,glioma,0,train,017c2bfcbd0f96a74d616625b19bd59e56a4867497e39e9bfa5a8edd54c871ff,512,512,1.0,JPEG,RGB,Training
data/Training/glioma/Tr-gl_676.jpg,glioma,0,train,5596de27b7b7f39992509b7f2ee9ee9f56a87c3df177360acbac260cd7118f64,512,512,1.0,JPEG,L,Training
data/Training/glioma/Tr-gl_678.jpg,glioma,0,train,97efb1eeac2fc3c7cd8662021318f474ce6c8c116fd14589dab0b2a4a197a1a4,512,512,1.0,JPEG,L,Training
data/Training/glioma/Tr-gl_679.jpg,glioma,0,train,06e8c7b0b1146825d55ed71488b0cdc09ce488352cee526e2409e00edac7a402,512,512,1.0,JPEG,L,Training
data/Training/glioma/Tr-gl_68.jpg,glioma,0,train,d5dd4b295df1769f5cb8aed6f032eecb37abf69d7f9646750da8b0f6191277ec,512,512,1.0,JPEG,L,Training
data/Training/glioma/Tr-gl_680.jpg,glioma,0,train,c1864eae238c1b1337086acd5f1d4631aacce7795a56e63a9d7511aebb86746e,512,512,1.0,JPEG,L,Training
data/Training/glioma/Tr-gl_682.jpg,glioma,0,train,4eb3d8934a0650bfac4a5cb1a68dcf3a72c40b207971c8ab21220e2c088e253d,512,512,1.0,JPEG,L,Training
data/Training/glioma/Tr-gl_684.jpg,glioma,0,train,3bcc447de9f5baf31d36d22a9333b30bec8ed67b24df9644016aabf36f3f6112,512,512,1.0,JPEG,L,Training
data/Training/glioma/Tr-gl_685.jpg,glioma,0,train,ca9924757094fccd954ee680817b785bfe3a88df73de3872ef3929c902df34cd,512,512,1.0,JPEG,L,Training
data/Training/glioma/Tr-gl_687.jpg,glioma,0,train,907c4772ea8f0b778ae8ec74db7bf4d1aea43cd65e7867cc118ef940639d2969,512,512,1.0,JPEG,RGB,Training
data/Training/glioma/Tr-gl_688.jpg,glioma,0,train,9705f9d35e72785012e2bc625731fc95f2adcf7e5da8c56fff64750d039a22e8,512,512,1.0,JPEG,L,Training
data/Training/glioma/Tr-gl_689.jpg,glioma,0,train,c1344e32e85b0da5e65457f27f0c936987594acbf5d53af9d97fc29122f8454b,512,512,1.0,JPEG,L,Training
data/Training/glioma/Tr-gl_69.jpg,glioma,0,train,62009a3463458e42733cd93e83d01cbe6556793984d2c9354a09b18476bf18a1,512,512,1.0,JPEG,L,Training
data/Training/glioma/Tr-gl_690.jpg,glioma,0,train,8dedb1ab43fa59348bbfd0be23c3f4b8a6f3c4bbda96d31647ae58cb53e8fc38,512,512,1.0,JPEG,L,Training
data/Training/glioma/Tr-gl_692.jpg,glioma,0,train,b6aa933751842a1a709e34ddce09ec9de9a343127e6b98af8a2d8ceb96bbe2b3,512,512,1.0,JPEG,L,Training
data/Training/glioma/Tr-gl_693.jpg,glioma,0,train,638600431f896253a6a366c933da5ddc1d616f51b0a1cffa13f475eec8fb9443,512,512,1.0,JPEG,L,Training
data/Training/glioma/Tr-gl_694.jpg,glioma,0,train,8ce58ec03f83a943a5559db42d1eafc44bebf370caf2f6850684ad87d038b369,512,512,1.0,JPEG,L,Training
data/Training/glioma/Tr-gl_695.jpg,glioma,0,train,eb4874fabcdaced62816d6fa52f566e74d3265ddb9766a9ba40056c6835ea612,512,512,1.0,JPEG,L,Training
data/Training/glioma/Tr-gl_696.jpg,glioma,0,train,577d87b5be2977b56fcd4d1b0fb4d2296a10e8fbd940a6b789da6b148ab77a96,512,512,1.0,JPEG,RGB,Training
data/Training/glioma/Tr-gl_697.jpg,glioma,0,train,f5814e60d5771ebda0a26a96652939459f37ecf0b8314a834509998c396da8aa,512,512,1.0,JPEG,L,Training
data/Training/glioma/Tr-gl_699.jpg,glioma,0,train,07503a114844f246ef2c326d6abaffe3caa5218d53d22186c86986bfecc3dbb8,512,512,1.0,JPEG,L,Training
data/Training/glioma/Tr-gl_7.jpg,glioma,0,train,7667a08e164a25bd4021a344b44b20137e44f65db6676adee2c3850c3f72031e,512,512,1.0,JPEG,L,Training
data/Training/glioma/Tr-gl_70.jpg,glioma,0,train,b550c464cb26bbaf3d8b2e8965bca7163a477c9228051b75875bb513e54d147c,512,512,1.0,JPEG,L,Training
data/Training/glioma/Tr-gl_700.jpg,glioma,0,train,97b87595aa50677c5ccf720b498e9b6ac126ab932ed20ee049a7c36f56ccc482,512,512,1.0,JPEG,L,Training
data/Training/glioma/Tr-gl_701.jpg,glioma,0,train,00f97c61ed7305152ec768b9fcfa8dca66580e9c4c88b4cee7a2935427f05800,512,512,1.0,JPEG,L,Training
data/Training/glioma/Tr-gl_702.jpg,glioma,0,train,3256edd6455bac0ca550960e81a9cea3b4ab75d46607c2560a92d486cf67d71c,512,512,1.0,JPEG,RGB,Training
data/Training/glioma/Tr-gl_703.jpg,glioma,0,train,b174d678affc40c5187456010120194624e160fd6a6b6bdb0ea4b903f8d9e608,512,512,1.0,JPEG,L,Training
data/Training/glioma/Tr-gl_704.jpg,glioma,0,train,6747c9065ba316c63b46079d3e1b9892f9c25cf24920a2005d4cc5b50f4e6756,512,512,1.0,JPEG,L,Training
data/Training/glioma/Tr-gl_705.jpg,glioma,0,train,47591a6a26029a5f04f6bcede4454855acca979ab7ed8d596b0e74348a86c25e,512,512,1.0,JPEG,L,Training
data/Training/glioma/Tr-gl_706.jpg,glioma,0,train,17fa76e5b2e9e86f984c55609a8c8d8a2468d3c74e1b48b992f55ff53f4ff9b6,512,512,1.0,JPEG,RGB,Training
data/Training/glioma/Tr-gl_707.jpg,glioma,0,train,d6bf486aca288e4a40835892a9d3043b2e16305f50804d5608e5d989991d801d,512,512,1.0,JPEG,L,Training
data/Training/glioma/Tr-gl_71.jpg,glioma,0,train,75ec6ac5b20ed0317ed9c3218f06c4899380eb76f6de1a782c309a9c28494f5f,512,512,1.0,JPEG,L,Training
data/Training/glioma/Tr-gl_712.jpg,glioma,0,train,b29ed98b31af57dd26a80ca868992e111a0023ad71aa076af2799b8fd5b6c06e,512,512,1.0,JPEG,L,Training
data/Training/glioma/Tr-gl_713.jpg,glioma,0,train,21ac9751baf71840358f959ba2eb6602a615e529555fa1272f7d76298a9916ba,512,512,1.0,JPEG,L,Training
data/Training/glioma/Tr-gl_714.jpg,glioma,0,train,1867889c5dad35ddc63eef5c8de315d98e9c447ac18f1804312af1e18fe7b3f2,512,512,1.0,JPEG,L,Training
data/Training/glioma/Tr-gl_715.jpg,glioma,0,train,f37f1ecd758941a6de715432d5d784b84bb53b657cc33f156d9aecddb00d5067,512,512,1.0,JPEG,L,Training
data/Training/glioma/Tr-gl_717.jpg,glioma,0,train,38a341e8f5edb0a72b395b6e518b9f526cedf9371bbbd350c4c1592e52647aa6,512,512,1.0,JPEG,L,Training
data/Training/glioma/Tr-gl_72.jpg,glioma,0,train,0f4ce2c487da8751c201fc282e7bfffce220359d13fa482c3577b9daf78280f8,512,512,1.0,JPEG,L,Training
data/Training/glioma/Tr-gl_720.jpg,glioma,0,train,ad2a5da0300a10a6a91e5d79a0bb256d744ed646f0c3f912535213e135fc5347,512,512,1.0,JPEG,RGB,Training
data/Training/glioma/Tr-gl_723.jpg,glioma,0,train,53b5415e621fb0b8613c07fc426de8c5a8fae4862521f01b215ad0f23e9f5323,512,512,1.0,JPEG,L,Training
data/Training/glioma/Tr-gl_724.jpg,glioma,0,train,21a7e07c05d49141300e2682f3740b69dccefe318f1b619bd1150262c35a5bce,512,512,1.0,JPEG,L,Training
data/Training/glioma/Tr-gl_727.jpg,glioma,0,train,79bd46fe205004e86a0bd8cc7ec99a2a09bec59f92f5c0c7d73997ff570474c7,512,512,1.0,JPEG,L,Training
data/Training/glioma/Tr-gl_728.jpg,glioma,0,train,a36f2e2d26372720a565571fe570774cc1d60d229fa0ae46c0c818b4cb67ccf0,512,512,1.0,JPEG,L,Training
data/Training/glioma/Tr-gl_729.jpg,glioma,0,train,a34e22a1fe101c04d42eaa6c5b83e0b750f7eb7e8622ac3abf0a34473fa48061,512,512,1.0,JPEG,L,Training
data/Training/glioma/Tr-gl_73.jpg,glioma,0,train,805bdc42d471050521a97d85309e20e39493b020cc556f309656dba458b65cf2,512,512,1.0,JPEG,L,Training
data/Training/glioma/Tr-gl_731.jpg,glioma,0,train,c22de08c3798b2fed8cc4f650682711080ec7df1cf012280d490b00e8ae77913,512,512,1.0,JPEG,L,Training
data/Training/glioma/Tr-gl_733.jpg,glioma,0,train,565f9357f2c33e9fc58413497484b6cc941c27c8bdd8ace605853f6246bd850e,512,512,1.0,JPEG,L,Training
data/Training/glioma/Tr-gl_735.jpg,glioma,0,train,dcb6a80d0a62ba0bcebeeaca4f2e41cf5d22c9bc2a777095ab51dbf3553e3475,512,512,1.0,JPEG,L,Training
data/Training/glioma/Tr-gl_736.jpg,glioma,0,train,a4195a9c20fb86ac7d0d803aadde0180e934782970ac756a9eec3533bee893fc,512,512,1.0,JPEG,L,Training
data/Training/glioma/Tr-gl_737.jpg,glioma,0,train,cad0cad0bd14907d76cd29b899992851fdc355734d0863fa1de495bf69b9908b,512,512,1.0,JPEG,L,Training
data/Training/glioma/Tr-gl_738.jpg,glioma,0,train,bf99d295548f005ae9d06d7b92f3af3baef5d1eaa5c9990ca02e1719cc4067f3,512,512,1.0,JPEG,L,Training
data/Training/glioma/Tr-gl_739.jpg,glioma,0,train,5c2bf76744ed22f3f308bcb8a2fb1432757c1ac2472804612d07e58afe95cd38,512,512,1.0,JPEG,L,Training
data/Training/glioma/Tr-gl_740.jpg,glioma,0,train,0458725fec0dc9e19b9cbbc5cf54c5dfc2abbdc78078092776ad4951bf4e8356,512,512,1.0,JPEG,RGB,Training
data/Training/glioma/Tr-gl_742.jpg,glioma,0,train,0ffa487633d95b4712a443e770b7b2fd2493b638f403017f292f2759a89cba06,512,512,1.0,JPEG,RGB,Training
data/Training/glioma/Tr-gl_743.jpg,glioma,0,train,4300a8a27f78a50740d79ffefeb9ba4d2bb5189557e7248f6cdf3b855137d3f8,512,512,1.0,JPEG,L,Training
data/Training/glioma/Tr-gl_744.jpg,glioma,0,train,3623d9e49336fb13ba72671c00cfcfba9098cd1a8622b6593dc9c20943bc1378,512,512,1.0,JPEG,L,Training
data/Training/glioma/Tr-gl_746.jpg,glioma,0,train,fd61b68ed01679dd74c8c6834bade4d84d24652976a9184bfc998e21dd15e5be,512,512,1.0,JPEG,L,Training
data/Training/glioma/Tr-gl_747.jpg,glioma,0,train,7f5e1aedfcdbe3010e6a3a3fb51379758ebfc6e0ba675e9800dfa58deda11e56,512,512,1.0,JPEG,L,Training
data/Training/glioma/Tr-gl_748.jpg,glioma,0,train,fc275d43de7234f68cfb37e96cb4c155515b564b4816280816d768aa900ce2dd,512,512,1.0,JPEG,L,Training
data/Training/glioma/Tr-gl_751.jpg,glioma,0,train,2a17bd74af449e1da7cfc06a597d0cc82b7ab243ff29ef6399c48241da76f56f,512,512,1.0,JPEG,L,Training
data/Training/glioma/Tr-gl_753.jpg,glioma,0,train,58e46a8fc5fe226ae959a9e9b7c1e4db08715948e52afc5b3d14b7948a5000eb,512,512,1.0,JPEG,L,Training
data/Training/glioma/Tr-gl_755.jpg,glioma,0,train,5ca832417bf17a7d412ced5c5f6a130d0903296e4a8bf07dd140d9e42edb45ce,512,512,1.0,JPEG,RGB,Training
data/Training/glioma/Tr-gl_758.jpg,glioma,0,train,90da46b4635b1bb8d6c2baede3deb2874a247c7c92004c571a11b29f114c68b6,512,512,1.0,JPEG,L,Training
data/Training/glioma/Tr-gl_76.jpg,glioma,0,train,37aefe8b5bee7b035c0815f3be78c81387ed72f1f5e074160f2e008515f117dc,512,512,1.0,JPEG,RGB,Training
data/Training/glioma/Tr-gl_760.jpg,glioma,0,train,e73b660b66d3c76e2a49b304834f5fd14223f8b784003b5363caf513413ac8a0,512,512,1.0,JPEG,L,Training
data/Training/glioma/Tr-gl_761.jpg,glioma,0,train,179891da9de06b45f429c6a60e197fbca6d26747d8ea80d20a248bafe3ce6234,512,512,1.0,JPEG,RGB,Training
data/Training/glioma/Tr-gl_762.jpg,glioma,0,train,79e713a9b8563d71a5a2ae8fdbab6d1ce177e2040f3222e1bda324c0ff7c69e9,512,512,1.0,JPEG,RGB,Training
data/Training/glioma/Tr-gl_768.jpg,glioma,0,train,bf8f62ef9f0cc85b46c05851e4723af5174205d6e5772607dfb527f9b49ba3e7,512,512,1.0,JPEG,L,Training
data/Training/glioma/Tr-gl_769.jpg,glioma,0,train,31809e033e6e1aa84c4a07929a0a0e7401e70aaf8a10e6eed4cb1717b9baa730,512,512,1.0,JPEG,L,Training
data/Training/glioma/Tr-gl_77.jpg,glioma,0,train,92da80fb1e8c8263eabc69761e95ea792b14fa0091ea250eb85b7105c3ada3f8,512,512,1.0,JPEG,L,Training
data/Training/glioma/Tr-gl_770.jpg,glioma,0,train,54834a90719794190ccb8d201da2a28f3863dece1eb713356bbece9447a50cfa,512,512,1.0,JPEG,L,Training
data/Training/glioma/Tr-gl_771.jpg,glioma,0,train,909752c931a699646979a7640eb920e479959dd67728bbd67f074d067afb19b7,512,512,1.0,JPEG,L,Training
data/Training/glioma/Tr-gl_773.jpg,glioma,0,train,b0aa4a1269707dd6cd10d1c4bc0354e8d4bbd3643d61157bbbfc901e0fcd00ca,512,512,1.0,JPEG,L,Training
data/Training/glioma/Tr-gl_775.jpg,glioma,0,train,5a7a021f6597b618a2b43aa00b80b5049af987d73b80dfce9744a11c5eef0a91,512,512,1.0,JPEG,L,Training
data/Training/glioma/Tr-gl_778.jpg,glioma,0,train,404d6b2d078acb1b1aa6d2111db8a01bb6e8fc96aa273798cc21f3584aa21b21,512,512,1.0,JPEG,L,Training
data/Training/glioma/Tr-gl_78.jpg,glioma,0,train,0bf5dccf2c22364fe50ec201c7f1c30b7b7422213bf86cc7abd0429c63e7b1ef,512,512,1.0,JPEG,L,Training
data/Training/glioma/Tr-gl_780.jpg,glioma,0,train,fd34a66c7884877b9ef2fb9a2a04cd340772c77b2e8c39ccd132175398771867,512,512,1.0,JPEG,RGB,Training
data/Training/glioma/Tr-gl_781.jpg,glioma,0,train,e46947fff882ca0f5c1f6eed8cb7129a15e89143a9370f83ac52262a0f87139c,512,512,1.0,JPEG,L,Training
data/Training/glioma/Tr-gl_782.jpg,glioma,0,train,48ac7e09ccfab8cb43b181089a1647dc389726effbb15cfbc0f7cb99b4f08a2a,512,512,1.0,JPEG,RGB,Training
data/Training/glioma/Tr-gl_783.jpg,glioma,0,train,235578758eb4899d7292e95bc65299fe58ee80244e1cada1e5879affc6b128c5,512,512,1.0,JPEG,L,Training
data/Training/glioma/Tr-gl_784.jpg,glioma,0,train,59d0e2e6ccc78bf2fc15d4e3aa816614021b411fcb80442159f8758b99bf553e,512,512,1.0,JPEG,L,Training
data/Training/glioma/Tr-gl_785.jpg,glioma,0,train,bb11bceb12a5fde316de3ab64512af2a58993efd3d78480e342fcfd72b5c0423,512,512,1.0,JPEG,L,Training
data/Training/glioma/Tr-gl_786.jpg,glioma,0,train,521d0741969402995366d23c11caf43fb1d7c61b8e90f2285db30ceb50e64a1e,512,512,1.0,JPEG,L,Training
data/Training/glioma/Tr-gl_787.jpg,glioma,0,train,095096421bef560ec245634e2cdc97fe1dce7297853787ee114e988a596d3f16,512,512,1.0,JPEG,L,Training
data/Training/glioma/Tr-gl_788.jpg,glioma,0,train,2059bf9b4063a09fb6ff83e70b36dfd6a96daa56bf23f393624dcbe0dd71ccc0,512,512,1.0,JPEG,L,Training
data/Training/glioma/Tr-gl_789.jpg,glioma,0,train,e7abb5922b46f7d01190726a47214f5709c0564977ff0e2be9347ceb3508c512,512,512,1.0,JPEG,L,Training
data/Training/glioma/Tr-gl_79.jpg,glioma,0,train,1fadd58ebfff112f9485459640e5bd38df47403585969a504f5c10f5a1a66cf0,512,512,1.0,JPEG,L,Training
data/Training/glioma/Tr-gl_791.jpg,glioma,0,train,943ca9f38635b0d0f801731e46cfde8239af545fbcbebe01bf14ec2cc51e3eb3,512,512,1.0,JPEG,L,Training
data/Training/glioma/Tr-gl_793.jpg,glioma,0,train,a9293559ce93d9f11bdcd2f9f1bfb99fd8666c9a04bbab8bee4f1ced27823bd7,512,512,1.0,JPEG,L,Training
data/Training/glioma/Tr-gl_794.jpg,glioma,0,train,0e728308e6bac6794a1010821fd19f3f4e31a5244c405897fd9adcad5edec038,512,512,1.0,JPEG,L,Training
data/Training/glioma/Tr-gl_795.jpg,glioma,0,train,2028d5d781e46045f2ac417d66593ff4c8acc19b3e60fdb9e3fb6acb3e65dea4,512,512,1.0,JPEG,L,Training
data/Training/glioma/Tr-gl_796.jpg,glioma,0,train,57bc5b4db6a0931431630212863b04b32ce8d9971568fc06fe9ddd839abb0fe0,512,512,1.0,JPEG,L,Training
data/Training/glioma/Tr-gl_798.jpg,glioma,0,train,63a9062ebe65e8a50245ae46395406bb391de0cf769b1166216521946464ba01,512,512,1.0,JPEG,RGB,Training
data/Training/glioma/Tr-gl_799.jpg,glioma,0,train,963e9f8140fc8e4c921cd083660f33203f2f9092a73b0f9b7af5da9d40330846,512,512,1.0,JPEG,L,Training
data/Training/glioma/Tr-gl_8.jpg,glioma,0,train,62e2c45ce4d67e6013379dcbc0f3f5106aeeed5d0b0a15821a3f5da577bb7758,512,512,1.0,JPEG,RGB,Training
data/Training/glioma/Tr-gl_80.jpg,glioma,0,train,7a89144c0e3b1a770dbd8b60eba8afb13d8085292f1227710c1ea146e2fa960a,512,512,1.0,JPEG,RGB,Training
data/Training/glioma/Tr-gl_800.jpg,glioma,0,train,194c5820afdc3ea433ae230cb6a9894f5dbf8fb0d312931b482d29698b555afb,512,512,1.0,JPEG,L,Training
data/Training/glioma/Tr-gl_802.jpg,glioma,0,train,823ee0b3bbf775d79e7c3c282357d4fc3b0810c2f7efd315033624ddbeff58bb,512,512,1.0,JPEG,L,Training
data/Training/glioma/Tr-gl_804.jpg,glioma,0,train,985f64252894a838f20c30a31e87c8a3864775fb86a99a6b238f7b0108de76ec,512,512,1.0,JPEG,L,Training
data/Training/glioma/Tr-gl_805.jpg,glioma,0,train,003fb110404672fd2a6d8af9f5d679c62a806c0dbef2dc78daada322043bedec,512,512,1.0,JPEG,L,Training
data/Training/glioma/Tr-gl_806.jpg,glioma,0,train,06bf441d591015b2559a34b9f3bfc415f901141cf1b9763532d1d63c96296465,512,512,1.0,JPEG,RGB,Training
data/Training/glioma/Tr-gl_808.jpg,glioma,0,train,7ede06dc5d468f69940bfa0e97bfc237a4bcf47ca082cc50a2214d1b3ff8c62a,512,512,1.0,JPEG,L,Training
data/Training/glioma/Tr-gl_809.jpg,glioma,0,train,9bdb086c6c81f856fb4e8a43d04f3e7e6a5ca8d8690c409aec34b3b430fd1ed4,512,512,1.0,JPEG,L,Training
data/Training/glioma/Tr-gl_81.jpg,glioma,0,train,605a8be12b7a363d67d98d03eb4b61b8d14aa5f83a3d45026b69f3235cf2964f,512,512,1.0,JPEG,L,Training
data/Training/glioma/Tr-gl_810.jpg,glioma,0,train,10550b188095afbdff6603dc25ee71e656905997c9bd73a28c9971e728935ebd,512,512,1.0,JPEG,L,Training
data/Training/glioma/Tr-gl_811.jpg,glioma,0,train,860b79e04c782e3a421b0fbfc9b681b2860626428ef4111e570f1e8f2ab76ad1,512,512,1.0,JPEG,L,Training
data/Training/glioma/Tr-gl_812.jpg,glioma,0,train,4b226f0bda2e616ae29d0c13a02619ccc5648dc6cde112af99bfd34c551df576,512,512,1.0,JPEG,L,Training
data/Training/glioma/Tr-gl_813.jpg,glioma,0,train,eefbeec31579690c8c16afc50a2d60fa48bd60cc42468589e2fe44d0fbca3ef6,512,512,1.0,JPEG,L,Training
data/Training/glioma/Tr-gl_814.jpg,glioma,0,train,2fe30fd420ec375fa49076f77e08eae03c414f40f6529356cb0d9c10111f9631,512,512,1.0,JPEG,L,Training
data/Training/glioma/Tr-gl_815.jpg,glioma,0,train,4c98005b4b2586e1021a10ca6c099036651a69aed10c87998223dabfbd9922eb,512,512,1.0,JPEG,L,Training
data/Training/glioma/Tr-gl_816.jpg,glioma,0,train,c5e857932b858eb9172504ebadf05b13ebfac7a08a495d4dd6c7721f23805719,512,512,1.0,JPEG,L,Training
data/Training/glioma/Tr-gl_817.jpg,glioma,0,train,94f2db116bb309ed7caa1ec37703ab91f8ce1f42f5e6bca8de17abf3070255df,512,512,1.0,JPEG,L,Training
data/Training/glioma/Tr-gl_818.jpg,glioma,0,train,4d287bbd74625ed458a84517cea5780be183e25616d0fe4492786f69f39e47de,512,512,1.0,JPEG,L,Training
data/Training/glioma/Tr-gl_819.jpg,glioma,0,train,91a2b3283b20a739baca8cb668a0c946177fd4d6cd4b7dc7cc4ddf3c8df449c2,512,512,1.0,JPEG,RGB,Training
data/Training/glioma/Tr-gl_820.jpg,glioma,0,train,c0ffbd521ff97bd33cc444efacdd680647cd53336c526885a9a62555bd6c863f,512,512,1.0,JPEG,L,Training
data/Training/glioma/Tr-gl_822.jpg,glioma,0,train,13e66a16687ad62a44f4c3794f09e877c47e46ad2b0c318a0130f49a0e87a385,512,512,1.0,JPEG,L,Training
data/Training/glioma/Tr-gl_823.jpg,glioma,0,train,f8a0e2621080c4851c8e044fd5655cfb9aee276d1d2345d0b45b15087bd525bf,512,512,1.0,JPEG,RGB,Training
data/Training/glioma/Tr-gl_826.jpg,glioma,0,train,454ccdd82d9aa5399acfbd4aa09d0414768c55a6e63fd7fd0b20b7a05e15a8d3,512,512,1.0,JPEG,L,Training
data/Training/glioma/Tr-gl_827.jpg,glioma,0,train,9f8c0d4673b041c51b5858dc56b0dd25b76f27a6a5f6e775df9344dcaf907610,512,512,1.0,JPEG,L,Training
data/Training/glioma/Tr-gl_828.jpg,glioma,0,train,15ff893246b7c0f83b31a583a3d9a193bf76d8ade18df119952b865391901389,512,512,1.0,JPEG,L,Training
data/Training/glioma/Tr-gl_829.jpg,glioma,0,train,27643ecff0dcb37be836efc3006c912fc6c2428e8a6b374ad03bebf6665cc8a5,512,512,1.0,JPEG,L,Training
data/Training/glioma/Tr-gl_831.jpg,glioma,0,train,6a327e18176feffd64a5d2ab5e237f08a64742678f741b5d68e04dd90551bda9,512,512,1.0,JPEG,L,Training
data/Training/glioma/Tr-gl_832.jpg,glioma,0,train,0fcca1f716192ea32694abad62ff368f1b4a05abcf60c6c833c4e2df9f77c355,512,512,1.0,JPEG,L,Training
data/Training/glioma/Tr-gl_834.jpg,glioma,0,train,d345a61577d1f3f6f1553ac00ef1ac5690a8c0b7c153057bfc8a5e30715544a2,512,512,1.0,JPEG,L,Training
data/Training/glioma/Tr-gl_838.jpg,glioma,0,train,e676d1dfb71c8a69834c0afd5de96425dd2cf51ce8b4365f94677847da482e56,512,512,1.0,JPEG,L,Training
data/Training/glioma/Tr-gl_84.jpg,glioma,0,train,95f0ffde34e8caede3974f67245ccb4af433f87818a41d0b9877c46bac15884c,512,512,1.0,JPEG,L,Training
data/Training/glioma/Tr-gl_841.jpg,glioma,0,train,2b365dca481a0d1381f504cbba28bc43861dc7aab16d94c66d85e83e8486869d,512,512,1.0,JPEG,L,Training
data/Training/glioma/Tr-gl_842.jpg,glioma,0,train,058f3fa2e0305dc86f067e38728a7ef42cdc9b5db68721780c83802e17f94026,512,512,1.0,JPEG,L,Training
data/Training/glioma/Tr-gl_844.jpg,glioma,0,train,87a96e0a55eb0054bf48e7130415e4579a408e7fc82e4734d5349f1e61bffd57,512,512,1.0,JPEG,L,Training
data/Training/glioma/Tr-gl_847.jpg,glioma,0,train,ba672f89c06d1d9ea6887e134f6ad67c1b0616de022b038d75b0a44575442204,512,512,1.0,JPEG,L,Training
data/Training/glioma/Tr-gl_849.jpg,glioma,0,train,f8e273977bf965e4599a925a6b7a7e9be380f8d41718df7f43ef98303e0011ab,512,512,1.0,JPEG,L,Training
data/Training/glioma/Tr-gl_85.jpg,glioma,0,train,220449c893346bd786f4e3508523d4f057e6d39e16fa50120068af660fb718f2,512,512,1.0,JPEG,L,Training
data/Training/glioma/Tr-gl_852.jpg,glioma,0,train,28f9b71d0268655b81ee98e58430afb4f97ed861003c34bbfe2be3c70e0abc30,512,512,1.0,JPEG,L,Training
data/Training/glioma/Tr-gl_853.jpg,glioma,0,train,867750f87d5ac6abcab68d838e9a67abd80e7142a69d12c7c3bd54d027513d1f,512,512,1.0,JPEG,L,Training
data/Training/glioma/Tr-gl_856.jpg,glioma,0,train,6735643790bc60eb19cd97ab3b6998c770186f7b3f6afe5088479dd4450a7842,512,512,1.0,JPEG,L,Training
data/Training/glioma/Tr-gl_857.jpg,glioma,0,train,5cfe9c9222ee74e76c60718b4df3bce4c17224c94bdf1ab04b727a8adad7f3d3,512,512,1.0,JPEG,L,Training
data/Training/glioma/Tr-gl_858.jpg,glioma,0,train,0e806a0328def77098007969042eaad79cdfc687432338b23e39d3c0dc2ae6f5,512,512,1.0,JPEG,L,Training
data/Training/glioma/Tr-gl_859.jpg,glioma,0,train,3afdc4dd7f7dafea2f7e10658f1e0111315c9c2e8adef8d0cb3c4d72348cf23e,512,512,1.0,JPEG,L,Training
data/Training/glioma/Tr-gl_863.jpg,glioma,0,train,2d6913b9925168801442bf48972a9dd3ec02e5ca32b447cac7bb7de3f82c1ffb,512,512,1.0,JPEG,L,Training
data/Training/glioma/Tr-gl_864.jpg,glioma,0,train,c0ba1f3a84779e97e6500812be39807efe612f6057dc169acb8cadf94500bce9,512,512,1.0,JPEG,L,Training
data/Training/glioma/Tr-gl_865.jpg,glioma,0,train,8e7aa1d7d7b05ad5477d55f93cc444581bd473e4f797d29db53629c37fd0ca7b,512,512,1.0,JPEG,L,Training
data/Training/glioma/Tr-gl_866.jpg,glioma,0,train,71bbec709d5db4c719cad0bde0dc20a26694cf334a152b570783ae3c78e1bbc2,512,512,1.0,JPEG,L,Training
data/Training/glioma/Tr-gl_867.jpg,glioma,0,train,a900f0beddc300e333c3f28697e00b2d27763e3dc38858279909ad728b89efed,512,512,1.0,JPEG,L,Training
data/Training/glioma/Tr-gl_868.jpg,glioma,0,train,5a63a689eaea9417c88686a21015d0a005e24d3f1bd4850a747369ac333a7be9,512,512,1.0,JPEG,RGB,Training
data/Training/glioma/Tr-gl_869.jpg,glioma,0,train,6a160cf5430e7d5e0e7d735e8ebec646d697fc23f5f1a769ec6c20e5ceac3b5d,512,512,1.0,JPEG,L,Training
data/Training/glioma/Tr-gl_87.jpg,glioma,0,train,14af18bed9e7db346995a53967a2b10cc50f22d82e35082faa73fb6f2243601d,512,512,1.0,JPEG,RGB,Training
data/Training/glioma/Tr-gl_870.jpg,glioma,0,train,57df7d97f583dc0a1d63b4f2d6450ba304ea293859f5fb613495bd449a6bf63e,512,512,1.0,JPEG,L,Training
data/Training/glioma/Tr-gl_872.jpg,glioma,0,train,4b1c20847e6f901f255af4ad216c8d29b5ab418db113d6a2de1db445fb8d2e75,512,512,1.0,JPEG,L,Training
data/Training/glioma/Tr-gl_874.jpg,glioma,0,train,9beda81b3f8037a002b93f58d25a4c769ff5d006a62b58902091bb1885249eec,512,512,1.0,JPEG,L,Training
data/Training/glioma/Tr-gl_875.jpg,glioma,0,train,566df98ab5b055b2ce9d3b4ae6e2169beec672c4d911b25a3ce4b368243dd94b,512,512,1.0,JPEG,L,Training
data/Training/glioma/Tr-gl_876.jpg,glioma,0,train,9747dbdcf5c1c565619efe96bc4f88e2e80868a651a202aac33ec7fba5fdf3e4,512,512,1.0,JPEG,L,Training
data/Training/glioma/Tr-gl_877.jpg,glioma,0,train,4e5e619300aa5d601366f9793de6055424683cdb8ba90f74d5ed0743f2ab4aac,512,512,1.0,JPEG,L,Training
data/Training/glioma/Tr-gl_878.jpg,glioma,0,train,669115bbe4dfe51d91beead0489e3c8cf0f098c4d763601bd2bdf78d622c2a86,512,512,1.0,JPEG,L,Training
data/Training/glioma/Tr-gl_879.jpg,glioma,0,train,d0944cc1994174854b2461c38778a4c2634e4faed0ea62ccb7bf57512252769a,512,512,1.0,JPEG,L,Training
data/Training/glioma/Tr-gl_88.jpg,glioma,0,train,05c2ba12bdb4515e646bd799ec0102afc7a43f57f0a30b142644058be59229b2,512,512,1.0,JPEG,L,Training
data/Training/glioma/Tr-gl_880.jpg,glioma,0,train,5d05c06ff3ce41be5ec5a4a810dd5a1a57a44599d11f97ff1e97983b29e5ccf3,512,512,1.0,JPEG,RGB,Training
data/Training/glioma/Tr-gl_881.jpg,glioma,0,train,a5256d068b853e2358229b950ca3cffc2cd2e38438bce77b3ee951f61ed83395,512,512,1.0,JPEG,L,Training
data/Training/glioma/Tr-gl_882.jpg,glioma,0,train,3b02ff08dfdd2788f8b5a30ff219783e534f5d95f862b0fde55c1a2002c211a1,512,512,1.0,JPEG,L,Training
data/Training/glioma/Tr-gl_883.jpg,glioma,0,train,6cf8e6790f3b02ebfd604643832dc2506e986504742629db3365be8728ba5e09,512,512,1.0,JPEG,L,Training
data/Training/glioma/Tr-gl_884.jpg,glioma,0,train,e4d9483379c135f8dabe1b81e1560852ef487be75b9f340878d0c6a7c7e91dd0,512,512,1.0,JPEG,L,Training
data/Training/glioma/Tr-gl_885.jpg,glioma,0,train,7300540beb37fb1cd938a5d54fe3895aa1f27c05cc264287700b6186a885747e,512,512,1.0,JPEG,RGB,Training
data/Training/glioma/Tr-gl_886.jpg,glioma,0,train,6c815b2725d851508dc0bd0e262720bbf82048aa176d0f002fb3943f446227af,512,512,1.0,JPEG,L,Training
data/Training/glioma/Tr-gl_887.jpg,glioma,0,train,ad861d1fba5066bc3541dc48a1602c435eabfd9359588caef3b1d562d8328891,512,512,1.0,JPEG,L,Training
data/Training/glioma/Tr-gl_890.jpg,glioma,0,train,955a9cead66cf314212d0fb8518f14a63f1ec4a9c3e2e436f726998029df46cd,512,512,1.0,JPEG,L,Training
data/Training/glioma/Tr-gl_892.jpg,glioma,0,train,aaebbc8dd9a4c0c432ece47a4e6bdfa6663a2423e5afdc67226ec54055b225fd,512,512,1.0,JPEG,L,Training
data/Training/glioma/Tr-gl_893.jpg,glioma,0,train,9e23e1000dc43d112993a0c5f643a1888dd6e71521dadd1fe4fb121d977f0d8b,512,512,1.0,JPEG,L,Training
data/Training/glioma/Tr-gl_894.jpg,glioma,0,train,9f41352201c0a2055f201b51b7e33bd37a2389f73ae1a79fb5ac3ca9d4438152,512,512,1.0,JPEG,RGB,Training
data/Training/glioma/Tr-gl_897.jpg,glioma,0,train,d2ea50b8f13dd1033cb220ccc05470b5237ac93f3441c3b8b45ed1b49db76869,512,512,1.0,JPEG,L,Training
data/Training/glioma/Tr-gl_899.jpg,glioma,0,train,3003f6a2f372ea00d310645d946a30879072fd061200d16f79b6ab1fdb5cb2cc,512,512,1.0,JPEG,L,Training
data/Training/glioma/Tr-gl_9.jpg,glioma,0,train,85a55c1677f709e5d5b79bf4bb7276efabbe3ba312a1d67a3986735450ddfc9a,512,512,1.0,JPEG,L,Training
data/Training/glioma/Tr-gl_90.jpg,glioma,0,train,2afd722761b2285a07f247f6e79844a332ae2a046a0dbcc370dc4d71a65f1204,512,512,1.0,JPEG,RGB,Training
data/Training/glioma/Tr-gl_900.jpg,glioma,0,train,fe58e36eea3d7bd0694d0ac3ecc4fa9e4b6e2f1c2ce62322cc030b773b7bfcf6,512,512,1.0,JPEG,L,Training
data/Training/glioma/Tr-gl_901.jpg,glioma,0,train,e35f0534d42582bf6180ede6d1c9b87b2c6d98a6375926f19bc46d4a82ab079b,512,512,1.0,JPEG,L,Training
data/Training/glioma/Tr-gl_905.jpg,glioma,0,train,960b5651fcec350b2cd480707d224352db95f8f1c6c549f327451e9ef312493e,512,512,1.0,JPEG,L,Training
data/Training/glioma/Tr-gl_907.jpg,glioma,0,train,b3c245c7d320c10cee74dd5dacd2b0ec8f05789a71a74008eedc854cffea46ff,512,512,1.0,JPEG,RGB,Training
data/Training/glioma/Tr-gl_908.jpg,glioma,0,train,a4fabcb0ad30184f4b03e60fae69c4e253b474ad52b23540cb779052d0269221,512,512,1.0,JPEG,L,Training
data/Training/glioma/Tr-gl_909.jpg,glioma,0,train,2a296c5c0433571b32bbcd79e4a1f508cfe908396bdfe081979c5ae830533695,512,512,1.0,JPEG,L,Training
data/Training/glioma/Tr-gl_910.jpg,glioma,0,train,99c43d80939af8c7a83174fed670e7c89fa70ee0cf93b12c410297ba2c39f4d9,512,512,1.0,JPEG,RGB,Training
data/Training/glioma/Tr-gl_912.jpg,glioma,0,train,125a0f77c9e54e1e0a9c804d60f517e6dbd669ad2c7fc869eb693436d4d53a03,512,512,1.0,JPEG,L,Training
data/Training/glioma/Tr-gl_913.jpg,glioma,0,train,7dd7f0a4cf013ea240ad56292e15e022bb88b23be239597c93c8da0fac3eac47,512,512,1.0,JPEG,L,Training
data/Training/glioma/Tr-gl_914.jpg,glioma,0,train,3e03c9228c5f8cfaae79d62f96b257965e4739d6f02e83fef0f58aa3b8f6ca88,512,512,1.0,JPEG,RGB,Training
data/Training/glioma/Tr-gl_916.jpg,glioma,0,train,0ed30b58acaf7054824d29f7ce09d1c2b3a61e430ede91fb188667219d6ed01d,512,512,1.0,JPEG,L,Training
data/Training/glioma/Tr-gl_917.jpg,glioma,0,train,4a18d65892a5d4b6641c945a868c608f95d8f445fc1612b029f68a4cb58e6953,512,512,1.0,JPEG,L,Training
data/Training/glioma/Tr-gl_918.jpg,glioma,0,train,43707f1be55580d79e37bd7ec9f4faa6921cba2c30f8ed62d9b9d03c44a546a7,512,512,1.0,JPEG,RGB,Training
data/Training/glioma/Tr-gl_920.jpg,glioma,0,train,06ea014426a10f004d87dd28b190fbae39640fb0f6920946ac4f67d216ffac99,512,512,1.0,JPEG,L,Training
data/Training/glioma/Tr-gl_922.jpg,glioma,0,train,834ab585ab2f7358d5ad12c36affab4f210083ec20f59f7fbfe05bc858fa7546,512,512,1.0,JPEG,L,Training
data/Training/glioma/Tr-gl_923.jpg,glioma,0,train,4cd6145b91f68c027262452d5674e3b830a089455322cfb6bcb64fc4a8b10c58,512,512,1.0,JPEG,RGB,Training
data/Training/glioma/Tr-gl_924.jpg,glioma,0,train,3218f4f0a8ff790dc0ac5f8240861d55d69100c30aa7b70f434cf731fe873150,512,512,1.0,JPEG,L,Training
data/Training/glioma/Tr-gl_925.jpg,glioma,0,train,a000bec932db2d0df090c20cc7704ab4120d58c33835616ea96be637dc130585,512,512,1.0,JPEG,L,Training
data/Training/glioma/Tr-gl_926.jpg,glioma,0,train,53895a03f14be08653a60abb15985064fff8bfb5d390f87b55a4c6e225a861dd,512,512,1.0,JPEG,RGB,Training
data/Training/glioma/Tr-gl_927.jpg,glioma,0,train,78939a22f4583b611570b485c737b71077472120add0946df138e39265c34621,512,512,1.0,JPEG,L,Training
data/Training/glioma/Tr-gl_928.jpg,glioma,0,train,d7c5e0896a54c29b38e74c11685f3858fa0b3e88195513828300cc07b577e4b4,512,512,1.0,JPEG,L,Training
data/Training/glioma/Tr-gl_929.jpg,glioma,0,train,b477a32033aa69f5dc718f86eb323d3440e7046eff46898f97df2bbf7b1b8d40,512,512,1.0,JPEG,L,Training
data/Training/glioma/Tr-gl_931.jpg,glioma,0,train,ce7faa7c1559546a86aef794878011e9b95406810f324d2ee336706c6cc72be6,512,512,1.0,JPEG,RGB,Training
data/Training/glioma/Tr-gl_932.jpg,glioma,0,train,bf8af59b1dc1cb4702fa7c5c89eed1006983395a62019617e2ace923e8eaf2b5,512,512,1.0,JPEG,L,Training
data/Training/glioma/Tr-gl_934.jpg,glioma,0,train,52de8ddfab6a89b8e569689267273005e134799eb1e183edbed1f9a7b94c33db,512,512,1.0,JPEG,L,Training
data/Training/glioma/Tr-gl_935.jpg,glioma,0,train,66b963dad838bd366d1919542dffdb41f6291aff22c2c3eb3581c76082831c1a,512,512,1.0,JPEG,RGB,Training
data/Training/glioma/Tr-gl_940.jpg,glioma,0,train,b8ce738b1fe41aad84023d8821d1888c10198dd2d7f29e3ba6c6a8bd2587baea,512,512,1.0,JPEG,L,Training
data/Training/glioma/Tr-gl_941.jpg,glioma,0,train,54fb205a936cf0935cc133044ff9463af482fc115ce67f108af643198b514351,512,512,1.0,JPEG,L,Training
data/Training/glioma/Tr-gl_942.jpg,glioma,0,train,35cb03c81377db2a39b6afef200e336cb7facbc526f759ca3deaf2683b1a80b4,512,512,1.0,JPEG,L,Training
data/Training/glioma/Tr-gl_943.jpg,glioma,0,train,2176f928d57ae098ea7eaff30e0fc1e5022e7c36ef20c4ee5716f32f40289ad8,512,512,1.0,JPEG,L,Training
data/Training/glioma/Tr-gl_944.jpg,glioma,0,train,6c84e00de630ab0ab1883d79f309129a04673cc46219a5ac0f87e54190b4d47a,512,512,1.0,JPEG,L,Training
data/Training/glioma/Tr-gl_946.jpg,glioma,0,train,e43d8fe98e9a87e0f97ec03bad6c4bebe995f86c201fc33b83d70d3cf7df90ef,512,512,1.0,JPEG,L,Training
data/Training/glioma/Tr-gl_947.jpg,glioma,0,train,dc17e7ac7684aafa192b9c34eac19cc359fff7429623429e707681f2c50d8474,512,512,1.0,JPEG,L,Training
data/Training/glioma/Tr-gl_950.jpg,glioma,0,train,2eb8b3240c6a2fdad044e6717c449063332426e60a1716d195e938b1eed5af32,512,512,1.0,JPEG,L,Training
data/Training/glioma/Tr-gl_951.jpg,glioma,0,train,3873aa732b3c90c652595b9dc3cf360f7491bf1c7fba617cd675bfee1663f17c,512,512,1.0,JPEG,L,Training
data/Training/glioma/Tr-gl_952.jpg,glioma,0,train,52f12b5cea315ac9a476c4a3f4189f25befa4f85f76c7063fdb2ce59fbb2d17f,512,512,1.0,JPEG,L,Training
data/Training/glioma/Tr-gl_953.jpg,glioma,0,train,234827431e04738bd705d3cc6a6090ac687ec72695013b7a6f2a6410d82b62c0,512,512,1.0,JPEG,L,Training
data/Training/glioma/Tr-gl_954.jpg,glioma,0,train,43ccc3c6c9ff97044caa84c6965fa5b0e8fc3da040faedbfe7fb558ed657677a,512,512,1.0,JPEG,L,Training
data/Training/glioma/Tr-gl_955.jpg,glioma,0,train,05b0e2cbddafb48343b189d85a2b24f91dec0ba223cd42ce84b13ed5deb1fa0e,512,512,1.0,JPEG,L,Training
data/Training/glioma/Tr-gl_96.jpg,glioma,0,train,895feb5e7d283b8e4a2153aa4c013835f0e7a549483580ba55917277de717ab6,512,512,1.0,JPEG,L,Training
data/Training/glioma/Tr-gl_960.jpg,glioma,0,train,104e1294b0c6f539c66d17fe12c1e871fb9c182b1884dcb6ce6d8f61d6bb3af5,512,512,1.0,JPEG,L,Training
data/Training/glioma/Tr-gl_961.jpg,glioma,0,train,af1091ff125e57500d12b070e1f735a3f62b0f01a83d3bcaf96af20d4fc53d28,512,512,1.0,JPEG,L,Training
data/Training/glioma/Tr-gl_963.jpg,glioma,0,train,339304777ca0c9dc07e9d2e3c8517467b09f21f56c9c7a6c32c4d848dcb39dac,512,512,1.0,JPEG,L,Training
data/Training/glioma/Tr-gl_965.jpg,glioma,0,train,8901a98c0a479f3e228719dd23a9a84aa5fa7f6a02535c752d4a0ab4a23f230c,512,512,1.0,JPEG,L,Training
data/Training/glioma/Tr-gl_966.jpg,glioma,0,train,61374c4e7f6d2904ed60c0fe46f769ab0ecac9e023efd483040b70365663b811,512,512,1.0,JPEG,L,Training
data/Training/glioma/Tr-gl_968.jpg,glioma,0,train,9e07f62c1211d81adce4f0de030320098903a5474129723d742286c940d14cf9,512,512,1.0,JPEG,L,Training
data/Training/glioma/Tr-gl_969.jpg,glioma,0,train,14df918c8f1c7ab169234a7ed80c246b771c4665338b3de08fb6ef4a8c5a02dc,512,512,1.0,JPEG,L,Training
data/Training/glioma/Tr-gl_97.jpg,glioma,0,train,eef11bf65fbabd09ebece1c084c91e18ca0d8366f29b34d4af0dd2a57e177493,512,512,1.0,JPEG,L,Training
data/Training/glioma/Tr-gl_972.jpg,glioma,0,train,d3043ef55fa81bbc643dec1d8aefdda7d95cbbcf23346005b3396f06ca15f01e,512,512,1.0,JPEG,L,Training
data/Training/glioma/Tr-gl_975.jpg,glioma,0,train,6c784e2b2f1f5e8ffd77b3bbb6446c1392c3c68565768da2c526a359fe798391,512,512,1.0,JPEG,L,Training
data/Training/glioma/Tr-gl_978.jpg,glioma,0,train,99378c38033a53497ba221f637cbf09e88cb1bc881e34baaa12e92931868743f,512,512,1.0,JPEG,L,Training
data/Training/glioma/Tr-gl_979.jpg,glioma,0,train,b52c8e58542e6ea8a20db244e4d8261cbb935935c0568e586a0f71b917c07b6d,512,512,1.0,JPEG,L,Training
data/Training/glioma/Tr-gl_98.jpg,glioma,0,train,2c7541ae5f9fc4860093ee91d7c8ab4358052ceac223312ef4149b74edbeec3e,512,512,1.0,JPEG,L,Training
data/Training/glioma/Tr-gl_980.jpg,glioma,0,train,31ac97cd6900e598322b7bb596cf0e9d38e7306d4e9ce608321ae5e3880569b3,512,512,1.0,JPEG,RGB,Training
data/Training/glioma/Tr-gl_981.jpg,glioma,0,train,3fa19dfa5d9d6294f8fa3e5890afa567f66d91d9bc37d6c6eda61f3859500ac5,512,512,1.0,JPEG,L,Training
data/Training/glioma/Tr-gl_982.jpg,glioma,0,train,89ef59c78a62bdcba060d5d352c4d97476e0acaf63f373d62df7c17cfdae1a3a,512,512,1.0,JPEG,L,Training
data/Training/glioma/Tr-gl_983.jpg,glioma,0,train,1534eff07a39add7a60e0f5d2a95a6098e883b2906c0c2fd84694535af695a38,512,512,1.0,JPEG,L,Training
data/Training/glioma/Tr-gl_985.jpg,glioma,0,train,51da0e2884fe5f0c7c482b41e204ba2d00d39f0222e69e7663760b869cc1c0a5,512,512,1.0,JPEG,L,Training
data/Training/glioma/Tr-gl_986.jpg,glioma,0,train,3d2f62c96f0c70f9bd4ce78ece4ae1d9088bad63360f0351b802b48185a52b1d,512,512,1.0,JPEG,L,Training
data/Training/glioma/Tr-gl_987.jpg,glioma,0,train,00667af178f88642ee698963047c21a4a24a838ffce85a09292ad14486780cef,512,512,1.0,JPEG,L,Training
data/Training/glioma/Tr-gl_991.jpg,glioma,0,train,f2821d8fc61dbe41bfdd187106618ebef624db7bee4335a9f4af2dc21ce87364,512,512,1.0,JPEG,L,Training
data/Training/glioma/Tr-gl_993.jpg,glioma,0,train,4f1c34f7c8318436a1a643f34076dc9dbf6d664ccd98fea0b0335cf34bc0f6f4,512,512,1.0,JPEG,L,Training
data/Training/glioma/Tr-gl_994.jpg,glioma,0,train,7ef4b1ee21f6d77939c3d19c3272f532a3c6f3910103b191587724e9b040d738,512,512,1.0,JPEG,RGB,Training
data/Training/glioma/Tr-gl_995.jpg,glioma,0,train,6094f9e38249c5395e9f6e74c60577a195595463b733c85c54d5967160698d49,512,512,1.0,JPEG,L,Training
data/Training/glioma/Tr-gl_999.jpg,glioma,0,train,fff61954e7b029324d2a2a5f8563c8969759baddf2ce9eecab2347f66228c0f2,512,512,1.0,JPEG,L,Training
data/Testing/meningioma/Te-me_1.jpg,meningioma,1,train,054caced050d580d2b2b31f55a9574d7b68c9aab7fc8115577314f6103959604,442,442,1.0,JPEG,RGB,Testing
data/Testing/meningioma/Te-me_100.jpg,meningioma,1,train,d948bab026bada00656b51e445b25f96ac265cf7952ba90d75cacdd59d82ebdc,512,512,1.0,JPEG,L,Testing
data/Testing/meningioma/Te-me_101.jpg,meningioma,1,train,088f8fcdaa5858b83c234ac57999d0a0e743ba53d6b82d6b22812e5d294514fc,305,337,0.9050445103857567,JPEG,RGB,Testing
data/Testing/meningioma/Te-me_102.jpg,meningioma,1,train,b284a16db1758d0a39a10aa19da6116cab68bf675a1685ef931215749626dede,512,512,1.0,JPEG,L,Testing
data/Testing/meningioma/Te-me_103.jpg,meningioma,1,train,6b150b6e43d64478fe59f758805dd205ed58577165ecb014ee8c20fb1fe6ff09,512,512,1.0,JPEG,L,Testing
data/Testing/meningioma/Te-me_104.jpg,meningioma,1,train,af1792a686a086c63c9d203d5988aafe418d948f825c596c99074d23221deaed,512,512,1.0,JPEG,RGB,Testing
data/Testing/meningioma/Te-me_105.jpg,meningioma,1,train,a1ebfc36be0a08a0c7cf225d9efa3e6e01fdffb3f66ee068a3e83d4a4fa37118,323,342,0.9444444444444444,JPEG,RGB,Testing
data/Testing/meningioma/Te-me_106.jpg,meningioma,1,train,199c49fb592f3fc3cab99b6464f77bb73c2d2dcba699e5f39449ac971dc51833,512,512,1.0,JPEG,L,Testing
data/Testing/meningioma/Te-me_107.jpg,meningioma,1,train,d1ca1ec7e407233420478ab77a218257ca12cb529ae96954fe518d7e70412739,512,512,1.0,JPEG,L,Testing
data/Testing/meningioma/Te-me_108.jpg,meningioma,1,train,4c0db9a436395f25b3ea8ba72f0b72c3ed5a8a19b661c06eb9321f5ec1bf21fe,512,512,1.0,JPEG,L,Testing
data/Testing/meningioma/Te-me_109.jpg,meningioma,1,train,fa979ae1690dc754316621a41efc3c0fd71ebbe60f12f73abde8e581564fde0b,239,224,1.0669642857142858,JPEG,RGB,Testing
data/Testing/meningioma/Te-me_111.jpg,meningioma,1,train,5516e93f82ad0a9069a85365ad330ebb324e79f5a8ea43ce9eae00cb77d1a897,290,342,0.847953216374269,JPEG,RGB,Testing
data/Testing/meningioma/Te-me_113.jpg,meningioma,1,train,28537a38aeef0205a5b1247cbd4b62c885af64fbdf8aa10ed391efcaa79e83ab,257,307,0.8371335504885994,JPEG,RGB,Testing
data/Testing/meningioma/Te-me_114.jpg,meningioma,1,train,8d104c48697381da2e6af0c8dd7b35f4962a12612c1755809339a681bb62e68f,512,512,1.0,JPEG,L,Testing
data/Testing/meningioma/Te-me_115.jpg,meningioma,1,train,891b6b28800d9bf4e3b70e321c636bf9ed3dbd0d50521fb768de0d2cbf8f7e2d,512,512,1.0,JPEG,L,Testing
data/Testing/meningioma/Te-me_116.jpg,meningioma,1,train,ec5f9c331517a1e1958d68d76c9cde210cdaa45a676af0fa75947e55a042bfd5,455,500,0.91,JPEG,RGB,Testing
data/Testing/meningioma/Te-me_117.jpg,meningioma,1,train,e41e47b005aca4465304108e76252460cecdc5921bcbeccec03628fde5799505,209,241,0.8672199170124482,JPEG,RGB,Testing
data/Testing/meningioma/Te-me_118.jpg,meningioma,1,train,889ab69cee81ff73b5d8c3a6770c8f0e62ade14efc9a65b5b038c97c409ada9d,512,512,1.0,JPEG,L,Testing
data/Testing/meningioma/Te-me_119.jpg,meningioma,1,train,2b44d5fcb79df9660fa8034fb53051bd2d3b116b117c8d6536ea2fdffa73f433,512,512,1.0,JPEG,L,Testing
data/Testing/meningioma/Te-me_120.jpg,meningioma,1,train,29834964af6167f3e64a09477cbbbf7e0a0b97a714bfa122e455d5d15788aa90,512,512,1.0,JPEG,L,Testing
data/Testing/meningioma/Te-me_124.jpg,meningioma,1,train,a677884755438693f79190e147130cb0012b7ea3c1d1ab8878ad38a9eb315f3a,512,512,1.0,JPEG,RGB,Testing
data/Testing/meningioma/Te-me_126.jpg,meningioma,1,train,45178a0f4be14039c5fdfbad8d4df6262da8855e87e6cf0253fcbdbd3bde7ff0,200,236,0.847457627118644,JPEG,RGB,Testing
data/Testing/meningioma/Te-me_127.jpg,meningioma,1,train,e011a6a9b42b71c3daf4eb8ef22826dee31ed29417ba9671c5281c89acc27883,512,512,1.0,JPEG,L,Testing
data/Testing/meningioma/Te-me_128.jpg,meningioma,1,train,fca3bb16b2a4ba4ccb80beea6a6bd0229a546638f970ab671509870ea30ccdd9,512,512,1.0,JPEG,L,Testing
data/Testing/meningioma/Te-me_130.jpg,meningioma,1,train,810a9d80668db2e71feafb79fdf3329bb0025bb126390a5257330ab9d1d2f706,512,512,1.0,JPEG,L,Testing
data/Testing/meningioma/Te-me_133.jpg,meningioma,1,train,db9fb8bac40107fdfcda37d8224f88a74b87bb1ca63b3f164fda02e68344a215,512,512,1.0,JPEG,L,Testing
data/Testing/meningioma/Te-me_136.jpg,meningioma,1,train,9dcdca205b32d3d1f967bbb3ea37ffeb1baa9d78f97899ed8c303072aedb7b37,512,512,1.0,JPEG,L,Testing
data/Testing/meningioma/Te-me_137.jpg,meningioma,1,train,d6aa75aa13661c40bd81ea106e151c8220b9c7865a45f927f15cdffced84cff4,212,237,0.8945147679324894,JPEG,RGB,Testing
data/Testing/meningioma/Te-me_139.jpg,meningioma,1,train,e41fefc2f4f03f2ef4cb4edba4f8bf503fde48e74b47717fe9f15dcc5daf92a4,352,322,1.093167701863354,JPEG,RGB,Testing
data/Testing/meningioma/Te-me_143.jpg,meningioma,1,train,0a2221afb35fae4b3b216a3ac7ce995db9d13554d9192ea614aeab25d6cf1c95,512,512,1.0,JPEG,L,Testing
data/Testing/meningioma/Te-me_144.jpg,meningioma,1,train,7870d4ef4851f7d77ffbc37fb46f1dfe849e9d5422e33ba0c3d7a6e7ae8b41c9,224,216,1.037037037037037,JPEG,RGB,Testing
data/Testing/meningioma/Te-me_145.jpg,meningioma,1,train,0140c78f16027a7e0a3c754f0d3741dbe69da97f6c6a4e281ad2855d7a1043c1,512,512,1.0,JPEG,RGB,Testing
data/Testing/meningioma/Te-me_146.jpg,meningioma,1,train,3f47eac23d87cb5cbf19e1fc8fa672ffa6db374eb4ef820affcf40e728c938c9,512,512,1.0,JPEG,RGB,Testing
data/Testing/meningioma/Te-me_147.jpg,meningioma,1,train,ac7ed8679fe440f4295277e9825fdc5940b6c783d3faa5a3e195e09717d54fc1,512,512,1.0,JPEG,RGB,Testing
data/Testing/meningioma/Te-me_149.jpg,meningioma,1,train,9ed58d7cd5e65ef6c6959729fa73856b0632afe39c325693e28cabe72d09438c,225,225,1.0,JPEG,RGB,Testing
data/Testing/meningioma/Te-me_150.jpg,meningioma,1,train,b4569a3f5292d73598fee995760ae091067138996ddfcd86a0d8bf1f31962c55,512,512,1.0,JPEG,L,Testing
data/Testing/meningioma/Te-me_151.jpg,meningioma,1,train,763c5d5f218f7c97c208e2e4541b3e5d8a3b378241385740f9c15210a859c667,512,512,1.0,JPEG,L,Testing
data/Testing/meningioma/Te-me_152.jpg,meningioma,1,train,51f770ac5de3037e91ab316421d3f90c1e029d1a472f4ac165676c56ec152886,512,512,1.0,JPEG,L,Testing
data/Testing/meningioma/Te-me_153.jpg,meningioma,1,train,dbf053cdfa5c5982569a60f096db55099f09e1c5cdd2f116c15fd43b4ed0f481,512,512,1.0,JPEG,L,Testing
data/Testing/meningioma/Te-me_154.jpg,meningioma,1,train,66e7bb8f241dd824e44a1d331757f3b510e023e7f6f71ed842672ff68492f743,512,512,1.0,JPEG,L,Testing
data/Testing/meningioma/Te-me_156.jpg,meningioma,1,train,8b13a28a377a1a9298c972278f89f734e9ecbacc8fb97883835f27e2c8e8417d,341,377,0.9045092838196287,JPEG,RGB,Testing
data/Testing/meningioma/Te-me_157.jpg,meningioma,1,train,26be41f88d246f14d432a33f13369220f7afc1dd356663b0f347aea614db7915,366,395,0.9265822784810127,JPEG,RGB,Testing
data/Testing/meningioma/Te-me_16.jpg,meningioma,1,train,3af0764c9fb5ca2e9789e18307240baec8b76f4715c17b3b24d4d2850f1424b8,512,512,1.0,JPEG,L,Testing
data/Testing/meningioma/Te-me_160.jpg,meningioma,1,train,aff207b7b58bcfba832ebbc9dd85f78c8e8a7ead3675ee70383f1cf71d89e62a,512,512,1.0,JPEG,L,Testing
data/Testing/meningioma/Te-me_163.jpg,meningioma,1,train,7276f07faa14d9d8e77ab4cfb08fc47d897ad768a833593910937d152fdc36e5,512,512,1.0,JPEG,L,Testing
data/Testing/meningioma/Te-me_164.jpg,meningioma,1,train,48a563d1ce1c18746f422f58a2bdc862feb76175aae2c78cf19552a09034e451,512,512,1.0,JPEG,RGB,Testing
data/Testing/meningioma/Te-me_165.jpg,meningioma,1,train,e990ee3ba366aeb475550e0abf54ef1469c6cf89577df8148b3c9f30ff679960,402,396,1.0151515151515151,JPEG,RGB,Testing
data/Testing/meningioma/Te-me_168.jpg,meningioma,1,train,af088c8905c2f256a893dc4e0d469721dd20c6321732c2a5711ab84b9b004245,512,512,1.0,JPEG,L,Testing
data/Testing/meningioma/Te-me_169.jpg,meningioma,1,train,4efebac0a3aadd7973b5c2877ea26366d40e68e9741d7799514ba8715c7a1004,512,512,1.0,JPEG,L,Testing
data/Testing/meningioma/Te-me_17.jpg,meningioma,1,train,8131f621f47674655e05bb74f758a2e1e7cd5481326c74155e1a069f159a3c96,512,512,1.0,JPEG,L,Testing
data/Testing/meningioma/Te-me_170.jpg,meningioma,1,train,a2ca5f67e1badf8943a0a55c0a344ad76f17e8b55740ab80df0421d1847c24dd,512,512,1.0,JPEG,L,Testing
data/Testing/meningioma/Te-me_171.jpg,meningioma,1,train,b4515fa275b42d4acc7e73c5ceaae5d85c9a72d768badb836b48704765b85696,306,306,1.0,JPEG,RGB,Testing
data/Testing/meningioma/Te-me_172.jpg,meningioma,1,train,58a24ab3f44cba5b967b8f1d8708b75a87e21503aba2fe68663367cdad726971,512,512,1.0,JPEG,RGB,Testing
data/Testing/meningioma/Te-me_173.jpg,meningioma,1,train,bab4cae9318dabb12ed3a627dc345cac14ed2603f70fe08f06bb333175a9277e,512,512,1.0,JPEG,RGB,Testing
data/Testing/meningioma/Te-me_175.jpg,meningioma,1,train,59ac21a9a6a8880b2c2d1208c35bc3da2689e82953cae4c8b9ec224dcac98381,212,238,0.8907563025210085,JPEG,RGB,Testing
data/Testing/meningioma/Te-me_176.jpg,meningioma,1,train,4d3bb27249541ff7cd1729d6790119d1bab96c6f3ae5136a7b8a6ae5ba37690d,540,568,0.9507042253521126,JPEG,RGB,Testing
data/Testing/meningioma/Te-me_178.jpg,meningioma,1,train,0a11543bce35727c90e6c2d6303c31b2d81395dc8fa4ec877527e83395daabf0,512,512,1.0,JPEG,L,Testing
data/Testing/meningioma/Te-me_18.jpg,meningioma,1,train,107c5780b70e675c0ac40f95a2578ce28fb5dbb9d5385a223e480fced6e91de0,204,249,0.8192771084337349,JPEG,RGB,Testing
data/Testing/meningioma/Te-me_182.jpg,meningioma,1,train,6d7ae6ed2ac98f87521be0a7be24277cdeefb9a7ff33e8069f647cb239910a62,210,240,0.875,JPEG,RGB,Testing
data/Testing/meningioma/Te-me_183.jpg,meningioma,1,train,63e2b197c8edc113850bf274e3b87a2b49de8ab07351aff6c1a7f4d4cfa3f72a,512,512,1.0,JPEG,L,Testing
data/Testing/meningioma/Te-me_185.jpg,meningioma,1,train,35198b618ee0b6ffcedcecc99b074b0a17a715eabe5f0ee5b1ea8f0256c20b57,512,512,1.0,JPEG,L,Testing
data/Testing/meningioma/Te-me_187.jpg,meningioma,1,train,e59d8c247df0dcddafa97493589e15aeefd1a513150278a15165e0e12089853a,304,410,0.7414634146341463,JPEG,RGB,Testing
data/Testing/meningioma/Te-me_189.jpg,meningioma,1,train,2c7f049ff3659a0291e8cac5d2c40fae18af55b9d023a0a3e4dac981356b2383,512,512,1.0,JPEG,L,Testing
data/Testing/meningioma/Te-me_190.jpg,meningioma,1,train,ba30a7a5274550732693eb1c029050fe19db39b774af5072cd126a4abcec1f3c,212,237,0.8945147679324894,JPEG,RGB,Testing
data/Testing/meningioma/Te-me_191.jpg,meningioma,1,train,2247052390f1b2fb19dd5360081de6ae1fc9c6d6f3c3ab45cc07258adfbb74c9,512,512,1.0,JPEG,L,Testing
data/Testing/meningioma/Te-me_192.jpg,meningioma,1,train,bba961c2613e7d4a084aa6d3261f9ffcee8f7da214ca88c67c510a84d3ce3c84,512,512,1.0,JPEG,L,Testing
data/Testing/meningioma/Te-me_194.jpg,meningioma,1,train,556e6d8e65146d550a7cf29ae317e1d9badf24ad0f8e7f8bf62999d24e5f93a1,512,512,1.0,JPEG,L,Testing
data/Testing/meningioma/Te-me_196.jpg,meningioma,1,train,a889c00bc5249348d70b5dc09699b0b3ef12cd1a1e44ef9c338a555e4f30d199,512,512,1.0,JPEG,L,Testing
data/Testing/meningioma/Te-me_199.jpg,meningioma,1,train,4141ba2c11791b919ad76ae66fda460b2f28463adc24ad7d4004ae2bbdedf3f9,512,512,1.0,JPEG,L,Testing
data/Testing/meningioma/Te-me_2.jpg,meningioma,1,train,bdf7db311934b1321dce0ee2dfe3db1bb6a3b250383a8d3af0257fd0a7e6cc7a,318,354,0.8983050847457628,JPEG,RGB,Testing
data/Testing/meningioma/Te-me_20.jpg,meningioma,1,train,71039ba5d0f6759a5787d609032687fe40ffd720e4da6c03055d4773754cf22e,289,354,0.8163841807909604,JPEG,RGB,Testing
data/Testing/meningioma/Te-me_200.jpg,meningioma,1,train,d478ae1113ee18e5eb5c129be270fcd09f07ba44fa7c66ba28b7f92cd9fadbf2,512,512,1.0,JPEG,L,Testing
data/Testing/meningioma/Te-me_202.jpg,meningioma,1,train,75fdccf52ad46c5f66f84ec8035a26e31237b9660af5a40fa1edebbb9fc878bb,225,225,1.0,JPEG,RGB,Testing
data/Testing/meningioma/Te-me_203.jpg,meningioma,1,train,f9386041d779ea648d8007d6eb7c8813ecd59563ef1323d78576a442c0b592ae,512,512,1.0,JPEG,L,Testing
data/Testing/meningioma/Te-me_204.jpg,meningioma,1,train,a763c268c30da9eb0e65d556f3c672a642160f84b6019f79c0759e88105f18eb,512,512,1.0,JPEG,L,Testing
data/Testing/meningioma/Te-me_205.jpg,meningioma,1,train,92e7cad20faeab4958d20e2459d7d63b3c35cbe60a16ca62a32a007b5173cf84,225,225,1.0,JPEG,RGB,Testing
data/Testing/meningioma/Te-me_206.jpg,meningioma,1,train,665071a4631d79fa488c9e69738ed767ecd77cebb7acd2fbbf3f5aeeb819f6cf,252,303,0.8316831683168316,JPEG,RGB,Testing
data/Testing/meningioma/Te-me_207.jpg,meningioma,1,train,c56a3491336d7127b6b3bb9b34bf3ef938b1cd92095d7fcfa80922dbf226ed8f,200,223,0.8968609865470852,JPEG,RGB,Testing
data/Testing/meningioma/Te-me_209.jpg,meningioma,1,train,42f4788a258e42da19e0945b0ee792aca753a209cfec9447eda91245b1c6cf68,512,512,1.0,JPEG,L,Testing
data/Testing/meningioma/Te-me_21.jpg,meningioma,1,train,28900590e70fab38c5b0f299033f8104614b75310c2414c4425a3161541fb064,512,512,1.0,JPEG,L,Testing
data/Testing/meningioma/Te-me_210.jpg,meningioma,1,train,fcee35e8b4f17dd1df71b52983794559c0fd15fb6fc23fc64ab9b60e103c7e66,411,396,1.0378787878787878,JPEG,RGB,Testing
data/Testing/meningioma/Te-me_211.jpg,meningioma,1,train,c07906efdac4acca022827ddda6af5f4dca75e1251d321b43bc21047ada5d866,512,512,1.0,JPEG,L,Testing
data/Testing/meningioma/Te-me_212.jpg,meningioma,1,train,c180fada5a04bb4f969a85c996911ba30ba3c8d0c8b8b3af50b227061634e532,512,512,1.0,JPEG,RGB,Testing
data/Testing/meningioma/Te-me_213.jpg,meningioma,1,train,46b45a09eca0b9f96a63eb909ab38cb5b54a5813c623cebcb7ecc51fb29bf941,295,394,0.748730964467005,JPEG,RGB,Testing
data/Testing/meningioma/Te-me_215.jpg,meningioma,1,train,39d2b74cffe41092a2da7c16d9fd9ccfb152919fa4eedbee47654136224ddcf7,512,512,1.0,JPEG,L,Testing
data/Testing/meningioma/Te-me_216.jpg,meningioma,1,train,3001107fd6603619f0f86a727a013eabb2f5dcab54b75d9ee7b6ee2a8a7c5f1c,300,412,0.7281553398058253,JPEG,RGB,Testing
data/Testing/meningioma/Te-me_217.jpg,meningioma,1,train,09c70e00204600751f73210a57ba5935050c2cf45a143947a0e2f1f187fd6d19,512,512,1.0,JPEG,L,Testing
data/Testing/meningioma/Te-me_218.jpg,meningioma,1,train,5882cb957060ca258888c62c7d32f219d77733d61c35bc484c17934b2affaeeb,512,512,1.0,JPEG,L,Testing
data/Testing/meningioma/Te-me_22.jpg,meningioma,1,train,5e28625d345f067596b85fba425086aac8c20e35a164dcb0739bc3bacf51a581,512,512,1.0,JPEG,L,Testing
data/Testing/meningioma/Te-me_220.jpg,meningioma,1,train,226e8bb89902da553b2b7b7199a3cef527adce910fa4d71fffcd34da4a16644d,512,512,1.0,JPEG,L,Testing
data/Testing/meningioma/Te-me_221.jpg,meningioma,1,train,cded52cdcb4b70d5012d19eb69238d1c25b0bc6ab6ebe52ba63338ebc46dd1d2,512,512,1.0,JPEG,L,Testing
data/Testing/meningioma/Te-me_222.jpg,meningioma,1,train,ec70af0963f3157bc27d4a32e1c38a7dcabbedfcede1a5011b8f81eb713a8e10,512,512,1.0,JPEG,L,Testing
data/Testing/meningioma/Te-me_224.jpg,meningioma,1,train,300eda88bde4953502c58e782f4bd3293f5dcfb59cb57af2f7ba2bc042ed3c41,512,512,1.0,JPEG,RGB,Testing
data/Testing/meningioma/Te-me_225.jpg,meningioma,1,train,9b64c7da2aa011b8de3427f6e8a3eaccbeade302b675c8f363531f32fe035042,512,512,1.0,JPEG,RGB,Testing
data/Testing/meningioma/Te-me_226.jpg,meningioma,1,train,076f3218ad444d85e132167a7fee14e54edd396da0b19e70122cadee2cd93968,512,512,1.0,JPEG,L,Testing
data/Testing/meningioma/Te-me_228.jpg,meningioma,1,train,199df238d4e287d04601254ce2a32e8d2007f2a54adeebe6bca5ada30f436528,219,234,0.9358974358974359,JPEG,RGB,Testing
data/Testing/meningioma/Te-me_229.jpg,meningioma,1,train,8fe068eddb9b99be137b179ffb3097e7adab79fdde065f961b78e946595adfb1,441,427,1.0327868852459017,JPEG,RGB,Testing
data/Testing/meningioma/Te-me_23.jpg,meningioma,1,train,6cc7399aab280c30d209ca66613b50fb2eee31798d160f8afdc41e0e18da9157,512,512,1.0,JPEG,L,Testing
data/Testing/meningioma/Te-me_231.jpg,meningioma,1,train,88985660b93ee49486294a5f7dca3e5ebee80923325c3607287632926b235610,645,439,1.469248291571754,JPEG,RGB,Testing
data/Testing/meningioma/Te-me_234.jpg,meningioma,1,train,44171ad6aef9a129e9510a8b841aca89676a50e21f5c87ae73f9bdf57288bce6,314,358,0.8770949720670391,JPEG,RGB,Testing
data/Testing/meningioma/Te-me_236.jpg,meningioma,1,train,c2f9a1dd0f264d30b6706ec61c73e26a96851cc4f4305e2271f087cca7d99627,512,512,1.0,JPEG,L,Testing
data/Testing/meningioma/Te-me_237.jpg,meningioma,1,train,18d89533c9bcd6103a8b3891ab6bc448110dd7ad3bbf43de7aa46cd661093a45,512,512,1.0,JPEG,L,Testing
data/Testing/meningioma/Te-me_239.jpg,meningioma,1,train,a344d15457c00a493c86d3c7ec85b3076e13381597efbc1930e794b61b432f70,512,512,1.0,JPEG,L,Testing
data/Testing/meningioma/Te-me_24.jpg,meningioma,1,train,9aeaa576faef76c9c83809170b06bc765821a17e29768f02a8f74ec8f3fdd3b2,512,512,1.0,JPEG,L,Testing
data/Testing/meningioma/Te-me_240.jpg,meningioma,1,train,768d5f77b8271a0a61072e1c5bce8724b0908e0019238ca60e8e08d20b8db1ba,512,512,1.0,JPEG,L,Testing
data/Testing/meningioma/Te-me_241.jpg,meningioma,1,train,a9f3ff926cf7cfbd9891889b34f3d64ea46f57676507cc64281e1b447292d5fb,206,249,0.8273092369477911,JPEG,RGB,Testing
data/Testing/meningioma/Te-me_242.jpg,meningioma,1,train,be8657287e8f6d2053cd973b8ea7502f7f952bbc0c29adba528d4c2f89aa69ec,512,512,1.0,JPEG,L,Testing
data/Testing/meningioma/Te-me_243.jpg,meningioma,1,train,dcf03e47117a42ec1746c485fe5b0a8cbc1e2f4a00923d87a56818d409047ed7,200,252,0.7936507936507936,JPEG,RGB,Testing
data/Testing/meningioma/Te-me_244.jpg,meningioma,1,train,d121c9acc8d4856b34a7541fc8fed3001b66da222950761a5ef9349dc170e000,512,512,1.0,JPEG,L,Testing
data/Testing/meningioma/Te-me_247.jpg,meningioma,1,train,9de2fc9003e3f1e041ee66b877bedf77b17fe3be2184c9c62b248e019689b7ac,512,512,1.0,JPEG,L,Testing
data/Testing/meningioma/Te-me_248.jpg,meningioma,1,train,6314d8566be5eca3d027898a4a81843cc3092c8e36132c085e8b7b8a5bdbbe05,512,512,1.0,JPEG,L,Testing
data/Testing/meningioma/Te-me_249.jpg,meningioma,1,train,d3a2a5a59a634df7f7667c5aec2649f95c007ea1b56994e60839726761ba982e,512,512,1.0,JPEG,L,Testing
data/Testing/meningioma/Te-me_250.jpg,meningioma,1,train,c854fab6ce670a5c6e520abc851919f4d7c0f7a4c18573393f992180a342f934,512,512,1.0,JPEG,L,Testing
data/Testing/meningioma/Te-me_251.jpg,meningioma,1,train,2272f4c4e9c6e5036ef85e4cd9d9271e78b15007ca22afa4c5280a2982c8112c,205,251,0.8167330677290837,JPEG,RGB,Testing
data/Testing/meningioma/Te-me_253.jpg,meningioma,1,train,0fa2aee8e1416743034be357052184b3963f5aeb857ed84453604690db638b92,291,340,0.8558823529411764,JPEG,RGB,Testing
data/Testing/meningioma/Te-me_254.jpg,meningioma,1,train,47c6b5d081ef53e9e0152e2c319a74d1ed9b861769a899f625cd67d57481e70e,512,512,1.0,JPEG,RGB,Testing
data/Testing/meningioma/Te-me_255.jpg,meningioma,1,train,ebff4bcfac78394558423b93a0a8ac360ed0b5be23420537a1467f8e950199b9,234,216,1.0833333333333333,JPEG,RGB,Testing
data/Testing/meningioma/Te-me_256.jpg,meningioma,1,train,2d0bd994e40259fd3ad2bf0686abfd4a40310c57d772b72ea291816824886e37,512,512,1.0,JPEG,L,Testing
data/Testing/meningioma/Te-me_258.jpg,meningioma,1,train,63fcdad29e43f599ec922370af0632cb294293f3dc94a8b706c56e4714f03e17,512,512,1.0,JPEG,L,Testing
data/Testing/meningioma/Te-me_259.jpg,meningioma,1,train,d4a97314fa8c88a32a4780a4e7b0417e05cc408a4385e979aee5e598e7de3e22,217,232,0.9353448275862069,JPEG,RGB,Testing
data/Testing/meningioma/Te-me_26.jpg,meningioma,1,train,4cec4568c6ae65d0df3089aea6833174b24baebc4fa5e89241e736d66f4bc3bf,507,605,0.8380165289256198,JPEG,RGB,Testing
data/Testing/meningioma/Te-me_260.jpg,meningioma,1,train,f6cdd37c6e04ca74d22bd9beebe9ead944a2123662f806f98dee17d3578bd888,512,512,1.0,JPEG,L,Testing
data/Testing/meningioma/Te-me_263.jpg,meningioma,1,train,8db45f092f08315dc15c9edc5d3d3aa2ef48a921c4e1ae40c63e090f380d9495,512,512,1.0,JPEG,L,Testing
data/Testing/meningioma/Te-me_264.jpg,meningioma,1,train,e61e0c43bfeaf7f4ea891765509ce431df6aabc5f585f83d306f56fef2e80f99,512,512,1.0,JPEG,L,Testing
data/Testing/meningioma/Te-me_265.jpg,meningioma,1,train,86004ff7b5b9af3a4703e1debe2ec6f7642071043c93944d96a39d252a7cc1ab,225,225,1.0,JPEG,RGB,Testing
data/Testing/meningioma/Te-me_266.jpg,meningioma,1,train,aa616a3d8e4051b3ad74f08e54061b60cc63497b2f70aa7456b08a10e66ad330,211,239,0.8828451882845189,JPEG,RGB,Testing
data/Testing/meningioma/Te-me_268.jpg,meningioma,1,train,ae254d96b477ba7d1d6a0cb2c1291badfdd22f26bdabeccff9e680e884222d1a,512,512,1.0,JPEG,L,Testing
data/Testing/meningioma/Te-me_269.jpg,meningioma,1,train,6555a79be83823ebddb04d1282d9aea3d73fa0acc01197cb53d8abee89113129,512,512,1.0,JPEG,RGB,Testing
data/Testing/meningioma/Te-me_272.jpg,meningioma,1,train,4ca7c016081b6f763bd4f5bb603374c553d1e4a697feaaf9d72c62c944baf172,534,674,0.7922848664688428,JPEG,RGB,Testing
data/Testing/meningioma/Te-me_273.jpg,meningioma,1,train,edc7e0a514136346a62fe114f5bf13bd3bf6466d5e8705662e70f60bfc750cca,512,512,1.0,JPEG,L,Testing
data/Testing/meningioma/Te-me_274.jpg,meningioma,1,train,8577f362d42e2a3b0004f1f9ba1c166397773392f75156256c3d2b60cd91339c,201,251,0.8007968127490039,JPEG,RGB,Testing
data/Testing/meningioma/Te-me_277.jpg,meningioma,1,train,3965da66127d96d892920d0199c1fba4fe9eff1da1b13165b69704d6ae23cfef,472,546,0.8644688644688645,JPEG,RGB,Testing
data/Testing/meningioma/Te-me_278.jpg,meningioma,1,train,06c1042264d1a49465971aa14957ef6b8e2842f2ca388c24b7201f7f75274ef7,530,526,1.0076045627376427,JPEG,RGB,Testing
data/Testing/meningioma/Te-me_283.jpg,meningioma,1,train,499e130107521352255343a6c01d85c6ee7b4b2257df36fca89d76402afd3733,512,512,1.0,JPEG,L,Testing
data/Testing/meningioma/Te-me_284.jpg,meningioma,1,train,25678b23ff35b1c66fce082d702111ce44d68608249f51d559fa15e148765152,512,512,1.0,JPEG,L,Testing
data/Testing/meningioma/Te-me_285.jpg,meningioma,1,train,6d2ce26bd0dd26ec868326c0ba4537d4e484075c038f169be908067da5f000b2,1149,1019,1.1275760549558391,JPEG,RGB,Testing
data/Testing/meningioma/Te-me_286.jpg,meningioma,1,train,d88341e9c0118bbe657dbe8dfdd08dd6d06514033354abf52aa3e4ecb5d7c4d7,512,512,1.0,JPEG,RGB,Testing
data/Testing/meningioma/Te-me_287.jpg,meningioma,1,train,fa6ce97ccdc41ebdbfef60a59e4ed45dec04a613ab3f6b2ad88230b912ce227b,512,512,1.0,JPEG,L,Testing
data/Testing/meningioma/Te-me_288.jpg,meningioma,1,train,c6c8496652c8dc9ffa7138b9ee5d2a31b1ba3abff10b84ab96576b51c61a9b46,239,248,0.9637096774193549,JPEG,RGB,Testing
data/Testing/meningioma/Te-me_289.jpg,meningioma,1,train,c7d03acffed8b0f63b707a13744bf2b0e549c0523cfd2e1b1707cefba80b5474,512,512,1.0,JPEG,L,Testing
data/Testing/meningioma/Te-me_290.jpg,meningioma,1,train,a8f6a153fdedd8acdc40d03d999ef6b4140ce19db5a97f7c794c3e94e4a09aa9,213,236,0.902542372881356,JPEG,RGB,Testing
data/Testing/meningioma/Te-me_292.jpg,meningioma,1,train,70d519a10b4fe7ca1363b10a10e4d9cf0a2fd882572f9de40a1e52f913853f04,512,512,1.0,JPEG,L,Testing
data/Testing/meningioma/Te-me_294.jpg,meningioma,1,train,0b36500b9f645cdb840db22f49282de059ebe54a3bcc1c53f25fe32686f2cc89,512,512,1.0,JPEG,L,Testing
data/Testing/meningioma/Te-me_295.jpg,meningioma,1,train,dec15790f11c94a6a667563462162343b61dc03d1ce1a271694ae0f73619ea4d,228,221,1.0316742081447965,JPEG,RGB,Testing
data/Testing/meningioma/Te-me_297.jpg,meningioma,1,train,ff765ea51c7ab627e75de0889e8169ffa53a920fb9543ca39e91241f6f7cf8cf,512,512,1.0,JPEG,RGB,Testing
data/Testing/meningioma/Te-me_3.jpg,meningioma,1,train,f97332330b66c16c6ff09301cce61014f826be80f5f450a0bdf269e84b4d1f24,232,261,0.8888888888888888,JPEG,RGB,Testing
data/Testing/meningioma/Te-me_31.jpg,meningioma,1,train,f1f82049140ff8ec8b2c55a03513b594398c5594eba136d983162cf63a1a62c2,225,225,1.0,JPEG,RGB,Testing
data/Testing/meningioma/Te-me_32.jpg,meningioma,1,train,c5f197d82b2a11fd7aded572fbdd5d2c04af0690850ea13dd359b0a4b8c6cff3,512,512,1.0,JPEG,L,Testing
data/Testing/meningioma/Te-me_33.jpg,meningioma,1,train,a541a34779398f0ff88ad0e7a9de704acaac4f1144dfb7f28da375617f3fdf05,512,512,1.0,JPEG,RGB,Testing
data/Testing/meningioma/Te-me_34.jpg,meningioma,1,train,36d3ba2c24f0536e728b3c8cedb2decaffbbc0dc1adbffb0f7bb425f6f8da555,512,512,1.0,JPEG,L,Testing
data/Testing/meningioma/Te-me_35.jpg,meningioma,1,train,6289f0f556573f021881f98d51f0a3a6d1d11f0c2de580a4275c09671f57a27e,512,512,1.0,JPEG,L,Testing
data/Testing/meningioma/Te-me_37.jpg,meningioma,1,train,0f80120751f8af300edda0cdd4ec2a83f9fedc1836bbf9774961c51d667aa68f,630,423,1.4893617021276595,JPEG,RGB,Testing
data/Testing/meningioma/Te-me_38.jpg,meningioma,1,train,c258666a7ab965f926459e9f58e10375fea6fc8ba5c097ea35d85748cf0053b4,512,512,1.0,JPEG,L,Testing
data/Testing/meningioma/Te-me_39.jpg,meningioma,1,train,ed1f593d8bf46015862bfef8323f88db930e1d1bc8ef45f23266032dba2a4ffa,286,356,0.8033707865168539,JPEG,RGB,Testing
data/Testing/meningioma/Te-me_4.jpg,meningioma,1,train,60a0c1929abeef25affbd380277f06f8b2fa1dc44b07393a544b2747252e35c1,201,207,0.9710144927536232,JPEG,RGB,Testing
data/Testing/meningioma/Te-me_41.jpg,meningioma,1,train,298fa538d2e82db6d647473ba670ddf43f0218cf177bd4084ff70e74f2498361,512,512,1.0,JPEG,RGB,Testing
data/Testing/meningioma/Te-me_43.jpg,meningioma,1,train,ee6cdd53d5750d5656b4357f70d9353a3a46c52c0edc47f6f504536d2a99b0e9,512,512,1.0,JPEG,L,Testing
data/Testing/meningioma/Te-me_44.jpg,meningioma,1,train,8fca7cab8135054ebe1ce92ae9e43d2ed6566e5214363d34543373bf0bf89f1d,512,512,1.0,JPEG,L,Testing
data/Testing/meningioma/Te-me_48.jpg,meningioma,1,train,cf01f99e293ab4507a0c7df98cb2e4b842ca6fb7cd4caecc37004af5b3869b11,512,512,1.0,JPEG,L,Testing
data/Testing/meningioma/Te-me_49.jpg,meningioma,1,train,68ff23efe675e3a0bba89a156ec5fbda46d0f180b3465759d284ff07cdc36590,343,367,0.9346049046321526,JPEG,RGB,Testing
data/Testing/meningioma/Te-me_5.jpg,meningioma,1,train,19cea66c2f42d5bc508aaf40f34f6d88a24c939a9cc2b164eb4f10009641d6c3,257,248,1.0362903225806452,JPEG,RGB,Testing
data/Testing/meningioma/Te-me_51.jpg,meningioma,1,train,5d658682f6319ea8d4bda7429340e94b095aa379a2c8d99f4229e6dd27d3b697,512,512,1.0,JPEG,RGB,Testing
data/Testing/meningioma/Te-me_53.jpg,meningioma,1,train,af5a90ed4c0b7ef7d710a3cc296c9c1c4799b1f18829882666b09072c15c4333,512,512,1.0,JPEG,L,Testing
data/Testing/meningioma/Te-me_55.jpg,meningioma,1,train,53f58b4268046fc49a02fc41c5c7eb5497e12f5a9eba050dd4453008805ea01c,512,512,1.0,JPEG,L,Testing
data/Testing/meningioma/Te-me_56.jpg,meningioma,1,train,7ef055e1156ba490104bf7f931a1b7781f12bd77b7c972e62acd1eef10d568d1,512,512,1.0,JPEG,L,Testing
data/Testing/meningioma/Te-me_57.jpg,meningioma,1,train,fabb395df0dcaec6dec25f803d41f76e8e6d89dc8708c61108f0303ff9c92bb0,512,512,1.0,JPEG,L,Testing
data/Testing/meningioma/Te-me_58.jpg,meningioma,1,train,f922af78f932a79359ca365847d1cad50f80146fbf5a1d65140574fc3f699860,512,512,1.0,JPEG,L,Testing
data/Testing/meningioma/Te-me_59.jpg,meningioma,1,train,f09741da125a48c30919b2ab5f736351b83ad075bf0c47f2c43e6342b513dad9,512,512,1.0,JPEG,L,Testing
data/Testing/meningioma/Te-me_6.jpg,meningioma,1,train,9070bd014f3db1a04cfa38cc03b9dce56870e56d7b60e02672dceb6311221b54,440,278,1.5827338129496402,JPEG,RGB,Testing
data/Testing/meningioma/Te-me_60.jpg,meningioma,1,train,9cdb9e5b904241555ed1d7672c09345c1eebeb40a32af9d55a24d5ddbb789b5c,512,512,1.0,JPEG,L,Testing
data/Testing/meningioma/Te-me_62.jpg,meningioma,1,train,928d0e3e00b14c27e24d4dfca8cce42fab89a3a7bcc8e714db1d2d1f629e1296,206,245,0.8408163265306122,JPEG,RGB,Testing
data/Testing/meningioma/Te-me_63.jpg,meningioma,1,train,6fca4c8f38138671b62a24282b8338d5479e5adec2c5314eadbf5c593271de18,512,512,1.0,JPEG,L,Testing
data/Testing/meningioma/Te-me_65.jpg,meningioma,1,train,c3d927ce79a0cb883cebb9ec22a1fec40145995bbbcf9719682e2426bea2cee2,512,512,1.0,JPEG,L,Testing
data/Testing/meningioma/Te-me_67.jpg,meningioma,1,train,fa08ad9fb2d132a46db1b6f66e89e02c0e8078a16b47e1483978c9045101dd4d,512,512,1.0,JPEG,L,Testing
data/Testing/meningioma/Te-me_68.jpg,meningioma,1,train,273412ebda99ea858804df37fd325e1452e6b99b198404c4f8e6b23e8dc74fc5,512,512,1.0,JPEG,RGB,Testing
data/Testing/meningioma/Te-me_69.jpg,meningioma,1,train,8c4b94132b0ec177c455b79452551c82bae7de1bb89206e26e852c0852b99a69,512,512,1.0,JPEG,L,Testing
data/Testing/meningioma/Te-me_7.jpg,meningioma,1,train,4762ac159017724632792ba9aae9fdaf16219a81b1c4f3e711a38b15496da301,512,512,1.0,JPEG,L,Testing
data/Testing/meningioma/Te-me_71.jpg,meningioma,1,train,f7d2308729770274fcfb77fb0fd22b7827e4490a91ce8e53d79b7a7e2d1b3c83,273,326,0.8374233128834356,JPEG,RGB,Testing
data/Testing/meningioma/Te-me_72.jpg,meningioma,1,train,1368a8bd7500b0e5b898b4f1e3b4cc9a96226cd05eb937afd9a3398019ed326f,512,512,1.0,JPEG,L,Testing
data/Testing/meningioma/Te-me_73.jpg,meningioma,1,train,5c1f5487b61a3702e0dccdeb576c1c6ac03d9215f9326e27b15e0b226280bfd3,512,512,1.0,JPEG,L,Testing
data/Testing/meningioma/Te-me_75.jpg,meningioma,1,train,446687278888e35e82c08cb985ce87c8b2634b426d56c43deffbf4a809f181ff,315,341,0.9237536656891495,JPEG,RGB,Testing
data/Testing/meningioma/Te-me_76.jpg,meningioma,1,train,6f8c83b1542c9741fd438bf27547c23219fe8687eb408b846e37be2e28bcf1c8,512,512,1.0,JPEG,L,Testing
data/Testing/meningioma/Te-me_77.jpg,meningioma,1,train,ebd3e307843d67013a784209f12342f36605a1639a46fa0b806b1574c0e428c8,512,512,1.0,JPEG,L,Testing
data/Testing/meningioma/Te-me_78.jpg,meningioma,1,train,fb8d2c5e9581aa241afd53f2f2f1bbfbd644a6116fa61ddb09b6d325c8432bef,512,512,1.0,JPEG,RGB,Testing
data/Testing/meningioma/Te-me_8.jpg,meningioma,1,train,b4770428f6eb25d2bae1c68136da1a088c1efede7a9c42c925d505e9cbf9e990,214,216,0.9907407407407407,JPEG,RGB,Testing
data/Testing/meningioma/Te-me_82.jpg,meningioma,1,train,d5b7e814acda37826e493195aed2e6f248316bf39bfbd32efe336c419c88b170,225,225,1.0,JPEG,RGB,Testing
data/Testing/meningioma/Te-me_83.jpg,meningioma,1,train,d60dae6da83e121fe151e2841e6121ff9a89430b14bea0642d67e632cb81d333,369,398,0.9271356783919598,JPEG,RGB,Testing
data/Testing/meningioma/Te-me_84.jpg,meningioma,1,train,7257688e40779b535476e0a9dd3de3840d99640b1a2dc88ce37eccd0c796bfcd,512,512,1.0,JPEG,L,Testing
data/Testing/meningioma/Te-me_85.jpg,meningioma,1,train,af44ef605f412d290d59d68e70f4e4d9ebcbfa79c45022d7f04aceca3d13184c,512,512,1.0,JPEG,RGB,Testing
data/Testing/meningioma/Te-me_86.jpg,meningioma,1,train,f5c147933f85a87c0117d15e39e7b2421c620ad5de62664717ba707e656bffc5,256,256,1.0,JPEG,RGB,Testing
data/Testing/meningioma/Te-me_87.jpg,meningioma,1,train,d27942240c405a440cff5fd7f4acd986d2240a34d3f3994b756b5f7d236285a8,512,512,1.0,JPEG,L,Testing
data/Testing/meningioma/Te-me_88.jpg,meningioma,1,train,ef9421aab6187eec0b46f498e18242fbd50a3679d2f37650630be8bc136b4634,512,512,1.0,JPEG,L,Testing
data/Testing/meningioma/Te-me_89.jpg,meningioma,1,train,fedac72b123555ed535898b573ac6ce27b65e0532917fe0723cddc5d20809b8c,512,512,1.0,JPEG,L,Testing
data/Testing/meningioma/Te-me_91.jpg,meningioma,1,train,e02d076c0a87c85c5bf6c7c37520125c883b73f3feed273b82aeb6d372070885,512,512,1.0,JPEG,L,Testing
data/Testing/meningioma/Te-me_92.jpg,meningioma,1,train,ac1b2777993a5aa70315feb0623995d23999e56e023e6cd04582281a6adfc223,512,512,1.0,JPEG,L,Testing
data/Testing/meningioma/Te-me_94.jpg,meningioma,1,train,7e0ed7c7427a3c5739dd62be203a5f397448fc9b3302ec76b0fd513603ab8005,215,234,0.9188034188034188,JPEG,RGB,Testing
data/Testing/meningioma/Te-me_95.jpg,meningioma,1,train,cb1b9f8d2cfb729e107a92d02f61eab37919387f7e33502eb09f4540b9a1143d,208,243,0.8559670781893004,JPEG,RGB,Testing
data/Testing/meningioma/Te-me_97.jpg,meningioma,1,train,8810b45be1c401440665d234a2636b390249e95b401d420e8198eddcec4c629c,512,512,1.0,JPEG,L,Testing
data/Testing/meningioma/Te-me_98.jpg,meningioma,1,train,795a00e6c6710479732a59445aa304a7dd09b36432fe1a4f8f4886def372999f,512,512,1.0,JPEG,L,Testing
data/Testing/meningioma/Te-me_99.jpg,meningioma,1,train,fd2290e9010f54221fda886f3832b936aa80341fa1eca9cab0a0df5c4a81bf79,512,512,1.0,JPEG,L,Testing
data/Training/meningioma/Tr-me_10.jpg,meningioma,1,train,994b140f2d19d9cf0f6f7fe37907ec7a2e5eeaecf4dae88e814c6d9e9b3733a6,512,512,1.0,JPEG,L,Training
data/Training/meningioma/Tr-me_1001.jpg,meningioma,1,train,02f91c903668073c157467dee9273f61028964938bdb19d2f047e17c87fe8462,512,512,1.0,JPEG,RGB,Training
data/Training/meningioma/Tr-me_1003.jpg,meningioma,1,train,bbffff0a64415d7c78add9d2dec80e666e415864980fa3e311746eec7997ef94,512,512,1.0,JPEG,RGB,Training
data/Training/meningioma/Tr-me_1004.jpg,meningioma,1,train,400f476acb240df5046f3231135acac8af2f4797670538e201519d279939c465,512,512,1.0,JPEG,RGB,Training
data/Training/meningioma/Tr-me_1006.jpg,meningioma,1,train,53d86be5adb7cfcf26615be78e884af587ccbfe9a160142db99a3a286123093f,512,512,1.0,JPEG,RGB,Training
data/Training/meningioma/Tr-me_1007.jpg,meningioma,1,train,d834c95d4e6e6877b7fe45482dcae81179adfda4d611dfb30cc43a67f2c21d0a,512,512,1.0,JPEG,RGB,Training
data/Training/meningioma/Tr-me_1008.jpg,meningioma,1,train,2b37cc68b26a6429895759edfb1fe5c61bfde99c79c687fb5b834b37a155e451,512,512,1.0,JPEG,RGB,Training
data/Training/meningioma/Tr-me_1011.jpg,meningioma,1,train,8f60cff87557ecb426eef4d732f8a506ea2b820ede5a190c46a4ea3cf6ef3487,512,512,1.0,JPEG,L,Training
data/Training/meningioma/Tr-me_1012.jpg,meningioma,1,train,81cc19d6a29990ed7fb17f4a11700e1fe77f72b2f0e7ded827fb343cd57dbcbc,512,512,1.0,JPEG,RGB,Training
data/Training/meningioma/Tr-me_1013.jpg,meningioma,1,train,84f471bbd24acc09be888f5a546c7e89f25ca2163374e8016bd4a5a40dd66eb8,512,512,1.0,JPEG,RGB,Training
data/Training/meningioma/Tr-me_1014.jpg,meningioma,1,train,c6e89bb15beccf9ef43278d3034d042960e194ada4b99455f72261324705279b,226,212,1.0660377358490567,JPEG,RGB,Training
data/Training/meningioma/Tr-me_1015.jpg,meningioma,1,train,110353ebe0e2d3b96148114f36d4d99992f830235a001d8f3007177f230a7f2b,512,512,1.0,JPEG,RGB,Training
data/Training/meningioma/Tr-me_1017.jpg,meningioma,1,train,a578a76fa2ea0c3739de8fb15a271cfeff4ea155a4ba9e642f3a31410e8cca85,512,512,1.0,JPEG,L,Training
data/Training/meningioma/Tr-me_1018.jpg,meningioma,1,train,9cd027317e216a57994fbf80bea13b05ed4855a9e95f0425b8ef756ab26dd98c,512,512,1.0,JPEG,L,Training
data/Training/meningioma/Tr-me_1019.jpg,meningioma,1,train,eb9ebf4ca7ce47dcdfa136c2e0ddde2043ad6fdcc72d86ab7ca5b4d6ecc15bba,512,512,1.0,JPEG,RGB,Training
data/Training/meningioma/Tr-me_102.jpg,meningioma,1,train,be329bc9a52fc7b41a815dccbb004240dd2a0f986e6aefaa8b18b55dbbd61991,512,512,1.0,JPEG,L,Training
data/Training/meningioma/Tr-me_1022.jpg,meningioma,1,train,813ffd5328e47b0c508420e84c4f922dd2e9a4f1e810c6fa0d302a3e8dd0fc65,512,512,1.0,JPEG,L,Training
data/Training/meningioma/Tr-me_1023.jpg,meningioma,1,train,ecb838c5df08dc153a62d78234e5fee09124487482f2c35bbac296f2b4b8f845,512,512,1.0,JPEG,L,Training
data/Training/meningioma/Tr-me_1025.jpg,meningioma,1,train,3304e7f9755438240fefc35dabad465d6b3b1257f1e92fb33ee153da5f3c9164,512,512,1.0,JPEG,L,Training
data/Training/meningioma/Tr-me_1026.jpg,meningioma,1,train,aa04ca1e1f50ea3188e6d3ac8a94a01aeb1ecf2e469fa7a835b7db9ec318f611,512,512,1.0,JPEG,RGB,Training
data/Training/meningioma/Tr-me_1027.jpg,meningioma,1,train,668781b04ba8a2afc4a61d5dd64355b29c25f02bec13b36562a763d2377d1e13,512,512,1.0,JPEG,RGB,Training
data/Training/meningioma/Tr-me_1028.jpg,meningioma,1,train,b6886ded074cb3ca1ca847ccb817f7674c8ef095f91e56d5807c363641c22435,512,512,1.0,JPEG,L,Training
data/Training/meningioma/Tr-me_1029.jpg,meningioma,1,train,20f2f8f90435bab366c5a35e122d78363ee19e73dc2369c65f5dcd6921cc9a99,512,512,1.0,JPEG,RGB,Training
data/Training/meningioma/Tr-me_1030.jpg,meningioma,1,train,e7a52a1fc339c3aef2fe2f9f2d76cbfda227601cd9990635c89ee737e530826a,512,512,1.0,JPEG,RGB,Training
data/Training/meningioma/Tr-me_1032.jpg,meningioma,1,train,91bfcd198f56305ddcd006f50fdf94eac4a0f15bb28f7d41449413656aefa0b3,1275,1427,0.8934828311142257,JPEG,RGB,Training
data/Training/meningioma/Tr-me_1033.jpg,meningioma,1,train,afdeb60e1a2507c66c5144c52d47d26b708522914cb8e4ad985bc42763024e3a,512,512,1.0,JPEG,L,Training
data/Training/meningioma/Tr-me_1034.jpg,meningioma,1,train,7d7831a8ac29d767cd63545b71f694a0992781793a865691e457f902bea8cb32,512,512,1.0,JPEG,RGB,Training
data/Training/meningioma/Tr-me_1035.jpg,meningioma,1,train,abd1990a51d6dc9102c2cbb64f69eaf2ed44299ae21f42d69b63188b940b2597,512,512,1.0,JPEG,RGB,Training
data/Training/meningioma/Tr-me_1037.jpg,meningioma,1,train,83be73bdf10766a2fb8de00a0c943b75aaa68a7c9f6998fcb548834013f51601,512,512,1.0,JPEG,RGB,Training
data/Training/meningioma/Tr-me_1038.jpg,meningioma,1,train,6297ea76d8230bd8692448e971962f85630d7906b41592f4375e499f1f8a60f1,512,512,1.0,JPEG,RGB,Training
data/Training/meningioma/Tr-me_1039.jpg,meningioma,1,train,5655f5ac7177d4f9d8d21cde891c8a211b30d5a79468f4c0d8091ccbc18a85d6,512,512,1.0,JPEG,RGB,Training
data/Training/meningioma/Tr-me_104.jpg,meningioma,1,train,edda2ca1aa88c5a2f0dffe5a5f7b9b72b5745afa72ab1d15d77fef5781a8dc0f,512,512,1.0,JPEG,RGB,Training
data/Training/meningioma/Tr-me_1040.jpg,meningioma,1,train,5700406acdf9ef0899a1b6f7eff0a9cbb33c2239cc6aa3f56b8e54c2b5840190,512,512,1.0,JPEG,RGB,Training
data/Training/meningioma/Tr-me_1041.jpg,meningioma,1,train,d23512002e5eb885764d3d601669bb1bc5430a3acd72acc0a6c8012c6ef89a54,512,512,1.0,JPEG,RGB,Training
data/Training/meningioma/Tr-me_1042.jpg,meningioma,1,train,bc5bfc6b7ab3c689b7416f703b907424303662a3570fc683c90231a597b0a1dd,512,512,1.0,JPEG,RGB,Training
data/Training/meningioma/Tr-me_1045.jpg,meningioma,1,train,19af3d5b92d9efcdade6a3977cfa1c8bac6e9698e82bcf6206f232d0768e644b,512,512,1.0,JPEG,RGB,Training
data/Training/meningioma/Tr-me_1046.jpg,meningioma,1,train,67874e12e8110004ddebdf67cfe8c6ea0ebd2ca28fdf05b01bb0e0b604ffe02e,512,512,1.0,JPEG,RGB,Training
data/Training/meningioma/Tr-me_1048.jpg,meningioma,1,train,99b29f6d64a0caee6a27d471b7d7b9b8956720238f526ad2304feb5320d22632,512,512,1.0,JPEG,RGB,Training
data/Training/meningioma/Tr-me_1049.jpg,meningioma,1,train,7d6a6188843e4c4cf5fb0270b280cdb9683c75a553f347734f8382e78dd11152,512,512,1.0,JPEG,RGB,Training
data/Training/meningioma/Tr-me_105.jpg,meningioma,1,train,fb7766aa1a3bcb79d11e153d433d8cbb3f3fceebc75b0a629ff118772d6a308d,512,512,1.0,JPEG,L,Training
data/Training/meningioma/Tr-me_1050.jpg,meningioma,1,train,5d7259537a8d8335afe4af918982c57e79e5b9d2635d41a5ca6a7f0fac3fdbc7,512,512,1.0,JPEG,L,Training
data/Training/meningioma/Tr-me_1052.jpg,meningioma,1,train,c046ccb45a3f2befc700180f13cf89d48632a59f9e7ce6b5ced3f361dc0814f3,512,512,1.0,JPEG,RGB,Training
data/Training/meningioma/Tr-me_1053.jpg,meningioma,1,train,090bf4982145d866df232a32517f0ff659ba5a4cd6c0b74d9df98330265e5c35,512,512,1.0,JPEG,RGB,Training
data/Training/meningioma/Tr-me_1054.jpg,meningioma,1,train,fca851f7b97faf1a542edc071c5036370268b3f0d503b292c3b7317d1be7b154,512,512,1.0,JPEG,L,Training
data/Training/meningioma/Tr-me_1056.jpg,meningioma,1,train,0c99980c18949f1407b3f18d960bd7c2c7794bf27ca54f670357861567885a25,512,512,1.0,JPEG,L,Training
data/Training/meningioma/Tr-me_1058.jpg,meningioma,1,train,a2e93f69ffd8d5ce391475775d8bf2e7ba80510d956be7b122c9109e544c0548,512,512,1.0,JPEG,RGB,Training
data/Training/meningioma/Tr-me_1059.jpg,meningioma,1,train,2bd6ff09a2a0981fb053403eb2fc822687fd26648196ffb375ccbf941e702e41,512,512,1.0,JPEG,RGB,Training
data/Training/meningioma/Tr-me_106.jpg,meningioma,1,train,acf85d39011c866bfb35c3d590b87541144899c525e7b772ed1ad1a8d86f76e5,512,512,1.0,JPEG,RGB,Training
data/Training/meningioma/Tr-me_1060.jpg,meningioma,1,train,cd0e8a297ff30a3a9303a73bf9fecfc652762b5f42bfd4a3b2537f7f249e3aa6,512,512,1.0,JPEG,L,Training
data/Training/meningioma/Tr-me_1061.jpg,meningioma,1,train,cee47fe24e69e6d1e4f224052a66ae0fd012bbf4b1df0a8a29174bfd5c298d16,512,512,1.0,JPEG,L,Training
data/Training/meningioma/Tr-me_1062.jpg,meningioma,1,train,57228bdff502beb1fbad2c833797c27a43d3f890194f9dd6ae26d0ca88a6312f,512,512,1.0,JPEG,RGB,Training
data/Training/meningioma/Tr-me_1063.jpg,meningioma,1,train,de0569adb6f3d5e7205b0c903a0f0d0905b8fead182a804357b2e97fc96db67f,512,512,1.0,JPEG,RGB,Training
data/Training/meningioma/Tr-me_1064.jpg,meningioma,1,train,e7f3c1b01c46e59afc262df52bf0d52a66a375e92862352fd7485045766091d2,374,456,0.8201754385964912,JPEG,RGB,Training
data/Training/meningioma/Tr-me_1066.jpg,meningioma,1,train,64c7adf07550ca44188b70e386c0f5fb78168e1ce440922dd5aaf9aeb5802704,512,512,1.0,JPEG,RGB,Training
data/Training/meningioma/Tr-me_107.jpg,meningioma,1,train,eca8537c9931ea1e1807231ef4b2fbaec3d2439c98becb37394f08b2831af980,512,512,1.0,JPEG,RGB,Training
data/Training/meningioma/Tr-me_1071.jpg,meningioma,1,train,82f605156059512dfeba3a39bf5e73ce36fb639286c9b068acf5afcd06082f98,512,512,1.0,JPEG,RGB,Training
data/Training/meningioma/Tr-me_1072.jpg,meningioma,1,train,85619568b1ec1543fdce209e1604b42d61f6c6e3128fb4b78d7b32a1793ad9ba,512,512,1.0,JPEG,L,Training
data/Training/meningioma/Tr-me_1076.jpg,meningioma,1,train,6d508e3f7b34af3c71a8cb1319f573df12af9ec5826fa397a1c4f9aedcfc7bad,512,512,1.0,JPEG,L,Training
data/Training/meningioma/Tr-me_1079.jpg,meningioma,1,train,070d440ee8f14f4fbea85e9cab95d5f9be87670bdbe5e8effa4eb89d45a46b17,512,512,1.0,JPEG,L,Training
data/Training/meningioma/Tr-me_1080.jpg,meningioma,1,train,f20b825d6252ec9430d904af7a498b85a49adb1855b459e4294fa39b19c65775,512,512,1.0,JPEG,RGB,Training
data/Training/meningioma/Tr-me_1081.jpg,meningioma,1,train,abafe77e0264734bba1989e52ade852585b0faa57dcd26f6448db9ed347682c2,512,512,1.0,JPEG,L,Training
data/Training/meningioma/Tr-me_1082.jpg,meningioma,1,train,9c34a36409817a9da5a57718be94d3a33e4b8a9c5e372f819fb52d761dc84a20,512,512,1.0,JPEG,L,Training
data/Training/meningioma/Tr-me_1084.jpg,meningioma,1,train,09627e91e8de159c9afe6042817170391b427fefa1352b45dd9eda954639362a,512,512,1.0,JPEG,L,Training
data/Training/meningioma/Tr-me_1085.jpg,meningioma,1,train,006f37202de813f1dfb60f38231decd0fb427e4b34160f4141f6b2eb8b9b6496,512,512,1.0,JPEG,RGB,Training
data/Training/meningioma/Tr-me_1086.jpg,meningioma,1,train,29a5b84531b617293f5407d8ee070b748fe3b6ef2f7c1525ec8deb5cd2f10854,512,512,1.0,JPEG,L,Training
data/Training/meningioma/Tr-me_1087.jpg,meningioma,1,train,a69c2f1d6ce833a3ca23466f8255fc4e4bc801f4fa4cf46c57c0a56997d529ff,512,512,1.0,JPEG,L,Training
data/Training/meningioma/Tr-me_1089.jpg,meningioma,1,train,295c66bc10e13423034fce1a8aabe6561ddbbeb23c7df92f3d5bdff7ae90ca25,512,512,1.0,JPEG,L,Training
data/Training/meningioma/Tr-me_1090.jpg,meningioma,1,train,230f424bcdd5e6af25e0070568dbc64e8a495c2440665cf1a96eda9869909681,512,512,1.0,JPEG,RGB,Training
data/Training/meningioma/Tr-me_1094.jpg,meningioma,1,train,65891cbba559ab78e568b2445965efaa4938fe6805121c2b8c72737873d4526f,512,512,1.0,JPEG,RGB,Training
data/Training/meningioma/Tr-me_1095.jpg,meningioma,1,train,413062f85804ae63e786374d60ca966f44a23f79c143cb59b3aba60f9693db87,512,512,1.0,JPEG,L,Training
data/Training/meningioma/Tr-me_1096.jpg,meningioma,1,train,52b2409d2e3eabea0772338dd7fad8ef7463e320847d41c889d1e67b1f391622,512,512,1.0,JPEG,L,Training
data/Training/meningioma/Tr-me_1098.jpg,meningioma,1,train,f6afd207e01d2df889f183595ec6f246f9aa8e675219b8372b16174fcc2ffc2b,512,512,1.0,JPEG,RGB,Training
data/Training/meningioma/Tr-me_11.jpg,meningioma,1,train,7cf9c6549663c88eb6d1da4b1008f09e73ca050b03c7e80c5c0cdc94d437dc6d,512,512,1.0,JPEG,RGB,Training
data/Training/meningioma/Tr-me_1101.jpg,meningioma,1,train,19043ae4f621e2df5521d7736cb657dbfbbe532114786bf8e34b9efe0fa86386,512,512,1.0,JPEG,RGB,Training
data/Training/meningioma/Tr-me_1102.jpg,meningioma,1,train,18b6221f389b942c71ead2e76e5a7dd5386997dfbad35c0704f2932d215bedbd,512,512,1.0,JPEG,RGB,Training
data/Training/meningioma/Tr-me_1104.jpg,meningioma,1,train,3d32352a920813525ad7790a47b4498bee71897a62e4f6737ca07e714a45a1b5,512,512,1.0,JPEG,L,Training
data/Training/meningioma/Tr-me_1105.jpg,meningioma,1,train,ca7907ba4ffc2d28584fff07e1e483682e5a14dad7cccbda95753839845b0dff,512,512,1.0,JPEG,RGB,Training
data/Training/meningioma/Tr-me_1106.jpg,meningioma,1,train,a0ae06aded2af13a33e91988c11a3f2ff013ef2a0cba421b619246c3f1dffc6c,512,512,1.0,JPEG,L,Training
data/Training/meningioma/Tr-me_1108.jpg,meningioma,1,train,cf1946870993b4d420a18ebd94d7a40a008102c0c9fb4309e7a5d72f47b905c1,512,512,1.0,JPEG,RGB,Training
data/Training/meningioma/Tr-me_1109.jpg,meningioma,1,train,721e90659e5b0fecd090e230302a2be61dab5eee5b8f28f3a0d093bd69c380f8,512,512,1.0,JPEG,L,Training
data/Training/meningioma/Tr-me_1111.jpg,meningioma,1,train,06bcb7de525aead647d93101964a83ec2624e2f0df75c5973680946fa4effe7e,512,512,1.0,JPEG,RGB,Training
data/Training/meningioma/Tr-me_1113.jpg,meningioma,1,train,c8f7ed5f237bf90fc5dd23b0bbd801b4f98abcdbd0730e20d242f5790e6632c4,512,512,1.0,JPEG,L,Training
data/Training/meningioma/Tr-me_1114.jpg,meningioma,1,train,de35ba08462577478c9a5b09d1da385fa1994cbb53b74e95e627b9dde1334a34,512,512,1.0,JPEG,RGB,Training
data/Training/meningioma/Tr-me_1115.jpg,meningioma,1,train,99190db113ce2ed38a0f349962a3cb1e917bb3c3fec5906f7861d00afd888cf1,512,512,1.0,JPEG,L,Training
data/Training/meningioma/Tr-me_1116.jpg,meningioma,1,train,523256d971fa06b7ce7cd7ed2b0fe28a37ac1099aba9d136fdc964211f5e3e48,512,512,1.0,JPEG,RGB,Training
data/Training/meningioma/Tr-me_1117.jpg,meningioma,1,train,3b7305d3e4324ae6f81cc5fd41e3e6ee488f20c7fbc41578a2b88a087b71ba91,512,512,1.0,JPEG,RGB,Training
data/Training/meningioma/Tr-me_1118.jpg,meningioma,1,train,b06d27c5a82d6da249191d60b1958983455794f92f94ce81a32ae9ce4e064d33,512,512,1.0,JPEG,RGB,Training
data/Training/meningioma/Tr-me_1119.jpg,meningioma,1,train,a9a76dc2440be4baec463684f55b2b23514b155ab7b5adc11cf590ce6e8b7e78,512,512,1.0,JPEG,L,Training
data/Training/meningioma/Tr-me_112.jpg,meningioma,1,train,e89033319903141bef9fa36857b57c7e529d477e848c6eb35e9293f74c70e694,512,512,1.0,JPEG,L,Training
data/Training/meningioma/Tr-me_1123.jpg,meningioma,1,train,84dd873ae844e60c436a6469f998381fcfd398aae54c5845b919518a2d0e0800,512,512,1.0,JPEG,L,Training
data/Training/meningioma/Tr-me_113.jpg,meningioma,1,train,57c5c8807cf6b5742682ff9308e1ada3734c86870c2f96f13a82677d9f05f8ab,512,512,1.0,JPEG,L,Training
data/Training/meningioma/Tr-me_1131.jpg,meningioma,1,train,b95404de0a212e7206569e898165ecde57f3019cb80fe8f7600aca9a10c34579,512,512,1.0,JPEG,L,Training
data/Training/meningioma/Tr-me_1132.jpg,meningioma,1,train,b2d5a32210193f167f554938bca9eb24f4c5e9d4bb577d0f3272ed240ac8b49a,512,512,1.0,JPEG,L,Training
data/Training/meningioma/Tr-me_1133.jpg,meningioma,1,train,0e30ac61ec618c6d281aa8d420ff301a2a29a61d677f3b0b2940c645b316e549,512,512,1.0,JPEG,RGB,Training
data/Training/meningioma/Tr-me_1135.jpg,meningioma,1,train,b77539dfaadd6978fb66e89ac83f72280ca4717a2d3846329e138b7fc2790940,512,512,1.0,JPEG,L,Training
data/Training/meningioma/Tr-me_1136.jpg,meningioma,1,train,388b0671f8ce9f8085aa4c324a10ebea8c206da5f491274d055658137dcc8c1e,512,512,1.0,JPEG,L,Training
data/Training/meningioma/Tr-me_1137.jpg,meningioma,1,train,d92fed696d1ac36dc66f652b0593e8f66ef520b3ca85e8be26f63ca5ff5d4558,512,512,1.0,JPEG,RGB,Training
data/Training/meningioma/Tr-me_114.jpg,meningioma,1,train,9f7123fa5cb2945967612e8ae28e6b23f569b250ace28f86bc2fc6dd89c1549a,512,512,1.0,JPEG,RGB,Training
data/Training/meningioma/Tr-me_1140.jpg,meningioma,1,train,0f9645b8252b967bc235ced1082478fec1367026bfacc1ab1fccddeda3b94613,512,512,1.0,JPEG,L,Training
data/Training/meningioma/Tr-me_1143.jpg,meningioma,1,train,918d60f7b72f3fe80a7c8c0193659dbe4a475d6016c0b0d731304a7f0ba4697e,512,512,1.0,JPEG,L,Training
data/Training/meningioma/Tr-me_1145.jpg,meningioma,1,train,76864a4fa2c30de6942d6b37164857fbe0df889520cc2525fa89665129ce32bf,512,512,1.0,JPEG,RGB,Training
data/Training/meningioma/Tr-me_1148.jpg,meningioma,1,train,15007902583064a1eb0662c9c9db1fe6333c4148a4d71e318a1231e6a5ad9fc6,512,512,1.0,JPEG,RGB,Training
data/Training/meningioma/Tr-me_1149.jpg,meningioma,1,train,4bbf662834a930d840fb28e953d91207a10ed25953885ce98fb9438cb07280de,512,512,1.0,JPEG,RGB,Training
data/Training/meningioma/Tr-me_115.jpg,meningioma,1,train,73fffcfb699dbd408c376e80da99cde3645dcc08edb19458bc7227fc1b4dcf04,512,512,1.0,JPEG,RGB,Training
data/Training/meningioma/Tr-me_1150.jpg,meningioma,1,train,b8304fce09688ff35547d5934221f80b212a19d77d990a2bf5d25039bcf9e47a,512,512,1.0,JPEG,RGB,Training
data/Training/meningioma/Tr-me_1153.jpg,meningioma,1,train,194c46b1ea53e00c741371fa80a7488f69e6b218c3ecbcf2e168fe90599dfed2,512,512,1.0,JPEG,L,Training
data/Training/meningioma/Tr-me_1155.jpg,meningioma,1,train,91a4816ed40aa69586321717d528317131054e174e5d6adc2c3a8cafc94af39d,512,512,1.0,JPEG,L,Training
data/Training/meningioma/Tr-me_1157.jpg,meningioma,1,train,2ae965b29aa3e9522c68acc8e21d263cc2b12d6dee5b19fa187b45b6f8eb13fa,512,512,1.0,JPEG,RGB,Training
data/Training/meningioma/Tr-me_1158.jpg,meningioma,1,train,b8716d023d1d8af60e84184ed5585f4803b36b6b86977886abdfa6f9d78075dc,512,512,1.0,JPEG,L,Training
data/Training/meningioma/Tr-me_1159.jpg,meningioma,1,train,48d4d96e1df0c22e496673bc575ce8f192e7d0de1012bda6ee10abadbeb7f2fa,512,512,1.0,JPEG,RGB,Training
data/Training/meningioma/Tr-me_116.jpg,meningioma,1,train,7c708ed13c2dbdbf252f36a1eed2ffdb71f1461bdea36551de18394932a1324b,512,512,1.0,JPEG,L,Training
data/Training/meningioma/Tr-me_1160.jpg,meningioma,1,train,8d5837de3ce9656ba52becce9b6925f81bf6587507e20b7a8116d12bd1d04384,512,512,1.0,JPEG,RGB,Training
data/Training/meningioma/Tr-me_1164.jpg,meningioma,1,train,59565e05c5cecf4d6693225fe717cab4b710b2f448687fb661f23d781cbb2fb1,512,512,1.0,JPEG,L,Training
data/Training/meningioma/Tr-me_1165.jpg,meningioma,1,train,5e38ae6db234d7e8f027a04f24aa00ea3548d89409ec8fd4c51e6987382b557e,512,512,1.0,JPEG,RGB,Training
data/Training/meningioma/Tr-me_1167.jpg,meningioma,1,train,568c5694a648a77bb18d6fe99b1efa57efbdb9399f45b36511d9e6e4546e942a,512,512,1.0,JPEG,RGB,Training
data/Training/meningioma/Tr-me_117.jpg,meningioma,1,train,d8ff219b20908c620b167c77ac7cbef1b4670a3266712765488540c6abf3d907,512,512,1.0,JPEG,L,Training
data/Training/meningioma/Tr-me_1170.jpg,meningioma,1,train,a3ad8ba2ea62b66a502de9508a8df04704f7f89d1666e146099658c6b79ce002,512,512,1.0,JPEG,RGB,Training
data/Training/meningioma/Tr-me_1171.jpg,meningioma,1,train,7d73b1cc1cb78afcf4c37d9f969610337ca41835306969a83652b183833a8a98,512,512,1.0,JPEG,L,Training
data/Training/meningioma/Tr-me_1172.jpg,meningioma,1,train,9b0936d02f1fa3bc9a28c97f4faee7c4ee24fe2ecc685aa03faf22a2aad4fe92,512,512,1.0,JPEG,RGB,Training
data/Training/meningioma/Tr-me_1173.jpg,meningioma,1,train,f08b7933ea66d4e3342408e2169580de691e4833a5b5bd0cc68fe24310440b19,512,512,1.0,JPEG,RGB,Training
data/Training/meningioma/Tr-me_1174.jpg,meningioma,1,train,8e4dce61a52f4cef6a0d5e2a5c3308e1ba0f45b4897416e04670d94652f73cce,512,512,1.0,JPEG,L,Training
data/Training/meningioma/Tr-me_1175.jpg,meningioma,1,train,006035b8702c6cde8b56850e613e3b827b74b63705026f5d86fc287aeafc67eb,512,512,1.0,JPEG,L,Training
data/Training/meningioma/Tr-me_1176.jpg,meningioma,1,train,b6d023eeb65151c7e0e956a3339568082ee8b65265c30ae1f8de8b1587e945b8,512,512,1.0,JPEG,RGB,Training
data/Training/meningioma/Tr-me_1177.jpg,meningioma,1,train,21b63d465f8a8f9fbdbd9d93b875b5cc082d0801f535e8e66823380a8d6ed907,512,512,1.0,JPEG,RGB,Training
data/Training/meningioma/Tr-me_1178.jpg,meningioma,1,train,d52a0cb9dba3e761c30064c52aa3e8fb64b02b7f86ffbf80a999f88adbc3b1a4,512,512,1.0,JPEG,RGB,Training
data/Training/meningioma/Tr-me_1179.jpg,meningioma,1,train,cd1a525488240e8e049a5512f9d81ae1b975a2abcf54e7c524293dd8f475fc22,512,512,1.0,JPEG,RGB,Training
data/Training/meningioma/Tr-me_118.jpg,meningioma,1,train,12069acc08120badc004aa62fe0961b896efd243a807d11699d8bd2107e9b1f6,512,512,1.0,JPEG,L,Training
data/Training/meningioma/Tr-me_1180.jpg,meningioma,1,train,d5596588377dee940c6af8fbca0cb8318dac3d81585030071502fd9defcd9b44,512,512,1.0,JPEG,RGB,Training
data/Training/meningioma/Tr-me_1181.jpg,meningioma,1,train,9fd1d9b2f7b1beb3d5c0588a0c02a0da799671d7616b36eed8b32dacc794dee7,512,512,1.0,JPEG,L,Training
data/Training/meningioma/Tr-me_1182.jpg,meningioma,1,train,ddd3e81b9632b8a6c59642943edf8089b902204e690a27bd8ab6bc241e87878a,512,512,1.0,JPEG,L,Training
data/Training/meningioma/Tr-me_1183.jpg,meningioma,1,train,266bc9e19565e6876461c25bc7c78c88412b1843306ce9400a0ff55a7e1c33eb,512,512,1.0,JPEG,RGB,Training
data/Training/meningioma/Tr-me_1184.jpg,meningioma,1,train,60bbf27c3f5fb25c28ab2cbd7afa7d089043f4d07c65dda7f8b391d03c4b28a8,512,512,1.0,JPEG,L,Training
data/Training/meningioma/Tr-me_1186.jpg,meningioma,1,train,cf2b14a094bb21e63ffa3427d46d7ef876dfba91623f4931aa5ca3bc15229e70,512,512,1.0,JPEG,L,Training
data/Training/meningioma/Tr-me_1187.jpg,meningioma,1,train,49e86181696e78ffe0f01e1ff8ef514291bb164cf8c71e0a27cce6f7e0d1a0c8,512,512,1.0,JPEG,RGB,Training
data/Training/meningioma/Tr-me_1188.jpg,meningioma,1,train,74fd757e3f2b9eb20c82eb75686d7b0ff38308adb7af28eda3c4ca5c441b1484,512,512,1.0,JPEG,RGB,Training
data/Training/meningioma/Tr-me_1189.jpg,meningioma,1,train,71ee676b825696ee4d8156c707a78530eb1f21166ae12fa655aa010cb790d612,512,512,1.0,JPEG,RGB,Training
data/Training/meningioma/Tr-me_1190.jpg,meningioma,1,train,1f66dd0c23f9b690b2f55841db52a85a9afd5fcc0b9aa888c7c0089b46c2630e,512,512,1.0,JPEG,RGB,Training
data/Training/meningioma/Tr-me_1193.jpg,meningioma,1,train,e6440027ac04a3cfa709aeaaa0e6a20fb7dec09f0d1b67e5742ce9cc9357e2de,512,512,1.0,JPEG,L,Training
data/Training/meningioma/Tr-me_1195.jpg,meningioma,1,train,9cef77dc64e8913b023143cd5ed96f9438eceb44bedd1468d079f4256b064043,512,512,1.0,JPEG,RGB,Training
data/Training/meningioma/Tr-me_1197.jpg,meningioma,1,train,352990cef31b58ed45b3211ba5bf26a59d383232f49386976dca6e347f9dda84,512,512,1.0,JPEG,L,Training
data/Training/meningioma/Tr-me_1199.jpg,meningioma,1,train,fcabf5a1c3b3129ce2e640b5545c13df3cd49e1f38fbb969b3de658d9936e89d,512,512,1.0,JPEG,L,Training
data/Training/meningioma/Tr-me_120.jpg,meningioma,1,train,cc8263341b364f5426760a64b59e24bde981117dae4801caa331c49c69757374,512,512,1.0,JPEG,RGB,Training
data/Training/meningioma/Tr-me_1201.jpg,meningioma,1,train,30422a63e18b25e2cf2683c7d034137939c5930969cafe97188206347b2f84ab,512,512,1.0,JPEG,RGB,Training
data/Training/meningioma/Tr-me_1202.jpg,meningioma,1,train,3fe05716488b26d1fb51b9294e950ef9879d933fbb474ac144ce41782ed84988,512,512,1.0,JPEG,RGB,Training
data/Training/meningioma/Tr-me_1203.jpg,meningioma,1,train,741e111d93bd7e4f251520303a762f365e9ee92921d593513b02e8e0dafc55c4,512,512,1.0,JPEG,RGB,Training
data/Training/meningioma/Tr-me_1204.jpg,meningioma,1,train,53ad6d5721c03ae9a91445d68d3af5739c9fb3a68f6d327d5b27655f0b369c87,512,512,1.0,JPEG,L,Training
data/Training/meningioma/Tr-me_1206.jpg,meningioma,1,train,852c8b5b99a641796a9043e0f356dc8fc99a6a093dd98493d9e32180bbbcf479,512,512,1.0,JPEG,RGB,Training
data/Training/meningioma/Tr-me_1207.jpg,meningioma,1,train,5ed027f137053546b90ecb07710e5a14161b8d91d25ac5557a7720b8b3ae46e1,512,512,1.0,JPEG,RGB,Training
data/Training/meningioma/Tr-me_1209.jpg,meningioma,1,train,88d73b86ae9d05daa8c31e31f5fcc279fdc579585834f31a67303200219ec6a8,512,512,1.0,JPEG,RGB,Training
data/Training/meningioma/Tr-me_121.jpg,meningioma,1,train,c5acbbe4a361628f4739802e1faf6c57052785348c77581d83795157ea8231b2,512,512,1.0,JPEG,RGB,Training
data/Training/meningioma/Tr-me_1210.jpg,meningioma,1,train,9c4cf16e1a87a2f5b811cea7130a48912ee4438b0bbf265a6a89db94f176b9a9,512,512,1.0,JPEG,L,Training
data/Training/meningioma/Tr-me_1211.jpg,meningioma,1,train,a3a42f7491ee891f370bbd9ae388fd8ade56324634803043d796c022780f6263,512,512,1.0,JPEG,L,Training
data/Training/meningioma/Tr-me_1212.jpg,meningioma,1,train,f1b8111ddc827b4250114ce0809e46f44a864a111fa6625088d76c05061f0356,512,512,1.0,JPEG,L,Training
data/Training/meningioma/Tr-me_1217.jpg,meningioma,1,train,f28de103b67a0ee0cb9b7a932f093182b9d4fbb688da37deb4c769ec0c38bfc8,512,512,1.0,JPEG,L,Training
data/Training/meningioma/Tr-me_1218.jpg,meningioma,1,train,c374ff2d1fc360b30c7214649f046e0d78e251f2071cbb52cef7bd5c493b6fc3,512,512,1.0,JPEG,RGB,Training
data/Training/meningioma/Tr-me_1219.jpg,meningioma,1,train,4f1d39b9cb2f58ff89d6dad5b55a67653eb71f2d472dfcbd9e88be832e88a520,512,512,1.0,JPEG,L,Training
data/Training/meningioma/Tr-me_122.jpg,meningioma,1,train,af52312831fd9b66613aa9a5523ff175dfb93384ca87a2668b4aca56719ede4a,512,512,1.0,JPEG,RGB,Training
data/Training/meningioma/Tr-me_1220.jpg,meningioma,1,train,7980cc663e0e30fd91bc7f13945212689d84ab04e6a35c331455bb433c3a068d,512,512,1.0,JPEG,RGB,Training
data/Training/meningioma/Tr-me_1221.jpg,meningioma,1,train,5cefb4a3d171fb2eeb60d0941032bbbcc8bb3fc59ccf482e7322718996e5200d,512,512,1.0,JPEG,L,Training
data/Training/meningioma/Tr-me_1222.jpg,meningioma,1,train,7c638c7a5b227f2563921bfa9709dbd94f740d49eda565a190021b5a5b0e63c9,512,512,1.0,JPEG,RGB,Training
data/Training/meningioma/Tr-me_1227.jpg,meningioma,1,train,2559088c11b62de90fbbde5b35f485f6555e6f316a113c5c1fb970654e155b8e,512,512,1.0,JPEG,L,Training
data/Training/meningioma/Tr-me_1228.jpg,meningioma,1,train,fbd9ab19a27b32299b6aca99359b52e2885f29da43fc199ad193fd9638853c81,512,512,1.0,JPEG,RGB,Training
data/Training/meningioma/Tr-me_1229.jpg,meningioma,1,train,2c9d7e879915838787fc921a52ca16c2a178492028bb2c9e843b47c75613f463,512,512,1.0,JPEG,RGB,Training
data/Training/meningioma/Tr-me_1232.jpg,meningioma,1,train,1a6a1117a2933f679425c2485a1cb2186cc1a0417089b983a98a5dfe6dfa8fd4,512,512,1.0,JPEG,L,Training
data/Training/meningioma/Tr-me_1233.jpg,meningioma,1,train,43604ce31707f37ac8cf08a32391c56c8201c066fc23403624c5f9d2fe6822e6,512,512,1.0,JPEG,RGB,Training
data/Training/meningioma/Tr-me_1234.jpg,meningioma,1,train,8b7d609ca4d3872bbd0022144fc11924c1cf4ea9cf7229eb2585322856ceb2bc,512,512,1.0,JPEG,L,Training
data/Training/meningioma/Tr-me_1236.jpg,meningioma,1,train,6ab6ab0a443b02303c1a50fb8c7c4c90eabfb6bd1739b6e141794a9cb833a614,512,512,1.0,JPEG,L,Training
data/Training/meningioma/Tr-me_1239.jpg,meningioma,1,train,57971d654226258909e2acddb709a2243e0a111a23c9c130782828ceae038d53,512,512,1.0,JPEG,L,Training
data/Training/meningioma/Tr-me_1240.jpg,meningioma,1,train,46dfb5d4841e19897fa1446a7f20ccd4e2f3b153eda984aca70e23cf67321caf,512,512,1.0,JPEG,RGB,Training
data/Training/meningioma/Tr-me_1241.jpg,meningioma,1,train,676b058582d7dab36e8b05145f32f2ee8d4a7397e5d4bf4b533279000936dea3,512,512,1.0,JPEG,RGB,Training
data/Training/meningioma/Tr-me_1242.jpg,meningioma,1,train,bdfa954d8b8c64b8185d51a3fbbb6b8e72e265c7f31d4123c7a7d85fecb3ba33,512,512,1.0,JPEG,L,Training
data/Training/meningioma/Tr-me_1243.jpg,meningioma,1,train,98a7a39b0f354564c37a8d02a29ea073e8b00cd3c5d503cc2c274794fab41acd,512,512,1.0,JPEG,RGB,Training
data/Training/meningioma/Tr-me_1244.jpg,meningioma,1,train,ef81d0eec9bf97f306a939b1b146a0523b62820c3fdc7ceb98ef5d4914e9196e,512,512,1.0,JPEG,L,Training
data/Training/meningioma/Tr-me_1245.jpg,meningioma,1,train,3e0df3db7c9333aef6932b6d59f8cafe720abbe82fb79b5ee17d6fd6639f9d39,512,512,1.0,JPEG,RGB,Training
data/Training/meningioma/Tr-me_1246.jpg,meningioma,1,train,d42148d25a01a7f109fda49e735d715512f9a9acffdae6afe4309b3e7c286116,512,512,1.0,JPEG,L,Training
data/Training/meningioma/Tr-me_1247.jpg,meningioma,1,train,125ca140c0e2df110bff5e308be07ce116890dc84e36fc7ea044997bab592b93,512,512,1.0,JPEG,RGB,Training
data/Training/meningioma/Tr-me_1248.jpg,meningioma,1,train,ff2f6d8feb46fd914e84cb7f1bdcfc3c70f3e9065dcb4759a571237cf8f47eb8,512,512,1.0,JPEG,RGB,Training
data/Training/meningioma/Tr-me_1250.jpg,meningioma,1,train,e62651823e587831c409eea2930d339c9475891c9e9dde5831db95e0ce02f98b,512,512,1.0,JPEG,L,Training
data/Training/meningioma/Tr-me_1251.jpg,meningioma,1,train,252f0a2498052280f54391064d5f19201c87a492c487cf4922bc5a9c1ba718da,512,512,1.0,JPEG,RGB,Training
data/Training/meningioma/Tr-me_1252.jpg,meningioma,1,train,974760208bdb1b9fc6431d073f7e3f7667e46470de18059b99cc771f1262d314,512,512,1.0,JPEG,L,Training
data/Training/meningioma/Tr-me_1254.jpg,meningioma,1,train,912580a5ae5a397137afb0d757fe760cce50b93ec341f91e60b401e444b76515,512,512,1.0,JPEG,RGB,Training
data/Training/meningioma/Tr-me_1256.jpg,meningioma,1,train,d539b354248655ae58e3b189210aab7457daa09eab412bff3dc49e0db6525cd7,512,512,1.0,JPEG,RGB,Training
data/Training/meningioma/Tr-me_1257.jpg,meningioma,1,train,73ef61d096acd194ededbc3f9e2fdd933ccc819e17720aaa62ab8b771de4333a,512,512,1.0,JPEG,RGB,Training
data/Training/meningioma/Tr-me_1259.jpg,meningioma,1,train,5bb6f77390b90f0d9fda57232040a964de9a605f9384938b094e57956f18e34c,512,512,1.0,JPEG,RGB,Training
data/Training/meningioma/Tr-me_1264.jpg,meningioma,1,train,256d8994b20eb16d28ad54b716776d25607e5dba1ff80ca30e2c07fdaf8dd572,512,512,1.0,JPEG,RGB,Training
data/Training/meningioma/Tr-me_1265.jpg,meningioma,1,train,4abf1ba6a5368fae946cc7dba24ee23621896b662043fa6e18f2adceca589cc7,512,512,1.0,JPEG,L,Training
data/Training/meningioma/Tr-me_1267.jpg,meningioma,1,train,dfb517313dc6a8f9447e06f367bd8d17e5a7ca7b1a642c57e2793786748e8c89,512,512,1.0,JPEG,L,Training
data/Training/meningioma/Tr-me_1268.jpg,meningioma,1,train,8a84dcea9891b3c2bcabc5d66b5ef3b7ab5bbaa3143cb703b80fd0330de1f237,512,512,1.0,JPEG,RGB,Training
data/Training/meningioma/Tr-me_1269.jpg,meningioma,1,train,a5c48e98be2186f53d4fdd2d2a843b2ce0a1d688a8af525dab55042aad3b4926,512,512,1.0,JPEG,RGB,Training
data/Training/meningioma/Tr-me_127.jpg,meningioma,1,train,751a3815a69b7857eaa43db7da3ec5cedd13e4211e13c5a29a08f4db77841630,512,512,1.0,JPEG,RGB,Training
data/Training/meningioma/Tr-me_1270.jpg,meningioma,1,train,5a29de2b08cd7dddaf2e5c6e9f0cd8288fcfd090bf489dc123ed7a51a0ebdc0f,512,512,1.0,JPEG,RGB,Training
data/Training/meningioma/Tr-me_1271.jpg,meningioma,1,train,f38da6484936c9bd618352533d095eaee521c3a037422dfd6836abe4162672b6,512,512,1.0,JPEG,L,Training
data/Training/meningioma/Tr-me_1272.jpg,meningioma,1,train,01e735fe01c2be1b29d7f23377e79d53a46d80807454dad5b6d7dfed136cde08,512,512,1.0,JPEG,RGB,Training
data/Training/meningioma/Tr-me_1275.jpg,meningioma,1,train,603f5a8731d509918d99ca6bd9abfca40d226d450ad25b0adfa418523b1aeabb,512,512,1.0,JPEG,RGB,Training
data/Training/meningioma/Tr-me_1276.jpg,meningioma,1,train,59fdd78ddbfd885550727d3b95d6ffca0514931c8d43b33e20a5c2b95f70e6ed,512,512,1.0,JPEG,RGB,Training
data/Training/meningioma/Tr-me_1277.jpg,meningioma,1,train,4adf2707cb66b1e49fb8f5930d2ed259aac654e88e16bce96f83a526e5213e55,512,512,1.0,JPEG,RGB,Training
data/Training/meningioma/Tr-me_1278.jpg,meningioma,1,train,200ffd0dbebdb2f89d88e4ab2efd4e59049a12ad65d5387110b001f8a77d8a84,512,512,1.0,JPEG,RGB,Training
data/Training/meningioma/Tr-me_1279.jpg,meningioma,1,train,e8dbf40b0bbabb42643afc04ad78f05c026ef5ef6d832b692a370753cb71c04c,512,512,1.0,JPEG,RGB,Training
data/Training/meningioma/Tr-me_1281.jpg,meningioma,1,train,83c210549076cec7972c0d482b08b016a9529e467800e9694b65574861c268c4,512,512,1.0,JPEG,L,Training
data/Training/meningioma/Tr-me_1284.jpg,meningioma,1,train,a348036de2823699abc5b9b18e1d0265c28045acdc57d329acdc142c140a9069,512,512,1.0,JPEG,RGB,Training
data/Training/meningioma/Tr-me_1287.jpg,meningioma,1,train,49da830612e4ec925b3e109f29676a717901f9fc2409179994d3ae5f5024e27d,512,512,1.0,JPEG,L,Training
data/Training/meningioma/Tr-me_129.jpg,meningioma,1,train,07289e754c8f7248a62842af8d82f9844dd7ce79000a382dba867a171eb04246,512,512,1.0,JPEG,RGB,Training
data/Training/meningioma/Tr-me_1291.jpg,meningioma,1,train,c17ac960a6b96743bc95eabdd5fb770cf1a6f30450d191f674c5de3abf90cad0,512,512,1.0,JPEG,L,Training
data/Training/meningioma/Tr-me_1294.jpg,meningioma,1,train,d927d228c8250283caa28ffbe3a249f56ee182724d099a7b65f3206cf39e99df,507,362,1.4005524861878453,JPEG,RGB,Training
data/Training/meningioma/Tr-me_1295.jpg,meningioma,1,train,b72659b2075f12d9bb3a729b068d9b00fcd0369ee0c8efdae2c1d366bcd213e8,512,512,1.0,JPEG,L,Training
data/Training/meningioma/Tr-me_1296.jpg,meningioma,1,train,f728a34b075d8e3f3b98a8f0bcce3f2762fd7d011fba8f8eba4fcc62993e13f7,512,512,1.0,JPEG,RGB,Training
data/Training/meningioma/Tr-me_1299.jpg,meningioma,1,train,2e14dd8ff594c15f776e5060f9de8a9324c93a489f27089c50a710400db1293b,512,512,1.0,JPEG,RGB,Training
data/Training/meningioma/Tr-me_130.jpg,meningioma,1,train,c830bc108b82579c460388a5fbc5450582aae1f12c35791ace0d05408bfa92ca,512,512,1.0,JPEG,L,Training
data/Training/meningioma/Tr-me_1300.jpg,meningioma,1,train,d0a7c9dd495d8ed3e9143a2b1f534323274b17de014a72d080b1d6817b295b8d,512,512,1.0,JPEG,RGB,Training
data/Training/meningioma/Tr-me_132.jpg,meningioma,1,train,6d9505cfd4759e70b7d3fa26324149eebd985087c83c03ba6316331c727a0ab4,512,512,1.0,JPEG,L,Training
data/Training/meningioma/Tr-me_133.jpg,meningioma,1,train,f9cbe6459b08cacaef619539147e3a64b4553a41134889092ef182bcad3f06e6,512,512,1.0,JPEG,L,Training
data/Training/meningioma/Tr-me_134.jpg,meningioma,1,train,624fdef59560e4dc7011e185bd59c30e715c4e2f1b90063dedde5b78c6dea2c2,512,512,1.0,JPEG,RGB,Training
data/Training/meningioma/Tr-me_135.jpg,meningioma,1,train,1b73112927bf0cb3f1a9a748606ef255c736280fcf5193772905977c437bddad,512,512,1.0,JPEG,L,Training
data/Training/meningioma/Tr-me_136.jpg,meningioma,1,train,0becf80f2e224dace7bdf60b26a9fb324dec4ffa3121bd62598da917fb1cb6d7,512,512,1.0,JPEG,L,Training
data/Training/meningioma/Tr-me_138.jpg,meningioma,1,train,642ef998a51aa64f5091a8b6feaa643c66aebba70d153c1dbb8cb9527a74202b,512,512,1.0,JPEG,L,Training
data/Training/meningioma/Tr-me_14.jpg,meningioma,1,train,df2333f980e01290a3154d6f72198db62a8d05a87f7a014a443d2f29b7d4ee37,216,234,0.9230769230769231,JPEG,RGB,Training
data/Training/meningioma/Tr-me_140.jpg,meningioma,1,train,201e87b097b89abba37e626630059f7aab4da64a0551a21f3cb6f75d77abd853,512,512,1.0,JPEG,L,Training
data/Training/meningioma/Tr-me_141.jpg,meningioma,1,train,b8c024af16ff2b1f33d3da4472b51414c3e85254c4796b5495af06c2b6ff1be9,512,512,1.0,JPEG,RGB,Training
data/Training/meningioma/Tr-me_142.jpg,meningioma,1,train,f21583e0f157a277df6893e0e24fb5d78323be5deac3b2e3784166deb569001a,512,512,1.0,JPEG,L,Training
data/Training/meningioma/Tr-me_147.jpg,meningioma,1,train,1c814867ebd3eb1f834b7171cdcc7744caf2d2c78d0874d741cdf6abd75a6a7b,512,512,1.0,JPEG,L,Training
data/Training/meningioma/Tr-me_149.jpg,meningioma,1,train,2d77add6a845df957c70cdfcd3b202439ac7b374e8c9444ae970808f53fb2bb6,512,512,1.0,JPEG,RGB,Training
data/Training/meningioma/Tr-me_15.jpg,meningioma,1,train,ea374302b8adbd591a8407a614cb52eef027cb78709945764f9dd46953cfdb9f,512,512,1.0,JPEG,L,Training
data/Training/meningioma/Tr-me_150.jpg,meningioma,1,train,47bcedfff59d7e2bb4ef1a56e045180b3dd75478bf7cf36db7ccb69498f78ed2,512,512,1.0,JPEG,RGB,Training
data/Training/meningioma/Tr-me_152.jpg,meningioma,1,train,c7b642ab3fcc0ccf2c1251f7548447b9ff0b592cbde0b6ad7d31ccb455e7cf07,512,512,1.0,JPEG,RGB,Training
data/Training/meningioma/Tr-me_156.jpg,meningioma,1,train,147fd0c9adb436dad91f3b4449f5730d3be0828401a890e4b9d6b1a302c58727,512,512,1.0,JPEG,L,Training
data/Training/meningioma/Tr-me_157.jpg,meningioma,1,train,07df375bff32f76b8fba09c37baa05411156750aed941ecaab1b39869a1f371a,512,512,1.0,JPEG,RGB,Training
data/Training/meningioma/Tr-me_159.jpg,meningioma,1,train,21fb37db667cb66b8c2ec1e96ea13c1f02f3451428e7c68b68e1069e2fb83ea6,512,512,1.0,JPEG,L,Training
data/Training/meningioma/Tr-me_161.jpg,meningioma,1,train,556462259a7d9d4c6e9f59c9599f359c05e7f17b69cdfe4e04503301262ba392,512,512,1.0,JPEG,L,Training
data/Training/meningioma/Tr-me_162.jpg,meningioma,1,train,2e31b071d2be0095f3a4618d014349436f3d1e28d8aed9c73fac6ed3cc790846,512,512,1.0,JPEG,L,Training
data/Training/meningioma/Tr-me_163.jpg,meningioma,1,train,56c0d64a895e67546d9205ff0f3a5bcb1a1f6898251ebdfb90892b77f1d44d95,512,512,1.0,JPEG,RGB,Training
data/Training/meningioma/Tr-me_164.jpg,meningioma,1,train,4574f17c1c623efbb71117a7d89fc7d0b8cf8ea0d6fb5025f94dbf9513c2eb07,512,512,1.0,JPEG,RGB,Training
data/Training/meningioma/Tr-me_165.jpg,meningioma,1,train,1964dd3e7d6d83177c89f5a5b8d9c07b6b0304f83d4b344be91b953c15972df2,512,512,1.0,JPEG,RGB,Training
data/Training/meningioma/Tr-me_166.jpg,meningioma,1,train,16c3145fd9b72ea456a836ee11805e9424054edb5307015a1ce52c6357fae693,512,512,1.0,JPEG,RGB,Training
data/Training/meningioma/Tr-me_168.jpg,meningioma,1,train,4144036938462f5571547952376afb66f1e24fb1a5292a67196a17455b133215,512,512,1.0,JPEG,L,Training
data/Training/meningioma/Tr-me_169.jpg,meningioma,1,train,107e9021bf0df36f141031bbb83b3af9b0a5dd63df3f602c300abae83af386d3,512,512,1.0,JPEG,RGB,Training
data/Training/meningioma/Tr-me_171.jpg,meningioma,1,train,f04d67561e5c087c183cf02dc31a605a1192a98d2629edb04fd9843c78d495d6,512,512,1.0,JPEG,RGB,Training
data/Training/meningioma/Tr-me_174.jpg,meningioma,1,train,14df7e2e5e73fa1af79496306a5fb05ce3dc2576a3569d61d3c2531361a2df25,512,512,1.0,JPEG,RGB,Training
data/Training/meningioma/Tr-me_175.jpg,meningioma,1,train,cb4349f6e6983b924b99e82021bafa01d247ea1aa837fe636208735b39be06d3,512,512,1.0,JPEG,RGB,Training
data/Training/meningioma/Tr-me_176.jpg,meningioma,1,train,84d2b0edef9dc54c0c08b12c233de5f642907f54f98e2a5042688ffabe8896e6,512,512,1.0,JPEG,L,Training
data/Training/meningioma/Tr-me_177.jpg,meningioma,1,train,27bdfabf92dc0a7f177d79823d4306a403f8df05fbcbcef972105e0f2d0e0cd1,512,512,1.0,JPEG,L,Training
data/Training/meningioma/Tr-me_178.jpg,meningioma,1,train,45a081682172edc846179168416fa2abc128a415a6588d49d9c3316f0b148398,512,512,1.0,JPEG,L,Training
data/Training/meningioma/Tr-me_179.jpg,meningioma,1,train,73f1b05378414e296ffbbcf8086b541aeca49281cfd558c1c2f5c3c6a49808ba,512,512,1.0,JPEG,L,Training
data/Training/meningioma/Tr-me_18.jpg,meningioma,1,train,eec0ef8aa1ed840c5318ced06234a03fc356e1afbc87ba7571e86829d2783eea,512,512,1.0,JPEG,RGB,Training
data/Training/meningioma/Tr-me_180.jpg,meningioma,1,train,ae06d32f27e8be681b2c303b6a1714b0375a9648a71914f292a82704e2c68afb,512,512,1.0,JPEG,RGB,Training
data/Training/meningioma/Tr-me_181.jpg,meningioma,1,train,7904564431baa66e5f5f9bf53156bfbb1dff32b8c74429f1bb3d011c1826c341,512,512,1.0,JPEG,L,Training
data/Training/meningioma/Tr-me_183.jpg,meningioma,1,train,ae25b88a118e83b81dded994565c022f833a26d66db739e1edfd7483003cac75,512,512,1.0,JPEG,RGB,Training
data/Training/meningioma/Tr-me_186.jpg,meningioma,1,train,69f970fa2e17884a253fd2a4bcb7bed2acb0451916de67318b1784596611a002,324,284,1.1408450704225352,JPEG,RGB,Training
data/Training/meningioma/Tr-me_187.jpg,meningioma,1,train,dc309bbf22c783392045fe99c888f2cc178a983a5af3a2dd4afb9d591291d754,512,512,1.0,JPEG,L,Training
data/Training/meningioma/Tr-me_188.jpg,meningioma,1,train,ed125e7e0d5527a83b34280540083caa55ff711946efb98c625c1bd60bad0fbf,512,512,1.0,JPEG,RGB,Training
data/Training/meningioma/Tr-me_190.jpg,meningioma,1,train,4f4d25f15d78498d8f243ec324c1ca190463a50de4446e38ad70bbfbe1a47cbb,512,512,1.0,JPEG,L,Training
data/Training/meningioma/Tr-me_191.jpg,meningioma,1,train,511acea56a686a7b6ef4dd955b84449623113459a5b9e46c05a6d0283a675e5b,512,512,1.0,JPEG,L,Training
data/Training/meningioma/Tr-me_192.jpg,meningioma,1,train,506badb90a256b53cf2ae6490f5341f235e55e47d4955920fcb0fd61936abc6c,512,512,1.0,JPEG,RGB,Training
data/Training/meningioma/Tr-me_193.jpg,meningioma,1,train,194f948991ebcfb898e5a8314edd4644cd2cd052015d5b827e7adc81facf58e8,512,512,1.0,JPEG,RGB,Training
data/Training/meningioma/Tr-me_194.jpg,meningioma,1,train,cacfc4733789e5acb6479ea3a12c3e77edf3ed49a6a749cd0e0fbaf36cd2bd6a,512,512,1.0,JPEG,RGB,Training
data/Training/meningioma/Tr-me_195.jpg,meningioma,1,train,e046aead02027956208a88450da0b461953b3a133bc12d6d6eb8c8557b3cb1d4,512,512,1.0,JPEG,RGB,Training
data/Training/meningioma/Tr-me_197.jpg,meningioma,1,train,b86d4149a0f975f2cb9562e637196849452317b53e793a0f3b548136af86297f,512,512,1.0,JPEG,L,Training
data/Training/meningioma/Tr-me_198.jpg,meningioma,1,train,7ec1f630410df2e282bff52080cab641fd9ed9a55ddfebc00e09c031da23947b,512,512,1.0,JPEG,RGB,Training
data/Training/meningioma/Tr-me_202.jpg,meningioma,1,train,0987e74042bdbee1a48c7aac22dacb25cf01534e635b0081105a55ed14361a7a,230,241,0.9543568464730291,JPEG,RGB,Training
data/Training/meningioma/Tr-me_203.jpg,meningioma,1,train,0160f7e8a68e4160557ed0bf385c1a33857532fce81aa2beff83feb5480f9889,512,512,1.0,JPEG,RGB,Training
data/Training/meningioma/Tr-me_204.jpg,meningioma,1,train,e664304fea914ed09302830a2f2ea7c2a9d434203f2c85ecef7efdcb1de9c945,512,512,1.0,JPEG,RGB,Training
data/Training/meningioma/Tr-me_208.jpg,meningioma,1,train,00ae28c6c71aa7cb73ac611c0e597d68bc395f813e445035328ff4cd67de28de,512,512,1.0,JPEG,RGB,Training
data/Training/meningioma/Tr-me_209.jpg,meningioma,1,train,db92635a7155330d120f66f6cca1ecf74c74ff9d47ca36a8e6b552532c944df3,512,512,1.0,JPEG,RGB,Training
data/Training/meningioma/Tr-me_21.jpg,meningioma,1,train,af5689babc6b97e0d1b7d36b61ac4f592083425d60c25f5847ea4536f2594c88,512,512,1.0,JPEG,L,Training
data/Training/meningioma/Tr-me_210.jpg,meningioma,1,train,531e04c30595de5fa7a7e57e5f5869d84d8c10863ab18929a97c3fc9156e0100,512,512,1.0,JPEG,L,Training
data/Training/meningioma/Tr-me_211.jpg,meningioma,1,train,db0f47c96045728a75a48b360d406c86a598ed4b554bc1a7c0df06d7df0b9a13,512,512,1.0,JPEG,RGB,Training
data/Training/meningioma/Tr-me_212.jpg,meningioma,1,train,a38da91c2067dd503193d088764d8c5e486ceaf4fc217a22a7ac607aa089bdb2,512,512,1.0,JPEG,RGB,Training
data/Training/meningioma/Tr-me_214.jpg,meningioma,1,train,3e32e2650c5ccbc777a44ff15f03554baf6e807d9499f1e437d6e51637caefb7,512,512,1.0,JPEG,RGB,Training
data/Training/meningioma/Tr-me_215.jpg,meningioma,1,train,79b77809e5e1768ae4b64ab4e23322ea8b9402e6d4f2a8aacc86215a9ec323e0,512,512,1.0,JPEG,L,Training
data/Training/meningioma/Tr-me_216.jpg,meningioma,1,train,bf5989f0cd3e0ed8effdd05618addf82d4f8dbc5d29cccece1474466cd00226b,512,512,1.0,JPEG,RGB,Training
data/Training/meningioma/Tr-me_217.jpg,meningioma,1,train,4d061102a59bc93b3b836415b18a05b9f30c80d74701cb005c96b39a1b658875,512,512,1.0,JPEG,RGB,Training
data/Training/meningioma/Tr-me_220.jpg,meningioma,1,train,56ef69a496a93dc49532da368babbff95420bf55343f7a05f335a95949d098b7,512,512,1.0,JPEG,L,Training
data/Training/meningioma/Tr-me_221.jpg,meningioma,1,train,95cf051b8a4bed14b9ba619daa13f93de1ac6662e40c1c2b62c9d635686f9e14,450,446,1.0089686098654709,JPEG,RGB,Training
data/Training/meningioma/Tr-me_222.jpg,meningioma,1,train,c7e8e2556847ac0e8a08fd956c4a1afc9c95d44ce9b001b22117a6f5fb7d3375,512,512,1.0,JPEG,L,Training
data/Training/meningioma/Tr-me_223.jpg,meningioma,1,train,e212320f78bed1a03c7f024c22f1a187b3cefe27c07a6d359b4709e6566babc3,512,512,1.0,JPEG,RGB,Training
data/Training/meningioma/Tr-me_224.jpg,meningioma,1,train,0d8a2c6f2190f44e55cf760f8f77ad9433cb4757072ae9fcd17b078fb4a4ab7c,512,512,1.0,JPEG,RGB,Training
data/Training/meningioma/Tr-me_225.jpg,meningioma,1,train,068ab583efe0cae59a838d2292a45237d5d04358f36dd1ab20fa7b5653d33c04,512,512,1.0,JPEG,RGB,Training
data/Training/meningioma/Tr-me_226.jpg,meningioma,1,train,95ec031b0bf55181a76c9ab40c26ae780d3d50b96f1c5ec466e3e01e643effce,512,512,1.0,JPEG,L,Training
data/Training/meningioma/Tr-me_228.jpg,meningioma,1,train,1d463476f79f4e57f294a07c32ce5404ca1c8e02934561f0ed4bf851a0478473,512,512,1.0,JPEG,L,Training
data/Training/meningioma/Tr-me_229.jpg,meningioma,1,train,400713076a2ae00b294b19283b9bb1283c2b78ea0c371318b01b98786707a906,512,512,1.0,JPEG,RGB,Training
data/Training/meningioma/Tr-me_230.jpg,meningioma,1,train,4d3acd69e64032bc4929e9d9eda51099ed3fb892daae0383f6f9af82687bd261,512,512,1.0,JPEG,RGB,Training
data/Training/meningioma/Tr-me_231.jpg,meningioma,1,train,0709e74ad5ba3acaf0e3def0d145ceb4b93a17a02a064ac2f2840aa13c8651bf,512,512,1.0,JPEG,RGB,Training
data/Training/meningioma/Tr-me_232.jpg,meningioma,1,train,a3a92bf44c483bcd4cfa2b3b769b134bd209996e41d66e5c75664626b0352e7d,512,512,1.0,JPEG,RGB,Training
data/Training/meningioma/Tr-me_233.jpg,meningioma,1,train,3532da1182a8173e502d0a5e1ed031759bbcc794e5bdbaa9e6f15b3642d69a1e,512,512,1.0,JPEG,L,Training
data/Training/meningioma/Tr-me_237.jpg,meningioma,1,train,4663287eaf55c555b930558b9a0bfacf9e274673f851293ffeb0f056651728bc,512,512,1.0,JPEG,RGB,Training
data/Training/meningioma/Tr-me_24.jpg,meningioma,1,train,232787e6a0c95117b2e134adbd2d4bacc85dfd1cafb3f43fd1357c2cef9dc1cf,512,512,1.0,JPEG,RGB,Training
data/Training/meningioma/Tr-me_240.jpg,meningioma,1,train,84233b7fb38cbefec3614238398a79b99309aef1c260b7d97f17790503f5a2ad,512,512,1.0,JPEG,RGB,Training
data/Training/meningioma/Tr-me_242.jpg,meningioma,1,train,3e0e8801aae47749d5ddeec9ce66142f757ea4dc24a19cc3319376813c1fd775,512,512,1.0,JPEG,RGB,Training
data/Training/meningioma/Tr-me_245.jpg,meningioma,1,train,b90e2bc31dfcc2aa7903962ef269fe8001e7277dd49fb0f27b4a562de092b7ed,512,512,1.0,JPEG,L,Training
data/Training/meningioma/Tr-me_248.jpg,meningioma,1,train,9199118a970f6491c353617e9e02c38aa625c0becb864f4a1c8c498e8cce9ff0,512,512,1.0,JPEG,RGB,Training
data/Training/meningioma/Tr-me_249.jpg,meningioma,1,train,43d434676a9a4dfae5c71ed490d61cba4bef33ef25aee2148a2e1d3b5ee7c4a3,512,512,1.0,JPEG,L,Training
data/Training/meningioma/Tr-me_25.jpg,meningioma,1,train,5bd616293d41c9987a8d2c27507eb84d276107c0a662661f54944961e0793f43,512,512,1.0,JPEG,RGB,Training
data/Training/meningioma/Tr-me_252.jpg,meningioma,1,train,c93fc0ef6e7314e53357e5bac0e543d23357e0f9d4f1a7eb6a355d2dba491043,512,512,1.0,JPEG,RGB,Training
data/Training/meningioma/Tr-me_253.jpg,meningioma,1,train,67acaa90989a013fb725174da130571f586f1694bc2b0c5201eb54082774fa89,512,512,1.0,JPEG,L,Training
data/Training/meningioma/Tr-me_254.jpg,meningioma,1,train,eb919815edde3232f6edc8d2ba0c147160f88286569885f3aac025f21b03a166,512,512,1.0,JPEG,RGB,Training
data/Training/meningioma/Tr-me_255.jpg,meningioma,1,train,209cdfb5491359ac0f8f411203267559aa4a1deef564bb255788923dc95f8dd5,512,512,1.0,JPEG,L,Training
data/Training/meningioma/Tr-me_256.jpg,meningioma,1,train,27759dcecd0d0ebae5cd0f4bcdf1f0dd97da2df3d9a169efa4ad2c0cf1ea065b,512,512,1.0,JPEG,RGB,Training
data/Training/meningioma/Tr-me_257.jpg,meningioma,1,train,5f9843e03c346d0440b6b90443d247e1e233357df0d690618135863654a3c419,512,512,1.0,JPEG,RGB,Training
data/Training/meningioma/Tr-me_258.jpg,meningioma,1,train,b24932a36af3ebb9413f57e9f7bb1c2f91266ab01eabfa92c9abc3288f396e77,512,512,1.0,JPEG,RGB,Training
data/Training/meningioma/Tr-me_259.jpg,meningioma,1,train,c9b6d73295dc332dd107218e372279e89ee1d9d35fe93a1b014b1b07144a35f2,512,512,1.0,JPEG,L,Training
data/Training/meningioma/Tr-me_26.jpg,meningioma,1,train,3c0f98eaa05b7c8d15ef96e5bf59926ae01e819d7013b9176d45220292a155b1,512,512,1.0,JPEG,RGB,Training
data/Training/meningioma/Tr-me_261.jpg,meningioma,1,train,4a2941bc27fef0d76711c0a04ea446f3b1ab708155f185545490fe766267b143,512,512,1.0,JPEG,RGB,Training
data/Training/meningioma/Tr-me_262.jpg,meningioma,1,train,82e9713cebe9642c682303195cd400449647ddbb6646fa16b3f48cc99d5d8798,512,512,1.0,JPEG,RGB,Training
data/Training/meningioma/Tr-me_263.jpg,meningioma,1,train,2bbea659ae79140c580361050cf7c3cce19ba360b9b42110272465e6c656b918,512,512,1.0,JPEG,RGB,Training
data/Training/meningioma/Tr-me_264.jpg,meningioma,1,train,6d93a146830f46c07e149a1a705ba53215b05b5e07ca43641271c6201a9c7f85,512,512,1.0,JPEG,L,Training
data/Training/meningioma/Tr-me_265.jpg,meningioma,1,train,62e1ce9a516c516701af1cc12710a2528e3faeaecd433bb13472836513f2f9b1,512,512,1.0,JPEG,RGB,Training
data/Training/meningioma/Tr-me_267.jpg,meningioma,1,train,45c7354f274824b90a07c5464f8e9690b3913a045d47d551c4938a2c83bdef07,512,512,1.0,JPEG,L,Training
data/Training/meningioma/Tr-me_268.jpg,meningioma,1,train,fdea18d7b3096202ad15274ea0487e14129d28bd9c2c4e4dd47bde9f08e7841e,512,512,1.0,JPEG,L,Training
data/Training/meningioma/Tr-me_27.jpg,meningioma,1,train,8701aea6e222f9d72c0e234d88c85c511b3c64d24da48ff37d7fcffb5a066217,512,512,1.0,JPEG,L,Training
data/Training/meningioma/Tr-me_270.jpg,meningioma,1,train,009123e87e93df5eedf7680234ef0f49521a58cbe1e4705400fc52860ecfc712,512,512,1.0,JPEG,L,Training
data/Training/meningioma/Tr-me_271.jpg,meningioma,1,train,9e531fee5416088694e1f2ea99e89ac26dcd03edaf7cbca79baaf824df9730ea,202,223,0.905829596412556,JPEG,RGB,Training
data/Training/meningioma/Tr-me_273.jpg,meningioma,1,train,0d87e5fd82cbdad3f609c6b3700ba3b0b181e0dbd7db48aa6358f600fd79ebe8,512,512,1.0,JPEG,L,Training
data/Training/meningioma/Tr-me_274.jpg,meningioma,1,train,ca4e88a1811f27d80e9ae3f209bd92c0f88967ea4917736ef827c567ef21b158,512,512,1.0,JPEG,L,Training
data/Training/meningioma/Tr-me_276.jpg,meningioma,1,train,f0e452402a84e909f9ebec2b4d7ac05944ce7bee34fba14fd61e7386148b6755,512,512,1.0,JPEG,L,Training
data/Training/meningioma/Tr-me_279.jpg,meningioma,1,train,2546e4c248db2e379bc18a44dfb388cb850945dca5d23f01ec22a8689969f352,512,512,1.0,JPEG,L,Training
data/Training/meningioma/Tr-me_28.jpg,meningioma,1,train,9add00a4be9bb6ca4120cb0f7c2ccb2f384baf7152752a8d41620683a127c3ea,512,512,1.0,JPEG,L,Training
data/Training/meningioma/Tr-me_281.jpg,meningioma,1,train,52fd3b5e8a05c1643c4049be2d75567f4862c867db9954e07d829c6b9cb90975,512,512,1.0,JPEG,RGB,Training
data/Training/meningioma/Tr-me_284.jpg,meningioma,1,train,e1c8b38b6ac8402b3fb13d955f72c44d684169d8ea7878863cc3bae987578190,512,512,1.0,JPEG,L,Training
data/Training/meningioma/Tr-me_285.jpg,meningioma,1,train,6dd3777565d1ce4be180b0172562e1a490a680332a46a9af9c53736f9a1629c5,512,512,1.0,JPEG,L,Training
data/Training/meningioma/Tr-me_286.jpg,meningioma,1,train,093b5fe406e7715e21882124119deebb80dfc39c82347eae2a1213172fac82fa,512,512,1.0,JPEG,L,Training
data/Training/meningioma/Tr-me_288.jpg,meningioma,1,train,45b93afb0d1ec906e1567b0c7c1027560d519349858a1f5eb302b58fb59b0d6a,512,512,1.0,JPEG,L,Training
data/Training/meningioma/Tr-me_289.jpg,meningioma,1,train,2a23655b9637e322d7c5efef65b5b3aaa68c8d875069294a3e353fabafd10849,306,365,0.8383561643835616,JPEG,RGB,Training
data/Training/meningioma/Tr-me_29.jpg,meningioma,1,train,885ae652675c02a2c6f2256f753bc734f32a5698e6b0470313800b1900eae0d0,512,512,1.0,JPEG,RGB,Training
data/Training/meningioma/Tr-me_290.jpg,meningioma,1,train,b090a70b90db70e0ccd52ea492552f02a7dfeee0ef8541cfea15fd0854823ab4,512,512,1.0,JPEG,RGB,Training
data/Training/meningioma/Tr-me_291.jpg,meningioma,1,train,c1a65980b35087a3c595cb2593ab39229153e6c2d2bb6f142b1199127c564d36,512,512,1.0,JPEG,L,Training
data/Training/meningioma/Tr-me_292.jpg,meningioma,1,train,fee4c3286b48a1e33072eef3000ebd917443b382db698fb73e4c589c5ffdf462,512,512,1.0,JPEG,RGB,Training
data/Training/meningioma/Tr-me_295.jpg,meningioma,1,train,ae55ab1aaf59229e417cfc1c840384cc3f94a2d7b8a62b5297a0375d3d9dc8a0,512,512,1.0,JPEG,L,Training
data/Training/meningioma/Tr-me_296.jpg,meningioma,1,train,c15cf70d5f0a5fb6b7cf1406d26b207ff6ec374fb026da572aadf9f8529f6e7c,512,512,1.0,JPEG,RGB,Training
data/Training/meningioma/Tr-me_297.jpg,meningioma,1,train,57c4a2d82f53310b6001e1721c9508c28dbc0e17ceb9a975a86495c3cb0d11c4,512,512,1.0,JPEG,RGB,Training
data/Training/meningioma/Tr-me_298.jpg,meningioma,1,train,1f70326b35c46d049a28ca8f42a4935f267b1766e53571c0aa866220c9ae2af1,512,512,1.0,JPEG,RGB,Training
data/Training/meningioma/Tr-me_303.jpg,meningioma,1,train,c8e0ac076b4bca29080c05cc333e5ff57148c9325b6a285cd9d6d80a479d80b7,512,512,1.0,JPEG,L,Training
data/Training/meningioma/Tr-me_304.jpg,meningioma,1,train,acfd452265e11c03efbc2ab95ba44159ecbc8d042acfaa06d835d3311325a828,512,512,1.0,JPEG,L,Training
data/Training/meningioma/Tr-me_305.jpg,meningioma,1,train,97c8ff02655373b524f346023511878e0375322b37b4cfbe2af2b1204f3146b5,512,512,1.0,JPEG,L,Training
data/Training/meningioma/Tr-me_306.jpg,meningioma,1,train,952898d79417adc176e4ee21a90a78adb6fd4816fdb787d50877798c84a62d1b,512,512,1.0,JPEG,RGB,Training
data/Training/meningioma/Tr-me_307.jpg,meningioma,1,train,c7129a7a38f45cf6831d577589e7a7deaeb11e3f15c0cc51745ad3f7cf73f8f0,512,512,1.0,JPEG,L,Training
data/Training/meningioma/Tr-me_308.jpg,meningioma,1,train,422e8a917504ec312ab024f4aaf11f5294fb2515445a1744782329d9479d1f02,512,512,1.0,JPEG,RGB,Training
data/Training/meningioma/Tr-me_309.jpg,meningioma,1,train,33e0ce29b3b3097d60df62e249920159f2126aa9dd8044e388bce5d140db8801,512,512,1.0,JPEG,RGB,Training
data/Training/meningioma/Tr-me_312.jpg,meningioma,1,train,c8c7a69512764f047b2ac3cba7ace479366c1fc06f4f21daca95609b8aa10938,512,512,1.0,JPEG,RGB,Training
data/Training/meningioma/Tr-me_313.jpg,meningioma,1,train,1b511f639251a3cb6613fc2b89fc0b9dd2b738f7cbb77ffca1ed0d5b11172893,512,512,1.0,JPEG,L,Training
data/Training/meningioma/Tr-me_314.jpg,meningioma,1,train,b0b21991c9bce97b95d866c5a50892da92c603829617e9364820c486529fa9a0,512,512,1.0,JPEG,L,Training
data/Training/meningioma/Tr-me_316.jpg,meningioma,1,train,6ae09e1732610da88cf120a1ae5dbdbd6ef965c9cdd38b8254c198061c3ff196,512,512,1.0,JPEG,RGB,Training
data/Training/meningioma/Tr-me_321.jpg,meningioma,1,train,42a5adcc75aa06bba062d0233db6088ed520f155069296a93a7ccf0ba83c70d6,512,512,1.0,JPEG,L,Training
data/Training/meningioma/Tr-me_322.jpg,meningioma,1,train,a7f49106f8764838506b1e5ef5ca4401e58209a06ac3743925b26e76323b40e6,512,512,1.0,JPEG,RGB,Training
data/Training/meningioma/Tr-me_323.jpg,meningioma,1,train,74dc36b3fbbd5d3f1f85fcf666e5864d52ed0be644a8326d364daf381a1659e4,512,512,1.0,JPEG,RGB,Training
data/Training/meningioma/Tr-me_324.jpg,meningioma,1,train,2fb69b57e45a444fd35a22362ff99010a758462ac8cdd7c8d8639f2017db9289,512,512,1.0,JPEG,L,Training
data/Training/meningioma/Tr-me_326.jpg,meningioma,1,train,3c280883ef458777d2ce3ea8e90d97006ca8ff422ed3882d2ea0e3d129ceb04e,512,512,1.0,JPEG,L,Training
data/Training/meningioma/Tr-me_327.jpg,meningioma,1,train,775fba16490753829d6bd073e3993a913b6423cc54ee1ade60ee09358374af96,512,512,1.0,JPEG,L,Training
data/Training/meningioma/Tr-me_329.jpg,meningioma,1,train,b0b0ee84cd3aa43a73346b2008828b50343d59a3df2d11ec9c4086e6ceceb847,512,512,1.0,JPEG,RGB,Training
data/Training/meningioma/Tr-me_33.jpg,meningioma,1,train,230acff46255b6e8f7e01ea65cfe931a11b0893e40ddaf75742c35668ed185e6,512,512,1.0,JPEG,RGB,Training
data/Training/meningioma/Tr-me_335.jpg,meningioma,1,train,890460f248a306d1ece5a8b2bba55a19fc3a14a272fb8181d16a03ab28f38a71,512,512,1.0,JPEG,RGB,Training
data/Training/meningioma/Tr-me_336.jpg,meningioma,1,train,a035972f9b209e65bd142379cf1d0020edebb34e0febe8fe3f3e80813700e97e,512,512,1.0,JPEG,RGB,Training
data/Training/meningioma/Tr-me_337.jpg,meningioma,1,train,314144e8a99703ef582294907385b025199b0303bcf885acb32a6271584853ad,512,512,1.0,JPEG,RGB,Training
data/Training/meningioma/Tr-me_34.jpg,meningioma,1,train,e3868e20ddf441c0bf558ad0c4d71e299cf8521079fbf032393963096b0c3081,512,512,1.0,JPEG,RGB,Training
data/Training/meningioma/Tr-me_341.jpg,meningioma,1,train,21976467d2cb81b4da3cc71dc91989a17dccf290a92ec101fd5ecb93c6b90f95,512,512,1.0,JPEG,RGB,Training
data/Training/meningioma/Tr-me_342.jpg,meningioma,1,train,c1485f2fc8b56ba41692a57a31ebc4b939b0e1164497b37af283f161f6dc5dc4,512,512,1.0,JPEG,RGB,Training
data/Training/meningioma/Tr-me_343.jpg,meningioma,1,train,81a366fba7e7c657dcdf9075028fe42e7886ce6e042b1245291c029441a17e43,512,512,1.0,JPEG,L,Training
data/Training/meningioma/Tr-me_345.jpg,meningioma,1,train,1bd793ce084a99735399d55a405d6118275013b2a5d57ac387c1a2e63e7f86c0,512,512,1.0,JPEG,L,Training
data/Training/meningioma/Tr-me_346.jpg,meningioma,1,train,010f4a9260b8465171156dc9ae1aaa3e5fd82a446f65a02b759baafc478f5596,512,512,1.0,JPEG,L,Training
data/Training/meningioma/Tr-me_347.jpg,meningioma,1,train,ba3a2c2e3af4c00ff91279a9f8c6cc8fc41ee981c1dc0bf16f93f5d349651e48,512,512,1.0,JPEG,L,Training
data/Training/meningioma/Tr-me_35.jpg,meningioma,1,train,12f3d958afb3583c4b4d0697abf9abdd9370723cd2d0ea9f391a7adef5ee4751,512,512,1.0,JPEG,RGB,Training
data/Training/meningioma/Tr-me_350.jpg,meningioma,1,train,ecfca480609f341383fbc7c4724e60f10817625a4bf95603bb5f816179eb98c1,512,512,1.0,JPEG,L,Training
data/Training/meningioma/Tr-me_351.jpg,meningioma,1,train,3efd1358a655fd345a4a6beea2d9d8796e4d9c40f050ac961c04461a0391827b,512,512,1.0,JPEG,L,Training
data/Training/meningioma/Tr-me_354.jpg,meningioma,1,train,b9e00557fd4b93d12e1d1aa2fac4cf560943c25c429a0c8b53518bcb954aebf2,512,512,1.0,JPEG,RGB,Training
data/Training/meningioma/Tr-me_355.jpg,meningioma,1,train,cb690230a4cd352c26128f5655cd0c9532aed52b692f843a1a391462d71ea7aa,512,512,1.0,JPEG,RGB,Training
data/Training/meningioma/Tr-me_356.jpg,meningioma,1,train,8fda749423dd95d3dde8e76bba7e5c0d0214ae5b3bd3d180c3deb5d1366d6a51,512,512,1.0,JPEG,L,Training
data/Training/meningioma/Tr-me_358.jpg,meningioma,1,train,47cc6724607b3c11690cbbdd25259d1c3d09437313d846dad32eb865a5431545,512,512,1.0,JPEG,RGB,Training
data/Training/meningioma/Tr-me_362.jpg,meningioma,1,train,d6efac92e029053376b4931a3700d01a514c205757e9cbc9b24f2ce18d1629f4,512,512,1.0,JPEG,L,Training
data/Training/meningioma/Tr-me_363.jpg,meningioma,1,train,83534a570b72f6c7ef1197a9ff8a34d7875d90498d1f3328c4984a54cbbfd9ab,512,512,1.0,JPEG,RGB,Training
data/Training/meningioma/Tr-me_364.jpg,meningioma,1,train,8c6bd7e10b1430e9e342594365aa00c5cc0ddc7d777e337300c59125e60fb480,512,512,1.0,JPEG,L,Training
data/Training/meningioma/Tr-me_365.jpg,meningioma,1,train,7e4133dc9218a046cbe2f26d2e2b703583038863695f28960b0a7e215c3bd86a,512,512,1.0,JPEG,L,Training
data/Training/meningioma/Tr-me_366.jpg,meningioma,1,train,8d031c79c7b7050c9cb705721c803b27e280d87b5c9f3070b0de59a9f040cc75,512,512,1.0,JPEG,RGB,Training
data/Training/meningioma/Tr-me_367.jpg,meningioma,1,train,0db9352cb95eeb8032435a5047e7624c27690766594e8bf7bbb96cdeed2a5bd3,512,512,1.0,JPEG,RGB,Training
data/Training/meningioma/Tr-me_368.jpg,meningioma,1,train,87bf47da2eac668b595298605c6fbf0595383635aab7adf464e45f8023805e5d,512,512,1.0,JPEG,RGB,Training
data/Training/meningioma/Tr-me_369.jpg,meningioma,1,train,9f4441dd8956f9f665c4e0196d1fc51220905915a622c754573e0a05cc5140d1,512,512,1.0,JPEG,L,Training
data/Training/meningioma/Tr-me_37.jpg,meningioma,1,train,c616a5a962ab56740bd25ed0d14363bca0a5e65242352ebf24adc974a3c60973,512,512,1.0,JPEG,RGB,Training
data/Training/meningioma/Tr-me_370.jpg,meningioma,1,train,fbb8a08caf48497ef5b800616484c29e2e9eff850254d7730e1f2bebaf76839e,512,512,1.0,JPEG,L,Training
data/Training/meningioma/Tr-me_371.jpg,meningioma,1,train,5917f838b7aa34b270f7fa5a6477d050d7afc3cbdeb3bde455b6a25ffad80596,512,512,1.0,JPEG,L,Training
data/Training/meningioma/Tr-me_372.jpg,meningioma,1,train,e166124b27547b612b99d2ac83f944f5ac88b1c6e979f299fb6cb03b7a97c5c6,512,512,1.0,JPEG,RGB,Training
data/Training/meningioma/Tr-me_375.jpg,meningioma,1,train,6ea622f2f86e2230caccb477d4230addfe6533a5501a0f554cfb88cdd3c6c51c,512,512,1.0,JPEG,RGB,Training
data/Training/meningioma/Tr-me_376.jpg,meningioma,1,train,ee28c2ac666b8f4bb6592ca0f23b67a05c33932ba882807666edbec2168d3934,512,512,1.0,JPEG,L,Training
data/Training/meningioma/Tr-me_377.jpg,meningioma,1,train,da80bced2ea17a27e2fec0db7c837a0ac4ec40bc055ec343ae3c996e0a495fde,512,512,1.0,JPEG,RGB,Training
data/Training/meningioma/Tr-me_379.jpg,meningioma,1,train,0f8dcfe1f68cdec4fde7a956fa6d0fe638e386d9b3002761fd152210cc9cf29c,512,512,1.0,JPEG,L,Training
data/Training/meningioma/Tr-me_38.jpg,meningioma,1,train,d95e7cebe0b6fe922766ef9591e952e0034915d86cd74bdf66bf1cf71a41ed07,512,512,1.0,JPEG,RGB,Training
data/Training/meningioma/Tr-me_380.jpg,meningioma,1,train,703f8e6d7153cb53a5aa17965d88751532b689e049dbd98aac283677e2fdb06a,512,512,1.0,JPEG,RGB,Training
data/Training/meningioma/Tr-me_381.jpg,meningioma,1,train,65614c3df8b82c42cf623222a879752f2d9769e69b3673505ae577215d080fe9,512,512,1.0,JPEG,RGB,Training
data/Training/meningioma/Tr-me_382.jpg,meningioma,1,train,8387c839790f6f55a5017783bf086bf68045b1775d2ed0ab76553799171e45c4,512,512,1.0,JPEG,L,Training
data/Training/meningioma/Tr-me_383.jpg,meningioma,1,train,0d4dcd5bd137742bae8aa768afe1ed89e2328be14beb65ae9152db4a18ec1b26,512,512,1.0,JPEG,RGB,Training
data/Training/meningioma/Tr-me_384.jpg,meningioma,1,train,f98d6c68fe64353c6a7631dcacec294b802c9ee9e992c2e17b427ebb3f2415f0,512,512,1.0,JPEG,RGB,Training
data/Training/meningioma/Tr-me_385.jpg,meningioma,1,train,2d4b590a0effa0c8d34d7e007ac4d432a8402b8b52ef0f2cc38c80d7e86ad4a6,512,512,1.0,JPEG,RGB,Training
data/Training/meningioma/Tr-me_386.jpg,meningioma,1,train,5b6a5ac02a674f64110df1afcb51f088480446532192b4af22bc5c02aba7d03c,512,512,1.0,JPEG,RGB,Training
data/Training/meningioma/Tr-me_388.jpg,meningioma,1,train,c50cdbd30548607300146002d947f2e4a50e563a6baaea5ecb6076e66b1ff40c,512,512,1.0,JPEG,L,Training
data/Training/meningioma/Tr-me_392.jpg,meningioma,1,train,08fc0b87ce02d9065ab76d252124fbb72a62e23c8b1f266b7cefe5e754017a85,512,512,1.0,JPEG,RGB,Training
data/Training/meningioma/Tr-me_393.jpg,meningioma,1,train,12cc21871fc4ed9e14e0fb3f0fb82f93ad3b98f6d95b2137b7d997ea02696bda,512,512,1.0,JPEG,L,Training
data/Training/meningioma/Tr-me_394.jpg,meningioma,1,train,d23c24e3ff910a0b939869a2c291b3ec326adb3b62dd8d74916d82941e22a900,512,512,1.0,JPEG,L,Training
data/Training/meningioma/Tr-me_395.jpg,meningioma,1,train,4904400c3a6b2c291bcf2c40c1c1156aa3c57fad326463943d77aaa0c8079b65,512,512,1.0,JPEG,RGB,Training
data/Training/meningioma/Tr-me_396.jpg,meningioma,1,train,51a3ffdb0ec81a5026be81c65c170e2ff12935c4c56278c385b0145082a7e90c,512,512,1.0,JPEG,L,Training
data/Training/meningioma/Tr-me_397.jpg,meningioma,1,train,cea4fc63b62d0c97e26dd77bc60cd05877a55a52f05837cfdd18572ad78106eb,512,512,1.0,JPEG,RGB,Training
data/Training/meningioma/Tr-me_398.jpg,meningioma,1,train,eabe16beb6ee88e9477a0a067422e51c3f531073c9946aeb3fe1058f6f159bcc,512,512,1.0,JPEG,RGB,Training
data/Training/meningioma/Tr-me_40.jpg,meningioma,1,train,b30da5472b08c6c7afeff7ffaa277f150a54a1d968075e16caaa915703db63a3,512,512,1.0,JPEG,L,Training
data/Training/meningioma/Tr-me_403.jpg,meningioma,1,train,e40c53c96cb698b542949109ba4503fa1dd88814c30f980a2d7f7ad3b0733601,512,512,1.0,JPEG,RGB,Training
data/Training/meningioma/Tr-me_405.jpg,meningioma,1,train,2c77359c37995ee335113c0c5aff9ff2104f7d459ac6c202b659ffc46fe726a7,512,512,1.0,JPEG,RGB,Training
data/Training/meningioma/Tr-me_406.jpg,meningioma,1,train,4cc3553303b7b7b4e0be640149c4bc81457321aa087b1ba26411c2a91a2054ba,512,512,1.0,JPEG,RGB,Training
data/Training/meningioma/Tr-me_407.jpg,meningioma,1,train,2c42d98108d9675f691dab81e50358afd56b534da9ebfcfe1332337daddf24d3,512,512,1.0,JPEG,RGB,Training
data/Training/meningioma/Tr-me_410.jpg,meningioma,1,train,78d07fd8e2df7efc67bdb0daf52d8ae6ef6eb92cf9bf8ebe2d744f75429dec47,512,512,1.0,JPEG,RGB,Training
data/Training/meningioma/Tr-me_412.jpg,meningioma,1,train,8bc2d3954c0e0575844d68bbb285491ead8693ccf778cc81de524e13ccd4879e,512,512,1.0,JPEG,L,Training
data/Training/meningioma/Tr-me_413.jpg,meningioma,1,train,3d048b0b190af44a3dde4d5dfb9f28de4f0c4cfd23a335d482bb9fe93d8502cb,512,512,1.0,JPEG,L,Training
data/Training/meningioma/Tr-me_414.jpg,meningioma,1,train,3b05cb04f04818455dca14e73248a42050ead59853352d8a546bcc7b4fec8239,512,512,1.0,JPEG,L,Training
data/Training/meningioma/Tr-me_415.jpg,meningioma,1,train,289d2c28c1d036dd5bd6c1fbb5107c678215db4404e2d0b0a7ac241b5a8e30de,512,512,1.0,JPEG,RGB,Training
data/Training/meningioma/Tr-me_416.jpg,meningioma,1,train,af85a989442d19db19eb23bd06b0b39599d6410ededba54a529c89f7085af2cd,512,512,1.0,JPEG,L,Training
data/Training/meningioma/Tr-me_418.jpg,meningioma,1,train,2972a16db8d553ec766c90594f520c20739a268467bfe94e0c4e47e44d6eca77,512,512,1.0,JPEG,RGB,Training
data/Training/meningioma/Tr-me_419.jpg,meningioma,1,train,3536c3671071e42fa56cceaca9225760fcb4863d6df693319b765baad035290e,512,512,1.0,JPEG,L,Training
data/Training/meningioma/Tr-me_420.jpg,meningioma,1,train,8b170366bd3e452e623cfab0f7b5ec77dec236712eab0d2c5011eebbe5be1537,512,512,1.0,JPEG,RGB,Training
data/Training/meningioma/Tr-me_423.jpg,meningioma,1,train,c2a08232466e334d06edb86887b59ef4269060703a5ead365988df1678995899,512,512,1.0,JPEG,RGB,Training
data/Training/meningioma/Tr-me_425.jpg,meningioma,1,train,d66e5d4eff3ec9ac386c0f9c83ddae9dac3e923a66fdec78f28b390207193be8,512,512,1.0,JPEG,L,Training
data/Training/meningioma/Tr-me_426.jpg,meningioma,1,train,85e35962f2423cf48826ae60bb893f51999e35d879a3c153091dcf071660e15a,512,512,1.0,JPEG,L,Training
data/Training/meningioma/Tr-me_427.jpg,meningioma,1,train,e248772bf1605935ff875a8f973b592f0556b93f565462220dc55fcd479f7ea1,512,512,1.0,JPEG,L,Training
data/Training/meningioma/Tr-me_430.jpg,meningioma,1,train,1397d1374d5493b3e134a2928aba8d491071589bdd7c4e704ba3d03d8768d7a5,512,512,1.0,JPEG,RGB,Training
data/Training/meningioma/Tr-me_431.jpg,meningioma,1,train,454cab439e9951e1f001224405efd39a450c856b5a2491128b09998047eb8a2b,512,512,1.0,JPEG,RGB,Training
data/Training/meningioma/Tr-me_433.jpg,meningioma,1,train,910659dc56e85dea40f079c79f466d1b9d28dd9ff90001f918633c51fa613c91,512,512,1.0,JPEG,RGB,Training
data/Training/meningioma/Tr-me_434.jpg,meningioma,1,train,6e54879e43ef311450e7ef59bab99b15f09e183083b0bcc05104d9f75c0a42f7,512,512,1.0,JPEG,RGB,Training
data/Training/meningioma/Tr-me_435.jpg,meningioma,1,train,e8268bc4b14d7dacf98c0c331e0bb1beab3a611a3c38a24e39efed1c7b0cd1ea,512,512,1.0,JPEG,L,Training
data/Training/meningioma/Tr-me_438.jpg,meningioma,1,train,ab9bf529434a33b6a3e1c51d165173ee6080808ce317fd7facc372827dfd8052,512,512,1.0,JPEG,RGB,Training
data/Training/meningioma/Tr-me_439.jpg,meningioma,1,train,98968746c05ad589d97c6e29c91afa5faf2de055b295c036c8173b1744acd312,512,512,1.0,JPEG,L,Training
data/Training/meningioma/Tr-me_44.jpg,meningioma,1,train,3bf281b5d284b6407b82d6847b02db665360393fc8bfe9b4478b66e269207cc5,512,512,1.0,JPEG,RGB,Training
data/Training/meningioma/Tr-me_440.jpg,meningioma,1,train,8224f58ffe44b6e64edfdb346b117a121006c18cf6852057db6ea61b3ff1b250,512,512,1.0,JPEG,RGB,Training
data/Training/meningioma/Tr-me_441.jpg,meningioma,1,train,ddb5fa9ebd0911ed2d41c08494bb091451f9002b367fbdd51083f4d947fbf1f3,512,512,1.0,JPEG,RGB,Training
data/Training/meningioma/Tr-me_442.jpg,meningioma,1,train,47eb78919012fb15cfd61d25767a46057e1d232cb9b81ab2fcb86a8a666cf8c3,512,512,1.0,JPEG,RGB,Training
data/Training/meningioma/Tr-me_444.jpg,meningioma,1,train,498b2a6118e7d5b0149e25b829bf73aa671ac0063f42e9ef72f9828afc09c8c4,512,512,1.0,JPEG,L,Training
data/Training/meningioma/Tr-me_445.jpg,meningioma,1,train,ae13ff4113e69a4e13b09f20421a9dfeef061305471d84534fc333db16ec272c,512,512,1.0,JPEG,RGB,Training
data/Training/meningioma/Tr-me_446.jpg,meningioma,1,train,1b9dc631868ab1854a956b06ff2efb804c1cc3dc8ba996837f634cc4ac8f9ec2,512,512,1.0,JPEG,L,Training
data/Training/meningioma/Tr-me_447.jpg,meningioma,1,train,0c4bd632841ec84bfd124edde44065a1f7471dd474c86f4047261c57c66e2cea,512,512,1.0,JPEG,L,Training
data/Training/meningioma/Tr-me_448.jpg,meningioma,1,train,43fbb4a16f46423570a060a7d530d1fe90f441757f4f9bbcf8de35c059ae614e,512,512,1.0,JPEG,RGB,Training
data/Training/meningioma/Tr-me_449.jpg,meningioma,1,train,ddccf78197df6fa1fe75bb24c496a50b37b824519c29c4e74fb0aed8753f2dfc,512,512,1.0,JPEG,RGB,Training
data/Training/meningioma/Tr-me_45.jpg,meningioma,1,train,f1b68726d30885d0f7726e5ad9c6848d8e9cc0caa9faee473a894127e0ec8b32,512,512,1.0,JPEG,RGB,Training
data/Training/meningioma/Tr-me_451.jpg,meningioma,1,train,ee630395aaaf6973d557d80fadabefaa21c8b1c009ff710c38d3c9a952d43551,512,512,1.0,JPEG,L,Training
data/Training/meningioma/Tr-me_452.jpg,meningioma,1,train,74d5bd59b857e5fdf457974d181f6c81c790a7f584f0b77024d79a9d79098fb6,512,512,1.0,JPEG,RGB,Training
data/Training/meningioma/Tr-me_454.jpg,meningioma,1,train,0ce2fbe9272b2ec74c3ec1e2d0072a139642d407d6a63ac53339f6540cc07927,512,512,1.0,JPEG,L,Training
data/Training/meningioma/Tr-me_455.jpg,meningioma,1,train,ca8b4897363734956b2f06a8199f193a4ebd7d3d79ceced9027fd30bdacded1c,512,512,1.0,JPEG,L,Training
data/Training/meningioma/Tr-me_456.jpg,meningioma,1,train,f29facde4f9267ba6f7a9b639af99126064135a017fe9fc0d0ffa8f962f3f478,512,512,1.0,JPEG,L,Training
data/Training/meningioma/Tr-me_457.jpg,meningioma,1,train,7edc98c7af32808339ae2826cf9b27a47b7229d7b6c0eba4fc89419ef05c87aa,512,512,1.0,JPEG,L,Training
data/Training/meningioma/Tr-me_459.jpg,meningioma,1,train,aca5b74e43f937ecab588a0f1b0a15094ff9f47279485c465ebe01e2c0a0de8c,512,512,1.0,JPEG,RGB,Training
data/Training/meningioma/Tr-me_46.jpg,meningioma,1,train,a91fb1cb72edc5e1b8da48f85fabd01a5332330330c229c5cbfcdc60cfbf1a4f,512,512,1.0,JPEG,L,Training
data/Training/meningioma/Tr-me_460.jpg,meningioma,1,train,7968930681e607c4883fa9e45e89142deba0c6708aeda428f4bd56d7ea356085,512,512,1.0,JPEG,RGB,Training
data/Training/meningioma/Tr-me_461.jpg,meningioma,1,train,32e545b38388d372840fbd091548a7fb3aa72fc72e5082786a30918ef04a7f29,512,512,1.0,JPEG,RGB,Training
data/Training/meningioma/Tr-me_462.jpg,meningioma,1,train,c14d3a2801fd7d716b18852861f8876c19d98fef86dfe4c8e4db92f434c438bc,512,512,1.0,JPEG,RGB,Training
data/Training/meningioma/Tr-me_463.jpg,meningioma,1,train,c5177cc9ba876a4a40a63ddaacb591af4fe4522b80cfb09f856dc0f7f06f666d,512,512,1.0,JPEG,RGB,Training
data/Training/meningioma/Tr-me_466.jpg,meningioma,1,train,183578c3686b192e11a9c1bad6e2fafd837f93315115b2ddc92a779436059f5a,512,512,1.0,JPEG,RGB,Training
data/Training/meningioma/Tr-me_467.jpg,meningioma,1,train,70c0c1d2c0c1271118ce0c2c172cd838e0609fe7dcf543f65bf3ca8884ebeb5e,512,512,1.0,JPEG,RGB,Training
data/Training/meningioma/Tr-me_469.jpg,meningioma,1,train,01ffc19fff7c2aa15a8832a91469544772c11b1422eb77bfc8b9a5e4b49000b0,512,512,1.0,JPEG,L,Training
data/Training/meningioma/Tr-me_471.jpg,meningioma,1,train,1471458c5b6c9d7eaa508cefcf9da5953d86e68e85a4072dada8550445546be0,512,512,1.0,JPEG,L,Training
data/Training/meningioma/Tr-me_473.jpg,meningioma,1,train,6a0c4f79c549772407613558015e1d34a7b1a83e2ef480af51c12cd8b4822954,512,512,1.0,JPEG,L,Training
data/Training/meningioma/Tr-me_474.jpg,meningioma,1,train,f5fed2735af20e79b4f3d33ac6e7bc2254e8494c9934fe1ef32faf38f24b6e32,512,512,1.0,JPEG,RGB,Training
data/Training/meningioma/Tr-me_475.jpg,meningioma,1,train,fdc697db31d3259b9d761098b11e716ac5dce9a52e7032a2ace0fbdade057c29,512,512,1.0,JPEG,L,Training
data/Training/meningioma/Tr-me_476.jpg,meningioma,1,train,ce24e2131770bfe2183fc6c5f6f20473fd8eeed525a1ac583b844b8dc5303d5e,512,512,1.0,JPEG,L,Training
data/Training/meningioma/Tr-me_478.jpg,meningioma,1,train,89a2c60c66bb6d9aa58b49e3781fb7ce6028f3d885362e537400aa37b712ea97,512,512,1.0,JPEG,RGB,Training
data/Training/meningioma/Tr-me_48.jpg,meningioma,1,train,0ca075882082fbcd9fa19e876bf007fa527ce657a959ea1222c8d036bc93639a,512,512,1.0,JPEG,L,Training
data/Training/meningioma/Tr-me_480.jpg,meningioma,1,train,c4ddc3efa99fcbcaee6b7edd593c3a61355127a07fec62975f78db664b540512,512,512,1.0,JPEG,L,Training
data/Training/meningioma/Tr-me_481.jpg,meningioma,1,train,d4d6d342f5c9d981ac315a2da16d468d2f02ec1c44c7100dfa8ac888e1d2cb6a,512,512,1.0,JPEG,RGB,Training
data/Training/meningioma/Tr-me_483.jpg,meningioma,1,train,0709f90830850238fadc61733944f0202f0cb309d8c4df10547b9ac78c5c8ac9,512,512,1.0,JPEG,RGB,Training
data/Training/meningioma/Tr-me_485.jpg,meningioma,1,train,af1536d9251e71d44f577147bbfa9a5df11307b5c3b1f8b692f267767c104eb6,512,512,1.0,JPEG,L,Training
data/Training/meningioma/Tr-me_487.jpg,meningioma,1,train,e12f9e24203b07c8c8f442ff0325a82f728ec901027c42bbb3d8afcc8ec34f37,512,512,1.0,JPEG,RGB,Training
data/Training/meningioma/Tr-me_488.jpg,meningioma,1,train,5860c4a8d18cf6aa5a5638c3a4474b7a003fd8eaf339e9c41a483837bc27f3ea,512,512,1.0,JPEG,L,Training
data/Training/meningioma/Tr-me_49.jpg,meningioma,1,train,ab37314cac5d59d75e0a60476eab9327668585058725b09ff029502832e6d883,512,512,1.0,JPEG,RGB,Training
data/Training/meningioma/Tr-me_490.jpg,meningioma,1,train,6680ae5e0d4b8287989a05fd4705aa17759d7d3528bce446fdc7ec10206d7226,512,512,1.0,JPEG,L,Training
data/Training/meningioma/Tr-me_491.jpg,meningioma,1,train,adabd54ae66df7b2fb9ea9b19d097128d5949717c8b50395d4fcf374c6ecd74e,512,512,1.0,JPEG,L,Training
data/Training/meningioma/Tr-me_492.jpg,meningioma,1,train,149d149fe3a6cb8ba1f0e96ed0166d83f2d55aa9173704aaa43aaf37e7ae36c1,512,512,1.0,JPEG,L,Training
data/Training/meningioma/Tr-me_493.jpg,meningioma,1,train,33789a3e7bf8b8dfca05989ee2eb9b7978caa60429b16794caa73999488c546f,512,512,1.0,JPEG,L,Training
data/Training/meningioma/Tr-me_494.jpg,meningioma,1,train,4273a9ea9c80764ce67e886ae2b9f6ab50d44ed0fcc1063730ff58843c5b2fc3,512,512,1.0,JPEG,L,Training
data/Training/meningioma/Tr-me_495.jpg,meningioma,1,train,46d3a81ef0ce3e4ed9e5b7f183105398d301243e768d59508fd548212c331aa4,512,512,1.0,JPEG,RGB,Training
data/Training/meningioma/Tr-me_496.jpg,meningioma,1,train,d4792144283450acd0ef76d3966b7cd6dff061be1c1caa6dff48762dfbf908d3,512,512,1.0,JPEG,L,Training
data/Training/meningioma/Tr-me_498.jpg,meningioma,1,train,34397276270872c71cfec887101ca8e44f8e763106cd01a979c34518ec4402b2,512,512,1.0,JPEG,RGB,Training
data/Training/meningioma/Tr-me_499.jpg,meningioma,1,train,20c89085547c8d16b6d36a872041b4d3c566f93787b1c21b4072c1649a50abc7,512,512,1.0,JPEG,RGB,Training
data/Training/meningioma/Tr-me_500.jpg,meningioma,1,train,fbc6004b48c663dc83b374f912c07b15fdeacd1bcbf5bf082cc6129d49d44150,512,512,1.0,JPEG,L,Training
data/Training/meningioma/Tr-me_501.jpg,meningioma,1,train,2acd690fa8f657a6a928c8430ae158905b702a0054185479fd4ddfb3efbb7b28,512,512,1.0,JPEG,RGB,Training
data/Training/meningioma/Tr-me_502.jpg,meningioma,1,train,09dd523cb314d3e3824299ec3281469be523ffd9b6e65f0ff57a3f13b96d7283,512,512,1.0,JPEG,RGB,Training
data/Training/meningioma/Tr-me_504.jpg,meningioma,1,train,3e9d2559f4a9566b65f480a3817246026bfde7b890eca4fe9f5486804ba04dec,512,512,1.0,JPEG,L,Training
data/Training/meningioma/Tr-me_507.jpg,meningioma,1,train,101daea06fee6cbcd6f8e1ba04857f5acee23104c08daedde1c6828d6d1eb556,512,512,1.0,JPEG,L,Training
data/Training/meningioma/Tr-me_508.jpg,meningioma,1,train,e12593c3c3e618c610626f61424f147af8391a9d31b44b9a8bead2f8901eccd1,512,512,1.0,JPEG,L,Training
data/Training/meningioma/Tr-me_509.jpg,meningioma,1,train,8021bf396d4b99b3710ab0d7125513ac82cbcaf9ca5fb67f280ddd9a66dca998,512,512,1.0,JPEG,RGB,Training
data/Training/meningioma/Tr-me_51.jpg,meningioma,1,train,2b1cdfd068d1ded10d6a7676b5b2fd14db273f5260572c4a66a88f359cb63040,512,512,1.0,JPEG,L,Training
data/Training/meningioma/Tr-me_511.jpg,meningioma,1,train,7724e20031c5544263d896ad4ff54937873b667647b42e2890196b543c524196,512,512,1.0,JPEG,RGB,Training
data/Training/meningioma/Tr-me_512.jpg,meningioma,1,train,a76b3c9514bb12c18e9c2f5e672623155f23cc19459aa791d48f7496488933c9,512,512,1.0,JPEG,L,Training
data/Training/meningioma/Tr-me_513.jpg,meningioma,1,train,4632f7ac192982426e97ce429a5b25dea4ad8d9dbc7326cbcf1737306c7ac485,512,512,1.0,JPEG,RGB,Training
data/Training/meningioma/Tr-me_514.jpg,meningioma,1,train,790a0df95b1f8e637fa10aa74369aeedb5e855931368850b7d1e54d954e74e0e,512,512,1.0,JPEG,RGB,Training
data/Training/meningioma/Tr-me_515.jpg,meningioma,1,train,115e6e100264bebfe09c264c9d452adcf3ef21f1462431593be67f80fbc40cac,512,512,1.0,JPEG,RGB,Training
data/Training/meningioma/Tr-me_516.jpg,meningioma,1,train,d28464a96de3b61a1ce9154c9af07dcbb13f97d2ecb6d4e0651ccc43b84712cc,512,512,1.0,JPEG,RGB,Training
data/Training/meningioma/Tr-me_518.jpg,meningioma,1,train,1685eb3cfc4bb3d7230c3415d818188d7263779bc71943eb53dbf15cf4fddf0f,512,512,1.0,JPEG,L,Training
data/Training/meningioma/Tr-me_519.jpg,meningioma,1,train,f8858daee1e20342e6688e62b1f52268c18f8839044e907fff902133c9c232de,512,512,1.0,JPEG,RGB,Training
data/Training/meningioma/Tr-me_523.jpg,meningioma,1,train,65082c03f56cf8cf1c514d8a103f9e2924132da713f2f05e9322bc90395c7470,512,512,1.0,JPEG,L,Training
data/Training/meningioma/Tr-me_524.jpg,meningioma,1,train,bbb4884fd1678783606445a99af8a1ce5b0752c9acbf38aba50c105b6b94582c,512,512,1.0,JPEG,RGB,Training
data/Training/meningioma/Tr-me_525.jpg,meningioma,1,train,54d6fe1d37c795e4f74f4f9a1eba14c24a4ce2dfd35804cb20d6a6873e53c5b3,512,512,1.0,JPEG,L,Training
data/Training/meningioma/Tr-me_526.jpg,meningioma,1,train,356bc26af5474b656e78d5e2f0a8b04075d18ed6350294d954cc7b167ceb2254,512,512,1.0,JPEG,RGB,Training
data/Training/meningioma/Tr-me_527.jpg,meningioma,1,train,e620aa724d912c66e08f412f3c7e82ca1779e18870be0969ecae1f5ab4209167,512,512,1.0,JPEG,RGB,Training
data/Training/meningioma/Tr-me_531.jpg,meningioma,1,train,3a4c7069a51976c68bd1a2bc7b0a8870bbd36249f08c25727b4b33d285994859,512,512,1.0,JPEG,RGB,Training
data/Training/meningioma/Tr-me_532.jpg,meningioma,1,train,c562b8b49bfaa31b621242364e87106aabe7a50884a6b0d34556316dc7f6e4f6,512,512,1.0,JPEG,L,Training
data/Training/meningioma/Tr-me_535.jpg,meningioma,1,train,cc95dca66734055d516d454020d9f19d12e5a29a4fa7c75c6d85163a265f55cf,512,512,1.0,JPEG,RGB,Training
data/Training/meningioma/Tr-me_536.jpg,meningioma,1,train,8c3acc28eac32ee6dee538207dc7779ff413d82ddfeb73cdc05eb36868ff6b0b,512,512,1.0,JPEG,RGB,Training
data/Training/meningioma/Tr-me_537.jpg,meningioma,1,train,c1ff681e28ff796a61972c63e5bbcd64b1e4606b243deb3eafb38a2ef29272af,512,512,1.0,JPEG,L,Training
data/Training/meningioma/Tr-me_538.jpg,meningioma,1,train,b7263d60ff6a69c05477c35434f5e7b3562eaf81eba39162549910fd18a6e260,512,512,1.0,JPEG,RGB,Training
data/Training/meningioma/Tr-me_539.jpg,meningioma,1,train,e25010e5db8fe335ea8f579da422ec9960f09f491d47aa8532ab4b1ea5e0baf6,512,512,1.0,JPEG,RGB,Training
data/Training/meningioma/Tr-me_542.jpg,meningioma,1,train,191fd267f6d18992a3fd8971fdfe2fe8bfd865e6ab05a0ca45486343200d01d8,512,512,1.0,JPEG,RGB,Training
data/Training/meningioma/Tr-me_544.jpg,meningioma,1,train,bc433ccdd0410dbe74d1dbebba4594d37eecd4a92fe33a58767a0a74e6df6003,512,512,1.0,JPEG,RGB,Training
data/Training/meningioma/Tr-me_545.jpg,meningioma,1,train,b844b87e20d3d70e2930ee26fcf79547a744d40b98e76d740d7ce5112ab93b0e,512,512,1.0,JPEG,RGB,Training
data/Training/meningioma/Tr-me_546.jpg,meningioma,1,train,b20b3b8cd473bff5445f10130032d57ea1d0bac4b272c1629d08a7dd49fa57f4,512,512,1.0,JPEG,L,Training
data/Training/meningioma/Tr-me_547.jpg,meningioma,1,train,ac10f5c1039b4f93774b64fdb6ac6323f15e342bd98cd038a627dc107b2d3b4a,512,512,1.0,JPEG,L,Training
data/Training/meningioma/Tr-me_548.jpg,meningioma,1,train,67723592324f9b8b4428c617f82580c6c1568da303fd48277ae0cac19dd0f104,512,512,1.0,JPEG,RGB,Training
data/Training/meningioma/Tr-me_55.jpg,meningioma,1,train,14edb737e830356f9b55c209913df1bb8352e3d9763c58b4ba85aa48b5886a96,512,512,1.0,JPEG,L,Training
data/Training/meningioma/Tr-me_550.jpg,meningioma,1,train,18071fbc8657396e5d99cd608a832a28e8e0b02554c5f395e6a134b0590f7cf7,512,512,1.0,JPEG,L,Training
data/Training/meningioma/Tr-me_551.jpg,meningioma,1,train,4cee8eb061988015b54c6dd4748573feac417338864ae1d47258e5e8a54e5e54,512,512,1.0,JPEG,RGB,Training
data/Training/meningioma/Tr-me_552.jpg,meningioma,1,train,b80a75a6a72f7c88ae9596dfc32949500e4a1b0bf996210cc58a097b5b8d3eff,512,512,1.0,JPEG,RGB,Training
data/Training/meningioma/Tr-me_555.jpg,meningioma,1,train,71c1e5cf4d4bfceacf13a10171798a0fbe10cab55dd386bcc39d279496ec9dd9,512,512,1.0,JPEG,L,Training
data/Training/meningioma/Tr-me_556.jpg,meningioma,1,train,8b1923d46b241a987e0ddccf33b292345bce2b45b7fb668a7355511367573930,512,512,1.0,JPEG,L,Training
data/Training/meningioma/Tr-me_558.jpg,meningioma,1,train,999dc05a77d8bf93090ee56818107ac1df4327db51a98b90d5ca0a81fe2a38d2,512,512,1.0,JPEG,L,Training
data/Training/meningioma/Tr-me_559.jpg,meningioma,1,train,97d8093046e7514dc3f714768f78d8a8cf9d870bbace0cd008151fb2456cfcdc,512,512,1.0,JPEG,L,Training
data/Training/meningioma/Tr-me_564.jpg,meningioma,1,train,318fa964afd5d9d0b7d0884e528d3d5556894fb77724d3dcb9d24f43d528e147,512,512,1.0,JPEG,RGB,Training
data/Training/meningioma/Tr-me_565.jpg,meningioma,1,train,b5a9845bd6257151af3ba4d858047a7073e90ca0c8f60a78418b84300de76444,512,512,1.0,JPEG,L,Training
data/Training/meningioma/Tr-me_566.jpg,meningioma,1,train,513d753b91eecc3bb7c4c10dbc9300d48946e1dc509d642a4fbdf4d1be88ee52,512,512,1.0,JPEG,RGB,Training
data/Training/meningioma/Tr-me_567.jpg,meningioma,1,train,8e43344af8ce22802ab5ccbede793700baf7d23ee1879e3bcbc21f8d079637c7,552,527,1.047438330170778,JPEG,RGB,Training
data/Training/meningioma/Tr-me_568.jpg,meningioma,1,train,cfb044f1cb21607e41a9adb6a065cc1b1c87a5ee6e5ad75ef08791cf76498efe,512,512,1.0,JPEG,RGB,Training
data/Training/meningioma/Tr-me_569.jpg,meningioma,1,train,3fc547e5b1debf355f0eaeaf66d3143464b319da555fd3af9c965d4d74f510ee,512,512,1.0,JPEG,RGB,Training
data/Training/meningioma/Tr-me_57.jpg,meningioma,1,train,01075144b8103eab67c96febcde2ea99f62001641cd4f66d2670f74b4f536925,512,512,1.0,JPEG,RGB,Training
data/Training/meningioma/Tr-me_570.jpg,meningioma,1,train,8ea601a2b83d02ec1192b24eb427cb2a9ad5483aa1dd1c38e37e2aa600cb31e7,512,512,1.0,JPEG,L,Training
data/Training/meningioma/Tr-me_572.jpg,meningioma,1,train,41c2a31f90daccac88d780bae824995484ed6db7533f4f2821cdb0061c3acc3a,512,512,1.0,JPEG,L,Training
data/Training/meningioma/Tr-me_573.jpg,meningioma,1,train,76ccd92e0b00784ddffa84d58c8572d6afd94610dbbae766472f135b73e3a183,512,512,1.0,JPEG,L,Training
data/Training/meningioma/Tr-me_574.jpg,meningioma,1,train,9823d3df75ee36666e965d8800857c813485ff4b4cf117a35e191b163a157fc1,512,512,1.0,JPEG,L,Training
data/Training/meningioma/Tr-me_575.jpg,meningioma,1,train,9c124b7753bdacb78cabcfa7fff5883bbafc3ac9deb202a93e7a7224936e8060,512,512,1.0,JPEG,L,Training
data/Training/meningioma/Tr-me_576.jpg,meningioma,1,train,40077aa6615a8d2b2fece95f8222b9856956a6a97619abbc1f41f1edddf6ce52,512,512,1.0,JPEG,L,Training
data/Training/meningioma/Tr-me_577.jpg,meningioma,1,train,4238653c009a47e6259a51dac9f90ba86342d95483557332148beb4013689f5b,512,512,1.0,JPEG,L,Training
data/Training/meningioma/Tr-me_579.jpg,meningioma,1,train,e99417aea1d423906fe03085cbf0e79073d446adac17c1969f7b02793ad6547c,512,512,1.0,JPEG,L,Training
data/Training/meningioma/Tr-me_580.jpg,meningioma,1,train,dc2d41601d79a69075db334825df467ae82b313d4cb0e0e7d0d562069eaf81c2,512,512,1.0,JPEG,RGB,Training
data/Training/meningioma/Tr-me_581.jpg,meningioma,1,train,625413a204d9db4aa14e46f3d310789b8a6007f6064ef5f85308059cfe710ba5,512,512,1.0,JPEG,RGB,Training
data/Training/meningioma/Tr-me_582.jpg,meningioma,1,train,4f715b508cc40f16093e7b35c9c341388ed8bac670afd6f5cd2e1ffa0822b4f5,512,512,1.0,JPEG,L,Training
data/Training/meningioma/Tr-me_584.jpg,meningioma,1,train,75abc6620dc71e144a7b9a06d198c992d720d87674fa0602c8e5685b16dbbb8d,512,512,1.0,JPEG,RGB,Training
data/Training/meningioma/Tr-me_585.jpg,meningioma,1,train,2b737df178cb4c857b297dbc93908998a8fbeb245368f62fec4a9960305c4138,512,512,1.0,JPEG,RGB,Training
data/Training/meningioma/Tr-me_586.jpg,meningioma,1,train,37de7cc10e00f1f1ae461433435dcae635c5b5143e1aeb19fec121c4b9d6cdfd,512,512,1.0,JPEG,L,Training
data/Training/meningioma/Tr-me_588.jpg,meningioma,1,train,82e30da936584a8852bb600faa308cb4a2bf6ca7c53f2fde25f046717e72b9b5,512,512,1.0,JPEG,L,Training
data/Training/meningioma/Tr-me_589.jpg,meningioma,1,train,a579233992de724cb98eac540666bb6add074f8e1f090fe780d6dd5c0b7ded45,512,512,1.0,JPEG,RGB,Training
data/Training/meningioma/Tr-me_59.jpg,meningioma,1,train,d86180b2a45ea7d72e0e998d063e242514b5053a976116ac99d374e2bf52ac58,512,512,1.0,JPEG,RGB,Training
data/Training/meningioma/Tr-me_591.jpg,meningioma,1,train,509e35b09292fd45e5ba696b8204496ad3762d3b950bd6950eabd8d1d4a1e8e6,512,512,1.0,JPEG,RGB,Training
data/Training/meningioma/Tr-me_594.jpg,meningioma,1,train,dd7c49b292bf06ff845f157e6ca07d310e7cf03353a88b961683940666ac1eab,512,512,1.0,JPEG,L,Training
data/Training/meningioma/Tr-me_596.jpg,meningioma,1,train,2ac7808e09879cc139feb1d6287de0fdeb3f250c3b25f33e5b59e0cfddb106e0,512,512,1.0,JPEG,RGB,Training
data/Training/meningioma/Tr-me_599.jpg,meningioma,1,train,06065a2b64c2a066e6266b15b62667adac7caf0d3ef5b5c36467b81b5445e974,512,512,1.0,JPEG,RGB,Training
data/Training/meningioma/Tr-me_60.jpg,meningioma,1,train,4705e6d6dc533f18e40345c6c2ddaed7deff2e215bae4dcf492bfaf48a43960b,512,512,1.0,JPEG,L,Training
data/Training/meningioma/Tr-me_600.jpg,meningioma,1,train,478eb38fbdc97aa59c8e69fa879f3901b956e0ede269e27a9b22f8c2a0bd3f41,512,512,1.0,JPEG,L,Training
data/Training/meningioma/Tr-me_602.jpg,meningioma,1,train,7a45a04d391c1bdbea36d06028bc099df608dc20ef18fd296adb23c4059e6d59,512,512,1.0,JPEG,RGB,Training
data/Training/meningioma/Tr-me_603.jpg,meningioma,1,train,2686014345ea117bc789051f5ff07966c042bfff429c33d01176370f4d8c8a3c,512,512,1.0,JPEG,L,Training
data/Training/meningioma/Tr-me_604.jpg,meningioma,1,train,86ee9327b3306a9a849e85bef4a64d2e48609427c659e88557d7227e625b52ed,512,512,1.0,JPEG,L,Training
data/Training/meningioma/Tr-me_607.jpg,meningioma,1,train,5ce8c08b8ac095d542c634dc6953dd71c5b24b309f610bfe3aa8581aed9f2408,512,512,1.0,JPEG,RGB,Training
data/Training/meningioma/Tr-me_609.jpg,meningioma,1,train,3368bdee47717ce6b9a6bcbfb3ea55f435f5026e2769fd7ecab1536b5188e697,512,512,1.0,JPEG,L,Training
data/Training/meningioma/Tr-me_61.jpg,meningioma,1,train,7b602d2a72469b0009e63b5c55444ac6739a303c928858ceaf2e01bdfe385e5a,512,512,1.0,JPEG,RGB,Training
data/Training/meningioma/Tr-me_610.jpg,meningioma,1,train,97f5aad1b41e2b16c880c62c0d68493cf0a548022178236027d7edaeeed130eb,512,512,1.0,JPEG,L,Training
data/Training/meningioma/Tr-me_611.jpg,meningioma,1,train,e20372b9c8287314ebc50d912d5c24e91a47af2e036857f96ccea6764d32fd01,512,512,1.0,JPEG,RGB,Training
data/Training/meningioma/Tr-me_612.jpg,meningioma,1,train,f0f194d2075c5eed41050c50368c0a334578dd1780baa2e6d71e76b6b8c3caa3,512,512,1.0,JPEG,L,Training
data/Training/meningioma/Tr-me_613.jpg,meningioma,1,train,ff8b759184094ac084fcca869a85d640f5ee7376e7fc189da6e390ffd1741ec3,512,512,1.0,JPEG,RGB,Training
data/Training/meningioma/Tr-me_614.jpg,meningioma,1,train,e5dce11a63673b4fe6f094e93e1d308efcd713d72b17f7598fdf134b3ee3e11f,512,512,1.0,JPEG,L,Training
data/Training/meningioma/Tr-me_615.jpg,meningioma,1,train,1ed25e24a1607f334d10a923a03eb5dd2d6a427b94fb9aadd5ae09458cc9f474,512,512,1.0,JPEG,RGB,Training
data/Training/meningioma/Tr-me_618.jpg,meningioma,1,train,0e72d68196e74bb9b5336cf6eda112a013d5b888d4f4db3920ffe9f77d017813,512,512,1.0,JPEG,L,Training
data/Training/meningioma/Tr-me_619.jpg,meningioma,1,train,458e27eb51101c61e2206da0eee787a6ee5cf72c971cf4df564102bea4944e35,512,512,1.0,JPEG,RGB,Training
data/Training/meningioma/Tr-me_62.jpg,meningioma,1,train,3b724ad440e197b9a8413607b4362568b0bd33f786cb54d368ae5c85d2b58f61,512,512,1.0,JPEG,RGB,Training
data/Training/meningioma/Tr-me_620.jpg,meningioma,1,train,6131251ea334beaed8dac521b60ea8ab8a802a26f613fc6c36bfb01950abeb73,512,512,1.0,JPEG,RGB,Training
data/Training/meningioma/Tr-me_621.jpg,meningioma,1,train,721c21667336c5affcb18a70d60c7de2a19c66c34dd9c3cc63a2214b57fa7f0e,512,512,1.0,JPEG,L,Training
data/Training/meningioma/Tr-me_622.jpg,meningioma,1,train,7144a6aedd0e9eae12829f0f14481baa0cf7507345f672fd655c54b133bb889a,512,512,1.0,JPEG,RGB,Training
data/Training/meningioma/Tr-me_623.jpg,meningioma,1,train,1954284c8ff1611eaef3b40f891b396ae5fe7a1f0f5798cbcdabf43cba1007bc,512,512,1.0,JPEG,L,Training
data/Training/meningioma/Tr-me_624.jpg,meningioma,1,train,4f00177c2133a43d53272c3760a93588434b620ebd874ddaadb97f8ff632a030,512,512,1.0,JPEG,RGB,Training
data/Training/meningioma/Tr-me_625.jpg,meningioma,1,train,cd073412589448f75e5da2034b07e509506426e7fe89aafb0af968bb82f82a71,512,512,1.0,JPEG,RGB,Training
data/Training/meningioma/Tr-me_626.jpg,meningioma,1,train,da107a7b8409896aa1b8f9c1f29583eaa39eee8a4858caa9e17333818140c036,512,512,1.0,JPEG,L,Training
data/Training/meningioma/Tr-me_628.jpg,meningioma,1,train,2f6e1334cdd701eb8c0975c43f6b52e5f4d4fa317520646d53e8f6e8457fd8c5,512,512,1.0,JPEG,RGB,Training
data/Training/meningioma/Tr-me_629.jpg,meningioma,1,train,2c29c442e768e3887d962829885ffacfeba3abe2f8ca631e35ce52629a483ea0,512,512,1.0,JPEG,RGB,Training
data/Training/meningioma/Tr-me_63.jpg,meningioma,1,train,754a124f8d9ad72690af6360f96b127d98bf417bc82b864ef29d12b6227e13aa,512,512,1.0,JPEG,RGB,Training
data/Training/meningioma/Tr-me_630.jpg,meningioma,1,train,a27f71b4b37ec32d295bfd1a1d126618f1b5ff9c8d6a5aa86fe04a5a903a49d8,512,512,1.0,JPEG,RGB,Training
data/Training/meningioma/Tr-me_631.jpg,meningioma,1,train,7c0b46f98b3363e8c0e7699f450cb491c3614212445d0b743eb637e12f34c0d6,512,512,1.0,JPEG,RGB,Training
data/Training/meningioma/Tr-me_634.jpg,meningioma,1,train,99cff0091a038952a0615b3edabb8f08496d67cd6f76a2d701070660707f75e7,512,512,1.0,JPEG,L,Training
data/Training/meningioma/Tr-me_635.jpg,meningioma,1,train,e5d835bad40eac9471f71f8b870a0dc02b611ba75917f189eef2128738b09639,512,512,1.0,JPEG,L,Training
data/Training/meningioma/Tr-me_636.jpg,meningioma,1,train,222c1908d81c6a58e13c873750bf33518901bb373c804b0cd75fc8290d244f7a,512,512,1.0,JPEG,L,Training
data/Training/meningioma/Tr-me_637.jpg,meningioma,1,train,2acdbcaa77422c2eb8348212c0850cd2f7a1f7fba6522d3aa977eb99437abe63,229,223,1.0269058295964126,JPEG,RGB,Training
data/Training/meningioma/Tr-me_638.jpg,meningioma,1,train,0539bb75097de358c4521d8b1e5ba00008e3ac237c0624ff0827ef07c20b9cfd,512,512,1.0,JPEG,RGB,Training
data/Training/meningioma/Tr-me_64.jpg,meningioma,1,train,9f06a3b5c4650890bc0097e4a70ae5c89c8965dab840113dfc1fac5e5a5080f7,512,512,1.0,JPEG,RGB,Training
data/Training/meningioma/Tr-me_641.jpg,meningioma,1,train,d29f9fbcc8dfdee29d593ae8e3fbef4e413261e202f82b754a64b85b2ea9e74e,512,512,1.0,JPEG,L,Training
data/Training/meningioma/Tr-me_642.jpg,meningioma,1,train,0a962090889cf4a85dabd28d3dee91c58abc2dd52e2da91ba5b37d8233f67958,512,512,1.0,JPEG,RGB,Training
data/Training/meningioma/Tr-me_643.jpg,meningioma,1,train,7e8b3006665455282f0dddb7d57709108fa0dceacc57974d484a4f2b8e5b062a,512,512,1.0,JPEG,L,Training
data/Training/meningioma/Tr-me_644.jpg,meningioma,1,train,7fe31361840c9ad05bda064be08e25b42c98d63baccb9fb8de7246b2fc390ebd,512,512,1.0,JPEG,RGB,Training
data/Training/meningioma/Tr-me_645.jpg,meningioma,1,train,cc4a005a4d591d1d745886a61f6cd4a0594d47cafc50d2a81dfb2964a2379ffb,512,512,1.0,JPEG,L,Training
data/Training/meningioma/Tr-me_646.jpg,meningioma,1,train,eb4fea6a90ef7cbd78c79ca5154935178fa03d9b83dc497d4aba8b278a7807a3,512,512,1.0,JPEG,RGB,Training
data/Training/meningioma/Tr-me_647.jpg,meningioma,1,train,4912fb0aaa4c81c99a1af8c07dc750a859e66d10609e95e2936be585854e98a3,512,512,1.0,JPEG,RGB,Training
data/Training/meningioma/Tr-me_648.jpg,meningioma,1,train,0489f70e7038e3162f6dc42e7e7773e7a7a3742cbfbf9a8d9ddefaa66c5ff7d2,512,512,1.0,JPEG,L,Training
data/Training/meningioma/Tr-me_65.jpg,meningioma,1,train,52df6eb33c6f708a2b6f0d5a84d3ddebeaa8463561dc7602aeb2f0793aea8d04,512,512,1.0,JPEG,L,Training
data/Training/meningioma/Tr-me_650.jpg,meningioma,1,train,823a13a054f3e770d63946eddf1f07f6f613a0741bbcfa04982215eb8fb1c797,512,512,1.0,JPEG,L,Training
data/Training/meningioma/Tr-me_652.jpg,meningioma,1,train,e11b1d719bf5d8fb1d037d8f7836e300434e63ac6a21aba7dc25a489af63871d,512,512,1.0,JPEG,L,Training
data/Training/meningioma/Tr-me_655.jpg,meningioma,1,train,0b5993a4d9fbd1fd66d946d2c357f185832b6309c07f16ab7bfd8268beb39b78,512,512,1.0,JPEG,L,Training
data/Training/meningioma/Tr-me_657.jpg,meningioma,1,train,efab1ca535fd083da81b638c586482e9a9e90e0b2833c5f28ce565d3a30e0423,512,512,1.0,JPEG,RGB,Training
data/Training/meningioma/Tr-me_658.jpg,meningioma,1,train,e6668945d8558bce73ab5998ccee114b036cc16e4e9d33da4135f5783696e383,512,512,1.0,JPEG,RGB,Training
data/Training/meningioma/Tr-me_66.jpg,meningioma,1,train,089db3ae5506869e259f4e720a5b63b3d7074eface90ee4a9541a30a4b7454dd,512,512,1.0,JPEG,L,Training
data/Training/meningioma/Tr-me_660.jpg,meningioma,1,train,9285c6cd6f87cdba6b1e5b236b8d03c27a6d74212979c4dba321be5d9e93132b,512,512,1.0,JPEG,RGB,Training
data/Training/meningioma/Tr-me_662.jpg,meningioma,1,train,3df7571aa63e003335389f7285669d8617c77cb8c45219667ae0e8ecb3ef824a,512,512,1.0,JPEG,RGB,Training
data/Training/meningioma/Tr-me_663.jpg,meningioma,1,train,430a425e47a25fa025a33e4003178bcc7b202885d07d5f9dbc84925d85a1e90e,512,512,1.0,JPEG,L,Training
data/Training/meningioma/Tr-me_665.jpg,meningioma,1,train,0dbdd968b459e37e6252902c8509a40b793b6cc58fa76a43b3510c72ccc4deba,512,512,1.0,JPEG,RGB,Training
data/Training/meningioma/Tr-me_668.jpg,meningioma,1,train,99555a853c988df45e645ba10501bc6951d3a06727f9d023b1eccdf1b89c1f70,512,512,1.0,JPEG,RGB,Training
data/Training/meningioma/Tr-me_67.jpg,meningioma,1,train,2eb54160e66acbace22f1611c8a8df0b78d0dfc51ef6eea4b91a31924c8c7c81,512,512,1.0,JPEG,L,Training
data/Training/meningioma/Tr-me_670.jpg,meningioma,1,train,a08405f6e5414aff5e8b0fae4d713b409f9e6e06e02e82acbcc131ca6769032a,512,512,1.0,JPEG,RGB,Training
data/Training/meningioma/Tr-me_671.jpg,meningioma,1,train,d3bbdf2097f4e06bd764f8bc9b5b0d756258d8cb2714e0888666eaf43ec4060b,512,512,1.0,JPEG,RGB,Training
data/Training/meningioma/Tr-me_672.jpg,meningioma,1,train,dec55a358ae6ccecb8107bab0178da431db0912b5469996d3da7f2e938e2d778,512,512,1.0,JPEG,RGB,Training
data/Training/meningioma/Tr-me_673.jpg,meningioma,1,train,a30c325630469e4437bd738a019b6641374621e8f33ce1edec6f13975353319f,512,512,1.0,JPEG,RGB,Training
data/Training/meningioma/Tr-me_676.jpg,meningioma,1,train,b64df5b588c9b237f4f6b5c2f55c0e837591f05569ddc0e11ea0347002d3029d,512,512,1.0,JPEG,RGB,Training
data/Training/meningioma/Tr-me_677.jpg,meningioma,1,train,688e44307f6ac6bbee609d691c81b417e300006ecfd3fc722e9adf6afe7598ff,512,512,1.0,JPEG,RGB,Training
data/Training/meningioma/Tr-me_68.jpg,meningioma,1,train,36440354a3d25540d6a28e131c27a7a93ce99348d835e3a4b37896ece4db0db4,512,512,1.0,JPEG,L,Training
data/Training/meningioma/Tr-me_681.jpg,meningioma,1,train,a943de894952631b6dd48c238f1df1c3c857ea2f242d9aaee36e47e99d0f2e1f,512,512,1.0,JPEG,RGB,Training
data/Training/meningioma/Tr-me_683.jpg,meningioma,1,train,dabaed211f2aadc2c9bc0b2e30399971a9a8a9ee4639eb6addf9a3b564d9f0ad,512,512,1.0,JPEG,L,Training
data/Training/meningioma/Tr-me_685.jpg,meningioma,1,train,5a4242bd7c978a7d746a6cd3708af4a88426f29a727e12fa2fb3b91cb39eef3d,512,512,1.0,JPEG,RGB,Training
data/Training/meningioma/Tr-me_687.jpg,meningioma,1,train,e42d7f6b894cb24843884c210d7e47bd0a6d2e384a6369bd2c390dd5b489cf2d,512,512,1.0,JPEG,RGB,Training
data/Training/meningioma/Tr-me_689.jpg,meningioma,1,train,2c4a401ef2e8bdeedb7bd61af8a00de72c2c4230938aafaccf86296ffb1c7d04,512,512,1.0,JPEG,RGB,Training
data/Training/meningioma/Tr-me_69.jpg,meningioma,1,train,d6b0ad95e97ef6e1a18deee486dc157e48dd37a605b1217e2b30d209762e26f8,512,512,1.0,JPEG,L,Training
data/Training/meningioma/Tr-me_691.jpg,meningioma,1,train,a0e6b1c64198e1d7400b8f0c3851615a3fb45d3e883d652b2d00caefca392f5f,512,512,1.0,JPEG,RGB,Training
data/Training/meningioma/Tr-me_695.jpg,meningioma,1,train,d7255aefa6266734d8998899a2f6963d7a6ab9c12a012ce41089620791410bf8,512,512,1.0,JPEG,RGB,Training
data/Training/meningioma/Tr-me_696.jpg,meningioma,1,train,ee3ee1c09fd6bad5f174df624fd245e24b4981007a10a92b805b2246f7b8c4e3,512,512,1.0,JPEG,L,Training
data/Training/meningioma/Tr-me_697.jpg,meningioma,1,train,22f0df13538869c259625cc3cf1aca5698bd28cb2df02a18af7474e50ebe3a38,512,512,1.0,JPEG,RGB,Training
data/Training/meningioma/Tr-me_698.jpg,meningioma,1,train,12a3eab8e12c80c59c56957249c03706819af036ae128c79892b5949144dfb0c,512,512,1.0,JPEG,RGB,Training
data/Training/meningioma/Tr-me_7.jpg,meningioma,1,train,916606b06e81bd41d8af0e0d9338a8146884cb883f11cc053ca01db9896856ce,512,512,1.0,JPEG,RGB,Training
data/Training/meningioma/Tr-me_700.jpg,meningioma,1,train,177bf064dc943b9f67922665ae00eccaa6b135ce4d31c033baaf9d7d0bb52173,512,512,1.0,JPEG,RGB,Training
data/Training/meningioma/Tr-me_701.jpg,meningioma,1,train,57c6d1ee658c63769d4579457be62dfa9d495972ade475784a75d966dbd1e694,512,512,1.0,JPEG,RGB,Training
data/Training/meningioma/Tr-me_702.jpg,meningioma,1,train,ef40eece11944334829d1fd34413c89786ebadb918c176d0a8d44a3c2a71b155,512,512,1.0,JPEG,RGB,Training
data/Training/meningioma/Tr-me_703.jpg,meningioma,1,train,8052291d1327c48fda9df1a8d79518e6c15567993b0bdbabfd4efe03224dd2c5,512,512,1.0,JPEG,L,Training
data/Training/meningioma/Tr-me_704.jpg,meningioma,1,train,42c3d25d32f55aeefcab94b28a7f579d956ca2abda6af2bd11fa76d0fa28c9bd,512,512,1.0,JPEG,L,Training
data/Training/meningioma/Tr-me_705.jpg,meningioma,1,train,8ada493a01b975eb838984a66c4388693c8c16ccdb8a3890d9b9efb6d4d30d48,512,512,1.0,JPEG,L,Training
data/Training/meningioma/Tr-me_707.jpg,meningioma,1,train,9582559564c1b2f00f2a3b099eba373f9cd7357d700b65972b8e772be0189814,512,512,1.0,JPEG,L,Training
data/Training/meningioma/Tr-me_708.jpg,meningioma,1,train,e378f033080989e9931122c12c2ff2797af0056a4e55c01b5c6668737f97709f,512,512,1.0,JPEG,RGB,Training
data/Training/meningioma/Tr-me_709.jpg,meningioma,1,train,9d3da3a456f0af7800617db54e673b04d1e9871a29819346ba81435e1295c21e,512,512,1.0,JPEG,RGB,Training
data/Training/meningioma/Tr-me_711.jpg,meningioma,1,train,ce7922e5a0ec661adda8260d8134c45f0b0bf8c9f93d2f184134e14bb69386da,512,512,1.0,JPEG,L,Training
data/Training/meningioma/Tr-me_712.jpg,meningioma,1,train,34ca05e7b14a5daa5b70ccd6c31e2b13342ed4b99743f85f5214ca3c384bef2c,512,512,1.0,JPEG,L,Training
data/Training/meningioma/Tr-me_718.jpg,meningioma,1,train,eaf5af177ce058f6eaf490d662024fd4847bb7a44f399780e2f8e14686bead50,512,512,1.0,JPEG,L,Training
data/Training/meningioma/Tr-me_719.jpg,meningioma,1,train,f405df89be993f925e99fec58e256239d06f6b374afc445d80d4415a0579381a,512,512,1.0,JPEG,L,Training
data/Training/meningioma/Tr-me_720.jpg,meningioma,1,train,9d115bc9fe64b360bb8f898bcffef473cf5fe5c3d28f8bfbf026d98a5a970303,512,512,1.0,JPEG,RGB,Training
data/Training/meningioma/Tr-me_722.jpg,meningioma,1,train,f0d1dcf128f4f4f63e771402789a5efb11b06b2a1debd782daa92216db180d4a,512,512,1.0,JPEG,L,Training
data/Training/meningioma/Tr-me_723.jpg,meningioma,1,train,d5dee8b4f7eab84f5b54a61355d6eba75ac37b873b8b38f4ac126e4d44676c62,512,512,1.0,JPEG,RGB,Training
data/Training/meningioma/Tr-me_724.jpg,meningioma,1,train,0eb5c01ba5d660be9245bf8bd9040b494d76bcf2a3360c2db2ed34350cd4b145,512,512,1.0,JPEG,L,Training
data/Training/meningioma/Tr-me_725.jpg,meningioma,1,train,46725721de681455951e6fc4ad251187bdeadb46cba6cddb769824364ca814ae,512,512,1.0,JPEG,RGB,Training
data/Training/meningioma/Tr-me_727.jpg,meningioma,1,train,4d4edce072423289afaeb36597646df192bff521ba8b5847ccc74aa786c543c6,512,512,1.0,JPEG,L,Training
data/Training/meningioma/Tr-me_728.jpg,meningioma,1,train,5f1d660a8e73d9042cbf77ce8acbfd2224ab92aa219a78733ce1d488d5cf9945,512,512,1.0,JPEG,RGB,Training
data/Training/meningioma/Tr-me_729.jpg,meningioma,1,train,83d39b5a2f1180355dd2f4d8a158cc9fce1968bc1525c148ae03bd3ef61a159a,512,512,1.0,JPEG,RGB,Training
data/Training/meningioma/Tr-me_73.jpg,meningioma,1,train,d30e46b55247ec77de5255e634ffcbd816f1cce96a8faf18b8ef42c023f415b6,512,512,1.0,JPEG,L,Training
data/Training/meningioma/Tr-me_730.jpg,meningioma,1,train,151cec2493ab624e8dc7a816ac409d3f10674f3c17227daa1a056ae3ea0b61fb,512,512,1.0,JPEG,L,Training
data/Training/meningioma/Tr-me_731.jpg,meningioma,1,train,168fac51177ea7a81ea19d6255fedb836e387435efc5319855c7aa39afcbc77f,512,512,1.0,JPEG,L,Training
data/Training/meningioma/Tr-me_732.jpg,meningioma,1,train,343fcfa8d8f40f463077b6cd2c7d39dbf8d3127fe6b19165243a3f9562fce58e,512,512,1.0,JPEG,RGB,Training
data/Training/meningioma/Tr-me_733.jpg,meningioma,1,train,d1be284ee68643d98a513c63d6c04cd6feb54feb859da79cae4739d14e1ee012,512,512,1.0,JPEG,RGB,Training
data/Training/meningioma/Tr-me_734.jpg,meningioma,1,train,9c52a65a51de23cbb4cd49dc23a07ee6f35c03c27a9e3c2342a09afa60df7475,512,512,1.0,JPEG,L,Training
data/Training/meningioma/Tr-me_736.jpg,meningioma,1,train,40e9211a8b8587defbd39ff8fcc23349840b1631ae53139ddc7a04a335d4391d,512,512,1.0,JPEG,RGB,Training
data/Training/meningioma/Tr-me_74.jpg,meningioma,1,train,c3ad2fbf2e64dc233f08916fbe20348df26c5d6d40743985966d3e0b82c8d381,512,512,1.0,JPEG,RGB,Training
data/Training/meningioma/Tr-me_741.jpg,meningioma,1,train,37d85ead369dd529ac2d6b3e325466bba6cb081cb21de2019e18979d9aa6a3d5,512,512,1.0,JPEG,RGB,Training
data/Training/meningioma/Tr-me_742.jpg,meningioma,1,train,854c9b6f52acce0358b071bad212ed0215341f40f1289ced2f186023eeacdc46,512,512,1.0,JPEG,L,Training
data/Training/meningioma/Tr-me_744.jpg,meningioma,1,train,12ac180b8bc90f02247d43be822d39b615a3c1f44848a98f49dab0deb5ad7c7f,512,512,1.0,JPEG,L,Training
data/Training/meningioma/Tr-me_746.jpg,meningioma,1,train,128bc7492e01f319a098924e0fdd8c0ad0fdd701d40644dd38bd4199a6e6ae41,512,512,1.0,JPEG,RGB,Training
data/Training/meningioma/Tr-me_747.jpg,meningioma,1,train,ba51fd06bd612a3a35abf118cea93bf2be4637c5b5296f414cbd66c57cc8987a,512,512,1.0,JPEG,RGB,Training
data/Training/meningioma/Tr-me_748.jpg,meningioma,1,train,765412055dfebb7e172d40a286f071022e5fd26a050e042969fd339aba61fea3,512,512,1.0,JPEG,RGB,Training
data/Training/meningioma/Tr-me_749.jpg,meningioma,1,train,8ea4f6cf1cf8fc77604511606f22961cdbfb3fbfac44598169bbd6bbed8ee26d,512,512,1.0,JPEG,RGB,Training
data/Training/meningioma/Tr-me_75.jpg,meningioma,1,train,0d10a29c071cefbc6bfb92386b02aee285433e468e31489c52e2fb7e5ae14654,512,512,1.0,JPEG,RGB,Training
data/Training/meningioma/Tr-me_750.jpg,meningioma,1,train,2157bf83ec4094dfb48adcb0f6f3ea3aa2c2b8f09b29d400c9fa82a109d4726d,512,512,1.0,JPEG,L,Training
data/Training/meningioma/Tr-me_752.jpg,meningioma,1,train,411a499a57c5f52ccb807c88543e96185136de3c0b04be2aec4fab3adf560171,512,512,1.0,JPEG,L,Training
data/Training/meningioma/Tr-me_754.jpg,meningioma,1,train,b14be83bb964175a3955d0f81784a370558d9e93b215051cf761c07da293642f,512,512,1.0,JPEG,L,Training
data/Training/meningioma/Tr-me_755.jpg,meningioma,1,train,c61f89bbf0662f9bf1d19d66e1d89492eceeda49f287aee9b13541980291041f,512,512,1.0,JPEG,L,Training
data/Training/meningioma/Tr-me_756.jpg,meningioma,1,train,f2c9e1fb695bb681358ad88214ce5039e0a029dbb04a88774df904d909b0e87d,512,512,1.0,JPEG,RGB,Training
data/Training/meningioma/Tr-me_757.jpg,meningioma,1,train,75a2884f27bc5cd1352500f83bcaaf4ad0157013ab3bb4a66501d029a9fa057b,512,512,1.0,JPEG,RGB,Training
data/Training/meningioma/Tr-me_759.jpg,meningioma,1,train,58284657369d3995796c262a4bfcaa4567575559a2ff8da6622e262044a923e5,512,512,1.0,JPEG,RGB,Training
data/Training/meningioma/Tr-me_76.jpg,meningioma,1,train,9318aa7865202b18bfd669f3286b783ec1ad61ab8f7752d38262da8d404dc0db,512,512,1.0,JPEG,RGB,Training
data/Training/meningioma/Tr-me_761.jpg,meningioma,1,train,1ccc15f9d2f855b566b04ab59f4846cd5bb6956c7def2428488fdd95963194db,512,512,1.0,JPEG,L,Training
data/Training/meningioma/Tr-me_762.jpg,meningioma,1,train,9568a72265134f0a148686d21c0acee105520528fc7aec2119b6f814c0b4ff6d,512,512,1.0,JPEG,RGB,Training
data/Training/meningioma/Tr-me_764.jpg,meningioma,1,train,084259a9f038f27deea9c23a4f889f73540ca1642881f42b0354ed98e75f5786,512,512,1.0,JPEG,RGB,Training
data/Training/meningioma/Tr-me_765.jpg,meningioma,1,train,75df4a1d97b7d9af3877139c6de4b1923f4f9f99adff8a6b76b4537c8d207d47,512,512,1.0,JPEG,L,Training
data/Training/meningioma/Tr-me_766.jpg,meningioma,1,train,e26a52fe596209e6427f10dd8b3dbbeed76fc0f942d07e7b0f1e497d0bdd82b3,512,512,1.0,JPEG,RGB,Training
data/Training/meningioma/Tr-me_767.jpg,meningioma,1,train,dfb28f2aead6fca24fcc58d6dc3d84720f386be0e7f2f41cbed51e68cb1c0182,512,512,1.0,JPEG,L,Training
data/Training/meningioma/Tr-me_768.jpg,meningioma,1,train,4ff706e0dff224582c701e3d7963f2a416aa3dd531d395536ccbb75c7c32f330,512,512,1.0,JPEG,RGB,Training
data/Training/meningioma/Tr-me_77.jpg,meningioma,1,train,81b097f53a782810d63380b5e27bfdfb1a9edc73a3356f75e1b992e1b62e8020,512,512,1.0,JPEG,L,Training
data/Training/meningioma/Tr-me_770.jpg,meningioma,1,train,f6159caaca57568988c1d5496366990f5ec9012f06f7f92bd4b02ea6aa7ea185,512,512,1.0,JPEG,L,Training
data/Training/meningioma/Tr-me_772.jpg,meningioma,1,train,17af12c3b8a24bd0d2c4e79c4d95807e3a22b259f997d05a12aab7547151b835,512,512,1.0,JPEG,L,Training
data/Training/meningioma/Tr-me_774.jpg,meningioma,1,train,1827fd4ada70787f40d210f0f055c6090e946abcda98605de924f434dfc5a47d,512,512,1.0,JPEG,L,Training
data/Training/meningioma/Tr-me_775.jpg,meningioma,1,train,0f8bdf0ff3d3611a41fcbb69dca4432c5fa0d6722261e3d6a4f29cac7749fbc9,512,512,1.0,JPEG,RGB,Training
data/Training/meningioma/Tr-me_780.jpg,meningioma,1,train,2219d8ceb9798be16c98e295edc3fbbc35665baa1a2fb49bdae4a900543f049c,512,512,1.0,JPEG,RGB,Training
data/Training/meningioma/Tr-me_781.jpg,meningioma,1,train,a37d1a6aa5c4cfc04a2c2f2ee8eae6353e00e321aa55c79a9cbc422ea7801c14,512,512,1.0,JPEG,L,Training
data/Training/meningioma/Tr-me_783.jpg,meningioma,1,train,ab027a9b3758493e65cee989ae25831fc51b1ad3529f39470bc6fb0e4f076bdb,512,512,1.0,JPEG,L,Training
data/Training/meningioma/Tr-me_786.jpg,meningioma,1,train,02346f89bea4c30d322c4ab17484e888e13ff150b348309a2b1b6e3d9939311f,512,512,1.0,JPEG,L,Training
data/Training/meningioma/Tr-me_788.jpg,meningioma,1,train,7e15deb1b0f3707fa3fa24f2adec4134d8689755a51ebb3e74e13d488846b306,512,512,1.0,JPEG,RGB,Training
data/Training/meningioma/Tr-me_789.jpg,meningioma,1,train,f7afb5b978af7d23b87370622a6fdb58f367ed3cd9a816607b57c69328432cd5,512,512,1.0,JPEG,L,Training
data/Training/meningioma/Tr-me_79.jpg,meningioma,1,train,1120b1fe29063f61b4c7c093f61796d1dbd4493009380e713d74675132b7402f,512,512,1.0,JPEG,RGB,Training
data/Training/meningioma/Tr-me_792.jpg,meningioma,1,train,2636db6fcf47e3661079bb606b55e9f7d9544b5e6224d00812db094a00f3bd39,512,512,1.0,JPEG,L,Training
data/Training/meningioma/Tr-me_793.jpg,meningioma,1,train,d5720bc1d2b10d1b377b79f98a4113449f2563aee280f02ff2deb30bb422f6c2,512,512,1.0,JPEG,L,Training
data/Training/meningioma/Tr-me_794.jpg,meningioma,1,train,0bc0fbc495b0138fed864cf26e8ad6d2a783cc616259c74146a52c3321c11c43,512,512,1.0,JPEG,L,Training
data/Training/meningioma/Tr-me_795.jpg,meningioma,1,train,fd395ea1b11ea1eb4a70285e624e62b0da0f37b1db183057f3ba0c78b559ca05,512,512,1.0,JPEG,L,Training
data/Training/meningioma/Tr-me_797.jpg,meningioma,1,train,b769a5c3d8c4030c15506fc66ce88195b34880723287e5e8a704a976f5e0d57d,512,512,1.0,JPEG,RGB,Training
data/Training/meningioma/Tr-me_8.jpg,meningioma,1,train,cfb55bb2016ecce69995f6ebe0af5ba05485c734cef11c182429cedad3c4d7a7,512,512,1.0,JPEG,L,Training
data/Training/meningioma/Tr-me_80.jpg,meningioma,1,train,3b6ff25892ac96cced7c0bd0be60077a37d18c02acbbc3ce2a48e753fae17b45,512,512,1.0,JPEG,RGB,Training
data/Training/meningioma/Tr-me_800.jpg,meningioma,1,train,588409dcea04ee1d3654835c2ff1503846d2afc3df50e79426d99499bdeb2d41,512,512,1.0,JPEG,RGB,Training
data/Training/meningioma/Tr-me_802.jpg,meningioma,1,train,fe430ab796ab11ae0cc8601eb960a2e777becbcf9510c7e11d5c0d3283e8a65d,512,512,1.0,JPEG,L,Training
data/Training/meningioma/Tr-me_803.jpg,meningioma,1,train,7cdad8b3a6cd4bc0a906d743810b97ae1127b8643cf87bb78563fada4167236f,512,512,1.0,JPEG,RGB,Training
data/Training/meningioma/Tr-me_804.jpg,meningioma,1,train,54630729f2cc41b57d752df74e0aaefdea9a715ccee5ead21792c0fff30ddb75,512,512,1.0,JPEG,RGB,Training
data/Training/meningioma/Tr-me_805.jpg,meningioma,1,train,1b265bfd4dd733a9c97d0225b57041ac6b9ad70f494dcf62c00579b9cb536681,512,512,1.0,JPEG,L,Training
data/Training/meningioma/Tr-me_807.jpg,meningioma,1,train,733f2fbe35da09f54149b016a7a60caec8ebaba7402f57750fd442a005f02ae5,512,512,1.0,JPEG,L,Training
data/Training/meningioma/Tr-me_808.jpg,meningioma,1,train,6f4f46ffd2a13e9eceb674eeb42d62d817081bd586c306d393880b662a96f1c4,512,512,1.0,JPEG,L,Training
data/Training/meningioma/Tr-me_809.jpg,meningioma,1,train,a5478631bf3a247c5418c4dca94a358377b333fed539315c71611d9b1180e22e,512,512,1.0,JPEG,RGB,Training
data/Training/meningioma/Tr-me_810.jpg,meningioma,1,train,a19d799216336b321668e9552f297e25280809dad785a1bda50497651070295a,512,512,1.0,JPEG,RGB,Training
data/Training/meningioma/Tr-me_811.jpg,meningioma,1,train,ad99e7e5abac7ddae976912f5353c58988ef734c5498967765b9caed1b39e55d,420,264,1.5909090909090908,JPEG,RGB,Training
data/Training/meningioma/Tr-me_812.jpg,meningioma,1,train,eaaff15acf77d6f7372eaba63169b24c7a448e0cc7382ca2cbd065dc0b073b06,512,512,1.0,JPEG,RGB,Training
data/Training/meningioma/Tr-me_813.jpg,meningioma,1,train,e72fb168a75cccbbd79ace7cc4c02aba7d84786e38d3c2df6f847fc68b986198,512,512,1.0,JPEG,L,Training
data/Training/meningioma/Tr-me_816.jpg,meningioma,1,train,9ac3008c070ec9589f76337ffae151c555bcd8918344ecc14504a708508d32dd,512,512,1.0,JPEG,RGB,Training
data/Training/meningioma/Tr-me_819.jpg,meningioma,1,train,09c438a9e8ab352c62dded78a391ec66a657ef22f66e4f74f6a3c99e752c900b,512,512,1.0,JPEG,RGB,Training
data/Training/meningioma/Tr-me_82.jpg,meningioma,1,train,afbaac0a13af5b2d2a6e7e4694c393a9fdbcaf2e01c8be7d56bf54c3808a0f26,512,512,1.0,JPEG,RGB,Training
data/Training/meningioma/Tr-me_821.jpg,meningioma,1,train,ccdb4cd64fe2155f563c4ea79534340ef1056fb079ceadc21999b62bdc71790d,512,512,1.0,JPEG,L,Training
data/Training/meningioma/Tr-me_823.jpg,meningioma,1,train,e26d34e6051123bd511bd946d3f4ef77824b0263ff4b97125732c4741c0d54e8,512,512,1.0,JPEG,RGB,Training
data/Training/meningioma/Tr-me_824.jpg,meningioma,1,train,4907ad6a021f9412346542ef4cd2487f2b1911c44bc5816e05ed0829c1ceb9bc,512,512,1.0,JPEG,L,Training
data/Training/meningioma/Tr-me_825.jpg,meningioma,1,train,49b130d35d505b77a09c177931ccd8063d70bf7eab17d3e2dabc8d2dd8d3b14b,512,512,1.0,JPEG,RGB,Training
data/Training/meningioma/Tr-me_826.jpg,meningioma,1,train,4d068659d8583a0b161b025a5686a2b3e08fd8c68066a1e86676f560ae8fe37b,512,512,1.0,JPEG,RGB,Training
data/Training/meningioma/Tr-me_827.jpg,meningioma,1,train,f31441b66afca602ab43923e2fcc4323d3e2ed435882fa1b522c306ad009f718,512,512,1.0,JPEG,L,Training
data/Training/meningioma/Tr-me_829.jpg,meningioma,1,train,9d3d823393c437025f72880758dbfbfb364f24ce16767c087732bfd9d4a26559,512,512,1.0,JPEG,L,Training
data/Training/meningioma/Tr-me_830.jpg,meningioma,1,train,23a7eb8755bccb65215c57122bb476386bd15baf0ab3894d147c6270745ecade,512,512,1.0,JPEG,L,Training
data/Training/meningioma/Tr-me_832.jpg,meningioma,1,train,18851baee51e8e1941ff1f2ccc1edfa146f57e62466667ac9ca77c6a446741f7,512,512,1.0,JPEG,RGB,Training
data/Training/meningioma/Tr-me_833.jpg,meningioma,1,train,dca8befc24f89a5d57cf2ca4e1a1c387fccc195f3a3af1d630f0d73bc04faa60,512,512,1.0,JPEG,RGB,Training
data/Training/meningioma/Tr-me_835.jpg,meningioma,1,train,57c808efc4f3f26f8372ee0e44b525d941fde64d2c8dcb58b10a99f1e3319918,512,512,1.0,JPEG,L,Training
data/Training/meningioma/Tr-me_837.jpg,meningioma,1,train,b040d1a0001d4d35d85bb97a8dc5c809737a666c48f80d11c7946bc99d453ed4,512,512,1.0,JPEG,L,Training
data/Training/meningioma/Tr-me_838.jpg,meningioma,1,train,ca00204736ec4a8048a2281259d9de7fd94dd74365eda04976db5c2c05daea21,512,512,1.0,JPEG,L,Training
data/Training/meningioma/Tr-me_839.jpg,meningioma,1,train,7aa690b1ec76fb5c834c1a4d95219d27d5e6ae174a9e4a6787d3de92769d8af2,512,512,1.0,JPEG,RGB,Training
data/Training/meningioma/Tr-me_840.jpg,meningioma,1,train,8ab14c8f363d759bdfd89c4afd79bfd1f10faa767ce1a3e722ba4bdd510dd5f7,512,512,1.0,JPEG,RGB,Training
data/Training/meningioma/Tr-me_841.jpg,meningioma,1,train,f95ace0b2fcc4918c29c4f093730ce7c6ce20fd480049eec85335d7f0e092fca,512,512,1.0,JPEG,L,Training
data/Training/meningioma/Tr-me_842.jpg,meningioma,1,train,2e18f7bb8e52b45dbd12d79aadc1cd4ce1cf29e771a2d294bcf3dbaf595e5da3,512,512,1.0,JPEG,L,Training
data/Training/meningioma/Tr-me_843.jpg,meningioma,1,train,27ecf037393d1430a790ea5fd323af9c64d8ade74f0464377b7e541483797f01,512,512,1.0,JPEG,L,Training
data/Training/meningioma/Tr-me_844.jpg,meningioma,1,train,b44a0ba5135cf3dd709f5595d3005dd7873b1a817057d8f4f431e972ff6e20e8,512,512,1.0,JPEG,L,Training
data/Training/meningioma/Tr-me_847.jpg,meningioma,1,train,cd5bb42c80a9fa52bd5317e35448625895419421c482c7e72739107446db56f7,512,512,1.0,JPEG,L,Training
data/Training/meningioma/Tr-me_848.jpg,meningioma,1,train,0c396b2338d47df70ee85f05a45658037b7cd7087387de5b0b3c37dbabcecea8,512,512,1.0,JPEG,RGB,Training
data/Training/meningioma/Tr-me_851.jpg,meningioma,1,train,0e0875f901fb662a2694d8db7ad911e0f5299c4b4d3233ac5ffe1357b633a913,512,512,1.0,JPEG,RGB,Training
data/Training/meningioma/Tr-me_852.jpg,meningioma,1,train,2707f3124ac4d0bd171c7cd712f7040cdb0b3a4c5b1274a33c94055a5140c662,512,512,1.0,JPEG,L,Training
data/Training/meningioma/Tr-me_854.jpg,meningioma,1,train,f80c92872bd22905527f5528473d995aa39f34d2f2b6b47427889e366cbb9883,512,512,1.0,JPEG,RGB,Training
data/Training/meningioma/Tr-me_855.jpg,meningioma,1,train,c2ff3910fbd74362e6e3cace1877ec4167219a8a18c41c28e89c5a534ce92da3,512,512,1.0,JPEG,L,Training
data/Training/meningioma/Tr-me_856.jpg,meningioma,1,train,f2664c8ce3679f83d51bf227de6b47d9bc7bfdb25f2790fcbf08e26e78d61944,512,512,1.0,JPEG,L,Training
data/Training/meningioma/Tr-me_859.jpg,meningioma,1,train,dbf69429938b0538ce3fd0485de9c3d297d4f48c54dff5cf1a8d6ceb88e15b22,512,512,1.0,JPEG,L,Training
data/Training/meningioma/Tr-me_861.jpg,meningioma,1,train,5e8f6ba1fd07cc687896720659129d4bd5c510bddeec5b45c0740af36c344069,512,512,1.0,JPEG,RGB,Training
data/Training/meningioma/Tr-me_862.jpg,meningioma,1,train,c851bf36205ac9af183be4edcb6f51ed1b3319b4c833281fe5c9894550a63b76,225,225,1.0,JPEG,RGB,Training
data/Training/meningioma/Tr-me_863.jpg,meningioma,1,train,56acfde39760d41dba798cd7ae4fdb29e509caa177c8b243ea878ec64510fd29,512,512,1.0,JPEG,L,Training
data/Training/meningioma/Tr-me_864.jpg,meningioma,1,train,d9b3efca221a4ae6459ad9353d9d8bf960a57d90656e652552cdb34acf80e863,512,512,1.0,JPEG,L,Training
data/Training/meningioma/Tr-me_867.jpg,meningioma,1,train,906ca63a8c39b9906c6921eb37e1bb6488eae2d461e6211f1d4f2e523abd9334,257,320,0.803125,JPEG,RGB,Training
data/Training/meningioma/Tr-me_868.jpg,meningioma,1,train,1d9bb1ba0d5c5ad306a2e79e559114888b838482048eefba6c9904b87a926ebe,512,512,1.0,JPEG,L,Training
data/Training/meningioma/Tr-me_869.jpg,meningioma,1,train,e7011c45aade7ba02f2fbe0f8049f5f102902fa923c69346542a93ca77978f33,512,512,1.0,JPEG,RGB,Training
data/Training/meningioma/Tr-me_87.jpg,meningioma,1,train,435a80a1496fc58e03fc26280766ec9343b2339b350acafffe6d599a9bf86b17,512,512,1.0,JPEG,L,Training
data/Training/meningioma/Tr-me_871.jpg,meningioma,1,train,38e535da7f8d77d028f67f9e5aeadc78fa7cadb238d820ddb987ed6403cdc0a0,512,512,1.0,JPEG,RGB,Training
data/Training/meningioma/Tr-me_872.jpg,meningioma,1,train,9e3de9b34e6bcfed461e691c7d949631bedeb406bb9eb4d0e314ff8b1edaf5d3,512,512,1.0,JPEG,RGB,Training
data/Training/meningioma/Tr-me_873.jpg,meningioma,1,train,f506a91493a9f1c8a47edf91c5a118034f92d2d94c9b4ed99e11308121966595,512,512,1.0,JPEG,RGB,Training
data/Training/meningioma/Tr-me_874.jpg,meningioma,1,train,f389b4902009b961584ae756d5941935e8442a5136ce785715238b6be876ea2e,512,512,1.0,JPEG,RGB,Training
data/Training/meningioma/Tr-me_876.jpg,meningioma,1,train,a441868c7aaede534c5a51437d4238101cf32e7c517e6183375a2b440bd97fd4,512,512,1.0,JPEG,L,Training
data/Training/meningioma/Tr-me_878.jpg,meningioma,1,train,e2094b26f0dc8bc4210d1a3bdbced7db4cae153261a962942ac352487cd6651b,512,512,1.0,JPEG,L,Training
data/Training/meningioma/Tr-me_879.jpg,meningioma,1,train,fa0eea38822e3fce310e8084117c72d5ea0a70285fc12264ac8540b777057d8e,512,512,1.0,JPEG,L,Training
data/Training/meningioma/Tr-me_88.jpg,meningioma,1,train,2371d0d6d04d43af35d54becfd6ed3d0accfd20a9d053aa6f9a243590ea1982e,512,512,1.0,JPEG,RGB,Training
data/Training/meningioma/Tr-me_883.jpg,meningioma,1,train,396bb32175255c8a0a49715f162a30a759033757f89ff182a1b740d162158524,512,512,1.0,JPEG,L,Training
data/Training/meningioma/Tr-me_885.jpg,meningioma,1,train,9d7c66f056149b69be271ece6502dc0c32b63b53d8436a04add58dbe9f3008e2,512,512,1.0,JPEG,L,Training
data/Training/meningioma/Tr-me_886.jpg,meningioma,1,train,adbc91143df8ce21f1a26295110dec4c18aede10b74b479b3a84185004856c00,512,512,1.0,JPEG,RGB,Training
data/Training/meningioma/Tr-me_887.jpg,meningioma,1,train,22ab52270c6d6f295802ee2651219ddc8f850117541c21d1734537d6c1db56a9,512,512,1.0,JPEG,L,Training
data/Training/meningioma/Tr-me_888.jpg,meningioma,1,train,768029c16e82026f171d0da59f9b775f42c544d20fa100482f8275e17e759d82,512,512,1.0,JPEG,RGB,Training
data/Training/meningioma/Tr-me_889.jpg,meningioma,1,train,c14e8412bcce5886870eef44e11298a39c31be08ea7c08664d9aa5265e1f033c,512,512,1.0,JPEG,L,Training
data/Training/meningioma/Tr-me_89.jpg,meningioma,1,train,963660931b482977210a2ea20f72a0882049e0f205bc10e55ba561e4f55d256b,512,512,1.0,JPEG,L,Training
data/Training/meningioma/Tr-me_890.jpg,meningioma,1,train,2e2148497b2c3fc65fa8c0263194de524c9e8bbb75ee3f72f49d3878ad1bf215,512,512,1.0,JPEG,RGB,Training
data/Training/meningioma/Tr-me_891.jpg,meningioma,1,train,e66a043fac11aa09a9830ebd64a150e06d1fed723757c19e7c4e356e969c0c05,512,512,1.0,JPEG,L,Training
data/Training/meningioma/Tr-me_892.jpg,meningioma,1,train,7b151657a367df374c903a10fcfc2460a4a76c7955f6f7b9492db0df928996b1,512,512,1.0,JPEG,L,Training
data/Training/meningioma/Tr-me_893.jpg,meningioma,1,train,6e240dfd12e913b01d3edf7a00ce2917fefe612a023f75676b05ea33f9cdaa1c,512,512,1.0,JPEG,RGB,Training
data/Training/meningioma/Tr-me_895.jpg,meningioma,1,train,ccba08b122dea718a27da10cc73eacd13341d771d89fe43d5589e897e5887737,512,512,1.0,JPEG,RGB,Training
data/Training/meningioma/Tr-me_896.jpg,meningioma,1,train,5df5eff64db39d3fe6c9dbd4053e22091a20f47f7411b11b98e824d483ab3e38,512,512,1.0,JPEG,RGB,Training
data/Training/meningioma/Tr-me_898.jpg,meningioma,1,train,18383e7b833308a2052332901c03e9ad1a1bdc1664f7de66f20be5633a623b3d,512,512,1.0,JPEG,RGB,Training
data/Training/meningioma/Tr-me_9.jpg,meningioma,1,train,8f23e83c215b8ab1ef9619ae25bea470f36fe6e832c9952bd520ff8112ba8457,512,512,1.0,JPEG,RGB,Training
data/Training/meningioma/Tr-me_900.jpg,meningioma,1,train,bad727a3fdd8bd7578a4ac30e6e4460ecd426af826ccfcb1de02f1b61b7d78ab,512,512,1.0,JPEG,RGB,Training
data/Training/meningioma/Tr-me_904.jpg,meningioma,1,train,a521f8ba25d0a45a7d3ae96d4086175d335140c8c49cd7edd8f5ca5cc9efff34,512,512,1.0,JPEG,RGB,Training
data/Training/meningioma/Tr-me_906.jpg,meningioma,1,train,6ab1c56d7f68c7983a5ce4cb2114fe28763744df6b88debb350c95afdce35e66,512,512,1.0,JPEG,RGB,Training
data/Training/meningioma/Tr-me_907.jpg,meningioma,1,train,e373ba6c9cf5bcad491557189852e6dacadac9e5403eddb7c8a14441fec38e05,512,512,1.0,JPEG,L,Training
data/Training/meningioma/Tr-me_908.jpg,meningioma,1,train,8bbf8f48c16b55fccf66e0c2ba5e36e3b3aa6cfaef8280ecbb2fa7e664e76c9d,512,512,1.0,JPEG,L,Training
data/Training/meningioma/Tr-me_909.jpg,meningioma,1,train,333340b82d93bca465bf5da4dc7aebb3ddc5c625294547923254026e6019c49b,512,512,1.0,JPEG,L,Training
data/Training/meningioma/Tr-me_91.jpg,meningioma,1,train,b8c8098faf890d870a4c13f7eea90b316aec89e24ede9c59f1e2833f9b3f7faf,512,512,1.0,JPEG,RGB,Training
data/Training/meningioma/Tr-me_910.jpg,meningioma,1,train,d10543d57291f63807225125caf4b276d03de34f76bfa4a87bf88aca20b3bbb3,512,512,1.0,JPEG,RGB,Training
data/Training/meningioma/Tr-me_912.jpg,meningioma,1,train,b27bec21b9447327457466618f78ec4fb710825660fdc6de9128c5309275988b,512,512,1.0,JPEG,RGB,Training
data/Training/meningioma/Tr-me_915.jpg,meningioma,1,train,c699fb35ae3789f99abe72b11c6f47330bf8ed045f3b9c27f6206e4822dab876,512,512,1.0,JPEG,L,Training
data/Training/meningioma/Tr-me_916.jpg,meningioma,1,train,30c5c2031598188cbfd54bde891e847612d21b504abdc392455566a6479cd6ca,512,512,1.0,JPEG,RGB,Training
data/Training/meningioma/Tr-me_918.jpg,meningioma,1,train,1363aa2fb51cadc47934ac3f4805034ee59f97095a112f7a632f3cec2a4a9152,512,512,1.0,JPEG,L,Training
data/Training/meningioma/Tr-me_919.jpg,meningioma,1,train,8d114255e0543078f2aeb7fef8e359b47688dd318c741cc9d780a5c6f95af8be,512,512,1.0,JPEG,L,Training
data/Training/meningioma/Tr-me_92.jpg,meningioma,1,train,eb7ab98075708caf5e541a1448d3a8f8d1dabf842cb52c6f16aff7c4eccb6fb0,512,512,1.0,JPEG,RGB,Training
data/Training/meningioma/Tr-me_921.jpg,meningioma,1,train,1ce6e649cd8d4ad60dcbf4639cf2a98f065f89c262b2869e693e0b0c2a489f66,512,512,1.0,JPEG,L,Training
data/Training/meningioma/Tr-me_922.jpg,meningioma,1,train,569226ba1c9bde98b02291b47aecae8043245a7b20bdf7c036b45fd734e03880,512,512,1.0,JPEG,L,Training
data/Training/meningioma/Tr-me_923.jpg,meningioma,1,train,b50c34b5cf5bf73c1eb5e1ed92525e7c16a050ff9bd530fda6fda4b2fd6eda93,512,512,1.0,JPEG,RGB,Training
data/Training/meningioma/Tr-me_924.jpg,meningioma,1,train,44012b90799e9b017c34d93151842813328a5bd51edc189cc662b139618c381f,512,512,1.0,JPEG,L,Training
data/Training/meningioma/Tr-me_925.jpg,meningioma,1,train,43a3dc3d4c3ac5bf8bd8bd0048267861d88b8fd93acee66903161628332f4f1d,497,320,1.553125,JPEG,RGB,Training
data/Training/meningioma/Tr-me_926.jpg,meningioma,1,train,2267fa4b2f93859dcdc1f34b5a1d11fb410a08b9f3f1996c35ef60bc8baf6619,512,512,1.0,JPEG,RGB,Training
data/Training/meningioma/Tr-me_927.jpg,meningioma,1,train,3d4c0b5e1435a8dec5088ff1959ee5ef9bf66aadeaace8f76ad8aa7d55775d14,512,512,1.0,JPEG,RGB,Training
data/Training/meningioma/Tr-me_928.jpg,meningioma,1,train,586db48bceaa8edec086c49a938ad1078343ef78f1562c21cbcb0cce08319174,512,512,1.0,JPEG,RGB,Training
data/Training/meningioma/Tr-me_93.jpg,meningioma,1,train,6b9c7d3cbdec25a7e89111eb8db21e43969326a59e67e6659211ad50dc3a96a4,512,512,1.0,JPEG,L,Training
data/Training/meningioma/Tr-me_930.jpg,meningioma,1,train,63201793e7b4b18db7f4530c1c3dc48fff1bf0333890547e789ffbce04bc3e1f,512,512,1.0,JPEG,RGB,Training
data/Training/meningioma/Tr-me_931.jpg,meningioma,1,train,0defde326ebb9b3042935474af8b2e5f06f6ef0c5b085308677525471da4d3dc,512,512,1.0,JPEG,RGB,Training
data/Training/meningioma/Tr-me_932.jpg,meningioma,1,train,803962d0b06ad1c3b9a2ee095441f9016954be60412cc1d67a09418262909463,512,512,1.0,JPEG,RGB,Training
data/Training/meningioma/Tr-me_933.jpg,meningioma,1,train,0042e24a5440574c44154693ae7c6a9e54254eb3a68b291cce5018cef4b3ded5,512,512,1.0,JPEG,RGB,Training
data/Training/meningioma/Tr-me_934.jpg,meningioma,1,train,e3d5a7747134695e37d0e7adfee0849859b291fda746e82c4a5813286ba90f85,512,512,1.0,JPEG,L,Training
data/Training/meningioma/Tr-me_935.jpg,meningioma,1,train,de6ff39199f34888b32526fdc064a4aada718b07374c0534fb31c1475ef26977,512,512,1.0,JPEG,L,Training
data/Training/meningioma/Tr-me_936.jpg,meningioma,1,train,b22716f5401b6fdddac48f00a84ac2bbad16c7a7a7c11ba8911706b38d83a7ce,329,314,1.0477707006369428,JPEG,RGB,Training
data/Training/meningioma/Tr-me_939.jpg,meningioma,1,train,cd5dae9a0428b7aa5df376a788422c50c30871d343bb218f4429404e2c255bfa,512,512,1.0,JPEG,RGB,Training
data/Training/meningioma/Tr-me_942.jpg,meningioma,1,train,26cc3bebe0ed08794ede105492b73e1cfc15333985e289a46d5696626fc638ab,180,218,0.8256880733944955,JPEG,RGB,Training
data/Training/meningioma/Tr-me_943.jpg,meningioma,1,train,5156caa40bca5d529e9486141b2c845df2c6411788ad1acdc271fbc1c1608ae2,512,512,1.0,JPEG,RGB,Training
data/Training/meningioma/Tr-me_944.jpg,meningioma,1,train,21f57c82d1cc0ec34f3056d9dfb2ef67ceb4e78d715bbb9b9407800f86418bb5,512,512,1.0,JPEG,L,Training
data/Training/meningioma/Tr-me_948.jpg,meningioma,1,train,63a27a876234e449ec68c10fe9cc243e8deb4bba3b30a38445fc8a40c29b947e,512,512,1.0,JPEG,L,Training
data/Training/meningioma/Tr-me_949.jpg,meningioma,1,train,b041765e4b4b1ce0401b9c475a6d1dfbb1dde1436f4c30e4350b7c405a1bbd09,512,512,1.0,JPEG,RGB,Training
data/Training/meningioma/Tr-me_95.jpg,meningioma,1,train,4ba28f2120fdbcba82b3b2244ae58645f1d0e8580bca6880f3e0340c4ca623b2,512,512,1.0,JPEG,RGB,Training
data/Training/meningioma/Tr-me_950.jpg,meningioma,1,train,67d33df044143ca3c3da3ab8ebfe97d5ce993a3c3149ba4ebe4c3f379f5be42e,512,512,1.0,JPEG,L,Training
data/Training/meningioma/Tr-me_951.jpg,meningioma,1,train,d19e9ba2fd1e5ffd6b969000124c5acf3af2d7aaed049a17d4497d765d6fcf9c,512,512,1.0,JPEG,RGB,Training
data/Training/meningioma/Tr-me_952.jpg,meningioma,1,train,db0f9cd15f20533f72d5fbb517cea970843882e4f6eca3a6eb63d0f2f95811d7,512,512,1.0,JPEG,RGB,Training
data/Training/meningioma/Tr-me_953.jpg,meningioma,1,train,187e9c82000f9f25c33e578113ab74d3d6e1b0be4d8034a139d57e2094ed8373,512,512,1.0,JPEG,L,Training
data/Training/meningioma/Tr-me_955.jpg,meningioma,1,train,e3a5cdd616fc7910d849ddbf0e1f4899c835883366941d4e236877d2b549e8eb,507,340,1.4911764705882353,JPEG,RGB,Training
data/Training/meningioma/Tr-me_956.jpg,meningioma,1,train,5f77f30e0fa5d11a5772f79c1c28518cb179fcca12a878e4e1ea35841e7dea4a,512,512,1.0,JPEG,RGB,Training
data/Training/meningioma/Tr-me_958.jpg,meningioma,1,train,d7c26f3e5d2654f3b57b77d7ecbd32a5b11a4ea90873919ea90fd1178ab1974b,512,512,1.0,JPEG,RGB,Training
data/Training/meningioma/Tr-me_959.jpg,meningioma,1,train,17b4ddcf1e3d39c5026c64b3e81e09a3572e1fb0a3e34cd055954eff4f7dc79b,512,512,1.0,JPEG,RGB,Training
data/Training/meningioma/Tr-me_963.jpg,meningioma,1,train,6c01c64706e1fc02347ee5dbb6c09f82fc91de0e4b46e1010e27da97e0931928,512,512,1.0,JPEG,RGB,Training
data/Training/meningioma/Tr-me_964.jpg,meningioma,1,train,6b6bf5b293629015701625f3a5cf057a3a5ee19ba5af80c85b198a1ce6eb6250,512,512,1.0,JPEG,L,Training
data/Training/meningioma/Tr-me_967.jpg,meningioma,1,train,147e5d395dea9c6d60fafd6a55d82c58312efc2433e91aee42d40ebc8479e642,512,512,1.0,JPEG,L,Training
data/Training/meningioma/Tr-me_969.jpg,meningioma,1,train,641be3cee6483b9f39872bf66cfbf6bb8864ed385e53af239faad01ad31bf04f,512,512,1.0,JPEG,RGB,Training
data/Training/meningioma/Tr-me_97.jpg,meningioma,1,train,4d29063d69c67e4dd718faa8ce4da2e98f3a2b0008e5efd36ab729cff18ce8f5,512,512,1.0,JPEG,L,Training
data/Training/meningioma/Tr-me_970.jpg,meningioma,1,train,0e476628179610825c768a4484eb2bacab8cd32ee45d017f6a1b4618a58bf875,512,512,1.0,JPEG,L,Training
data/Training/meningioma/Tr-me_971.jpg,meningioma,1,train,2458b4b137ceefae3ece94431d28786b57bccf892d156e7a4ed88eda847955b7,512,512,1.0,JPEG,L,Training
data/Training/meningioma/Tr-me_972.jpg,meningioma,1,train,648079b56c4f675c744021d4abf722c7ee58eb9ee76f13ce2ae1b3dcdac4d1a4,512,512,1.0,JPEG,RGB,Training
data/Training/meningioma/Tr-me_974.jpg,meningioma,1,train,9324233939a9b1bbaea18478782b629c2d0f1f86a54d4df5746281017bb7c9c9,512,512,1.0,JPEG,L,Training
data/Training/meningioma/Tr-me_975.jpg,meningioma,1,train,a5fa490d94a71ee9fe7206b72391a50e79931e2d8106b0581f0c29fca0df207b,512,512,1.0,JPEG,RGB,Training
data/Training/meningioma/Tr-me_976.jpg,meningioma,1,train,b83364eb079f3d47c9e30fb400c364cc3c0f2102d30f7325f2676dc89667cc13,512,512,1.0,JPEG,L,Training
data/Training/meningioma/Tr-me_977.jpg,meningioma,1,train,8cd34a72ad473c9f4e0b93726aa74056f3e8c2a4755717f865342a1fd13b9711,512,512,1.0,JPEG,L,Training
data/Training/meningioma/Tr-me_98.jpg,meningioma,1,train,73cbf9bc83f736fbef0897033a09d1ff3f07b1a3d2c445d8c13bcdcefd69e0aa,512,512,1.0,JPEG,RGB,Training
data/Training/meningioma/Tr-me_981.jpg,meningioma,1,train,285cd4bd838f956ca57fddc6f38306cb334e4eb0cf3019b94719c479baa3ea93,512,512,1.0,JPEG,L,Training
data/Training/meningioma/Tr-me_983.jpg,meningioma,1,train,2a7cfaf48cd2400fd4b27ab6fc54252860ec233a12d5e16c8f3792fd5afa4584,512,512,1.0,JPEG,L,Training
data/Training/meningioma/Tr-me_984.jpg,meningioma,1,train,f92a161834c5e183da07b4bbdd4232fd51eeb8cde5c4dad14b278f47249561f6,512,512,1.0,JPEG,RGB,Training
data/Training/meningioma/Tr-me_985.jpg,meningioma,1,train,ee7deb197bb0ced619c3548b50b1d7b4094aab22ebc6f6bd72fe6a3e9752dea7,512,512,1.0,JPEG,L,Training
data/Training/meningioma/Tr-me_986.jpg,meningioma,1,train,77e109dea1d9c523ee9d25f1fca24e2cd5e210ed3383af0fabc17268c3509890,512,512,1.0,JPEG,RGB,Training
data/Training/meningioma/Tr-me_987.jpg,meningioma,1,train,8582c3478f94fb9351aedda6e36c7cc3fa23901f639026c61567bbebebe6f5ad,512,512,1.0,JPEG,L,Training
data/Training/meningioma/Tr-me_988.jpg,meningioma,1,train,b509d15fa5e8707f1485b678d9242bcbe7d55c121e557cc29a31482329dd8aac,512,512,1.0,JPEG,RGB,Training
data/Training/meningioma/Tr-me_989.jpg,meningioma,1,train,6a5f7978cc9d3b5190678e40a2adcb4b5abc6029e7a6a23869092629debc4b44,512,512,1.0,JPEG,RGB,Training
data/Training/meningioma/Tr-me_990.jpg,meningioma,1,train,f7f94a327d60e419a8d4f2b6bbae8eec886d62cdec1e4219de332facd6e875f2,512,512,1.0,JPEG,RGB,Training
data/Training/meningioma/Tr-me_992.jpg,meningioma,1,train,435dae9ffccdd5bcb06f6849a158598f13431965ebffe6904a4d4c493aa91995,512,512,1.0,JPEG,L,Training
data/Training/meningioma/Tr-me_993.jpg,meningioma,1,train,a646caf3b12c0769f9e8cff755383b6ac0d71c6e14b897dbb4c098c8f391a7e9,512,512,1.0,JPEG,RGB,Training
data/Training/meningioma/Tr-me_994.jpg,meningioma,1,train,329f43f64ca51b0d1ee066f84c3890869a026132080a6372215b8be39750071b,512,512,1.0,JPEG,RGB,Training
data/Training/meningioma/Tr-me_995.jpg,meningioma,1,train,b77d7783ec8b68b235542337369b81ffc058e252464d4179e8b092451daa6e6c,512,512,1.0,JPEG,RGB,Training
data/Training/meningioma/Tr-me_997.jpg,meningioma,1,train,15e935e0168b5f2523f8e1a0059342929c02fe5cbb8ea5b9713119e3a2987132,512,512,1.0,JPEG,L,Training
data/Training/meningioma/Tr-me_998.jpg,meningioma,1,train,416e8f83c064fcb0bf3191d7309df91aa3585a8e4f62b0545ae46969877cabc9,512,512,1.0,JPEG,RGB,Training
data/Training/meningioma/Tr-me_999.jpg,meningioma,1,train,2b7ab9f0eb8e0d635573931dfbbff97b49d73d6516df6002bb4259ac2cdc61cd,512,512,1.0,JPEG,RGB,Training
data/Testing/notumor/Te-no_1.jpg,notumor,2,train,00b30d14e4cc8a6600f844c775611d36fc86097656bfcc3443dbc73220de8ebd,200,252,0.7936507936507936,JPEG,RGB,Testing
data/Testing/notumor/Te-no_10.jpg,notumor,2,train,907cc36a0e6009690992ea5963cb4c25f3003b35ac5bd5346ab6d9c331f626e4,225,225,1.0,JPEG,RGB,Testing
data/Testing/notumor/Te-no_100.jpg,notumor,2,train,a71efeebaa32adcbb750dc32714b193a0b4ddc6ff61ed468084dd6931257c4de,442,442,1.0,JPEG,RGB,Testing
data/Testing/notumor/Te-no_102.jpg,notumor,2,train,044f23b6d628ee597bf1680ad3eade3c2dee1e5a5fc5c0ab92ddc5e52f8f4337,428,417,1.026378896882494,JPEG,RGB,Testing
data/Testing/notumor/Te-no_104.jpg,notumor,2,train,3820dfbe83b41c79bf8a12ba273543f947e635debffcec3b17f4e5d7c9a63bdf,225,225,1.0,JPEG,RGB,Testing
data/Testing/notumor/Te-no_106.jpg,notumor,2,train,f619f44565e60c030e9d07769dd773190f4742451a61c7a8429c6ba9376889e4,150,198,0.7575757575757576,JPEG,RGB,Testing
data/Testing/notumor/Te-no_107.jpg,notumor,2,train,35d11e14c557966fb133922edfde51cd8017e24f2e63c915bd0dab4ff1edf4f3,232,217,1.0691244239631337,JPEG,RGB,Testing
data/Testing/notumor/Te-no_109.jpg,notumor,2,train,dd60337b6c8ec6f001c31fc066ef87f601b23acdaec50efcc326a09af8ad9af5,356,474,0.7510548523206751,JPEG,RGB,Testing
data/Testing/notumor/Te-no_110.jpg,notumor,2,train,a9b6548349c3f31f195f6e2eb341f6c8715808b88c461c17f1547084b8179cae,300,168,1.7857142857142858,JPEG,RGB,Testing
data/Testing/notumor/Te-no_111.jpg,notumor,2,train,e1e9a8d49d4a129162994532cb5138a0c12c1fb31c1855ad64caf1f42144cfe3,420,280,1.5,JPEG,RGB,Testing
data/Testing/notumor/Te-no_112.jpg,notumor,2,train,cba73ca29caef70b25f0cfce0f41ba1f3e3d93eaeb9d163239a22657f2880671,225,225,1.0,JPEG,RGB,Testing
data/Testing/notumor/Te-no_114.jpg,notumor,2,train,3c320b8e0b85a2e14bd02e3db395a5b9a880aa624797215c06c1d9159810d6a4,428,417,1.026378896882494,JPEG,RGB,Testing
data/Testing/notumor/Te-no_115.jpg,notumor,2,train,cec84c63b8dc101f13ef3b51de41109a0a289e090ed033cb41812f11d9b3c94f,150,198,0.7575757575757576,JPEG,RGB,Testing
data/Testing/notumor/Te-no_116.jpg,notumor,2,train,ca23b0a451dc8540b4f4b9a5f037d5fd48ce6284d63b385ba06fb24a1e034f59,225,225,1.0,JPEG,RGB,Testing
data/Testing/notumor/Te-no_117.jpg,notumor,2,train,67dba05ee3d9931690ed06bc1095c0c17d3d1c7ea98a3fe63ae2dcf44b2e6f31,225,225,1.0,JPEG,RGB,Testing
data/Testing/notumor/Te-no_118.jpg,notumor,2,train,7c3807b52758a47469b44dbe616babf777988a0b825b307a32b6280f698bec19,173,201,0.8606965174129353,JPEG,RGB,Testing
data/Testing/notumor/Te-no_119.jpg,notumor,2,train,a8ac9e3be50113701b7382e499c0b48c4797b854840182f6e91c8cc883f7a210,504,540,0.9333333333333333,JPEG,RGB,Testing
data/Testing/notumor/Te-no_12.jpg,notumor,2,train,89889a7c2a48110f7aaf0bf7b49c72ca20789d164934bb8efc098e3f0a95537f,227,222,1.0225225225225225,JPEG,RGB,Testing
data/Testing/notumor/Te-no_125.jpg,notumor,2,train,bb7e13870d36a4d891fb9643ef2d3c5b99a84526ed0c3d2b805bfd4b6e14a7ae,630,630,1.0,JPEG,RGB,Testing
data/Testing/notumor/Te-no_126.jpg,notumor,2,train,e159ebb51bc97018250f85a4c28b038db59ea17fde388bd4b3a44d391e388328,192,192,1.0,JPEG,RGB,Testing
data/Testing/notumor/Te-no_129.jpg,notumor,2,train,07c777c42031ccd4e60e92ce1818f6a94cde74aa10f0e1d897c44cb366caba91,227,222,1.0225225225225225,JPEG,RGB,Testing
data/Testing/notumor/Te-no_13.jpg,notumor,2,train,24397d1311f352e3ec98dab3288ccf477d063316c55eadd59536f03a154562bd,225,225,1.0,JPEG,RGB,Testing
data/Testing/notumor/Te-no_130.jpg,notumor,2,train,ef6c94d0a025c07945d36a3791b84e9fa67a54d7b3a79421a3ea353e9f345173,206,244,0.8442622950819673,JPEG,RGB,Testing
data/Testing/notumor/Te-no_134.jpg,notumor,2,train,64502891ed6974293c2a4e955534e1ad6bd021489d8610e328b6a0784ba00f40,225,225,1.0,JPEG,RGB,Testing
data/Testing/notumor/Te-no_135.jpg,notumor,2,train,7d2994de0a5d5c6e2f35bc0678ca78af941f77e49019387f9f7b072121779eb5,232,217,1.0691244239631337,JPEG,RGB,Testing
data/Testing/notumor/Te-no_136.jpg,notumor,2,train,ee435e65eeaeb54b3b59479bb5d5adb705d557a5344afa221d46ca1c039ba680,150,198,0.7575757575757576,JPEG,RGB,Testing
data/Testing/notumor/Te-no_139.jpg,notumor,2,train,3ac1e2984f1e64f69ede3b1c72b798f1cdef32f7b4d55ff6a859b9e2b1bb5c05,173,201,0.8606965174129353,JPEG,RGB,Testing
data/Testing/notumor/Te-no_14.jpg,notumor,2,train,13c300e1955e5bd6211484e0771997ff7e2503405dd1ed202bbea7720694cca3,232,217,1.0691244239631337,JPEG,RGB,Testing
data/Testing/notumor/Te-no_140.jpg,notumor,2,train,8af80d3b951f97fe626c2255640bbf8cf1318a8b9e4595bf8c86df7997dfcd60,225,225,1.0,JPEG,RGB,Testing
data/Testing/notumor/Te-no_142.jpg,notumor,2,train,2f7f1d829839a1394d873f7fcd3b49b2bcfbb4ee4c23858255ba0408144be39d,232,217,1.0691244239631337,JPEG,RGB,Testing
data/Testing/notumor/Te-no_144.jpg,notumor,2,train,a4c9c0626d6662e4071c247b10be4151b5fc05c49dbca3824db0a7fe978cd978,630,630,1.0,JPEG,RGB,Testing
data/Testing/notumor/Te-no_146.jpg,notumor,2,train,717128c4718fb9c01a1c4b9c7f2d86cfc2276403ee58b8acdd0d0667ed784127,300,168,1.7857142857142858,JPEG,RGB,Testing
data/Testing/notumor/Te-no_148.jpg,notumor,2,train,53f97e93a582fce293eb40ffb5be761ab60ff78de7272b5f28f782463f040cf5,207,243,0.8518518518518519,JPEG,RGB,Testing
data/Testing/notumor/Te-no_149.jpg,notumor,2,train,fc9f539f570cfc3e0d3114118e53dedd9d52260b61427fdf2cde045188456b53,300,168,1.7857142857142858,JPEG,RGB,Testing
data/Testing/notumor/Te-no_15.jpg,notumor,2,train,97096d45ffc057c0897ff5074ce14317e002f568484c93d1f21f0cab19505373,225,225,1.0,JPEG,RGB,Testing
data/Testing/notumor/Te-no_151.jpg,notumor,2,train,53e0f4197886181f44ddc955871292abd1c1ac2695061e592e7f95bbdec55bcb,194,259,0.749034749034749,JPEG,RGB,Testing
data/Testing/notumor/Te-no_152.jpg,notumor,2,train,4749ccd59db2190aa852f88bc38441fea547c0290635125893c9e6aaf2b598d9,225,225,1.0,JPEG,RGB,Testing
data/Testing/notumor/Te-no_154.jpg,notumor,2,train,06ad72a54e8519b66ff0a9729dd55900d62f722cd2a91aa83597b30397a8e278,339,340,0.9970588235294118,JPEG,RGB,Testing
data/Testing/notumor/Te-no_155.jpg,notumor,2,train,7609d908e5d0816518cbc770071772a8cf7881e91b941282ecf7b7531ba74eb2,228,221,1.0316742081447965,JPEG,RGB,Testing
data/Testing/notumor/Te-no_156.jpg,notumor,2,train,db220832a59064f9881ccc135e812104312c8ad5a7c7305dba68f5ab2f8942b4,200,252,0.7936507936507936,JPEG,RGB,Testing
data/Testing/notumor/Te-no_158.jpg,notumor,2,train,90c9c38e5a682317be70c04f83937c575c740ebd4e32f764c0ebd8d806f9df3e,173,201,0.8606965174129353,JPEG,RGB,Testing
data/Testing/notumor/Te-no_159.jpg,notumor,2,train,1808613c87be167b1962bda1efbb36e3bc6f91a15c26813304114eb002c58e62,236,236,1.0,JPEG,RGB,Testing
data/Testing/notumor/Te-no_16.jpg,notumor,2,train,e9833a77cb1274aabe9240293c9fa5999e85c49b06632bebd95b08ed9cc498db,380,530,0.7169811320754716,JPEG,RGB,Testing
data/Testing/notumor/Te-no_162.jpg,notumor,2,train,ebe4678822fedca033d1bd283a72c2220fe604f7ffd4292f07ea38e02b0ba2be,504,540,0.9333333333333333,JPEG,RGB,Testing
data/Testing/notumor/Te-no_163.jpg,notumor,2,train,f19947a40c99bd8e475dd4bef48449ccd35ce21f002fbddaf7aa8756ed4e28c1,630,630,1.0,JPEG,RGB,Testing
data/Testing/notumor/Te-no_164.jpg,notumor,2,train,2555d0f16f1ccd6f292cb149ee36b051c25ae516647fa3e9ad61e1c64c673592,642,361,1.778393351800554,JPEG,RGB,Testing
data/Testing/notumor/Te-no_165.jpg,notumor,2,train,d8c9e0a657ae5dfed4708130dfb72b916b2219468e5b4167c478fb998cd92ea9,400,442,0.9049773755656109,JPEG,RGB,Testing
data/Testing/notumor/Te-no_166.jpg,notumor,2,train,fc3640dfe08329efea1edb4fee6cc7fcdcf889c2793fce243bddd59fe03f2c95,630,630,1.0,JPEG,RGB,Testing
data/Testing/notumor/Te-no_167.jpg,notumor,2,train,b6a3d8bc8574a6b5c29d31d175334acc946be065b97562d61f430f50a9927c2a,236,236,1.0,JPEG,RGB,Testing
data/Testing/notumor/Te-no_174.jpg,notumor,2,train,271acedfa1c403ebdd9bfc3285628abadf2c181c42f96370716f22db2dca9eb0,441,442,0.997737556561086,JPEG,RGB,Testing
data/Testing/notumor/Te-no_175.jpg,notumor,2,train,dc57e41f621748c503d439a2682587b099e33439628ce3b337b701ec0dfe44d4,227,222,1.0225225225225225,JPEG,RGB,Testing
data/Testing/notumor/Te-no_177.jpg,notumor,2,train,2f07185c397e184792e1fa41035c6b2950f1fb4e969545ecfcd33a8f2d13cf28,630,630,1.0,JPEG,RGB,Testing
data/Testing/notumor/Te-no_178.jpg,notumor,2,train,9325cc2540f5f395c48938a299ae1db907bdeed8976a2d3de15efb9b2b9b2934,201,250,0.804,JPEG,RGB,Testing
data/Testing/notumor/Te-no_179.jpg,notumor,2,train,18845e3f1c9dab554880aaa24109a4d858dc40e4e6f73dd073bd04b6004a2aad,228,221,1.0316742081447965,JPEG,RGB,Testing
data/Testing/notumor/Te-no_181.jpg,notumor,2,train,9df92d68a2a181abc6ef994449ba587f7dd025f646a27fe9472b71e09fc78387,218,231,0.9437229437229437,JPEG,RGB,Testing
data/Testing/notumor/Te-no_182.jpg,notumor,2,train,e5fcd87a72308c0f51e204b7929596abc9bb56b327a1116fc1261b38b1bb1040,200,252,0.7936507936507936,JPEG,RGB,Testing
data/Testing/notumor/Te-no_184.jpg,notumor,2,train,d022982cc5ed2480395eed83d2e6b90ad6f232b7fdaa30a914522162fc404308,201,251,0.8007968127490039,JPEG,RGB,Testing
data/Testing/notumor/Te-no_187.jpg,notumor,2,train,abb6b00725267b9c37951cf19b977073735ed517f8f27ce3d1be055922b5e118,468,444,1.054054054054054,JPEG,RGB,Testing
data/Testing/notumor/Te-no_188.jpg,notumor,2,train,494970f182e9d6070e93653350ad59744556eb0e0367d4cf0c0b4aafc52cb2ad,206,244,0.8442622950819673,JPEG,RGB,Testing
data/Testing/notumor/Te-no_190.jpg,notumor,2,train,894f93deda56436c4a36dd48db2dec883707df7ba4621b89ecfbf09e77046c4a,300,168,1.7857142857142858,JPEG,RGB,Testing
data/Testing/notumor/Te-no_191.jpg,notumor,2,train,d2024d047b3b2d62d014a79b37cbd9bdda9235d9621b6c49195899c3673b7568,642,361,1.778393351800554,JPEG,RGB,Testing
data/Testing/notumor/Te-no_192.jpg,notumor,2,train,8bd12e7d1c2601da53b7e277d779a64941cc31e598c67c22bd0aa5cee1ad0964,215,234,0.9188034188034188,JPEG,RGB,Testing
data/Testing/notumor/Te-no_194.jpg,notumor,2,train,fbb5f51d464c2445ad485bad5dcc8fd77c8e3ea0d73710e8a481d84de1ae9def,234,224,1.0446428571428572,JPEG,RGB,Testing
data/Testing/notumor/Te-no_196.jpg,notumor,2,train,451cbc6327d2b759513ce4456169a46a62c1748b14df91a63ed5f0f45aff7ad4,300,168,1.7857142857142858,JPEG,RGB,Testing
data/Testing/notumor/Te-no_197.jpg,notumor,2,train,80434ffd14da1250202beeb07146fb47607624d80e504014892183b9771bb8d9,441,442,0.997737556561086,JPEG,RGB,Testing
data/Testing/notumor/Te-no_198.jpg,notumor,2,train,8357012631c63716866bd272731f48eade8b77b88cbe23a7be25fa3d1bf0fcd4,227,222,1.0225225225225225,JPEG,RGB,Testing
data/Testing/notumor/Te-no_199.jpg,notumor,2,train,ae30b6c17fcb0ad461da42cba54a0941beecbd0eaed99f6c1c1a069b276744c2,215,234,0.9188034188034188,JPEG,RGB,Testing
data/Testing/notumor/Te-no_20.jpg,notumor,2,train,484f8d105651ab6dfa5fda047775d25c756043b2dd66cb187b7a953ff7fdcbbe,393,400,0.9825,JPEG,RGB,Testing
data/Testing/notumor/Te-no_201.jpg,notumor,2,train,b8bc81d02a786b079823d9b544f8cb66116e592bdddb2902cd1032bde241a158,227,262,0.8664122137404581,JPEG,RGB,Testing
data/Testing/notumor/Te-no_204.jpg,notumor,2,train,5294fedcbc28ebbf0aa9df95f0ee66e8a2d3429175515fff11caae8f8a4bfe6b,380,530,0.7169811320754716,JPEG,RGB,Testing
data/Testing/notumor/Te-no_205.jpg,notumor,2,train,bf01fb2cc8041f33ff76184dad24e8f84d3d950b5bbcdd775999d6aa636d2dcf,232,217,1.0691244239631337,JPEG,RGB,Testing
data/Testing/notumor/Te-no_207.jpg,notumor,2,train,b3f33f2d68dbc5a692454dadd406c944993494cabff597f1c635904f59b955a0,225,225,1.0,JPEG,RGB,Testing
data/Testing/notumor/Te-no_208.jpg,notumor,2,train,1612973b9cb52bd91ed4d4614b9e3eef627395b2bcf878ad97278cd616f721c4,225,225,1.0,JPEG,RGB,Testing
data/Testing/notumor/Te-no_21.jpg,notumor,2,train,27445052da4acdfc18d7cd152b76172d8c86cbe6a3fdc357434b475fa5c987ca,225,225,1.0,JPEG,RGB,Testing
data/Testing/notumor/Te-no_210.jpg,notumor,2,train,64a5b27112ced052538f618904dedb5458a395ede4fc4b9ced4339f3dba5e9af,642,361,1.778393351800554,JPEG,RGB,Testing
data/Testing/notumor/Te-no_212.jpg,notumor,2,train,0c984020d0645e1561f2538b137cb1fa519ca77a18147cf093483770c322474b,225,225,1.0,JPEG,RGB,Testing
data/Testing/notumor/Te-no_214.jpg,notumor,2,train,1ae905e4c3fab65755444c3d190cf80049919918b01bd2f153bf1a14727b6430,276,326,0.8466257668711656,JPEG,RGB,Testing
data/Testing/notumor/Te-no_215.jpg,notumor,2,train,a906c4cc0c4d60939ea379d8c9248afa183cccfc0b2a49febcfa6132166c128a,236,213,1.107981220657277,JPEG,RGB,Testing
data/Testing/notumor/Te-no_217.jpg,notumor,2,train,9a237b0cd4551405606b86fa257bd1526af228c0c0b9b9134ea6ad30e29ff51f,300,168,1.7857142857142858,JPEG,RGB,Testing
data/Testing/notumor/Te-no_218.jpg,notumor,2,train,6bdceadad493722e74aec99fecd4d34a2b704ca32e91348dbe9218994a30b98d,206,244,0.8442622950819673,JPEG,RGB,Testing
data/Testing/notumor/Te-no_219.jpg,notumor,2,train,5ba0678c86e320011a4e9ac852d608c39861971899ad937ced37d35d94babbc1,194,259,0.749034749034749,JPEG,RGB,Testing
data/Testing/notumor/Te-no_22.jpg,notumor,2,train,b2cbb364004aa4ac71e17ddf22322f21070477e576e6dfe7b09afd20eae65fe6,235,214,1.0981308411214954,JPEG,RGB,Testing
data/Testing/notumor/Te-no_220.jpg,notumor,2,train,b0f7b95798029c6af23939f402315cd39cf2a80436692d4455d736537fec8c81,350,393,0.8905852417302799,JPEG,RGB,Testing
data/Testing/notumor/Te-no_223.jpg,notumor,2,train,1e2a55d16f2f03d8e7c73cb5b3a0596738b07a229c0db7df58b50fcffd0ca734,630,630,1.0,JPEG,RGB,Testing
data/Testing/notumor/Te-no_225.jpg,notumor,2,train,83223054e585531a9d62642dbb886ae5900b14be40474970770e626935dfbe00,512,512,1.0,JPEG,RGB,Testing
data/Testing/notumor/Te-no_226.jpg,notumor,2,train,460c6aacaa1898826c60d29a4c5f41fd66444f980d3fa1e1d11a21f6dcb11bef,207,243,0.8518518518518519,JPEG,RGB,Testing
data/Testing/notumor/Te-no_227.jpg,notumor,2,train,8f4a03bca454de124a87266407cf80063e918b92ac9e2f59f630ff76c924f053,225,225,1.0,JPEG,RGB,Testing
data/Testing/notumor/Te-no_232.jpg,notumor,2,train,fef2f738e873eac6978b1d13e6f63c7dcf215453fb37b0057082a2e5ca60e10b,359,449,0.799554565701559,JPEG,RGB,Testing
data/Testing/notumor/Te-no_233.jpg,notumor,2,train,f6b8ccf8e13be8a6f68ae720579cb632943c5dc056499a4684529242050ac3cf,201,251,0.8007968127490039,JPEG,RGB,Testing
data/Testing/notumor/Te-no_236.jpg,notumor,2,train,00cb8386de1ab796dec098af5f02210ca33f77a1cfd232a885543b0e25ac1bda,225,225,1.0,JPEG,RGB,Testing
data/Testing/notumor/Te-no_237.jpg,notumor,2,train,c49fe1f2e5dae29b8e02b57b2b7d6bbdb9b46d1bfb367f1b9e1fb087dc30496e,232,217,1.0691244239631337,JPEG,RGB,Testing
data/Testing/notumor/Te-no_238.jpg,notumor,2,train,e4b629020ff79eb80b8640110304ab10b5eb6cca325423fd38178b699478640a,225,225,1.0,JPEG,RGB,Testing
data/Testing/notumor/Te-no_239.jpg,notumor,2,train,b2416984872897bcbc0a2dd0af153ac45df31ede397067f770cecb22e5550faf,206,244,0.8442622950819673,JPEG,RGB,Testing
data/Testing/notumor/Te-no_24.jpg,notumor,2,train,4f7e21cd9d7b67325be3a413d9c33485b8fcafade7f720e61ce83353eac6612a,227,222,1.0225225225225225,JPEG,RGB,Testing
data/Testing/notumor/Te-no_240.jpg,notumor,2,train,0779fd8519849891c0d6b7db5fa6d0ccb3fa4afd79b7e57ff68fc2d8091be9ce,393,400,0.9825,JPEG,RGB,Testing
data/Testing/notumor/Te-no_241.jpg,notumor,2,train,1f231da7247253bf0ff26a32ebf3b9cea03edef12ff589ea837c965df11b41f9,232,217,1.0691244239631337,JPEG,RGB,Testing
data/Testing/notumor/Te-no_242.jpg,notumor,2,train,a199d045f14da6ae7cdadeb202975c203d496e9d0ce76da56e69b1df51851052,225,225,1.0,JPEG,RGB,Testing
data/Testing/notumor/Te-no_243.jpg,notumor,2,train,5c420d50bbaff2ee0a21e70f51250223f82973e639e8a6893c54c2a3d532d11c,227,222,1.0225225225225225,JPEG,RGB,Testing
data/Testing/notumor/Te-no_245.jpg,notumor,2,train,0b845a4d1dca1c9134f4563ac39f8a070dfb921f42852f311dc78c59de40c5c0,400,442,0.9049773755656109,JPEG,RGB,Testing
data/Testing/notumor/Te-no_247.jpg,notumor,2,train,3bd76937abe99be3b42b75398404a5fe61a79dee00201a519f21c0e43eb3df71,194,259,0.749034749034749,JPEG,RGB,Testing
data/Testing/notumor/Te-no_248.jpg,notumor,2,train,310aa01fd1793f615407bc249646d9f9c23cc16a39609532d0ae13caacb8b247,630,630,1.0,JPEG,L,Testing
data/Testing/notumor/Te-no_249.jpg,notumor,2,train,b77272288e0ee33e698e6f84b3c793d25c70fca88238cd037fcafa6f53f4894f,225,225,1.0,JPEG,RGB,Testing
data/Testing/notumor/Te-no_252.jpg,notumor,2,train,97a1a3c150957e3ee7e19b6be320bb72965fc63948bab95e7ae10a1bb5987dda,442,442,1.0,JPEG,RGB,Testing
data/Testing/notumor/Te-no_258.jpg,notumor,2,train,bc4c23b1da84d61dc6a146f538135fa2f934eac1c40f6c2dc148383dd56253b2,225,225,1.0,JPEG,RGB,Testing
data/Testing/notumor/Te-no_26.jpg,notumor,2,train,bee850cbf648d9d51ba49f12db643c72e7eb159b880f41455467e71d866a5e01,442,442,1.0,JPEG,RGB,Testing
data/Testing/notumor/Te-no_264.jpg,notumor,2,train,9ce9c0e09c523c1fa825c1a020a6aa9cd61676a415f072c979c7f80f838d6ef3,201,251,0.8007968127490039,JPEG,RGB,Testing
data/Testing/notumor/Te-no_265.jpg,notumor,2,train,52aa11f373052cb1586eebd3f7b08fc90d14215833495346e4375a69ccde7777,212,238,0.8907563025210085,JPEG,RGB,Testing
data/Testing/notumor/Te-no_267.jpg,notumor,2,train,8f4f09da113da0cdbed7cf5f49d3e7eb0f9e9f46884edab8e8f25561bb7ed5c7,150,198,0.7575757575757576,JPEG,RGB,Testing
data/Testing/notumor/Te-no_268.jpg,notumor,2,train,2dbb7ca8d02d2ac87be2b7b0e5f8d5fb86e01c32a87c9ec0f62ce4d4dd732afe,201,251,0.8007968127490039,JPEG,RGB,Testing
data/Testing/notumor/Te-no_269.jpg,notumor,2,train,fb62942fe02bb1be30ab8adfae8e5f99b585aa863147139887405904a14bc15b,206,244,0.8442622950819673,JPEG,RGB,Testing
data/Testing/notumor/Te-no_27.jpg,notumor,2,train,252712f2efd421a3fa1906455fb43f67d5e3fe28ac862a1cfb1993f4b06e571b,194,259,0.749034749034749,JPEG,RGB,Testing
data/Testing/notumor/Te-no_276.jpg,notumor,2,train,d335e43f10c95bdd49e48d3437aa7fa5e5b472d56b7c9834e4f5cc914cf34480,630,630,1.0,JPEG,RGB,Testing
data/Testing/notumor/Te-no_277.jpg,notumor,2,train,fb3b2b65d68c8242b569c53c0b338296957e196aa13613d6db7ac5c9001de7a6,177,197,0.8984771573604061,JPEG,RGB,Testing
data/Testing/notumor/Te-no_279.jpg,notumor,2,train,f1046c5c764a5f550dffa35d6416313c678a76a10288dfb248f396eef73c03c8,200,252,0.7936507936507936,JPEG,RGB,Testing
data/Testing/notumor/Te-no_280.jpg,notumor,2,train,051ab74cc3aa4f6d610768c6a9f6b7471e1dfaaae717079015a01d9aba72006e,208,242,0.859504132231405,JPEG,RGB,Testing
data/Testing/notumor/Te-no_281.jpg,notumor,2,train,bc68242c65449902fc39e044ba3101c6a17f44fe68f9e9ee50d99163b7ca382b,206,244,0.8442622950819673,JPEG,RGB,Testing
data/Testing/notumor/Te-no_284.jpg,notumor,2,train,8d4c234b9c2d707086decec802f2810396fde7f9369f6f95f59e72ced89c4621,225,225,1.0,JPEG,RGB,Testing
data/Testing/notumor/Te-no_285.jpg,notumor,2,train,4989130494c8d74bc2054082d35ec4c9179f847cb39124eb4e30b2fb5ef0fbc3,225,225,1.0,JPEG,RGB,Testing
data/Testing/notumor/Te-no_286.jpg,notumor,2,train,1d542c0536d87ac42dac5f5165d452afa62c86e5429a8506517a0da48d4fc759,232,217,1.0691244239631337,JPEG,RGB,Testing
data/Testing/notumor/Te-no_288.jpg,notumor,2,train,c7798f1578b9fb479d8911be18e197a875d61c3395bd7e5c3a5559b6355b045c,235,214,1.0981308411214954,JPEG,RGB,Testing
data/Testing/notumor/Te-no_289.jpg,notumor,2,train,0fce3b8d01dca7fa0412e1efc0f6f2d197aecd57964d82fe6862705cce14d11e,207,243,0.8518518518518519,JPEG,RGB,Testing
data/Testing/notumor/Te-no_29.jpg,notumor,2,train,9de5b0a6e8be1c0211ccd7ae2f70c1f28ffdaf0badfcb431e8a2778b2eb691ee,300,168,1.7857142857142858,JPEG,RGB,Testing
data/Testing/notumor/Te-no_290.jpg,notumor,2,train,fbd2ecdb4ca7c25b3d539472513c46168f6834ad6da84eabf806a035c2415e12,225,225,1.0,JPEG,RGB,Testing
data/Testing/notumor/Te-no_291.jpg,notumor,2,train,66fcc57cc30cce2a1c8088cbc56aa6ba573a666ebf168cfe924863e718074327,228,221,1.0316742081447965,JPEG,RGB,Testing
data/Testing/notumor/Te-no_293.jpg,notumor,2,train,a07b54f55ace360a5ddb9332df16862b755d2f49387852584425e26fad842ef4,550,664,0.8283132530120482,JPEG,RGB,Testing
data/Testing/notumor/Te-no_294.jpg,notumor,2,train,8c1701707c9708c677c759f49d83eefe5be30f579ba74102f579eaacb0c41d2c,227,262,0.8664122137404581,JPEG,RGB,Testing
data/Testing/notumor/Te-no_295.jpg,notumor,2,train,aa5fde5bdd57925c0108ce85f4b68ab1b0e46a5972681486a3c064430c11ec09,228,221,1.0316742081447965,JPEG,RGB,Testing
data/Testing/notumor/Te-no_299.jpg,notumor,2,train,cfa1e0fc1f6f9d45ee994e0497d1065e3dd6ab554f845610dfa58ae0dd0ab4b2,228,221,1.0316742081447965,JPEG,RGB,Testing
data/Testing/notumor/Te-no_3.jpg,notumor,2,train,7c21a9077b2d637a085b58c72eae4cf1f52710ef1f34cc1f89c2362cc3ef2288,208,242,0.859504132231405,JPEG,RGB,Testing
data/Testing/notumor/Te-no_30.jpg,notumor,2,train,57199a006a0041211fed6aab8ed5c349bd828a2b277d0e02383105afa19cd032,300,168,1.7857142857142858,JPEG,RGB,Testing
data/Testing/notumor/Te-no_300.jpg,notumor,2,train,2de5e6b9755e3cf6a541253118f5cbd5053dbb6995a63db3ec8072aa4e3ae172,150,198,0.7575757575757576,JPEG,RGB,Testing
data/Testing/notumor/Te-no_301.jpg,notumor,2,train,1c4d78560ca8c28575550f4f3ec97ff06f68bfab6c79fcc2906db42283434702,208,242,0.859504132231405,JPEG,RGB,Testing
data/Testing/notumor/Te-no_302.jpg,notumor,2,train,d4c49a34713b69e7c0de0c8a2d5bc30fccfcace243b933cd6803c0ee6aa72a45,150,198,0.7575757575757576,JPEG,RGB,Testing
data/Testing/notumor/Te-no_307.jpg,notumor,2,train,111e5ddc29df8ae51e058777d383dedec2afdde008199064500ff02108160c13,400,442,0.9049773755656109,JPEG,RGB,Testing
data/Testing/notumor/Te-no_309.jpg,notumor,2,train,1591acf670a34912086c03272d1ce95b4a7cf2175b5eb99bca4e45af749b6860,512,512,1.0,JPEG,RGB,Testing
data/Testing/notumor/Te-no_31.jpg,notumor,2,train,fbd236509f63e059e57f259e2699b2055ea28441dc38cad9019d0529b6d33be1,468,444,1.054054054054054,JPEG,RGB,Testing
data/Testing/notumor/Te-no_310.jpg,notumor,2,train,36e8df06b719e8576748b37f1e36637c6dc0205386f616f8245cffab935cc77c,468,444,1.054054054054054,JPEG,RGB,Testing
data/Testing/notumor/Te-no_311.jpg,notumor,2,train,058d39ceb16bd8504ae23b682d8e299619673a103b2f05a40732516e9f6eea57,228,221,1.0316742081447965,JPEG,RGB,Testing
data/Testing/notumor/Te-no_313.jpg,notumor,2,train,c7cb0b2b48b21d172636ceff7a1511c3bb7e9024d1749a119ebb7521d8ee3d11,228,221,1.0316742081447965,JPEG,RGB,Testing
data/Testing/notumor/Te-no_314.jpg,notumor,2,train,a14cbdddd74956d91b1c8c32d6f2823173f99121f38591c3751b71f9f8e5fa25,225,225,1.0,JPEG,RGB,Testing
data/Testing/notumor/Te-no_315.jpg,notumor,2,train,0f7087085d9fe6e21550be15b1d9663782ec3a76a649c11f2c1bfac45f99df28,236,236,1.0,JPEG,RGB,Testing
data/Testing/notumor/Te-no_316.jpg,notumor,2,train,a8aefe45ad70610aac2efd3fe5d7894086b510fd28375be0996fd1f47d421de3,442,454,0.973568281938326,JPEG,RGB,Testing
data/Testing/notumor/Te-no_322.jpg,notumor,2,train,366a7156dac0bf82398755a241d093006c2d433bb6bbf815977e8180498adc1c,359,449,0.799554565701559,JPEG,RGB,Testing
data/Testing/notumor/Te-no_323.jpg,notumor,2,train,3ed65be91bdb1f1fbb60443e881895f4b3b3fb36612989c9dd7f00909bc810eb,359,449,0.799554565701559,JPEG,RGB,Testing
data/Testing/notumor/Te-no_324.jpg,notumor,2,train,b3c3c80af43deb055a82da60a3005f4c8d00464e4166c2fc8d643f5af42f7b80,201,251,0.8007968127490039,JPEG,RGB,Testing
data/Testing/notumor/Te-no_325.jpg,notumor,2,train,285441a7c9dbd6c35f88df6202dac467bd0715f1315e17595bf404cbe1123882,228,221,1.0316742081447965,JPEG,RGB,Testing
data/Testing/notumor/Te-no_331.jpg,notumor,2,train,467987f72d01d7cc56c57eb9a6ef6e5c2bc1b251989c2c5aab1b057027d6b225,393,400,0.9825,JPEG,RGB,Testing
data/Testing/notumor/Te-no_332.jpg,notumor,2,train,08e73fb02b4aeda1ad3f8764f364827474b8e670d35c77b929f4a7e980570092,200,252,0.7936507936507936,JPEG,RGB,Testing
data/Testing/notumor/Te-no_333.jpg,notumor,2,train,72386c95f582feee3c34a83b7c89cf433be8301b52c8ad22d3fa4909efc8ba03,225,225,1.0,JPEG,RGB,Testing
data/Testing/notumor/Te-no_335.jpg,notumor,2,train,a2ef281ff4fdd8a855df8fe6491c50f1d3e69e550642fee1e1f5b3b6490c58ea,214,236,0.9067796610169492,JPEG,RGB,Testing
data/Testing/notumor/Te-no_336.jpg,notumor,2,train,29ee45332190785528b16194a1d5c4b6eba2356578c3cac58bb00a91b8e6932c,428,417,1.026378896882494,JPEG,RGB,Testing
data/Testing/notumor/Te-no_339.jpg,notumor,2,train,7d3dddc6c52bc5f1c256c362b878d27b624939973d2b8817a9b275842a10c36b,630,630,1.0,JPEG,RGB,Testing
data/Testing/notumor/Te-no_341.jpg,notumor,2,train,078815134f795593049e55e3634735fb9a247b4d0490ed939be0007b5343bff0,177,197,0.8984771573604061,JPEG,RGB,Testing
data/Testing/notumor/Te-no_344.jpg,notumor,2,train,d6541a56f97619e181516164447a73cf945269b9c4394aa333c690d7e88b73bf,630,630,1.0,JPEG,RGB,Testing
data/Testing/notumor/Te-no_347.jpg,notumor,2,train,1751e519ee614fe733726a463461c95652b6a884e60bfa41d8850b59b5c057fb,212,238,0.8907563025210085,JPEG,RGB,Testing
data/Testing/notumor/Te-no_354.jpg,notumor,2,train,811f6a21dae14b754a353d7969e67fc852ddc61949e6d10da6518611eb7dd260,276,326,0.8466257668711656,JPEG,RGB,Testing
data/Testing/notumor/Te-no_356.jpg,notumor,2,train,a12b8da7a6c1ebb81d745a23f8a7e87f6c5b42e66e6f192e3925aed107e5c07c,208,242,0.859504132231405,JPEG,RGB,Testing
data/Testing/notumor/Te-no_358.jpg,notumor,2,train,127678d70fb09582d0965d31207405cf6c88961e6f5916a6014cb822d93af9f0,201,251,0.8007968127490039,JPEG,RGB,Testing
data/Testing/notumor/Te-no_359.jpg,notumor,2,train,d42bea60ef9ce9f96ae74f4f275eadf1db2d687fcd89b2ef5951875b8ab98103,207,243,0.8518518518518519,JPEG,RGB,Testing
data/Testing/notumor/Te-no_362.jpg,notumor,2,train,6cb48e369fe4a737ee907c553cc872ef9de1a5aef2dbb1ec969ea4ed92d67636,201,251,0.8007968127490039,JPEG,RGB,Testing
data/Testing/notumor/Te-no_363.jpg,notumor,2,train,b5f7c952f3959dd706210da4fd311e14366c66af7f206ee794218337a89c153c,442,442,1.0,JPEG,L,Testing
data/Testing/notumor/Te-no_364.jpg,notumor,2,train,013baa90055024e49d7af0d0562c7bdf86c7e8e5060725ee95786a17c23d92aa,228,221,1.0316742081447965,JPEG,RGB,Testing
data/Testing/notumor/Te-no_365.jpg,notumor,2,train,87f57378111a86e554ee3957352e040bb146dacdb62b4078b1ecaddf89ad7444,235,233,1.0085836909871244,JPEG,RGB,Testing
data/Testing/notumor/Te-no_367.jpg,notumor,2,train,34e5848f2eb857b90dd2c8b095c1733f80c0b1f1d38772867d0db6a879aa913e,275,183,1.5027322404371584,JPEG,RGB,Testing
data/Testing/notumor/Te-no_37.jpg,notumor,2,train,65ebe4ba42e0bb922ae8312864602ad479cd259e86a00430507a3e17cbc6421d,150,198,0.7575757575757576,JPEG,RGB,Testing
data/Testing/notumor/Te-no_373.jpg,notumor,2,train,1079a1140f4633184d38f3b2555f527fa6b9afe5e5233a7a61ff1b247e2f738b,192,192,1.0,JPEG,RGB,Testing
data/Testing/notumor/Te-no_376.jpg,notumor,2,train,e788bf8007d6b0d9481dbfd8a5a8d3bd0f0b5a3ae36d5a47b29f72b67fe667e7,225,225,1.0,JPEG,RGB,Testing
data/Testing/notumor/Te-no_377.jpg,notumor,2,train,51afa7f8da8ce7aaea9e8a231dc3090fbb9dbfac6e8318b419717bfe8e816f73,442,454,0.973568281938326,JPEG,RGB,Testing
data/Testing/notumor/Te-no_378.jpg,notumor,2,train,4b446b2e5c9c00741e2d307ab97dde19253fe7ee8f034a33c59a3c21533d2be3,235,214,1.0981308411214954,JPEG,RGB,Testing
data/Testing/notumor/Te-no_379.jpg,notumor,2,train,8662401d3c3c288248e34ecc95af6ec915b2471c069fcd9dd34c4ccc58082b02,225,225,1.0,JPEG,RGB,Testing
data/Testing/notumor/Te-no_381.jpg,notumor,2,train,f2ae5726fd6865098ca891f8bb44c9d2106e725c55cbd8e507b53f0230b24864,208,242,0.859504132231405,JPEG,RGB,Testing
data/Testing/notumor/Te-no_389.jpg,notumor,2,train,01c0a67f7caeccbd940090528417beee446b8cfab4a3a86872d94f6cfa210d9a,196,257,0.7626459143968871,JPEG,RGB,Testing
data/Testing/notumor/Te-no_39.jpg,notumor,2,train,7f9a3ea0d9bcfdd17a28a93785664760cc511d8ec12502ef22982e1d0d4ac996,232,217,1.0691244239631337,JPEG,RGB,Testing
data/Testing/notumor/Te-no_391.jpg,notumor,2,train,1e29965dd1cc66156132bf49fd6a3c6845b6a68beca3cbb3e175e50d0b3d76b6,225,225,1.0,JPEG,RGB,Testing
data/Testing/notumor/Te-no_392.jpg,notumor,2,train,2b3defeb261528196b425f65bfc70182f94390ddd58243b61ac2f7bcc35d5902,201,251,0.8007968127490039,JPEG,RGB,Testing
data/Testing/notumor/Te-no_394.jpg,notumor,2,train,4238e51f6531203164ba984c2d45f59b2d11f958b4108ea92abcf80760afc7f3,218,231,0.9437229437229437,JPEG,RGB,Testing
data/Testing/notumor/Te-no_398.jpg,notumor,2,train,ddb6e3acb0b8f13d52b9e64f423836b2b41838d1fe99c4087a611c9e645d4157,442,454,0.973568281938326,JPEG,RGB,Testing
data/Testing/notumor/Te-no_40.jpg,notumor,2,train,1ba4c7282426ada24a7fe7618616415906f206749172f7a9b70299c7502e46ef,225,225,1.0,JPEG,RGB,Testing
data/Testing/notumor/Te-no_41.jpg,notumor,2,train,94cf4e387dfe535b71291d147597acb94de2c01ebb8dee1255ba96d13f797f11,200,252,0.7936507936507936,JPEG,RGB,Testing
data/Testing/notumor/Te-no_43.jpg,notumor,2,train,dda201d864dc871aaa93764061840d3f8eee9959e2ea06f0f4a70bcd88743718,200,252,0.7936507936507936,JPEG,RGB,Testing
data/Testing/notumor/Te-no_46.jpg,notumor,2,train,6a732125d0d3e51465752736dd68654ca7f9199a6c67006771b0ca9bb313b825,225,225,1.0,JPEG,RGB,Testing
data/Testing/notumor/Te-no_47.jpg,notumor,2,train,1e92e649754fc91952773e9edc8788b43091fbd12a1bfe4b210ded9a3ba39f6b,225,225,1.0,JPEG,RGB,Testing
data/Testing/notumor/Te-no_49.jpg,notumor,2,train,ff52307b743a8ef52cdedd4545a2ae83672292347222ca379e20e4522e15f9dd,630,630,1.0,JPEG,L,Testing
data/Testing/notumor/Te-no_51.jpg,notumor,2,train,aae1b01c67305d6df3ed586e9d31068726e0412923e18dd03c409471c9d89e09,235,214,1.0981308411214954,JPEG,RGB,Testing
data/Testing/notumor/Te-no_52.jpg,notumor,2,train,ba382ba51f1fea1e265ab01140c8550f9b6212f72d393259f334c2afea6b9582,230,282,0.8156028368794326,JPEG,RGB,Testing
data/Testing/notumor/Te-no_54.jpg,notumor,2,train,1305969674db1980727a9fdb467a7b1ae254e6ce35b5174e7756bd43df194a03,215,234,0.9188034188034188,JPEG,RGB,Testing
data/Testing/notumor/Te-no_55.jpg,notumor,2,train,05f1ed2eb385455d31ab1535ae612ee72c7994a49de5768bbb41d315f83f6481,227,262,0.8664122137404581,JPEG,RGB,Testing
data/Testing/notumor/Te-no_67.jpg,notumor,2,train,eb5aec5780b09dd069cd2060a30aae081a491918184391660f383e94273a23dd,680,680,1.0,JPEG,RGB,Testing
data/Testing/notumor/Te-no_69.jpg,notumor,2,train,dd7c40d48a5cfb0ddea34b774681957b16e10fdda64bcba7f878d10dcd7aad46,504,540,0.9333333333333333,JPEG,RGB,Testing
data/Testing/notumor/Te-no_70.jpg,notumor,2,train,cd7b44be4a9782913582b4d3447636aaa6fd84b5624c1ba3460b2527e39d878d,225,225,1.0,JPEG,RGB,Testing
data/Testing/notumor/Te-no_72.jpg,notumor,2,train,8567467b38d5890b555952401b4e8d200c337ae8b7135d33147eccc92ff10831,630,630,1.0,JPEG,RGB,Testing
data/Testing/notumor/Te-no_76.jpg,notumor,2,train,3d60df021e77cf9b34a7a7789877406d1b7fc7fefe5aee54664d276c6cfa56f6,225,225,1.0,JPEG,RGB,Testing
data/Testing/notumor/Te-no_8.jpg,notumor,2,train,f48eacc39b5ad27b553744cc12e63404b2fc92ad0ee5ca0905194d72ad2ca48a,420,280,1.5,JPEG,RGB,Testing
data/Testing/notumor/Te-no_81.jpg,notumor,2,train,4740758dc431f64483332831b9c9f468effa607f8abd46975f923653a15d6709,400,442,0.9049773755656109,JPEG,RGB,Testing
data/Testing/notumor/Te-no_84.jpg,notumor,2,train,402677ba76c958af4219b36c2bbb855f60837bd78bd77bedb9b8033e4c9040e3,225,225,1.0,JPEG,RGB,Testing
data/Testing/notumor/Te-no_86.jpg,notumor,2,train,1429122964e2ef50c9d5016a7cc79ed9cfb3a44f2f1f7c5dbd1074a75dffc262,680,680,1.0,JPEG,RGB,Testing
data/Testing/notumor/Te-no_9.jpg,notumor,2,train,eed3604ee53718c03e3a7be68a1794c53622a8c75fbe1c225c1a10faa21d99de,259,194,1.3350515463917525,JPEG,RGB,Testing
data/Testing/notumor/Te-no_92.jpg,notumor,2,train,f631bc55755747637a3df7a1ed27a5f7afa25a67a407cf34bd31b853cc1ad099,236,270,0.8740740740740741,JPEG,RGB,Testing
data/Testing/notumor/Te-no_94.jpg,notumor,2,train,9e5ec579dc15079e1e4d65bf470bf85409ec5ca2b1e202b5d91216c69ce0cba4,225,225,1.0,JPEG,RGB,Testing
data/Testing/notumor/Te-no_96.jpg,notumor,2,train,fbb79d825912bd08c875f45ca2bb0c8b0217df104b6d0fbaed4fe3f45ccb3ee7,212,238,0.8907563025210085,JPEG,RGB,Testing
data/Training/notumor/Tr-no_100.jpg,notumor,2,train,9256540dbee10ada1abf65e3f8605747b1403631eeeb961624313c1f63258317,236,236,1.0,JPEG,RGB,Training
data/Training/notumor/Tr-no_1001.jpg,notumor,2,train,965d3cc61b12920dbe4bf2fbaab9d444d41807f5c7d16ad527cf1ab014240709,232,217,1.0691244239631337,JPEG,RGB,Training
data/Training/notumor/Tr-no_1003.jpg,notumor,2,train,39e1cb01f84fb2f46e10b7a4f8ebe04602307f2a89d4579b63ac65fac0c64819,236,252,0.9365079365079365,JPEG,RGB,Training
data/Training/notumor/Tr-no_1005.jpg,notumor,2,train,5e03a39035e8e65ae38605cb35a806267be800703a21d757544d2a73b5436405,275,183,1.5027322404371584,JPEG,RGB,Training
data/Training/notumor/Tr-no_1007.jpg,notumor,2,train,d3518d47bae6d9a761fad37a0643257e72c234d004f74b82061df52a0dbb17dd,528,528,1.0,JPEG,RGB,Training
data/Training/notumor/Tr-no_1009.jpg,notumor,2,train,c13e4960a562874faad8d0328ea4393e96735924d25196c3375bff53b9a1ee25,236,213,1.107981220657277,JPEG,RGB,Training
data/Training/notumor/Tr-no_101.jpg,notumor,2,train,582c97c471bc24ed511123b29f2e1c6a2f62927563e02c6bdaad723f2e63c5e2,225,225,1.0,JPEG,RGB,Training
data/Training/notumor/Tr-no_1011.jpg,notumor,2,train,eb56c9470648fa764ad9d5f6dc6c072d88ffcfb10dae4f7bd917e64b1897678e,626,686,0.9125364431486881,JPEG,RGB,Training
data/Training/notumor/Tr-no_1013.jpg,notumor,2,train,92efc65d9b884aa992355e4bedc1c2eb615b0f003aa3b679913666f1b91243e2,442,454,0.973568281938326,JPEG,RGB,Training
data/Training/notumor/Tr-no_1014.jpg,notumor,2,train,07ee72eebaeb7c77462a67df4b3b7993b96a7508ec2e594c71c6a65d882d80c1,215,234,0.9188034188034188,JPEG,RGB,Training
data/Training/notumor/Tr-no_1015.jpg,notumor,2,train,f10e24ea0f92e9dc738e315ac69c9788c7417cc24441e60ee815362ac9536502,393,400,0.9825,JPEG,RGB,Training
data/Training/notumor/Tr-no_1016.jpg,notumor,2,train,a861440d600199a5a44300a5650f904105c0506ee8d2b5595b7bfd3120a56245,236,220,1.0727272727272728,JPEG,RGB,Training
data/Training/notumor/Tr-no_1018.jpg,notumor,2,train,f2f10e3b294552057ad4d5e1c62380aa6a1aeea88565cf640b69f8a42a3f72ae,225,225,1.0,JPEG,RGB,Training
data/Training/notumor/Tr-no_1019.jpg,notumor,2,train,069f5ea3cf255f7a584dbe24a3bfad906941169876d732f572a98f37926f66a3,236,236,1.0,JPEG,RGB,Training
data/Training/notumor/Tr-no_1020.jpg,notumor,2,train,55efc2ceca9185d7a2e7765b4e4d3d4d24eb67e18fecc0394fad61c206efd1c6,262,244,1.0737704918032787,JPEG,RGB,Training
data/Training/notumor/Tr-no_1021.jpg,notumor,2,train,b0e31d76f8f324fea8e5a85c65a3624d777ad99d6b56b9f1be3c8355efc3e7cf,339,415,0.8168674698795181,JPEG,RGB,Training
data/Training/notumor/Tr-no_1023.jpg,notumor,2,train,28785bcbd663972c09964194ea6f6d5ea15945ac072361c7d0ee5c28390b3118,630,630,1.0,JPEG,RGB,Training
data/Training/notumor/Tr-no_1024.jpg,notumor,2,train,945e3bee3816ec5d80cf73d2d8436420007104d55206f6b0e6a7aae488867882,442,442,1.0,JPEG,RGB,Training
data/Training/notumor/Tr-no_1025.jpg,notumor,2,train,e066512b2c7b1f884bea1cdffabb4ed2a56c77adda9ac75e00468e1337b09a38,216,293,0.7372013651877133,JPEG,RGB,Training
data/Training/notumor/Tr-no_1026.jpg,notumor,2,train,df8f283c4489673207fe88c9b76cbfdd5d5c5115fad81a4db97d3e97bec28b35,468,444,1.054054054054054,JPEG,RGB,Training
data/Training/notumor/Tr-no_1028.jpg,notumor,2,train,92ec7200f25d4c01cf17aba236fad658300595b16cc1c0851eaf75d5caa66ce8,192,192,1.0,JPEG,RGB,Training
data/Training/notumor/Tr-no_1029.jpg,notumor,2,train,7127a831b0b4d8317eae9bc085cbd5de3991910ccf5fc51ecde06f97daef9be4,630,630,1.0,JPEG,RGB,Training
data/Training/notumor/Tr-no_1030.jpg,notumor,2,train,953cd9fad308a3888ee63c832301514561a4d83817e6adae9b088d1b3cbd854c,192,192,1.0,JPEG,RGB,Training
data/Training/notumor/Tr-no_1031.jpg,notumor,2,train,69b5d54e4956db2656a6223770968664b6f58c0e0ccdf544a0ea71e0269626af,230,235,0.9787234042553191,JPEG,RGB,Training
data/Training/notumor/Tr-no_1033.jpg,notumor,2,train,2c72b9931d7a026d3b66e8432dc4267ec7a558a5036f921540bc2f0d64746e7a,225,225,1.0,JPEG,RGB,Training
data/Training/notumor/Tr-no_1035.jpg,notumor,2,train,00b68bcf21df334e8f1d2df936cc706905535464f1541a366ab6c4b1db37adb8,225,225,1.0,JPEG,RGB,Training
data/Training/notumor/Tr-no_1037.jpg,notumor,2,train,cf9602e0fb9b7cf2171555290e73a18705cfba0c5c50cae4696c4d56f3ab1c21,225,225,1.0,JPEG,RGB,Training
data/Training/notumor/Tr-no_1038.jpg,notumor,2,train,01932462121d282f4c721cfd9d03d498434ee5acd8a2017636fb1df4f0fc007e,504,540,0.9333333333333333,JPEG,RGB,Training
data/Training/notumor/Tr-no_1040.jpg,notumor,2,train,e0b7f7c574282925a57bbdcfbfa7d9f3d438f67f13d4684f35fc1a4957862ef1,275,301,0.9136212624584718,JPEG,L,Training
data/Training/notumor/Tr-no_1042.jpg,notumor,2,train,479b42ff989cc2ce15054bfcdfaef8b5f4088a5e9934840ec53b166b8e64eb23,235,244,0.9631147540983607,JPEG,RGB,Training
data/Training/notumor/Tr-no_1043.jpg,notumor,2,train,66d51cddcc91f3b9fe36688f75bf35cae78f134e720b358d1cdfa340b9c9e028,196,257,0.7626459143968871,JPEG,RGB,Training
data/Training/notumor/Tr-no_1044.jpg,notumor,2,train,48285ad37fd7d7bfb3348281b370932f45f170b16b78f9ffe8761133fb7b5a67,201,250,0.804,JPEG,RGB,Training
data/Training/notumor/Tr-no_1048.jpg,notumor,2,train,b55d5a17738b62d559870969f9bb7ad40741be58e9b89ce3e2f0a727849ddedb,236,250,0.944,JPEG,RGB,Training
data/Training/notumor/Tr-no_1054.jpg,notumor,2,train,bed9b5c9b285589ecfef81554dbb0b1246b75011707396b4681834cceab1e4ba,393,400,0.9825,JPEG,RGB,Training
data/Training/notumor/Tr-no_1055.jpg,notumor,2,train,0b9f4ec4c6113195903e594d5bb950c3015aa9fe017a4528a0861920bb1a8ed0,218,231,0.9437229437229437,JPEG,RGB,Training
data/Training/notumor/Tr-no_1056.jpg,notumor,2,train,b1e85ab26b6cd70b18622f3e3f0292b51f5ed9256a036c404fbc5be9fc23d866,225,225,1.0,JPEG,RGB,Training
data/Training/notumor/Tr-no_1059.jpg,notumor,2,train,49a91a29d5a507d4706a7d6930e5a0885b864ab73510fd7786befae4894a2b93,236,236,1.0,JPEG,RGB,Training
data/Training/notumor/Tr-no_1060.jpg,notumor,2,train,2f3028172652376e18b1332d0ca23ec4a53edada791ed2bf7e1d2b5b62cf0264,225,225,1.0,JPEG,RGB,Training
data/Training/notumor/Tr-no_1063.jpg,notumor,2,train,0d4c4dbc62f0a6291f698bd3251e0ca28dc634857056afc5a151bd92c9e660e9,225,225,1.0,JPEG,RGB,Training
data/Training/notumor/Tr-no_1065.jpg,notumor,2,train,69458283e4b0b40c810f46d2dbbd3ccff82bfc508044b58262f3c7dcaaf7e033,218,234,0.9316239316239316,JPEG,RGB,Training
data/Training/notumor/Tr-no_1066.jpg,notumor,2,train,7cc1e529ac175f966ea523f5a43b0ec23b99c6b894412c875c352f73fa629b44,225,225,1.0,JPEG,RGB,Training
data/Training/notumor/Tr-no_1067.jpg,notumor,2,train,1defe0596b1bae081b527700b41efece7c0ce74fc535155fb0430d6bf8f9d8ff,236,236,1.0,JPEG,RGB,Training
data/Training/notumor/Tr-no_107.jpg,notumor,2,train,4b86c59dfb67b77ee060131a18f1b72b75b676b7d895ec9754d00556249d8f55,420,280,1.5,JPEG,RGB,Training
data/Training/notumor/Tr-no_1072.jpg,notumor,2,train,ea410a003924728f40c1f4290500b2eef30965195298178c9da560f85b0b9855,468,444,1.054054054054054,JPEG,RGB,Training
data/Training/notumor/Tr-no_1073.jpg,notumor,2,train,b394b15ee65a88320192ab0749387fb774c76adacc20b90877f9796734400a07,497,398,1.2487437185929648,JPEG,RGB,Training
data/Training/notumor/Tr-no_1074.jpg,notumor,2,train,d24e61ca9875e005738f419eb39eb4298ac516f3d44a55a3699bc65979ad0bc0,215,234,0.9188034188034188,JPEG,RGB,Training
data/Training/notumor/Tr-no_1080.jpg,notumor,2,train,2951199d399a8b7372479936a824cef9e9398a7ca84985b819ce52e65ea00ff8,236,236,1.0,JPEG,RGB,Training
data/Training/notumor/Tr-no_1085.jpg,notumor,2,train,531aa89c935d2f26a58e34bc9555d8930d3345b9bd33c0ce077c1e435ccc405a,416,512,0.8125,JPEG,RGB,Training
data/Training/notumor/Tr-no_1089.jpg,notumor,2,train,536a2af04aa8784e0df1413cb95d97cd86688b4651e7bb563b916adcdd3ce4f0,192,192,1.0,JPEG,RGB,Training
data/Training/notumor/Tr-no_1090.jpg,notumor,2,train,0ff722ed69f92b35245165d168f5e10324fac2e9cd26237e6cad10f480cc6ddd,453,496,0.9133064516129032,JPEG,RGB,Training
data/Training/notumor/Tr-no_1093.jpg,notumor,2,train,225a1c372cacf5c7a05d0c957643cca30aeac86b7fcc071b7b3b9c9bf326b53f,228,221,1.0316742081447965,JPEG,RGB,Training
data/Training/notumor/Tr-no_1094.jpg,notumor,2,train,4cb815a8ba683335db6bb0c76c6ca608b9cf06e261a963f541c9f4c1da88cb53,230,282,0.8156028368794326,JPEG,RGB,Training
data/Training/notumor/Tr-no_1097.jpg,notumor,2,train,b8961c9134fa152901307b8f20e471086ffb1c102363ee43aa583acdee482afd,236,236,1.0,JPEG,RGB,Training
data/Training/notumor/Tr-no_1099.jpg,notumor,2,train,7e0d37d7526c74e126cfc613ac96a64d62b33252bc386172ac5e504cee214a8c,208,242,0.859504132231405,JPEG,RGB,Training
data/Training/notumor/Tr-no_1100.jpg,notumor,2,train,dba089967076d3111c86a9fac8b7a462064e1a35b59b7783e42139e1bf8c58cd,225,225,1.0,JPEG,RGB,Training
data/Training/notumor/Tr-no_1101.jpg,notumor,2,train,c591ffd6ffca13155064f42730b9dafcb3cc6e219fee091b86a744b3e94dbec7,236,226,1.0442477876106195,JPEG,RGB,Training
data/Training/notumor/Tr-no_1104.jpg,notumor,2,train,165198f2ab709193d2263a8c9f38641158d02f46a720927f3b7752615f24c6dd,200,252,0.7936507936507936,JPEG,RGB,Training
data/Training/notumor/Tr-no_1105.jpg,notumor,2,train,423acb8d30e924e754c8e3dcfcfea7813d7fe8fd6b9b943f975f7bce8bba064d,203,243,0.8353909465020576,JPEG,RGB,Training
data/Training/notumor/Tr-no_1106.jpg,notumor,2,train,efab514da199a1ecff5b315fb8cd5d3eb90cf06590a8384ac564c6a4ed321ecc,150,198,0.7575757575757576,JPEG,RGB,Training
data/Training/notumor/Tr-no_1107.jpg,notumor,2,train,868041ceb722eb9477c3ca73f86232b24cd320e77783a2aecf1ad8255f95df05,225,225,1.0,JPEG,RGB,Training
data/Training/notumor/Tr-no_1109.jpg,notumor,2,train,3b8a9f2899ac9fb97e6667b932d2bce561400f0df5a0e16071b6b3357cd4f346,494,600,0.8233333333333334,JPEG,RGB,Training
data/Training/notumor/Tr-no_111.jpg,notumor,2,train,cdfda97317f6ac6422da65a37a036afe724b296b26e23ebb5168ad17b622725d,218,231,0.9437229437229437,JPEG,RGB,Training
data/Training/notumor/Tr-no_1110.jpg,notumor,2,train,f968ed43483e3b38ac2f9a321acc25edd47ec66f2a764c3bf3c82dd28c57cd00,410,490,0.8367346938775511,JPEG,RGB,Training
data/Training/notumor/Tr-no_1111.jpg,notumor,2,train,dfaac6d51733f3e071c1a6dc3b38d7d8c806da99a39b5e0c285fb11c4c85b4d6,296,320,0.925,JPEG,RGB,Training
data/Training/notumor/Tr-no_1112.jpg,notumor,2,train,1e407d8ab0efc3e2fd614a2c607ceb81bd7d87027dd2f289bf6e16a2cce2ce76,227,262,0.8664122137404581,JPEG,RGB,Training
data/Training/notumor/Tr-no_1114.jpg,notumor,2,train,34b60d1ef0b10f3e5dc071586599b5eec3cb25642b146456681fc35b16ab5ef9,225,225,1.0,JPEG,RGB,Training
data/Training/notumor/Tr-no_1115.jpg,notumor,2,train,a9a3b465a2b8cacc55d7709505f2b48f8d644e6d7836eb4c4afcc34f4a66b4d3,350,350,1.0,JPEG,RGB,Training
data/Training/notumor/Tr-no_1118.jpg,notumor,2,train,7743b44ade7a4de0868b5f5ece063ca3aadcb115f32e839ebbbdec19c48c075f,504,540,0.9333333333333333,JPEG,RGB,Training
data/Training/notumor/Tr-no_1119.jpg,notumor,2,train,d49e39594c5f4cdacf638d2728dbfac9cb9456ea3d9b18f27291188e18c6c889,441,442,0.997737556561086,JPEG,RGB,Training
data/Training/notumor/Tr-no_112.jpg,notumor,2,train,9f878dadc0d85923313a7a81832cba5dadc3a37e1aa840e8b411e27e81222697,236,357,0.6610644257703081,JPEG,RGB,Training
data/Training/notumor/Tr-no_1121.jpg,notumor,2,train,5a753e6c99487dc20e683a69fd7fcd6bf45e57a94ac146bce22102f187a8c0fb,206,244,0.8442622950819673,JPEG,RGB,Training
data/Training/notumor/Tr-no_1122.jpg,notumor,2,train,c1f8d88add668a7f9a8056561107f40a991391f187cfda7c6be0107b39114fb0,201,250,0.804,JPEG,RGB,Training
data/Training/notumor/Tr-no_1129.jpg,notumor,2,train,775e68d74898035d5f164a5a377b8e88ccf19ab076133a8f33bc23f62d2dd0af,800,693,1.1544011544011543,JPEG,RGB,Training
data/Training/notumor/Tr-no_1131.jpg,notumor,2,train,7e2d00a3c771129f3e95129fdfd00321b63ed37392816aa60c350640848a9f11,236,213,1.107981220657277,JPEG,RGB,Training
data/Training/notumor/Tr-no_1140.jpg,notumor,2,train,a9f2546ed6e241f759d1f76291e38982c87dc6f5ec221ff488694a86ae80a8a2,512,512,1.0,JPEG,RGB,Training
data/Training/notumor/Tr-no_1143.jpg,notumor,2,train,3b36235316bd5b280fee3c7e8ea4011f7281cf7499c5eab8ea1bedf88cb0b8f7,194,259,0.749034749034749,JPEG,RGB,Training
data/Training/notumor/Tr-no_1147.jpg,notumor,2,train,1e08e5cce57a76ee613742f36a6e765f37337fa8941834862abc396a0b1151f7,200,252,0.7936507936507936,JPEG,RGB,Training
data/Training/notumor/Tr-no_1148.jpg,notumor,2,train,d0e070b64aef9feda1f6dc3f258938582e0144e59dd170e5c7bcdc34c300ab1f,236,231,1.0216450216450217,JPEG,RGB,Training
data/Training/notumor/Tr-no_1149.jpg,notumor,2,train,3d46d8219891d9947c8596d64f6bf8edf1bc57bdb9041fc520d3b1f4c7fbf11e,234,225,1.04,JPEG,RGB,Training
data/Training/notumor/Tr-no_1152.jpg,notumor,2,train,9d8a55fbd32593e5e76a7607045961d267fc50a7ce03b7592da13c6e09e2e77b,214,236,0.9067796610169492,JPEG,RGB,Training
data/Training/notumor/Tr-no_1153.jpg,notumor,2,train,419124ccdcdc9918fa3ddb14697a395216ca3d20d7fef074950e9206ea9eafeb,225,225,1.0,JPEG,RGB,Training
data/Training/notumor/Tr-no_1154.jpg,notumor,2,train,d468a09e3cdd549adafc38afe79f02315720bf0c21584a9ccd0ff82fbb3cf32a,236,269,0.8773234200743495,JPEG,RGB,Training
data/Training/notumor/Tr-no_1155.jpg,notumor,2,train,c66520a79f9d27db91395d482039505653ad25debc3b18e27a3807a25a01b0cc,206,244,0.8442622950819673,JPEG,RGB,Training
data/Training/notumor/Tr-no_1159.jpg,notumor,2,train,a99d2d7b746d15f2fec6986b31c4df49ad7c303b5757016ca25680d7af4b2ac7,192,192,1.0,JPEG,RGB,Training
data/Training/notumor/Tr-no_116.jpg,notumor,2,train,ed470534a4f58049efc962c6b39d46bb4fdeba51cf2905747840da6513c6250d,755,824,0.9162621359223301,JPEG,RGB,Training
data/Training/notumor/Tr-no_1161.jpg,notumor,2,train,5b75c52d4fa53c846d9a7a039f0711cd213df879e46ea840e9fb6c2d6ca51821,173,201,0.8606965174129353,JPEG,RGB,Training
data/Training/notumor/Tr-no_1162.jpg,notumor,2,train,7277b737af3e88d6c3c09c9e58fa84f55d9bb9aa5480d2f6fb8c2351e3dc0b3f,214,236,0.9067796610169492,JPEG,RGB,Training
data/Training/notumor/Tr-no_1166.jpg,notumor,2,train,4087e7821522bb2ea94cb71db25bc5f8b7fed759769f0cbc7994a1a03e54ffde,230,282,0.8156028368794326,JPEG,RGB,Training
data/Training/notumor/Tr-no_1168.jpg,notumor,2,train,b6864cf85335a733ee1358d3417821cfb81125127137173eff685e3bf2ba5aac,442,454,0.973568281938326,JPEG,RGB,Training
data/Training/notumor/Tr-no_1169.jpg,notumor,2,train,4a5d2a59ee52bc7cfa72b0244d4fc2c25231289c927c26deab4373d8788ac800,236,295,0.8,JPEG,RGB,Training
data/Training/notumor/Tr-no_1171.jpg,notumor,2,train,99130d75132845a0931aac58ce21d06618eb6762cc44530727899d867ff540ee,387,469,0.8251599147121536,JPEG,RGB,Training
data/Training/notumor/Tr-no_1176.jpg,notumor,2,train,e9e3322441c64a0ac1c4167c36b2b19ec0440e85ddea77986bccca911c1aa9ce,150,198,0.7575757575757576,JPEG,RGB,Training
data/Training/notumor/Tr-no_1179.jpg,notumor,2,train,1c63eab72390f542419f7ab1ee659ca510ffe209280fa2f2c7c4fe55ce5b4ef7,724,851,0.8507638072855465,JPEG,RGB,Training
data/Training/notumor/Tr-no_118.jpg,notumor,2,train,3179017f88cc5405c282b247382f9e5ac8e4ad7039994e1690149819738c14ec,225,225,1.0,JPEG,RGB,Training
data/Training/notumor/Tr-no_1180.jpg,notumor,2,train,633b6658e964f393823c7aed109d657532722ea5be3483a26e597f5e311bbac1,236,243,0.9711934156378601,JPEG,RGB,Training
data/Training/notumor/Tr-no_1181.jpg,notumor,2,train,bde37e57ee73da37f66dad92a7e64543774325d6fa71ba9cc57596b237c6deff,232,217,1.0691244239631337,JPEG,RGB,Training
data/Training/notumor/Tr-no_1182.jpg,notumor,2,train,d702bd2a3c3b45357e53f0efbb4cf9f4967a39ae989b3fbc55183f82ea603f69,232,217,1.0691244239631337,JPEG,RGB,Training
data/Training/notumor/Tr-no_1184.jpg,notumor,2,train,d76cd8b0392da5d6af0b6ae949b4f66bce1d9ca9420d7d69710e3b57226d048d,192,192,1.0,JPEG,RGB,Training
data/Training/notumor/Tr-no_1187.jpg,notumor,2,train,faf9d52bcd0fd0c4e4487c191831379400c80b3f6b64345786cfede5a5a6d920,220,212,1.0377358490566038,JPEG,RGB,Training
data/Training/notumor/Tr-no_1189.jpg,notumor,2,train,5c9573cef3fad8e2f1380adceb60025763cc09b1406e98152b80ccd8fda95db1,207,243,0.8518518518518519,JPEG,RGB,Training
data/Training/notumor/Tr-no_1190.jpg,notumor,2,train,c2de79fb1fee0a5857d7a79ba5a48df86c9ff05613cd73d7fb9308d37083534c,225,225,1.0,JPEG,RGB,Training
data/Training/notumor/Tr-no_1191.jpg,notumor,2,train,673ce398cd7fab92a690c3a790bebb21fd270470b1947c9ba048e96c00bd9f68,359,449,0.799554565701559,JPEG,RGB,Training
data/Training/notumor/Tr-no_1193.jpg,notumor,2,train,b2f7b02b07e1efe23821be789e79aa2c8f5c987c71fcf4a51421cf28d364a173,428,417,1.026378896882494,JPEG,RGB,Training
data/Training/notumor/Tr-no_1197.jpg,notumor,2,train,bd3ad31375c22be08b6ce5e30df5cf96e8426ed1630b719443a876626ebbf68d,1000,714,1.4005602240896358,JPEG,RGB,Training
data/Training/notumor/Tr-no_1198.jpg,notumor,2,train,e57a38f9a33923ae18488fac9c67a35aeb6886876f6200bf65b9a5c4f522164f,192,192,1.0,JPEG,RGB,Training
data/Training/notumor/Tr-no_1199.jpg,notumor,2,train,25d38822971afe0bfa71598d8863342a88b2d27f082f85741f720c510a4c128a,215,234,0.9188034188034188,JPEG,RGB,Training
data/Training/notumor/Tr-no_12.jpg,notumor,2,train,a3976ecd02d90eed94efef487bc89f448b82034251805001dfb65f07a82f98b8,630,630,1.0,JPEG,L,Training
data/Training/notumor/Tr-no_120.jpg,notumor,2,train,2bdd257a3c4f7e1bba1c69aee97aef162123e1de94149cfe580c95a8e8eba7e6,339,340,0.9970588235294118,JPEG,RGB,Training
data/Training/notumor/Tr-no_1201.jpg,notumor,2,train,9f6ea53eeb5e79af51101c7ae62646f98f3c4eeee4b0944ebbba8b9e39377897,329,310,1.0612903225806452,JPEG,RGB,Training
data/Training/notumor/Tr-no_1205.jpg,notumor,2,train,022254afd87eee323db747156306ba9bb438c59cd0a797f90236ce8698c32103,236,236,1.0,JPEG,RGB,Training
data/Training/notumor/Tr-no_1208.jpg,notumor,2,train,58f18f681aa068887649b3f71cdc46ee00419510b431fd9437106a3c5df6ae8b,331,406,0.8152709359605911,JPEG,RGB,Training
data/Training/notumor/Tr-no_1210.jpg,notumor,2,train,b54ccb2cc4242db524c33ec41d5a58acf4c20fcac9b72870559e4be766c94cf7,468,444,1.054054054054054,JPEG,RGB,Training
data/Training/notumor/Tr-no_1211.jpg,notumor,2,train,efa686fdedd3ec9a697a1f4e4b62a493bfa36253cb11803825147ee762bfbc8f,630,630,1.0,JPEG,RGB,Training
data/Training/notumor/Tr-no_1213.jpg,notumor,2,train,b361cc6d1b00c7a5637b82e35131d32ab16bf2820310ea2c196ff7ca0e5cfa26,1024,1024,1.0,JPEG,L,Training
data/Training/notumor/Tr-no_1218.jpg,notumor,2,train,d7c9f5fe7042fe225ad68969212507d0a2025ac7b640335105e4b1f868be2250,276,326,0.8466257668711656,JPEG,RGB,Training
data/Training/notumor/Tr-no_1219.jpg,notumor,2,train,798f739e35e2a773907e8a2e40d8e9d868c65da02b6a0d2e51b06ed1a001a7cf,350,350,1.0,JPEG,RGB,Training
data/Training/notumor/Tr-no_1221.jpg,notumor,2,train,e98b7a5b3f7449cfc7df4e044f3e8c468752a382e6e6062ba266e57c871bdc88,215,234,0.9188034188034188,JPEG,RGB,Training
data/Training/notumor/Tr-no_1227.jpg,notumor,2,train,a032654bc96cc7068c4b5c9232fc89f400080e704c3f69dc51a4bd72781c96ed,218,231,0.9437229437229437,JPEG,RGB,Training
data/Training/notumor/Tr-no_123.jpg,notumor,2,train,42f7a6c959b7d5ba7f4b0e6c483519c6d7679844912d851704b7efd189c98033,228,228,1.0,JPEG,RGB,Training
data/Training/notumor/Tr-no_1238.jpg,notumor,2,train,9b5129dd25107b7b38035e63781a94c2486c97a27931dda9eef6549b437b10d6,428,417,1.026378896882494,JPEG,RGB,Training
data/Training/notumor/Tr-no_1241.jpg,notumor,2,train,995610ca4eaf45c6dd74572e0a0f2a10fa9067beec190adf7a8b0d3a49dc546a,173,201,0.8606965174129353,JPEG,RGB,Training
data/Training/notumor/Tr-no_1242.jpg,notumor,2,train,c3056fc15b978984c0f1d211793d34a68583eddf1959ec85d8858610ba76555a,236,300,0.7866666666666666,JPEG,RGB,Training
data/Training/notumor/Tr-no_1243.jpg,notumor,2,train,c9015186748dfd86b09ef19740723998ab71c18d18f5f1694e3934739be19b7f,468,444,1.054054054054054,JPEG,RGB,Training
data/Training/notumor/Tr-no_1245.jpg,notumor,2,train,471430844b41c2fb1f4cd2d12005dc2a5bf69aa50479c5529547d03451bad63c,442,442,1.0,JPEG,RGB,Training
data/Training/notumor/Tr-no_1246.jpg,notumor,2,train,34b3cd0628c630a6ed9bdb1f397fa380fa4e751c7a7dcfaf467aec0cdd036e12,227,262,0.8664122137404581,JPEG,RGB,Training
data/Training/notumor/Tr-no_1248.jpg,notumor,2,train,63dd8fb6c73527803910fd181da01db7e62f27bea5d657cfbd836cc77f85dd03,201,244,0.8237704918032787,JPEG,RGB,Training
data/Training/notumor/Tr-no_1249.jpg,notumor,2,train,2e6a0628bc19c4abf63d70067cd3d1abd7775218e4376d966eeb80943a00a5dc,150,198,0.7575757575757576,JPEG,RGB,Training
data/Training/notumor/Tr-no_125.jpg,notumor,2,train,b7a7abfa03314ec0219df7c0edd025b8d4b814025debf1556dc436b6e7dd9a0b,236,240,0.9833333333333333,JPEG,RGB,Training
data/Training/notumor/Tr-no_1256.jpg,notumor,2,train,8723398f9b6c70bb92717b6eaea4eaf278e09a97750a6603bf5e957efa7482ed,225,225,1.0,JPEG,RGB,Training
data/Training/notumor/Tr-no_1258.jpg,notumor,2,train,dbea59dcd573de026a343618c20fd374789a17e7254f163edca230a6f6690799,228,221,1.0316742081447965,JPEG,RGB,Training
data/Training/notumor/Tr-no_126.jpg,notumor,2,train,0579205d391b828a939fae4322bdd156c5b7dfe6b75f528dbe81fed0b61f1b50,201,251,0.8007968127490039,JPEG,RGB,Training
data/Training/notumor/Tr-no_1260.jpg,notumor,2,train,0ba1e30e938e2c7289e6cba01ba32d8e48cbbad86555c764b54af3526dc3b19b,177,197,0.8984771573604061,JPEG,RGB,Training
data/Training/notumor/Tr-no_1262.jpg,notumor,2,train,75d4a0a035abbc957bb0a147f65ac868c7a25dcb26cd0e207a02d68bb13230e9,630,630,1.0,JPEG,L,Training
data/Training/notumor/Tr-no_1273.jpg,notumor,2,train,88b7a225665d435d2409a210c40603f94624bb044d3423a6bd835006e12487ab,225,225,1.0,JPEG,RGB,Training
data/Training/notumor/Tr-no_1275.jpg,notumor,2,train,c2444beedfc570e9ce2d3801214854faf9f17742ef274d2d2cc24b10cddb381e,201,250,0.804,JPEG,RGB,Training
data/Training/notumor/Tr-no_1279.jpg,notumor,2,train,a0c46188bce15b3a2aac4685dffd5fd7afcf801ee90173ea0573672d5a120c62,300,168,1.7857142857142858,JPEG,RGB,Training
data/Training/notumor/Tr-no_1280.jpg,notumor,2,train,8c31739b62b6d85cfa805d1c9b77a5ecd58b40cd550c5df37af6cb5e3e94adc1,206,244,0.8442622950819673,JPEG,RGB,Training
data/Training/notumor/Tr-no_1285.jpg,notumor,2,train,e6b6de63ffdc8fe897edf562570918aeb34e7a009b006a5a1cfa0256869e9717,236,263,0.8973384030418251,JPEG,RGB,Training
data/Training/notumor/Tr-no_1286.jpg,notumor,2,train,52512dc9e459717a9d1e842c9c9cb1fa4360ddc2c73c36809420a76d11603083,225,225,1.0,JPEG,RGB,Training
data/Training/notumor/Tr-no_1288.jpg,notumor,2,train,d1f6fdbc277d471259f0367c03c5c139e031c0b9a0678c86e27fdb8f15097188,785,848,0.9257075471698113,JPEG,RGB,Training
data/Training/notumor/Tr-no_1289.jpg,notumor,2,train,1dc624a100ae24033f564a65993ed27277e5174627744e57e97139cb8bc0b75d,355,452,0.7853982300884956,JPEG,RGB,Training
data/Training/notumor/Tr-no_1291.jpg,notumor,2,train,63ddb8e111c68e836ca6fac6fa1fc7b7868fdd52d536b3cd8e2c294ef9c42efc,452,509,0.888015717092338,JPEG,RGB,Training
data/Training/notumor/Tr-no_1292.jpg,notumor,2,train,6512340ed03af3b866eea73a4fd4dbaf94a8a2a6addeeb797fb2581d82623de7,232,217,1.0691244239631337,JPEG,RGB,Training
data/Training/notumor/Tr-no_1293.jpg,notumor,2,train,d3e4bf58e184d8c0708f46ff4aec111d86678c2fecd20c17699bcdaf49534556,201,250,0.804,JPEG,RGB,Training
data/Training/notumor/Tr-no_1294.jpg,notumor,2,train,69737db7b286cde0ac97dde68a16271bdb38de5f8a47cd1e4600e320b97e9ce1,225,225,1.0,JPEG,RGB,Training
data/Training/notumor/Tr-no_1295.jpg,notumor,2,train,c0eaedf121c2172182a88dfe211ecc5a8a7d9bc7779e0a5281c491a664903c7f,236,262,0.9007633587786259,JPEG,RGB,Training
data/Training/notumor/Tr-no_1298.jpg,notumor,2,train,b8e0ff166cbe88adc84aba43b7b4f9d4b2340ded9bd0d8a2c1c68affc6acdcc7,225,225,1.0,JPEG,RGB,Training
data/Training/notumor/Tr-no_13.jpg,notumor,2,train,e7f2f458468f3788c227fd3937bf81cc501c1398bfc25910f781df4d4bcbdbd0,208,242,0.859504132231405,JPEG,RGB,Training
data/Training/notumor/Tr-no_1305.jpg,notumor,2,train,edecf38e0ba899a3428f207fbc6db3cfe67847b0c69a0bf637f065e931e05ca0,236,222,1.063063063063063,JPEG,RGB,Training
data/Training/notumor/Tr-no_1307.jpg,notumor,2,train,5147ee0727490cd1e25df98cff6a034cedb6037f90d864332f10150920c2a05f,207,225,0.92,JPEG,RGB,Training
data/Training/notumor/Tr-no_1308.jpg,notumor,2,train,f3eff058285661bb9ac21b406465a35f0ab5831268cfe1971225bc453e956d00,150,198,0.7575757575757576,JPEG,RGB,Training
data/Training/notumor/Tr-no_131.jpg,notumor,2,train,a07ff6d16392a24393ff9d51acee2804251b6a7c33bcabe01a750a8678ea9734,225,225,1.0,JPEG,RGB,Training
data/Training/notumor/Tr-no_1311.jpg,notumor,2,train,5c7edbce6973248b9d33c6a6cea354fbaf0749f28a660d0e335b1168a799c41e,200,252,0.7936507936507936,JPEG,RGB,Training
data/Training/notumor/Tr-no_1312.jpg,notumor,2,train,431296892dc4e3f3ddb0e1f58f286e54ee758da743d88f864317ee0209fd0e1d,339,340,0.9970588235294118,JPEG,RGB,Training
data/Training/notumor/Tr-no_1318.jpg,notumor,2,train,3026421fe91197f5894c298daac571402942558614ca4c9e9b3c1126c9ddcb66,733,781,0.93854033290653,JPEG,RGB,Training
data/Training/notumor/Tr-no_132.jpg,notumor,2,train,f1bb36be27d160d8e501a1c71dff0efc8a0d988ec7dce3155aa084d5feb4cfe3,225,225,1.0,JPEG,RGB,Training
data/Training/notumor/Tr-no_1321.jpg,notumor,2,train,780621cd2e1b920f7b5927079905cdbda825201a126618bea96e360d504c1c1c,225,225,1.0,JPEG,RGB,Training
data/Training/notumor/Tr-no_1324.jpg,notumor,2,train,5b17d9619a7c4f3e26227e74c9a8435f191d1da94794c58c28d1608cb3e46887,215,234,0.9188034188034188,JPEG,RGB,Training
data/Training/notumor/Tr-no_1329.jpg,notumor,2,train,34956aab419e0456d64abef36b89543ce33435043326a56546df3a2a084ff130,208,242,0.859504132231405,JPEG,RGB,Training
data/Training/notumor/Tr-no_1331.jpg,notumor,2,train,550c9eea557853a84a2c6a1753ff59e38fe59c082e6d8513ae4acd225b832c05,512,512,1.0,JPEG,RGB,Training
data/Training/notumor/Tr-no_1332.jpg,notumor,2,train,8544a0a4a82567146c4768cf88579273d11fe4448e8094753a6fab66b342c11f,200,252,0.7936507936507936,JPEG,RGB,Training
data/Training/notumor/Tr-no_1334.jpg,notumor,2,train,d687fc81a8dda2bea9063266a85f894de63cebd295e62dcba10c41b19644a08f,600,605,0.9917355371900827,JPEG,RGB,Training
data/Training/notumor/Tr-no_134.jpg,notumor,2,train,d5324d550c6e7469636e73cee9981d85ba0ab3da2595fbc0d8be1ae18badb95e,225,225,1.0,JPEG,RGB,Training
data/Training/notumor/Tr-no_1340.jpg,notumor,2,train,c3de1440ad2dac659ac1f5ef7339fd34940c3aaf4cda60f477f0f4807af4f771,428,417,1.026378896882494,JPEG,RGB,Training
data/Training/notumor/Tr-no_1342.jpg,notumor,2,train,6ba7184b4f88e3d666ca9c17ed2949c72027b420a7f51387190ed3ef400730ea,225,225,1.0,JPEG,RGB,Training
data/Training/notumor/Tr-no_1344.jpg,notumor,2,train,a040a165ba9a0139d488624b833a498f4cfd862509f9bfb376f37c58e4335deb,232,216,1.0740740740740742,JPEG,RGB,Training
data/Training/notumor/Tr-no_1348.jpg,notumor,2,train,a896ed4ceecc2a31a46aa3b1c59d4c65ad65063beeed6e8223b8534c992af726,224,223,1.0044843049327354,JPEG,RGB,Training
data/Training/notumor/Tr-no_135.jpg,notumor,2,train,056ca55a3022ced4705b680b350b2e1c57ebf631b82bff0779f75cb61d7ec993,196,257,0.7626459143968871,JPEG,RGB,Training
data/Training/notumor/Tr-no_1353.jpg,notumor,2,train,cbe0ef3636d38d23bc7bd2ae47a47c7e330825f2a9c15228f238dcc05d051307,442,442,1.0,JPEG,RGB,Training
data/Training/notumor/Tr-no_1358.jpg,notumor,2,train,c16299f2026c2bf42ddfc17c0fb7871014ff4e167a10092a8337dae081635311,550,664,0.8283132530120482,JPEG,RGB,Training
data/Training/notumor/Tr-no_136.jpg,notumor,2,train,04c2ee76633237c27b588a1e032ab54a8feffbec1a2dea04cb71d39fdf328c2e,512,512,1.0,JPEG,RGB,Training
data/Training/notumor/Tr-no_1362.jpg,notumor,2,train,5cc4de1a1e9efaa2204567ce0d36342bcfe2c9942268592bb083cc413d52ccee,441,442,0.997737556561086,JPEG,RGB,Training
data/Training/notumor/Tr-no_1363.jpg,notumor,2,train,ed3152b78ac6b09b0262be66963201172ae7ae3c8622b645805c8a7f6bd1db2a,208,242,0.859504132231405,JPEG,RGB,Training
data/Training/notumor/Tr-no_1365.jpg,notumor,2,train,ea2886e7960d5d503a65c64b70b704781eb1a471deddeef85352ccd57c79d94c,227,222,1.0225225225225225,JPEG,RGB,Training
data/Training/notumor/Tr-no_1366.jpg,notumor,2,train,1d3ec57ba9a8bd568c073be6fb3c0515cf5bf6c327600792ae8fe8695bd99d90,1280,720,1.7777777777777777,JPEG,RGB,Training
data/Training/notumor/Tr-no_1369.jpg,notumor,2,train,e45b6df3f3278dd834baf2133c8b313ce4475604df953221c5cc17a71382e610,225,225,1.0,JPEG,RGB,Training
data/Training/notumor/Tr-no_1372.jpg,notumor,2,train,661471eda7f5ae532074f99376f0b95d3314968a77afd7ccff5902673b51ff52,150,198,0.7575757575757576,JPEG,RGB,Training
data/Training/notumor/Tr-no_1373.jpg,notumor,2,train,e00c47480e1b4d867715c7b66ee6bdd6f6ee8ce6554eacdd3b32d1558b57214a,200,252,0.7936507936507936,JPEG,RGB,Training
data/Training/notumor/Tr-no_1374.jpg,notumor,2,train,f982ee7e65e884ec8eb6352c0d5493ccf325ec9d2bcc0b87b242d01406ba2926,655,602,1.0880398671096345,JPEG,RGB,Training
data/Training/notumor/Tr-no_1377.jpg,notumor,2,train,eafc1ac414e0c174a997858f1d8e7fc7a5e300ee81f4e0f14b110e2b1300a300,201,251,0.8007968127490039,JPEG,RGB,Training
data/Training/notumor/Tr-no_1378.jpg,notumor,2,train,499e9e9ddf8f3e08e8bdb61608c935e4c6fa801214adda1faa3654b879308956,235,229,1.0262008733624455,JPEG,RGB,Training
data/Training/notumor/Tr-no_138.jpg,notumor,2,train,76f30c7bd4b7a59a10b90e5c6209c5645c218a3bf4c9b6a906320056b86e4dc8,442,442,1.0,JPEG,RGB,Training
data/Training/notumor/Tr-no_1390.jpg,notumor,2,train,68010ee52038d3d53290cf60346df44a0266d0a3979606cd708957c50da7c6f0,728,725,1.0041379310344827,JPEG,RGB,Training
data/Training/notumor/Tr-no_1391.jpg,notumor,2,train,61a4f4911d0665034bd7c32cc5d5cc4395735cc971ecba4c1426f500c0ce6991,276,326,0.8466257668711656,JPEG,RGB,Training
data/Training/notumor/Tr-no_1393.jpg,notumor,2,train,226c0f940b79b404623bd9934ca2d00908bb5655153d349b2d9d520e131df468,414,496,0.8346774193548387,JPEG,RGB,Training
data/Training/notumor/Tr-no_1398.jpg,notumor,2,train,6ca49087c681098405f19fd501a3d3b227f4465fb0a0bd6a398a43b7359d0494,210,213,0.9859154929577465,JPEG,RGB,Training
data/Training/notumor/Tr-no_140.jpg,notumor,2,train,54c2cd1c93235ac019f3fbea08088f4eb8eb21850c08133b9304aef6f7f45c85,208,242,0.859504132231405,JPEG,RGB,Training
data/Training/notumor/Tr-no_144.jpg,notumor,2,train,abe98d31542ead0d5c7684d20f61981266e1e0e4160ec49e8f70aec693942178,235,227,1.0352422907488987,JPEG,RGB,Training
data/Training/notumor/Tr-no_148.jpg,notumor,2,train,55e055dcb32daa72810e11fc5c27337de46e4590b4056e68dd69b9648f8385dd,300,168,1.7857142857142858,JPEG,RGB,Training
data/Training/notumor/Tr-no_157.jpg,notumor,2,train,618558f00a653a54588bfbc5d26f68db5a90b06857bf0b5f479b36934745dfea,214,236,0.9067796610169492,JPEG,RGB,Training
data/Training/notumor/Tr-no_161.jpg,notumor,2,train,f2b03b09601dd55cfd4a9f38c8d9bf86bfa63627de9d679f0e47f74c30ad5771,233,218,1.0688073394495412,JPEG,RGB,Training
data/Training/notumor/Tr-no_163.jpg,notumor,2,train,90fa665b9df91f0a8aa339ad70c46e3593434abae82ac2e2c0b54aed686174e9,227,262,0.8664122137404581,JPEG,RGB,Training
data/Training/notumor/Tr-no_169.jpg,notumor,2,train,a0acc91f6c5b7b45dbb7e20a7846c3730ca11066053b02dd8835fc666dfd0f46,225,225,1.0,JPEG,RGB,Training
data/Training/notumor/Tr-no_170.jpg,notumor,2,train,df89caead793a966b591094c186c786ad5966e4c43742b0b94ff34af462ed931,235,214,1.0981308411214954,JPEG,RGB,Training
data/Training/notumor/Tr-no_171.jpg,notumor,2,train,8cbdf77b7d652940548a45eb147ccee3af04119d8e1853a7fdb707425be4abe3,275,301,0.9136212624584718,JPEG,RGB,Training
data/Training/notumor/Tr-no_172.jpg,notumor,2,train,2a7f52f3784730274376b5b98ffa360ab63c3a3d41f8a5699c163bcde5df8924,512,512,1.0,JPEG,RGB,Training
data/Training/notumor/Tr-no_173.jpg,notumor,2,train,170855894c71be834c7c6e4370aead307a14f4a1049c05c4997a69bf79d65c3d,210,234,0.8974358974358975,JPEG,RGB,Training
data/Training/notumor/Tr-no_174.jpg,notumor,2,train,40c4c195dc208db9f1e5821bf6d1bae1829d52d5d21f2099ca74587fe090b430,236,315,0.7492063492063492,JPEG,RGB,Training
data/Training/notumor/Tr-no_179.jpg,notumor,2,train,7516a3d4cb6e3e4ef522171ca63d42d35b9f1b73b6ed41cf8e1520c69f136543,200,252,0.7936507936507936,JPEG,RGB,Training
data/Training/notumor/Tr-no_180.jpg,notumor,2,train,8cdc410c75a7bd8b053a23461ae9d962c1e22068f7fb3447b9b1357a5b025e31,253,239,1.0585774058577406,JPEG,RGB,Training
data/Training/notumor/Tr-no_181.jpg,notumor,2,train,90fc9e73c6c50cd85865c531081a4929b1860fd5cd191094d19c883ebf71db13,201,251,0.8007968127490039,JPEG,RGB,Training
data/Training/notumor/Tr-no_183.jpg,notumor,2,train,2a5246d971194da6cf2d837e7799a586e8cc2ad0cdd3724a31ee781d32ae7694,550,664,0.8283132530120482,JPEG,RGB,Training
data/Training/notumor/Tr-no_184.jpg,notumor,2,train,64f675490ba0a82a7b13d9de46bb3fd5fe30df2ccffb0909276ecd96aaa4e9e5,225,225,1.0,JPEG,RGB,Training
data/Training/notumor/Tr-no_186.jpg,notumor,2,train,2e0e41b818666562dbc7fd2b67de7e857bc6391346d28df26e6e8200a71e1f8f,228,221,1.0316742081447965,JPEG,RGB,Training
data/Training/notumor/Tr-no_190.jpg,notumor,2,train,a0bb7df76c34608c2fc23e41d23388872f534b5f213dfb0aeab2a11d41c91917,314,258,1.2170542635658914,JPEG,RGB,Training
data/Training/notumor/Tr-no_192.jpg,notumor,2,train,a79a6bac948993864b8ec4c684dbe88f0434fe0aa6e9455bd5c0c81e95f8f908,356,474,0.7510548523206751,JPEG,RGB,Training
data/Training/notumor/Tr-no_193.jpg,notumor,2,train,8cc2e202a78bdd1c1a60c3d926eb622d5eb8ee48686725b1f33d1fcd3a6abee0,192,192,1.0,JPEG,RGB,Training
data/Training/notumor/Tr-no_201.jpg,notumor,2,train,52da8941066579b7814cb28fc51496ca46ed1c48e199c7340397ff9d845fea6f,225,225,1.0,JPEG,RGB,Training
data/Training/notumor/Tr-no_204.jpg,notumor,2,train,0196e55c06f0003b249461f8932686d5e2e26297b1fea8f4b2f3a997f49130b1,512,512,1.0,JPEG,RGB,Training
data/Training/notumor/Tr-no_206.jpg,notumor,2,train,6aebb68de5a3bebf2c17ee8ab8818e5d9be3dccbb61697b5f2767dc78f90e898,225,225,1.0,JPEG,RGB,Training
data/Training/notumor/Tr-no_208.jpg,notumor,2,train,d03f9bf4ee9efb023b77870e7aca680fec1d25390519685c1ca995635bd56e71,237,248,0.9556451612903226,JPEG,RGB,Training
data/Training/notumor/Tr-no_209.jpg,notumor,2,train,0e507ac57f06135e7a64c5f248055b54b7324cfc63a46d5c70c9d2ae78496578,468,444,1.054054054054054,JPEG,RGB,Training
data/Training/notumor/Tr-no_212.jpg,notumor,2,train,bebbe144c4ee44ac3de78aa4023006bec35279e2747fa71d57ea9688d7ee3202,225,225,1.0,JPEG,RGB,Training
data/Training/notumor/Tr-no_214.jpg,notumor,2,train,26b9ec3d8a97efb60bc5b9b325bd451ab002023a4ed861cb091fab6211a25922,629,585,1.0752136752136752,JPEG,RGB,Training
data/Training/notumor/Tr-no_215.jpg,notumor,2,train,1dfd1c1df9a48ae0b933aeb97ad84c4311895272b9ccfd7db7917dbb41a41735,442,442,1.0,JPEG,RGB,Training
data/Training/notumor/Tr-no_22.jpg,notumor,2,train,507eb1db1de543959cc5da185fb093d021572879e5d29e3a732a3cff5de1db18,550,664,0.8283132530120482,PNG,RGBA,Training
data/Training/notumor/Tr-no_222.jpg,notumor,2,train,fb379f17e027f31c8f27bc8e2aec4a8e884e303998a36d4ba9fc30b9fe52535e,233,243,0.9588477366255144,JPEG,RGB,Training
data/Training/notumor/Tr-no_226.jpg,notumor,2,train,907618fca90c54efe0fc980d704de7cb35ad9848695bdb53b478ea6e3f2d0c3e,442,454,0.973568281938326,JPEG,RGB,Training
data/Training/notumor/Tr-no_228.jpg,notumor,2,train,de417e025b410ef73150fc74fda9a0770f05804dd98f821ddf35f537c3270963,225,225,1.0,JPEG,RGB,Training
data/Training/notumor/Tr-no_231.jpg,notumor,2,train,863298911149814fe0cb5b8ef54989a177bc2f303359197dc2ba63948c5ff9aa,400,442,0.9049773755656109,JPEG,RGB,Training
data/Training/notumor/Tr-no_238.jpg,notumor,2,train,e21d8edf38f574e0d012a5dd04f1620542b0f22cec2c937e459c13197771c2d4,228,221,1.0316742081447965,JPEG,RGB,Training
data/Training/notumor/Tr-no_240.jpg,notumor,2,train,7eaa002a0f3e3218544c9380f26b51ac56250061b82317c54caeaea60d57ce14,222,252,0.8809523809523809,JPEG,RGB,Training
data/Training/notumor/Tr-no_242.jpg,notumor,2,train,1abd31bd5fbd428c63f0ca22544012d80931a43d3510db6b4c1c7a8a34230d4c,472,537,0.8789571694599627,JPEG,RGB,Training
data/Training/notumor/Tr-no_244.jpg,notumor,2,train,0731eec436d23b22fc628e970d5c0b1a849300708d370bdf2072f792c8c5eb68,208,225,0.9244444444444444,JPEG,RGB,Training
data/Training/notumor/Tr-no_25.jpg,notumor,2,train,afd22059e99aa3e2d584ebc1c54d5ad399afd9730ae543735b3b57dbaa177cad,218,231,0.9437229437229437,JPEG,RGB,Training
data/Training/notumor/Tr-no_250.jpg,notumor,2,train,23ba0f822fa01af2201accd13dc5c10c806d05bfd40613948899233dcb6f4e98,236,236,1.0,JPEG,RGB,Training
data/Training/notumor/Tr-no_252.jpg,notumor,2,train,c4d36ff5bb9039ee4593776af374adecf4912e080e5f656143ecdba608b3edda,232,217,1.0691244239631337,JPEG,RGB,Training
data/Training/notumor/Tr-no_256.jpg,notumor,2,train,bf65ee0b9ba91bedf9840269b5ec9716ac9ef035eb30f9b407fbbcb81cfcc907,206,244,0.8442622950819673,JPEG,RGB,Training
data/Training/notumor/Tr-no_257.jpg,notumor,2,train,12bab47479354d935f0fdb4224849aacab73482b897700bb58d8263ee004194a,439,512,0.857421875,JPEG,RGB,Training
data/Training/notumor/Tr-no_26.jpg,notumor,2,train,60c0368f4b7805cf2e46b2df5da63d632615c2870b6a442e0ea05409741e4ce3,225,225,1.0,JPEG,RGB,Training
data/Training/notumor/Tr-no_266.jpg,notumor,2,train,123bff51657ba027ebe6841013e8a3535bf79ae08eaeb405af602fa08ecb23fb,550,664,0.8283132530120482,JPEG,RGB,Training
data/Training/notumor/Tr-no_268.jpg,notumor,2,train,6a98663bcf64f4e86ecf2cd1c9d37a8eb9d6d92b8958d0b1b90cefbdcd3ed4eb,339,340,0.9970588235294118,JPEG,RGB,Training
data/Training/notumor/Tr-no_269.jpg,notumor,2,train,9cfaf78f692448fa869123d25585323c95fc87766aa1b6f90997aac3a9edb46f,209,242,0.8636363636363636,JPEG,RGB,Training
data/Training/notumor/Tr-no_274.jpg,notumor,2,train,8b3896b9629b10d8cf81f3780db85bc4ff9e12b8cf8a3e24109dd63b66c285ca,446,512,0.87109375,JPEG,RGB,Training
data/Training/notumor/Tr-no_277.jpg,notumor,2,train,f358504912d09b379e6cfab386fe93c80fad24ad76471980dacf6d67cce20182,468,444,1.054054054054054,JPEG,RGB,Training
data/Training/notumor/Tr-no_279.jpg,notumor,2,train,a603f9f2a93a8961a60a30ffe86c3d12bb98df9a4b2105d21574bfac7094b8e5,350,350,1.0,JPEG,RGB,Training
data/Training/notumor/Tr-no_28.jpg,notumor,2,train,9138680b551d4495a27d6f3abe74d43bf9fad714a195e35cc4a18d51ae24f4b2,236,236,1.0,JPEG,RGB,Training
data/Training/notumor/Tr-no_285.jpg,notumor,2,train,b570f1969b5fd9cb788e25502226d2e356848d654eb287c7fe777b541c287997,215,234,0.9188034188034188,JPEG,RGB,Training
data/Training/notumor/Tr-no_286.jpg,notumor,2,train,04311c10b7b3d271105c0982b6d92648e2c21119386e6717317ccfd3b6d1cca9,356,474,0.7510548523206751,JPEG,RGB,Training
data/Training/notumor/Tr-no_289.jpg,notumor,2,train,b2d3bcd4c7f0da89ce062f0aff99da6f505a0cdd8e2a86b7c4fc319def24fb28,236,223,1.0582959641255605,JPEG,RGB,Training
data/Training/notumor/Tr-no_292.jpg,notumor,2,train,bba8800f4851bc26e45d08df003e7c6766769854c0ee6f61dc86a9379f23f4f0,235,261,0.9003831417624522,JPEG,RGB,Training
data/Training/notumor/Tr-no_295.jpg,notumor,2,train,dd3bc1622056d64a387fcd489937ab1c2678124f310d0c6064680a3db8213574,350,350,1.0,JPEG,RGB,Training
data/Training/notumor/Tr-no_297.jpg,notumor,2,train,b74aa34d8768e5d710ec5cd78086fc9dc9e87a22fbccf0741c3eb02a8c7e48ba,228,221,1.0316742081447965,JPEG,RGB,Training
data/Training/notumor/Tr-no_298.jpg,notumor,2,train,13928e6e0924537a7b219c72284ee14bef3fd9b84b3f97a499a3d2a40dfecbe8,278,253,1.098814229249012,JPEG,RGB,Training
data/Training/notumor/Tr-no_3.jpg,notumor,2,train,d1a2e46af251531a83d74108ee40b463bd91757d672cef3821bda5bb5915db80,236,236,1.0,JPEG,RGB,Training
data/Training/notumor/Tr-no_30.jpg,notumor,2,train,c042abab7d27af163a6173360ace82183c587391c75942ba182930b80d97c60b,200,210,0.9523809523809523,JPEG,RGB,Training
data/Training/notumor/Tr-no_300.jpg,notumor,2,train,cf48ad9b66b38ecec0937c8d5ec62b8f3b7d3ca72abdc4f4f0748ffddd686f56,212,280,0.7571428571428571,JPEG,RGB,Training
data/Training/notumor/Tr-no_302.jpg,notumor,2,train,1b0d1eeaedc8ba840df7a94620e2f8e0baeb041adaffa99bccab840e8420a1a7,380,530,0.7169811320754716,JPEG,RGB,Training
data/Training/notumor/Tr-no_304.jpg,notumor,2,train,f0c7bdc7af0ccffe50c9d8d24cbc7ee8c65eb963e663ee357990b2911b9acbaa,512,512,1.0,JPEG,RGB,Training
data/Training/notumor/Tr-no_305.jpg,notumor,2,train,7d97addf3d290966a4127009c552d3b6e4be44b83695f60493e9de8dc0d9d3cb,456,501,0.9101796407185628,JPEG,RGB,Training
data/Training/notumor/Tr-no_312.jpg,notumor,2,train,2c90a383790e144f0e2ce58f7e65e2ced3c4efc4988e5daaf2ffebd7f7226813,214,236,0.9067796610169492,JPEG,RGB,Training
data/Training/notumor/Tr-no_315.jpg,notumor,2,train,dc3194267626055263b24104ba463b68902205a2fa8be1e86c46ea206818f72e,850,872,0.9747706422018348,JPEG,RGB,Training
data/Training/notumor/Tr-no_325.jpg,notumor,2,train,c3199e6b65fa35ed142c0c08397544d5bf6d599166444d518b7ad12ada75b07f,234,218,1.073394495412844,JPEG,RGB,Training
data/Training/notumor/Tr-no_33.jpg,notumor,2,train,79945bef391bc72dd47499461ef7d2588a389b2dc2424f80745d18c4fbd0ece4,228,221,1.0316742081447965,JPEG,RGB,Training
data/Training/notumor/Tr-no_332.jpg,notumor,2,train,c097d7fbd4cec2cbc555a8846307fa5bbcacac0985e289aa6fd7d8ebc4bd62cf,380,530,0.7169811320754716,JPEG,RGB,Training
data/Training/notumor/Tr-no_333.jpg,notumor,2,train,4f5e65c8587a77f9c9ac8a83477139c26a311903c07dda09f4633954da11a9a3,236,213,1.107981220657277,JPEG,RGB,Training
data/Training/notumor/Tr-no_336.jpg,notumor,2,train,38208809d3a1182a66394b2f12ef805cb28ff02e698b7f43b4c087a9140c3d50,254,198,1.2828282828282829,JPEG,RGB,Training
data/Training/notumor/Tr-no_337.jpg,notumor,2,train,da4a8c051834b4270ef1f63ff5c89c6c0a7e355fc44cd55bf95d0e9777ac57bf,227,262,0.8664122137404581,JPEG,RGB,Training
data/Training/notumor/Tr-no_34.jpg,notumor,2,train,5c0d3ad1007d8059b85083275f434aa4b76723f8a6391cae70056028d963fb9d,205,214,0.9579439252336449,JPEG,RGB,Training
data/Training/notumor/Tr-no_342.jpg,notumor,2,train,212f6cf3bf6231e7889225283fad106c052c5be82a379c5363a92263d531a661,393,400,0.9825,JPEG,RGB,Training
data/Training/notumor/Tr-no_344.jpg,notumor,2,train,52a340b9ac04f046031b814a7aa0eb2e93f4874dce64458979590d54737ba788,209,234,0.8931623931623932,JPEG,RGB,Training
data/Training/notumor/Tr-no_345.jpg,notumor,2,train,5fb464a957be734b58ae87b8ca8240a04d9b3970d23257ab65f7cfc530fd47c7,442,442,1.0,JPEG,RGB,Training
data/Training/notumor/Tr-no_346.jpg,notumor,2,train,79f99b308f2c11efdf5064d2242a38f687521c03551460fe223d7078e59a75b9,235,216,1.087962962962963,JPEG,RGB,Training
data/Training/notumor/Tr-no_350.jpg,notumor,2,train,76231a5a11196226281039e86b00102c25d95a7a72792dac4bff4349b25aac28,225,225,1.0,JPEG,RGB,Training
data/Training/notumor/Tr-no_354.jpg,notumor,2,train,84561b7e64d6cb0a81c049e1f83e70be1ca0d916a48ae6ddd395682f590bb70a,228,221,1.0316742081447965,JPEG,RGB,Training
data/Training/notumor/Tr-no_355.jpg,notumor,2,train,c9b9e049f447c824ac29c6050ea50cb20d99dc26b5623c540a3ae66725b21397,201,251,0.8007968127490039,JPEG,RGB,Training
data/Training/notumor/Tr-no_356.jpg,notumor,2,train,96a2c270b37d582f9b29ff8188da97a66c0cf67f78d1714b3f7f36e9dcf0cd78,626,575,1.088695652173913,JPEG,RGB,Training
data/Training/notumor/Tr-no_358.jpg,notumor,2,train,7f983cc51be93487fbd615114cc5af07f70cb06f53f94256793190645a10ccfc,208,248,0.8387096774193549,JPEG,RGB,Training
data/Training/notumor/Tr-no_36.jpg,notumor,2,train,45027bdcbbdbc00a24e12a46d0933b0a7febf9bc9b3d580c59dae3707e5e1f9d,201,250,0.804,JPEG,RGB,Training
data/Training/notumor/Tr-no_366.jpg,notumor,2,train,28c4c7469d95427652bb6d65bf50ba16f779c3c7b06ae920aebaa8f3c6a16ba9,228,221,1.0316742081447965,JPEG,RGB,Training
data/Training/notumor/Tr-no_369.jpg,notumor,2,train,f4eb8fa340816d0a5ce508018c37b81b791aea151d22e58544bc697b5a1db785,504,540,0.9333333333333333,JPEG,RGB,Training
data/Training/notumor/Tr-no_370.jpg,notumor,2,train,04544d80e377d44bd0baba898e454fb69b0c1783e3d39c8f231b692746cd90c8,400,442,0.9049773755656109,JPEG,RGB,Training
data/Training/notumor/Tr-no_372.jpg,notumor,2,train,6d1cb401b42260dd4fcb08a3885584434469c7b30cb12334604e4a0445ce892c,230,282,0.8156028368794326,JPEG,RGB,Training
data/Training/notumor/Tr-no_376.jpg,notumor,2,train,7e690ed63f7ae9b546125c2bcc7057793dad8ce9287a6f692defab5f07411b2b,321,351,0.9145299145299145,JPEG,RGB,Training
data/Training/notumor/Tr-no_379.jpg,notumor,2,train,cf0d07446237faf646212428f7265ad49f560f96749744728c51507f521358be,225,225,1.0,JPEG,RGB,Training
data/Training/notumor/Tr-no_38.jpg,notumor,2,train,915e585217e2b77402e9482a85ada08f1c3008d34e743fb62a64ec803a5a0b13,196,257,0.7626459143968871,JPEG,RGB,Training
data/Training/notumor/Tr-no_381.jpg,notumor,2,train,5f476476bef846f5acae8921fedc906286b63617f7c7d5344f535ff616f89fe4,192,192,1.0,JPEG,RGB,Training
data/Training/notumor/Tr-no_383.jpg,notumor,2,train,49670f12f58a102b599d4f2ec0029c5afada015eb1f8572c2eb65555a43485ff,236,268,0.8805970149253731,JPEG,RGB,Training
data/Training/notumor/Tr-no_393.jpg,notumor,2,train,10bc81d4edc7752926c7365370163e7c94bc8c2641087c2637940577873df75d,441,442,0.997737556561086,JPEG,RGB,Training
data/Training/notumor/Tr-no_395.jpg,notumor,2,train,bfb5b20e8cf19180fe11904320678e001ece64cc05004cce4ffbbc10ec9a649c,218,231,0.9437229437229437,JPEG,RGB,Training
data/Training/notumor/Tr-no_397.jpg,notumor,2,train,9d1a69a3344425a6b71d0d5a6441dac3178375d871673b727e29311811dc1805,300,168,1.7857142857142858,JPEG,RGB,Training
data/Training/notumor/Tr-no_398.jpg,notumor,2,train,e3c7856f82e083ca59e068edc82420265fae942d33a7a9dbcee33757d66a9441,215,234,0.9188034188034188,JPEG,RGB,Training
data/Training/notumor/Tr-no_399.jpg,notumor,2,train,f0a399b679801c266cdc9fc2f5f1c75969a45f1f6e88f014cdeedb685dd06861,393,400,0.9825,JPEG,RGB,Training
data/Training/notumor/Tr-no_407.jpg,notumor,2,train,31962adb979b957fecfaba3ee78286429f762b033fb516cbc510c70317422d4d,236,309,0.7637540453074434,JPEG,RGB,Training
data/Training/notumor/Tr-no_408.jpg,notumor,2,train,b0b2ec64362c12d276960179716816dae72c98c7c4deeb99d2fd8c2e2fb82275,236,236,1.0,JPEG,RGB,Training
data/Training/notumor/Tr-no_418.jpg,notumor,2,train,29fe9e941e1cad862becb9f83e5eff7a3c267cb721a8fe41f387fc8b44c1c504,300,168,1.7857142857142858,JPEG,RGB,Training
data/Training/notumor/Tr-no_419.jpg,notumor,2,train,12c89d5ef2f6b1139404c15f7b43ca5a4be0a8cf066761a4e183bafeac66c154,225,225,1.0,JPEG,RGB,Training
data/Training/notumor/Tr-no_421.jpg,notumor,2,train,cd02ef300d1decd39b225dccaab8cf10271670ecd862dd541a62b67eec67d718,1000,583,1.7152658662092624,JPEG,RGB,Training
data/Training/notumor/Tr-no_422.jpg,notumor,2,train,126425b974cb3db4cd02c023f59c217132663430cb48b8a2cf587ef9840b9aa4,504,540,0.9333333333333333,JPEG,RGB,Training
data/Training/notumor/Tr-no_423.jpg,notumor,2,train,47e9aa706a7e99da3b5418aee29222edc7e8be79ba103b0a062450147910621f,409,442,0.9253393665158371,JPEG,RGB,Training
data/Training/notumor/Tr-no_426.jpg,notumor,2,train,dea4f4cd9bbebc2b56b7134559f726af93bac62b44e444e11dd2581db9f8d691,235,264,0.8901515151515151,JPEG,RGB,Training
data/Training/notumor/Tr-no_428.jpg,notumor,2,train,de6de1889810c25b5df70ff124e03d4587ed8ac80c3b42293b7fc197e69ef5c7,444,506,0.8774703557312253,JPEG,RGB,Training
data/Training/notumor/Tr-no_431.jpg,notumor,2,train,2e7b1d272f08d840ee8798ac253526da6a4acc2cb489c5c65efcb3996e8918c2,232,217,1.0691244239631337,JPEG,RGB,Training
data/Training/notumor/Tr-no_432.jpg,notumor,2,train,430457f4cdbcf2e4e161f950ada4d0d976040e56686816a0580d05224c8952d8,150,198,0.7575757575757576,JPEG,RGB,Training
data/Training/notumor/Tr-no_433.jpg,notumor,2,train,be6ef15931050e03466f4e717e12d045fb50bd642a98c298ead359a0b04e6a71,630,630,1.0,JPEG,RGB,Training
data/Training/notumor/Tr-no_434.jpg,notumor,2,train,34f18b02f98196d8a66a28755f1f831a7db35a7a43031c6b8377b1dc2c5fbe21,235,257,0.914396887159533,JPEG,RGB,Training
data/Training/notumor/Tr-no_436.jpg,notumor,2,train,5d13737b5bd27e970352088f4351f29ea9b06efe6afea71e1cbc9becc2168f6b,236,232,1.0172413793103448,JPEG,RGB,Training
data/Training/notumor/Tr-no_440.jpg,notumor,2,train,9166e9b1d6a47e1c499750b71b958e2b48a55483cbe22f94f38e07bce0562c01,225,225,1.0,JPEG,RGB,Training
data/Training/notumor/Tr-no_441.jpg,notumor,2,train,7f4fc910f2934800a32292548b65b96eb43f3282f30be75accc38d3243691669,441,442,0.997737556561086,JPEG,RGB,Training
data/Training/notumor/Tr-no_442.jpg,notumor,2,train,ad80be6d5249c61600fa181e23c367f72567255fcf692f227668653da521e446,209,242,0.8636363636363636,JPEG,RGB,Training
data/Training/notumor/Tr-no_443.jpg,notumor,2,train,4c40fb5b176239cc1faf0303525aeb853fd9616165414d366e3c18d5d707cdd8,504,540,0.9333333333333333,JPEG,RGB,Training
data/Training/notumor/Tr-no_445.jpg,notumor,2,train,f961af9b4409127ec7c8b32a0355054e723d3c09774c39600c2d610d46bd7e77,350,350,1.0,JPEG,RGB,Training
data/Training/notumor/Tr-no_45.jpg,notumor,2,train,6bd421e9a17b412e82c7446b9cf5ce680ca7a37ccf21cda8177ee10779c66a8f,201,251,0.8007968127490039,JPEG,RGB,Training
data/Training/notumor/Tr-no_451.jpg,notumor,2,train,669fc412bfd0b113464b990c7e03df469d7a8a6a727c4fd6fe2f1eed048edac8,600,600,1.0,JPEG,RGB,Training
data/Training/notumor/Tr-no_452.jpg,notumor,2,train,838bcad9d7835d06ad2ccd1626e4dec8546641254c9a45bb8c679c3fb14a7111,225,225,1.0,JPEG,RGB,Training
data/Training/notumor/Tr-no_457.jpg,notumor,2,train,962af6bc7ffa1520e94b2429d69815b3c2bc051d32d819c1056b83d3911acd5b,236,201,1.1741293532338308,JPEG,RGB,Training
data/Training/notumor/Tr-no_458.jpg,notumor,2,train,058acf2328612b40fd41946f208e6be511ef06c177d25649b76e78814f32b1cd,225,225,1.0,JPEG,RGB,Training
data/Training/notumor/Tr-no_459.jpg,notumor,2,train,a008ffadb31b88e81e81da1e1ec778ea6d254586129b6a7a02c6fcaa4e593d05,200,200,1.0,JPEG,RGB,Training
data/Training/notumor/Tr-no_462.jpg,notumor,2,train,7bae059adc6a7925af8e40a5476e8e137b5c8ec79b9d6051cb80ea3c429c2ee2,207,207,1.0,JPEG,RGB,Training
data/Training/notumor/Tr-no_471.jpg,notumor,2,train,8231a942f3c96e568f42b278b31a71c4b2a625185a57196b4d4262b905de23bf,339,340,0.9970588235294118,JPEG,RGB,Training
data/Training/notumor/Tr-no_476.jpg,notumor,2,train,171701a6d3ed385370028f364a7c20a46e12a08bae4083d449afa0011483640b,630,630,1.0,JPEG,RGB,Training
data/Training/notumor/Tr-no_477.jpg,notumor,2,train,5ce51f19354541dbd10b257efc54465325500ce8be51fd7b74a93a896604a8a5,468,444,1.054054054054054,JPEG,RGB,Training
data/Training/notumor/Tr-no_478.jpg,notumor,2,train,1799ccdd88f1acb5d785903530ba5ef19df79af108e8ed67a81ffbd4143aea12,550,664,0.8283132530120482,JPEG,RGB,Training
data/Training/notumor/Tr-no_481.jpg,notumor,2,train,7c2577e8790104da278c927f4f847324391ed884baf7fe865d284c4079c3307a,622,777,0.8005148005148005,JPEG,RGB,Training
data/Training/notumor/Tr-no_482.jpg,notumor,2,train,bee2cef304bc1b1ca05b6d5e4655b87d61a9bacd354faeb23631e422449b97d5,421,486,0.8662551440329218,JPEG,RGB,Training
data/Training/notumor/Tr-no_483.jpg,notumor,2,train,84beb9f1767c375d71847e8d84294f991ba3de3b2402e90671fe6d189499cd10,230,282,0.8156028368794326,JPEG,RGB,Training
data/Training/notumor/Tr-no_484.jpg,notumor,2,train,5e8e7e1fccad5a90e30a28d555dff6822ea38f63732cba8df8233d7a9d51cb50,206,244,0.8442622950819673,JPEG,RGB,Training
data/Training/notumor/Tr-no_485.jpg,notumor,2,train,f5a1c07c1791b509ad38d5446ae920320b236e42bd7ab0ff57419980936992bc,218,231,0.9437229437229437,JPEG,RGB,Training
data/Training/notumor/Tr-no_486.jpg,notumor,2,train,15bda63403ef1181994cce3e5780dd4c58a4002cd28fdbe09ef80bd17e4cc048,227,300,0.7566666666666667,JPEG,RGB,Training
data/Training/notumor/Tr-no_487.jpg,notumor,2,train,97c55e30b9dded62a4722efba550ba6b2fd2b4026adc508d06c17ce273405147,224,262,0.8549618320610687,JPEG,RGB,Training
data/Training/notumor/Tr-no_49.jpg,notumor,2,train,cfba3db73d84b659501daedda950c8825d6c828aca87f810fd79036178796e51,442,454,0.973568281938326,JPEG,RGB,Training
data/Training/notumor/Tr-no_493.jpg,notumor,2,train,0b445f4670ee6529d601181f0dcf04f4051607a385dd041cfb80b9e85ef9e527,233,210,1.1095238095238096,JPEG,RGB,Training
data/Training/notumor/Tr-no_496.jpg,notumor,2,train,c2ff1fc3f5d1112edbe5c796c8f77dacf3353d7339d4d1a943b3d031b1502281,216,202,1.0693069306930694,JPEG,RGB,Training
data/Training/notumor/Tr-no_505.jpg,notumor,2,train,a68887c9edd3eec827845d16b3d3177d77f62a7718bcd2870a9e33ee0cad2002,407,485,0.8391752577319588,JPEG,RGB,Training
data/Training/notumor/Tr-no_506.jpg,notumor,2,train,e207a629a31016ba64518900f4a7dc415656f1116a93cfb375b58ad70e5f0421,1024,1024,1.0,JPEG,RGB,Training
data/Training/notumor/Tr-no_507.jpg,notumor,2,train,b07e541a03ca81cb4808a11f918334ca009766ac24705fb46132d6af62b46d9e,196,257,0.7626459143968871,JPEG,RGB,Training
data/Training/notumor/Tr-no_509.jpg,notumor,2,train,b65a31845bd2fb12a76ab2e21a18f2387cd4e49cb8ecff71b813cdc3333635bc,208,248,0.8387096774193549,JPEG,RGB,Training
data/Training/notumor/Tr-no_515.jpg,notumor,2,train,29e66dda6b0c2905667df5826235629b281b6b6e16c6aeebff113b2f9d429b29,225,225,1.0,JPEG,RGB,Training
data/Training/notumor/Tr-no_519.jpg,notumor,2,train,0fd5b36c80e1a8a8e9ecd34c9e7647bb177c075a4195284a45a89fe27ee35e48,233,226,1.0309734513274336,JPEG,RGB,Training
data/Training/notumor/Tr-no_520.jpg,notumor,2,train,0ba577609dbbdce93c7ee3744ddf4a068c26a456309c660d28e09c9c71ebe9fd,201,249,0.8072289156626506,JPEG,RGB,Training
data/Training/notumor/Tr-no_522.jpg,notumor,2,train,67f349c9d5f2ef599ab0bbd92083c7c3d972d5906e65e8b5e41574a5d2593b50,236,236,1.0,JPEG,RGB,Training
data/Training/notumor/Tr-no_523.jpg,notumor,2,train,9ddb8a28a2726af7601dbb7d99e1fe956f7513227d3285583f38d5378a29f03d,255,236,1.0805084745762712,JPEG,RGB,Training
data/Training/notumor/Tr-no_524.jpg,notumor,2,train,db7d968d2b5820bab84a023dbcbf5999a72f5269ac7ca597aa132e3991636eda,630,630,1.0,JPEG,RGB,Training
data/Training/notumor/Tr-no_525.jpg,notumor,2,train,3339bd82535ca9b548778ffaa35e3129864a9d25cf07c3474ec9c0db4d6226db,251,273,0.9194139194139194,JPEG,RGB,Training
data/Training/notumor/Tr-no_527.jpg,notumor,2,train,729056ca659286f4eaf9995e50eb892c98d589e456522a02b8c8fe7f2faf9331,232,217,1.0691244239631337,JPEG,RGB,Training
data/Training/notumor/Tr-no_529.jpg,notumor,2,train,c75eb58de1265b37661b853bff43efef091bb3e8eaef6cb9f0ae95f8bcce2226,173,201,0.8606965174129353,JPEG,RGB,Training
data/Training/notumor/Tr-no_531.jpg,notumor,2,train,f3fb2476013b261d7377534e0be53a3f8c08abbee89f579dfb6d4aedfc5ba913,229,214,1.0700934579439252,JPEG,RGB,Training
data/Training/notumor/Tr-no_532.jpg,notumor,2,train,42220eba59b4cf011bda8b49ecdcdfd459c5b82fc90237ae37ea2fd26fd0abc1,228,221,1.0316742081447965,JPEG,RGB,Training
data/Training/notumor/Tr-no_533.jpg,notumor,2,train,71662eb3b1b91bd8a7254a1d5aefeff275737b18bc6b703b7825a858889d9f19,221,257,0.8599221789883269,JPEG,RGB,Training
data/Training/notumor/Tr-no_535.jpg,notumor,2,train,3794685ae191cfb1266e31c915bca4210d16e69377ffbc074551715fb1304172,225,225,1.0,JPEG,RGB,Training
data/Training/notumor/Tr-no_537.jpg,notumor,2,train,2606d15d1f12f67778b1154320a3bf69fc25b03e2b554bd1fc8af06767672ad0,236,236,1.0,JPEG,RGB,Training
data/Training/notumor/Tr-no_539.jpg,notumor,2,train,b8642742a895d6c122003a345e27bc62fae94625099fcd4a16154176e1eee6a2,212,236,0.8983050847457628,JPEG,RGB,Training
data/Training/notumor/Tr-no_54.jpg,notumor,2,train,6d45f61b2dae9565452c63c33b8ddede0205e8b2d85979e67499eb3fd00c148f,442,454,0.973568281938326,JPEG,RGB,Training
data/Training/notumor/Tr-no_548.jpg,notumor,2,train,6aae52f248e55d8cd01f970592630baaf79520fccc09c06c45f6e6834daba770,300,168,1.7857142857142858,JPEG,RGB,Training
data/Training/notumor/Tr-no_553.jpg,notumor,2,train,e7b32d0c6a691f6384d6460d3e9a831dfc684b8580e7e2ed5ef3fabf7ca60858,215,234,0.9188034188034188,JPEG,RGB,Training
data/Training/notumor/Tr-no_567.jpg,notumor,2,train,5d09bbdefbab4e91a902d8cc653b1e3352be2e176a9f601332a21829ff6fccac,150,198,0.7575757575757576,JPEG,RGB,Training
data/Training/notumor/Tr-no_568.jpg,notumor,2,train,bc15af4e4997758133b9804744272f2f4de3e195d65fc7eadeec54f322895cf5,225,225,1.0,JPEG,RGB,Training
data/Training/notumor/Tr-no_574.jpg,notumor,2,train,bbc20200fcb75f57d6d5153f76965bdc7958b03f3c7322e36694aabc060044dc,225,225,1.0,JPEG,RGB,Training
data/Training/notumor/Tr-no_576.jpg,notumor,2,train,dad0c04e6b7b6c77fb872a02e1d65feaa973cb5eaacb95f512c6a6ad9dbd2c58,225,225,1.0,JPEG,RGB,Training
data/Training/notumor/Tr-no_577.jpg,notumor,2,train,e31612a9c85f905ce12b6eed9b8956ec49ab4ad23453b2326c01d6b23f4e9eb7,1024,1024,1.0,JPEG,RGB,Training
data/Training/notumor/Tr-no_579.jpg,notumor,2,train,af3acb8bb94115159ab23187be536beb39c1d23798c995360c0e598e620b28f2,236,228,1.0350877192982457,JPEG,RGB,Training
data/Training/notumor/Tr-no_580.jpg,notumor,2,train,784af6af58fbdb7460762d5970d2626a83124e34bfb59f44d22da3ddc0f0e79c,236,213,1.107981220657277,JPEG,RGB,Training
data/Training/notumor/Tr-no_584.jpg,notumor,2,train,8a7c1835b4c4399378e3f654dd11121ed7aac28e768cfe8d229c4bf9fafe2679,207,243,0.8518518518518519,JPEG,RGB,Training
data/Training/notumor/Tr-no_587.jpg,notumor,2,train,f5224117fa5d56cd105b64b38522713608ae5bf309406eb3ad0d3150b9212f81,225,225,1.0,JPEG,RGB,Training
data/Training/notumor/Tr-no_59.jpg,notumor,2,train,aa2fbd22294fde476faf1411da74750d339f20a861010182226880ea8c84d0fa,225,225,1.0,JPEG,RGB,Training
data/Training/notumor/Tr-no_591.jpg,notumor,2,train,bfc1e99fab7e0a94e2c1f600acddfb87669a937841b3bd3c5be301c0a266cfda,236,221,1.0678733031674208,JPEG,RGB,Training
data/Training/notumor/Tr-no_592.jpg,notumor,2,train,e7e59f572c07e73b7b0113b65a1e34a3823c9e16e8515dac37dd2ef4e2248d11,232,217,1.0691244239631337,JPEG,RGB,Training
data/Training/notumor/Tr-no_593.jpg,notumor,2,train,2651e1a2726baed4997c7241ed4c4af5c12c3ca834784dae34f850ca16e89a3f,208,242,0.859504132231405,JPEG,RGB,Training
data/Training/notumor/Tr-no_598.jpg,notumor,2,train,46cdb720917ad00d38861cc8a2e28cd3757a13b94aac1fdde3c803de575d95cc,194,259,0.749034749034749,JPEG,RGB,Training
data/Training/notumor/Tr-no_6.jpg,notumor,2,train,712520c2c1364a3a590b184bbc13f55c50aeb9c8ea0323831123368ce8d8bd3d,680,680,1.0,JPEG,RGB,Training
data/Training/notumor/Tr-no_601.jpg,notumor,2,train,b3024c7229b786e164ae953fc31d518a91c3f3dc3d58629b12a35c3e02c5c671,192,192,1.0,JPEG,RGB,Training
data/Training/notumor/Tr-no_602.jpg,notumor,2,train,445da5e0102e22cb1ae3b1cfc27949dfa8aa5a4603fd382a6faf4d38b0c283fb,225,225,1.0,JPEG,RGB,Training
data/Training/notumor/Tr-no_603.jpg,notumor,2,train,2300f0789299136d3e09f4b8c29b8a5a905a423b5fd9a75bf029405002d3afb0,504,540,0.9333333333333333,JPEG,RGB,Training
data/Training/notumor/Tr-no_605.jpg,notumor,2,train,60c9870945bd602f73f86e2de27e9aa69e12e09bb4b0279cf0c0ce72ab73ad38,214,236,0.9067796610169492,JPEG,RGB,Training
data/Training/notumor/Tr-no_607.jpg,notumor,2,train,0ea91f17b042ad460304c5a70bc8546008f40ba67a9dfb9dc42d8f5acb573d24,259,194,1.3350515463917525,JPEG,RGB,Training
data/Training/notumor/Tr-no_608.jpg,notumor,2,train,a48ef2a82e6c11457d92e454c50ed6442e11aa835d089fed6a70b80985357336,202,250,0.808,JPEG,RGB,Training
data/Training/notumor/Tr-no_616.jpg,notumor,2,train,9201aa40414cf717a2243ebf068f9d862e7ed02a96544461beef89ebd8975d53,320,344,0.9302325581395349,JPEG,RGB,Training
data/Training/notumor/Tr-no_619.jpg,notumor,2,train,bd95ab39200331088d79b3b350bde6a853eb013906194e542c3496757e33cc8e,228,221,1.0316742081447965,JPEG,RGB,Training
data/Training/notumor/Tr-no_622.jpg,notumor,2,train,6265bcfc57077ba9cd498628ee889ca9e1bec9905304fc5498a7f69a90212adb,630,630,1.0,JPEG,RGB,Training
data/Training/notumor/Tr-no_624.jpg,notumor,2,train,d2f8622e223af468e85431690a3ae8ef3369f2bf5085151b7445033cad30b55f,173,201,0.8606965174129353,JPEG,RGB,Training
data/Training/notumor/Tr-no_629.jpg,notumor,2,train,bd1d8e955aaa579705c30f92bff1e1be3ff8fd67d3544added239ec40f8cb29c,225,225,1.0,JPEG,RGB,Training
data/Training/notumor/Tr-no_630.jpg,notumor,2,train,5f7b3d0338ba159795d7b78efe6ce3722096e81d9c57c46cea65e6283e3afa73,472,537,0.8789571694599627,JPEG,RGB,Training
data/Training/notumor/Tr-no_638.jpg,notumor,2,train,ef0330f282ae20607f6743f9a280f9273c6497b59f5e5d41ca102600c8c4b0e3,205,249,0.8232931726907631,JPEG,RGB,Training
data/Training/notumor/Tr-no_646.jpg,notumor,2,train,6467f30283a68cae69c1861a1789024057a7db914a349512ad3798e81c77b779,441,442,0.997737556561086,JPEG,RGB,Training
data/Training/notumor/Tr-no_648.jpg,notumor,2,train,2e23a8dc275cc34037aef21260e01909553d6b71dfe0165b7cafa5c98663b56f,442,442,1.0,JPEG,RGB,Training
data/Training/notumor/Tr-no_649.jpg,notumor,2,train,76a80796ebdbe7b0183c734fcc014a326794edd07780cf05436a745a428a925c,411,501,0.8203592814371258,JPEG,RGB,Training
data/Training/notumor/Tr-no_650.jpg,notumor,2,train,b6c8d5d946daf1d4f95fddf83f9b03dd7870e343c6c84b747dd1ad112dd66841,233,228,1.0219298245614035,JPEG,RGB,Training
data/Training/notumor/Tr-no_653.jpg,notumor,2,train,e3a67f300ae5e520e3b60ef8e0a0ea79c74a9bf1d2035a4f1c924c785fea5a25,225,225,1.0,JPEG,RGB,Training
data/Training/notumor/Tr-no_654.jpg,notumor,2,train,2cfffbf5f4bd5df70343a690194cc026eaac37eee7d5c90e4184cd150855c4c7,204,247,0.8259109311740891,JPEG,RGB,Training
data/Training/notumor/Tr-no_656.jpg,notumor,2,train,9f772fcdf632e6b50e63b1fb96e5e12c5dc2b5a7de6af7bf55af7e53f511887f,225,225,1.0,JPEG,RGB,Training
data/Training/notumor/Tr-no_658.jpg,notumor,2,train,382902b37791c22063b02c4e48777ff1dc7c1518a862ecb8c8237c3fab2b3773,244,274,0.8905109489051095,JPEG,RGB,Training
data/Training/notumor/Tr-no_661.jpg,notumor,2,train,21c00f1ae6e78ceab2b3507e3832aa9cbaaf63597f68cfee23524f33259a65a5,200,252,0.7936507936507936,JPEG,RGB,Training
data/Training/notumor/Tr-no_669.jpg,notumor,2,train,bcfec5726bd8f7a9326cdbe8143b77f45baee20122879287479b055d5d4b1c7e,225,225,1.0,JPEG,RGB,Training
data/Training/notumor/Tr-no_670.jpg,notumor,2,train,dc425c0b3004e4042afd7d27aaec222bace6bcfac09f9eccc77f93561b91b6c5,225,218,1.0321100917431192,JPEG,RGB,Training
data/Training/notumor/Tr-no_672.jpg,notumor,2,train,ff2ead8a88f9de7df2f47702108c0682afc95c67f4fc0a705478d207c69cf010,380,530,0.7169811320754716,JPEG,RGB,Training
data/Training/notumor/Tr-no_674.jpg,notumor,2,train,b6695397d2035688b69a0a8d70e5cd211da13626963bf3a8be3afea1780c6b0b,211,236,0.8940677966101694,JPEG,RGB,Training
data/Training/notumor/Tr-no_679.jpg,notumor,2,train,e1a8e2e8372eac1ed7d50db3ab868d4c8b10e5b6032cf96e1d9a335b6c0cd8b3,442,454,0.973568281938326,JPEG,RGB,Training
data/Training/notumor/Tr-no_684.jpg,notumor,2,train,21ae00495af6c31d487ca1489cccfdd56d9ca9386f82c462043a5e7e7ff315a5,235,228,1.030701754385965,JPEG,RGB,Training
data/Training/notumor/Tr-no_686.jpg,notumor,2,train,d9cda9df139232e75976d4e27caf88acc04f0bca45f3e693fb16ecf9e93def68,504,488,1.0327868852459017,JPEG,RGB,Training
data/Training/notumor/Tr-no_688.jpg,notumor,2,train,196f72c511c7dc993e73b6d35845a0ce11703a976967c9ea684e5eef79179789,225,225,1.0,JPEG,RGB,Training
data/Training/notumor/Tr-no_695.jpg,notumor,2,train,689edd4756e84a508a23943074591bb1ee154ed4755d029936b0f211472fb3c9,225,225,1.0,JPEG,RGB,Training
data/Training/notumor/Tr-no_697.jpg,notumor,2,train,44cc86f12f002cbafb1d016f49a06cae4bd1f2b42e21269f0aa4cf731c9ec0f7,215,234,0.9188034188034188,JPEG,RGB,Training
data/Training/notumor/Tr-no_698.jpg,notumor,2,train,6888d4058876b1f09051de629a2bfe902325ce8477290c34d5dee0d412faf479,236,260,0.9076923076923077,JPEG,RGB,Training
data/Training/notumor/Tr-no_700.jpg,notumor,2,train,504a9b1f6fe1ff4908fab688491b9995201eb3e53a8292df8a16f6a94a74cbbd,236,236,1.0,JPEG,RGB,Training
data/Training/notumor/Tr-no_702.jpg,notumor,2,train,bbcf960eb2a9b995bd4df3c29a1af527290f61a42b615d05a5a42a0b54db8a34,200,248,0.8064516129032258,JPEG,RGB,Training
data/Training/notumor/Tr-no_705.jpg,notumor,2,train,1dba634127558cbbc7ba70565a1305a33d3540a68205ad04757b90bcde670c98,500,500,1.0,JPEG,RGB,Training
data/Training/notumor/Tr-no_706.jpg,notumor,2,train,385fe361dd7e80fd071c4c856da184766d24fe03ef0303ab3f65ea23d267833e,256,256,1.0,JPEG,RGB,Training
data/Training/notumor/Tr-no_71.jpg,notumor,2,train,ad54cdf74f76d2136627b7506ff315217ae70de3c66d0566fe75272447dd3468,230,282,0.8156028368794326,JPEG,RGB,Training
data/Training/notumor/Tr-no_710.jpg,notumor,2,train,83527ea576403c4769b39d9c8d9473bc33a34a07e87756f566623d52ba2057b0,225,225,1.0,JPEG,RGB,Training
data/Training/notumor/Tr-no_711.jpg,notumor,2,train,fd245b80690e3a76d210589ecca680d3bd4d7e867b79cf2e1b0c4ab93f8f4d66,150,198,0.7575757575757576,JPEG,RGB,Training
data/Training/notumor/Tr-no_713.jpg,notumor,2,train,bd2cc9fc2bd3a3740cb42ffa39d126b613b0b96711fa046df7930827de4dbadb,225,225,1.0,JPEG,RGB,Training
data/Training/notumor/Tr-no_719.jpg,notumor,2,train,734387d3fdd1f48562dd94ea9ddbd9d18b4bf910b46120a54d4f30f2bfdff155,236,295,0.8,JPEG,RGB,Training
data/Training/notumor/Tr-no_729.jpg,notumor,2,train,5317134c60207dddf7754b007a121044fa0ac1517549fcecffbbd547e0858bc3,225,225,1.0,JPEG,RGB,Training
data/Training/notumor/Tr-no_732.jpg,notumor,2,train,3445cf53ca32db52b485a4de66e039ec7c9269a957bd9f0222a2ad42e983a9f5,225,225,1.0,JPEG,RGB,Training
data/Training/notumor/Tr-no_737.jpg,notumor,2,train,0065b9eed51c629a066fcbe91e11eb79d4b9e592bc0b557124cca4da07fc1dfe,600,519,1.1560693641618498,JPEG,RGB,Training
data/Training/notumor/Tr-no_743.jpg,notumor,2,train,0844afa0580188a605b1f150c8154e15df5c2398b30d9118cc3aa9f8474b9fd0,236,213,1.107981220657277,JPEG,RGB,Training
data/Training/notumor/Tr-no_744.jpg,notumor,2,train,d615c22b43a7c8657cc7f1ae233cd8677717cce75fc645ccf5f486ad9ee0efed,225,225,1.0,JPEG,RGB,Training
data/Training/notumor/Tr-no_746.jpg,notumor,2,train,e60b9e2744ce32de2fbe996338a8b426020e2a37b5e8f7fd73ab798b4529f450,225,225,1.0,JPEG,RGB,Training
data/Training/notumor/Tr-no_75.jpg,notumor,2,train,b68a8dc26797d1b839511db7d1ddc1690f2d9c1f8fb1b0ca8ac690c3a1aa7507,212,238,0.8907563025210085,JPEG,RGB,Training
data/Training/notumor/Tr-no_750.jpg,notumor,2,train,5f59eab04e6a33c0fd9f143a3f258df7bca5097a8479794c415c74e395609998,236,236,1.0,JPEG,RGB,Training
data/Training/notumor/Tr-no_754.jpg,notumor,2,train,a3bc0bd076a7e017433c62cb8b0328d343f84d5d65c68b35c2b892a893ea9cdf,196,257,0.7626459143968871,JPEG,RGB,Training
data/Training/notumor/Tr-no_756.jpg,notumor,2,train,da712986541896f055211bad92f9b5611ff7514c1789ab93c38da4d7bb320c21,201,250,0.804,JPEG,RGB,Training
data/Training/notumor/Tr-no_757.jpg,notumor,2,train,e527a98d651268c0bc54a9d32d2e00b666825bbc0a70c570b7d6f8ee37aeba14,225,225,1.0,JPEG,RGB,Training
data/Training/notumor/Tr-no_766.jpg,notumor,2,train,624738d3ce67220206d41255a78e86a629273f5286281caa548ad2c7aa6bc155,562,592,0.9493243243243243,JPEG,RGB,Training
data/Training/notumor/Tr-no_768.jpg,notumor,2,train,6552be8f9955c704f5df94ced0926f3fc38ab5ce882091663b519f512ce26d38,207,243,0.8518518518518519,JPEG,RGB,Training
data/Training/notumor/Tr-no_769.jpg,notumor,2,train,3772b384efc48cfff19db3ad0d104adcdd226942cb286f305811ac10d06d9d20,201,251,0.8007968127490039,JPEG,RGB,Training
data/Training/notumor/Tr-no_770.jpg,notumor,2,train,97be9ed9459ae47cfaf92b9cbfff2b18eb5b1a6d1333bd23f14998887b1968e2,442,442,1.0,JPEG,RGB,Training
data/Training/notumor/Tr-no_777.jpg,notumor,2,train,da3d0cac1479a084f9075bd11480c65f8ba24a77aaed8c6be05d511f4389b46b,630,614,1.0260586319218241,JPEG,RGB,Training
data/Training/notumor/Tr-no_78.jpg,notumor,2,train,1c1273319544e45f93ecc71aa649ff7eafd6cb3b7b3db63596c6eea765cb3e7e,226,213,1.0610328638497653,JPEG,RGB,Training
data/Training/notumor/Tr-no_782.jpg,notumor,2,train,f0b671c218361b93ffea216e1af1aee082dd2453183a89eb405582ef7af54ca2,235,304,0.7730263157894737,JPEG,RGB,Training
data/Training/notumor/Tr-no_783.jpg,notumor,2,train,01a6908a4d7860d957f8005793b24de0c5755a76821e1dbad84057d7552cb33d,236,257,0.9182879377431906,JPEG,RGB,Training
data/Training/notumor/Tr-no_79.jpg,notumor,2,train,9744e0180a3cfe49e5c77cda1d11315bfb24b236602f0afd57478330314764ce,680,680,1.0,JPEG,RGB,Training
data/Training/notumor/Tr-no_792.jpg,notumor,2,train,da16e1dcadd288f49dc614e1467839ad8c82a4f2c3339efcbc10fa45f8681b86,232,217,1.0691244239631337,JPEG,RGB,Training
data/Training/notumor/Tr-no_796.jpg,notumor,2,train,e67e2bab71a6633fc1befa42e5074b1cef18a0102b257d81edab370e7c7c9f1e,229,280,0.8178571428571428,JPEG,RGB,Training
data/Training/notumor/Tr-no_801.jpg,notumor,2,train,2b753175eeb1dd6fb350150a07ecfb9d224e627b0fe3ac11cb0828ebfb41f9a0,225,225,1.0,JPEG,RGB,Training
data/Training/notumor/Tr-no_803.jpg,notumor,2,train,f2b568612dd26232f3beec1197694ec1b50763974aecdcba2c37c1b13ed8a818,442,442,1.0,JPEG,RGB,Training
data/Training/notumor/Tr-no_805.jpg,notumor,2,train,1f35658d76dc630c3b02c0c1ec84eb651a63455aaf2450a7def8dcb01ba718e9,200,252,0.7936507936507936,JPEG,RGB,Training
data/Training/notumor/Tr-no_806.jpg,notumor,2,train,8bc69ed757dde0c51eac07f397bd35a0355f3a06c90ddef720dca91c755c410d,630,630,1.0,JPEG,L,Training
data/Training/notumor/Tr-no_813.jpg,notumor,2,train,fdb42ccca50ac4d32665df28f82ee3a5367798ca13f8dcd9578039a87da70a4b,236,236,1.0,JPEG,RGB,Training
data/Training/notumor/Tr-no_814.jpg,notumor,2,train,519be8affabf79d2e81435f515f63464fe4c6071c5a263c3c571087a259d786b,219,211,1.037914691943128,JPEG,RGB,Training
data/Training/notumor/Tr-no_816.jpg,notumor,2,train,f327b313e0f213f72e0ce147792930cc79f31d9a82a920e16fbf417fdfc7d999,225,259,0.8687258687258688,JPEG,RGB,Training
data/Training/notumor/Tr-no_826.jpg,notumor,2,train,5e249dfd13b70fbb4fab5ec3fde2a1d58b8872a8beed6a99bee355f66d7a5034,208,242,0.859504132231405,JPEG,RGB,Training
data/Training/notumor/Tr-no_833.jpg,notumor,2,train,d8779305db8c99a1ecba726e010bd19afc0e4568520ab00a532e557a1de83adc,359,449,0.799554565701559,JPEG,RGB,Training
data/Training/notumor/Tr-no_834.jpg,notumor,2,train,b1437dbbf85ea61c6fe12c1799673e83fa59c5ee41a9b7fa525ebf8a2f351a22,512,512,1.0,JPEG,RGB,Training
data/Training/notumor/Tr-no_836.jpg,notumor,2,train,f82af0c7c0074e9424ea50a09d4a342c502e4b901d071ed8d98f7ed2aadedaf4,192,192,1.0,JPEG,RGB,Training
data/Training/notumor/Tr-no_844.jpg,notumor,2,train,7e12bc2d57dc1e8f55ab7f9dff037d68792a340fe4b74125b5c65add23e82890,717,717,1.0,JPEG,RGB,Training
data/Training/notumor/Tr-no_849.jpg,notumor,2,train,2900e75daa11b2c15cff7b3bd1068ba2928fe9da586ccf441786f5454a846fdf,200,252,0.7936507936507936,JPEG,RGB,Training
data/Training/notumor/Tr-no_85.jpg,notumor,2,train,394e230b5ee6b6a419a045761cb3f78e5b1df031114888b8d6442650c3af30bf,468,444,1.054054054054054,JPEG,RGB,Training
data/Training/notumor/Tr-no_860.jpg,notumor,2,train,7fa5cad4bb491af95049582060bc1dee7f935e5d0c64ff0b36cdd501aca23e84,230,282,0.8156028368794326,JPEG,RGB,Training
data/Training/notumor/Tr-no_862.jpg,notumor,2,train,144384f85bfaec17719b1f3136b5242933b055384957baf71f80f6217cf25e48,225,225,1.0,JPEG,RGB,Training
data/Training/notumor/Tr-no_869.jpg,notumor,2,train,e451c81c879662aa5ed6064933f6e91838e15a4f6e2813cf438aad203b14794e,225,225,1.0,JPEG,RGB,Training
data/Training/notumor/Tr-no_874.jpg,notumor,2,train,848a3e77329968ec3d1c7748a47db1917e1b33676e47523de62b5e4fed946d64,232,217,1.0691244239631337,JPEG,RGB,Training
data/Training/notumor/Tr-no_879.jpg,notumor,2,train,62d9d76e21dcec3914778dd95c61df9d98a38de8f6d0594d86ad6db187427432,230,274,0.8394160583941606,JPEG,RGB,Training
data/Training/notumor/Tr-no_881.jpg,notumor,2,train,8883f2f2e52bdbc509363f4077c478dcf8580adb597d10e6e3cff2dc09277376,278,280,0.9928571428571429,JPEG,RGB,Training
data/Training/notumor/Tr-no_884.jpg,notumor,2,train,f87e3a204716adf40ec18adb5e23a93fb6742ca12ac36db8dc73e099b9c5564f,208,248,0.8387096774193549,JPEG,RGB,Training
data/Training/notumor/Tr-no_886.jpg,notumor,2,train,7422cc5b415933148606022d43dc3b178fd5356deeadd467957569b727100e78,225,225,1.0,JPEG,RGB,Training
data/Training/notumor/Tr-no_887.jpg,notumor,2,train,3fe0164b55bf7cd6aab122cc92dfe73dce489c159ea6b95b1156bb63a5bd652e,210,201,1.044776119402985,JPEG,RGB,Training
data/Training/notumor/Tr-no_89.jpg,notumor,2,train,b497096632385d046ef3f7dc1ac2e4c8dd9401d2b3d9df1b66e7e1dc617e1dfe,173,201,0.8606965174129353,JPEG,RGB,Training
data/Training/notumor/Tr-no_891.jpg,notumor,2,train,bce65de093b2b0c9471a6405f95d375dfbf2cf9cfaeb45905e6afadd89afd42d,235,214,1.0981308411214954,JPEG,RGB,Training
data/Training/notumor/Tr-no_894.jpg,notumor,2,train,d9ee0dc83b986e193a9362c1c2dc308c69f3c8bc9aef9a9238d3cd6f6855ecd6,235,215,1.0930232558139534,JPEG,RGB,Training
data/Training/notumor/Tr-no_895.jpg,notumor,2,train,70f97c7ce3389ee794a8844b8d100ec2397604d2b162a1942d2325f69b1f70fb,680,680,1.0,JPEG,RGB,Training
data/Training/notumor/Tr-no_897.jpg,notumor,2,train,1e840848d38abbb38b87e4328e275d3bd3c45d1b7fcf7db083adcfc84681c101,350,350,1.0,JPEG,RGB,Training
data/Training/notumor/Tr-no_90.jpg,notumor,2,train,a88e25fe4cb1f40263a1f3c2b64338b3fac28a2cd28335b40865780bc992670c,314,260,1.2076923076923076,JPEG,RGB,Training
data/Training/notumor/Tr-no_905.jpg,notumor,2,train,9f3b57a3f284a3a1b4a74a5023115640f31d4c5afc7449e88a180ea549d71e5d,450,504,0.8928571428571429,JPEG,RGB,Training
data/Training/notumor/Tr-no_91.jpg,notumor,2,train,f78436fb98e0d3c9823933aba7871f9a1d5fe83ccb6253406be38807caa6445a,225,225,1.0,JPEG,RGB,Training
data/Training/notumor/Tr-no_913.jpg,notumor,2,train,827da18ec6f9cfc7698ec121f872148dec45664245f8158e50d42ff94abfe504,236,243,0.9711934156378601,JPEG,RGB,Training
data/Training/notumor/Tr-no_915.jpg,notumor,2,train,5355767cecefdf41e023cdcee79724d3a4b9404051fbbdafb6fdba6dd3de9e54,236,213,1.107981220657277,JPEG,RGB,Training
data/Training/notumor/Tr-no_924.jpg,notumor,2,train,6eca7017043c123047619b052934ca250b0f40ace2821e03c1f605bb879d9317,225,225,1.0,JPEG,RGB,Training
data/Training/notumor/Tr-no_932.jpg,notumor,2,train,864173bab5f78f16548a9db26c80b7822df62332c1c4490b8c0fa832d2688514,276,326,0.8466257668711656,JPEG,RGB,Training
data/Training/notumor/Tr-no_949.jpg,notumor,2,train,aae62d97fb00b141ea284681561e4810e0a773d55cb3a1cdd940a69652fd42ba,150,198,0.7575757575757576,JPEG,RGB,Training
data/Training/notumor/Tr-no_95.jpg,notumor,2,train,431cfea3278e584b23956a0cd6f51d2c770c8238d722edb7167a8adc64a6c299,225,225,1.0,JPEG,RGB,Training
data/Training/notumor/Tr-no_954.jpg,notumor,2,train,5ddf85d72419cd02b98f60a54934b2a783fbb55d3594050643c89738f57a012d,206,244,0.8442622950819673,JPEG,RGB,Training
data/Training/notumor/Tr-no_957.jpg,notumor,2,train,631bfc3c9fdc83f689c5c2cc4bffd9a83524d33e5683b4ef44077e48eae7096c,214,236,0.9067796610169492,JPEG,RGB,Training
data/Training/notumor/Tr-no_959.jpg,notumor,2,train,c3f7463b9ed3f965b2b619c567e6f72048ad1595004124da5dd376faa322e02c,200,243,0.823045267489712,JPEG,RGB,Training
data/Training/notumor/Tr-no_961.jpg,notumor,2,train,e868b149b3886e653fa11e20521c172a7f46bfd0a594a877726b8f50fd907531,201,250,0.804,JPEG,RGB,Training
data/Training/notumor/Tr-no_965.jpg,notumor,2,train,b8da12b0ee44ba144e0630561943521c4fb56e65c54bbd30f3978db1afdacfab,339,340,0.9970588235294118,JPEG,RGB,Training
data/Training/notumor/Tr-no_977.jpg,notumor,2,train,ca266fa946bd7918da9b9cd0c4b4079a41cafafe86f816a8095e7074a92db075,233,208,1.1201923076923077,JPEG,RGB,Training
data/Training/notumor/Tr-no_979.jpg,notumor,2,train,4cef9ee2de3850d5057cb66d931c17e30bdd5ffc48a016e58d6dcca47614a4d0,225,225,1.0,JPEG,RGB,Training
data/Training/notumor/Tr-no_980.jpg,notumor,2,train,14cea971e8ead7f3912af83594d50508fac102b50fa1f5276a667c91d7ca325a,339,340,0.9970588235294118,JPEG,RGB,Training
data/Training/notumor/Tr-no_983.jpg,notumor,2,train,04ab3e173eb0a783af6a3ca3d023ded46e69fd4fcb3196ee9aefa5f4bc73bb80,227,262,0.8664122137404581,JPEG,RGB,Training
data/Training/notumor/Tr-no_998.jpg,notumor,2,train,bf890e6e75ea795f0c513eec7bfff575ad92c0e740c239c6ba902399ad4fc51e,853,480,1.7770833333333333,JPEG,RGB,Training
data/Testing/pituitary/Te-pi_100.jpg,pituitary,3,train,398108f9fffe38bfff17fbcf81e0aaecfa77cee6ce9c1c3a902a43db74c9adf6,512,512,1.0,JPEG,L,Testing
data/Testing/pituitary/Te-pi_101.jpg,pituitary,3,train,69fe24520ef3583524ae5677724e99e20e879b9b09083975a8b4ce9a704e6f6c,512,512,1.0,JPEG,RGB,Testing
data/Testing/pituitary/Te-pi_103.jpg,pituitary,3,train,7f0b3ba23135e0324d3a54aa54ad048a6d9512def51c4dcf78a253890a8ff3eb,512,512,1.0,JPEG,L,Testing
data/Testing/pituitary/Te-pi_104.jpg,pituitary,3,train,fb700891c70d5f493e66f458a49b2bb37b03550f618ca4c357caf29aa6bb9c51,256,256,1.0,JPEG,L,Testing
data/Testing/pituitary/Te-pi_105.jpg,pituitary,3,train,5e508e60542c382f63ae4adc91813e39debe5996bf8ff51ceced3bcae94ab8a0,512,512,1.0,JPEG,L,Testing
data/Testing/pituitary/Te-pi_106.jpg,pituitary,3,train,0468fb310826c88e77278fbe7d18f5d0b1701e5c6d724ec2586c336f8b908385,512,512,1.0,JPEG,L,Testing
data/Testing/pituitary/Te-pi_108.jpg,pituitary,3,train,2f687a5fbbe8231ac6163c4d50e43362e11ccfc32e493d65bd05a524dadde343,512,512,1.0,JPEG,L,Testing
data/Testing/pituitary/Te-pi_109.jpg,pituitary,3,train,ffff2c26b4b13ef6ff335cd8942143642c8b4153298e30a6b6bce84a795dee63,512,512,1.0,JPEG,L,Testing
data/Testing/pituitary/Te-pi_11.jpg,pituitary,3,train,c098c59cd27fdbd1ca46a50e2a7b82f3dc94e1b427de4055c7b8dd4013fe4812,512,512,1.0,JPEG,L,Testing
data/Testing/pituitary/Te-pi_111.jpg,pituitary,3,train,fa77b1f42e96549134e59b1afb705e36a1b7ca6606cb4e29ece85cd7563ce20e,512,512,1.0,JPEG,L,Testing
data/Testing/pituitary/Te-pi_113.jpg,pituitary,3,train,48cb15fd7e73f03287066f1fad31e62229cebd5069cd1ef245fdb307cd9d7da7,512,512,1.0,JPEG,L,Testing
data/Testing/pituitary/Te-pi_115.jpg,pituitary,3,train,a8c6b2068be675fec67f4574b683083f85c60d6bc14e7b09f3eb4ca9ae6afc5e,512,512,1.0,JPEG,RGB,Testing
data/Testing/pituitary/Te-pi_116.jpg,pituitary,3,train,7041dbb90769fd1c87328882cb26ba4d559a621e046a862b1973bd94a80ff1c0,512,512,1.0,JPEG,L,Testing
data/Testing/pituitary/Te-pi_118.jpg,pituitary,3,train,41ee99910b6283f0b796b5d884758035fed7eb654e47e0095352151d6081edac,512,512,1.0,JPEG,RGB,Testing
data/Testing/pituitary/Te-pi_119.jpg,pituitary,3,train,ad3fe09c879c231e3164bcddf87389314b799092587c74becfdd990b7ccc1633,512,512,1.0,JPEG,L,Testing
data/Testing/pituitary/Te-pi_12.jpg,pituitary,3,train,5629e635d609397ed246dd16a604bc9e1e347a2d14ee94efd07277ed23053ffb,512,512,1.0,JPEG,L,Testing
data/Testing/pituitary/Te-pi_120.jpg,pituitary,3,train,faade99ae13595e2bd42510573c1b28f3fdb9c630df69f8c236da86595b8f770,512,512,1.0,JPEG,L,Testing
data/Testing/pituitary/Te-pi_122.jpg,pituitary,3,train,fc8c6883e2816fe5e073166436b5f6c2ad0a225c34aa92590945bfb8d4419179,512,512,1.0,JPEG,L,Testing
data/Testing/pituitary/Te-pi_127.jpg,pituitary,3,train,b9fef9f835a2789acba1ce91fa9584b371528b9629115594d80ace7cf7b66576,512,512,1.0,JPEG,RGB,Testing
data/Testing/pituitary/Te-pi_128.jpg,pituitary,3,train,3ad8ba6ced8cdd7bf69964cb3bbf7c3666c5ce4546b179e5e921d3ed6b173313,512,512,1.0,JPEG,L,Testing
data/Testing/pituitary/Te-pi_129.jpg,pituitary,3,train,7877cf3ef7adde17576c3b858fd92b125e3a0c4d91304eba7f2b8aefc1cc77b9,512,512,1.0,JPEG,L,Testing
data/Testing/pituitary/Te-pi_131.jpg,pituitary,3,train,6ed83353e6365c4e05919ff9c6e3046dddc7b2bca0cefc5a6924ef15ea01d547,512,512,1.0,JPEG,L,Testing
data/Testing/pituitary/Te-pi_135.jpg,pituitary,3,train,de5cdee45dac571b65da2fd680dd1c00706b7c1701ddc06ad3cbcf0226006577,512,512,1.0,JPEG,L,Testing
data/Testing/pituitary/Te-pi_136.jpg,pituitary,3,train,471a1b54756f7051901c6371fd852dee7d5cec9c161aeab0874b19ad77e43e13,512,512,1.0,JPEG,L,Testing
data/Testing/pituitary/Te-pi_138.jpg,pituitary,3,train,6592164418ea27dff06fc54ec7a024099ff2a04b82b6eb327e5d90336f930de4,512,512,1.0,JPEG,L,Testing
data/Testing/pituitary/Te-pi_139.jpg,pituitary,3,train,106594e4b78c4025a66b6431a33088052d2857b2ffe501d10141020552f36f81,512,512,1.0,JPEG,RGB,Testing
data/Testing/pituitary/Te-pi_14.jpg,pituitary,3,train,43fdf882f9bce9bf796c97d021f8864c103224ab952fbbfdd5f4f093e8c040c3,512,512,1.0,JPEG,L,Testing
data/Testing/pituitary/Te-pi_140.jpg,pituitary,3,train,8427378316529b11a338ec9ae044a56e37fb4db951720ba6a88e69d770f3eb21,512,512,1.0,JPEG,L,Testing
data/Testing/pituitary/Te-pi_142.jpg,pituitary,3,train,60bf7d550ce35cccfc7ff90a7db2736b8957cd4e243330c52cdb26c5f8ac2fa5,512,512,1.0,JPEG,L,Testing
data/Testing/pituitary/Te-pi_143.jpg,pituitary,3,train,2780281b09f97a9125f06bcfab4f3c2528ccc32f36f2ee06d6204a025e8edd6f,512,512,1.0,JPEG,L,Testing
data/Testing/pituitary/Te-pi_145.jpg,pituitary,3,train,6b3ba5155dddefbbf50992b5e2b5fa5d7c450f02e63a8f39cec1950509edbe09,512,512,1.0,JPEG,L,Testing
data/Testing/pituitary/Te-pi_146.jpg,pituitary,3,train,531a16b7c57a495b7d3eef4607abecde9ead2c8f53b3ee699a2fb5d9f0d7b9b1,512,512,1.0,JPEG,L,Testing
data/Testing/pituitary/Te-pi_147.jpg,pituitary,3,train,c0f463b6075b4634d2d209f79614a5a5fc28a17879ff9de85e6bc06bb7ab040c,512,512,1.0,JPEG,L,Testing
data/Testing/pituitary/Te-pi_149.jpg,pituitary,3,train,f15cc38826c754dfe35eccff6fd9d72ba886027ae533197a8dd0c49210b80398,512,512,1.0,JPEG,L,Testing
data/Testing/pituitary/Te-pi_15.jpg,pituitary,3,train,0c2a4cdbed073fe446f88d30b8c2ef4292c5dbfd11d72227a02197bd950be94f,512,512,1.0,JPEG,L,Testing
data/Testing/pituitary/Te-pi_150.jpg,pituitary,3,train,2d022a7fb230972652aef5124ce4b7ddf4c5c0a12ea9cb5f1e90f10b75ac046c,512,512,1.0,JPEG,L,Testing
data/Testing/pituitary/Te-pi_151.jpg,pituitary,3,train,ff69cc9957792f23dcc6d14b06f6116687cd811c79dcedc7d10b598b13eb3286,512,512,1.0,JPEG,L,Testing
data/Testing/pituitary/Te-pi_153.jpg,pituitary,3,train,07e33735763b12dd821ddc187f07aa881f1eb9ef24941b534f5af1013f9962ec,512,512,1.0,JPEG,L,Testing
data/Testing/pituitary/Te-pi_154.jpg,pituitary,3,train,7cd31675e604203bea603580784c6858330cf883db6eb75e8d924bfefec7ede3,512,512,1.0,JPEG,L,Testing
data/Testing/pituitary/Te-pi_156.jpg,pituitary,3,train,6be4b3e05fab3c20afabfcc1428aa2e1009d9cad783f03d4a5508f2d6a5b23f9,512,512,1.0,JPEG,L,Testing
data/Testing/pituitary/Te-pi_157.jpg,pituitary,3,train,71050a115c7cdd8d16d67df1a549cf887caaf601d0f028493829df617b1078cd,512,512,1.0,JPEG,L,Testing
data/Testing/pituitary/Te-pi_158.jpg,pituitary,3,train,9ff44e67c658064bfdda29066ceccc137c494bcaa0e420e455c1c4c9153f278e,512,512,1.0,JPEG,RGB,Testing
data/Testing/pituitary/Te-pi_159.jpg,pituitary,3,train,8d95caa31faad8e8a61e9a64b3ab2fb1c2255640c11b289f7903d964aca16262,512,512,1.0,JPEG,L,Testing
data/Testing/pituitary/Te-pi_16.jpg,pituitary,3,train,c7d291a3bdb98b8d68ae4d2d9c7c5799d5be0c2153d7c7808b9de3d669ecaca4,512,512,1.0,JPEG,L,Testing
data/Testing/pituitary/Te-pi_161.jpg,pituitary,3,train,c0a6c8080ff50c2a40402b2f59cc6d089530c90322b4ebfef57f14c315217f91,512,512,1.0,JPEG,L,Testing
data/Testing/pituitary/Te-pi_162.jpg,pituitary,3,train,95a98f7b906432db71fe6a55a662e72450b68e8b90c51670c8c91d455dbf85a7,512,512,1.0,JPEG,L,Testing
data/Testing/pituitary/Te-pi_163.jpg,pituitary,3,train,95188ea941840209c2cde8d37a094be64b7be8471bdd216fdb183147b9eda7c2,512,512,1.0,JPEG,L,Testing
data/Testing/pituitary/Te-pi_164.jpg,pituitary,3,train,62715e079db7624f4ca7d7057a91abccefa4b722e78f8d49ab3c75400b1d2bdd,512,512,1.0,JPEG,L,Testing
data/Testing/pituitary/Te-pi_165.jpg,pituitary,3,train,e5d192c1b384fa801eb1565a8c91f977b67328594cf0e06a42d05abe18209b50,512,512,1.0,JPEG,L,Testing
data/Testing/pituitary/Te-pi_167.jpg,pituitary,3,train,a387911faf4231fa3df7560454bca1b094869fba82d25fe4b9061e065e54ec0c,512,512,1.0,JPEG,L,Testing
data/Testing/pituitary/Te-pi_168.jpg,pituitary,3,train,92427837587cb1db1deb5c16de3523efc9e65342053e7470b1a4d740a2ec6a18,512,512,1.0,JPEG,RGB,Testing
data/Testing/pituitary/Te-pi_169.jpg,pituitary,3,train,098bed6100f170b3e76297142173d40c009f9fa6afd625f292b71e0a77dfa8ab,512,512,1.0,JPEG,L,Testing
data/Testing/pituitary/Te-pi_17.jpg,pituitary,3,train,d7752e090d1f048c0ea5c396223bb1d58de34dca2aaabd5a0da381425a449127,512,512,1.0,JPEG,L,Testing
data/Testing/pituitary/Te-pi_171.jpg,pituitary,3,train,51e02e5fbbb8e7619f2665ceb2040eb54c34bf232975829a69550ad2510d732c,512,512,1.0,JPEG,L,Testing
data/Testing/pituitary/Te-pi_173.jpg,pituitary,3,train,a71698b3febd963556a95a4eed78b33db76ab6335415de43a0f9e331045fc942,512,512,1.0,JPEG,L,Testing
data/Testing/pituitary/Te-pi_174.jpg,pituitary,3,train,222e8de2a50b56235070da56d079d937a70ff813af29c8136e498e05ba6825a3,512,512,1.0,JPEG,RGB,Testing
data/Testing/pituitary/Te-pi_177.jpg,pituitary,3,train,a5b1476a5ebf876d57ab1c21d652aaa5ead220216a3c48368fead72ff3faccbb,512,512,1.0,JPEG,L,Testing
data/Testing/pituitary/Te-pi_178.jpg,pituitary,3,train,47cc1b16ba636598b9b875d55dfabcdfe2eadf7d5dd0a6380e6f915f95e4318a,512,512,1.0,JPEG,RGB,Testing
data/Testing/pituitary/Te-pi_179.jpg,pituitary,3,train,301412e366e27983b2755f6579b20d0d89905fd8ee5f6176eb9264120f0e0bee,512,512,1.0,JPEG,L,Testing
data/Testing/pituitary/Te-pi_18.jpg,pituitary,3,train,9299f1029b25b21af2185f8308f49a1f709c3cc6f6bc4e6ae85e628ea3da0a15,512,512,1.0,JPEG,L,Testing
data/Testing/pituitary/Te-pi_181.jpg,pituitary,3,train,7a5c5e8914d7027cbdf4431cb16ea3d7e3b5874c7b968dc24e38109b9857e38a,512,512,1.0,JPEG,L,Testing
data/Testing/pituitary/Te-pi_182.jpg,pituitary,3,train,0be143fddef09ac43c744229f51f7c0813197081194a49b0b3ef5ea3e0308180,512,512,1.0,JPEG,L,Testing
data/Testing/pituitary/Te-pi_184.jpg,pituitary,3,train,d88d590dec025c5d4370ba76fffcdb3337ac2086758f5f3e83d0fcbb8dff5eec,512,512,1.0,JPEG,L,Testing
data/Testing/pituitary/Te-pi_185.jpg,pituitary,3,train,f85eb701c8bb2364ee13041e1243d65c8c24390f4c0fc39cb3a94f72d3b7025a,512,512,1.0,JPEG,L,Testing
data/Testing/pituitary/Te-pi_186.jpg,pituitary,3,train,f6f26638a52af35447ee2d486c62df724b26822e84126bf043166c2191e5f5c4,512,512,1.0,JPEG,RGB,Testing
data/Testing/pituitary/Te-pi_188.jpg,pituitary,3,train,fe5bcdeeffd590094b09a5f2499bb78024f6b484cdc6ebe81c4ebf862b80ff55,512,512,1.0,JPEG,L,Testing
data/Testing/pituitary/Te-pi_189.jpg,pituitary,3,train,65ec40348f4ba20e484bbbc1c96d1256a0cca0ea7cacdd5cfcd34accde0fcc61,512,512,1.0,JPEG,RGB,Testing
data/Testing/pituitary/Te-pi_19.jpg,pituitary,3,train,65c46093670b7a309a9df14349c9dbca9add7cd3785641fe14a20575b250c72f,512,512,1.0,JPEG,L,Testing
data/Testing/pituitary/Te-pi_191.jpg,pituitary,3,train,630d87c9613e2ae9fce30912ad2da62065d9747382e34602dfa9945d996a33cd,512,512,1.0,JPEG,L,Testing
data/Testing/pituitary/Te-pi_193.jpg,pituitary,3,train,b23eb47875879f517dd419125066c54addc6858d3d32ddac4deaf33305ba1572,512,512,1.0,JPEG,L,Testing
data/Testing/pituitary/Te-pi_196.jpg,pituitary,3,train,4641df44ad2a4a19ad14f807aed5e365bf5ac13c24ef65323726c45bf8d1124d,512,512,1.0,JPEG,L,Testing
data/Testing/pituitary/Te-pi_198.jpg,pituitary,3,train,18900bbe9ab8022e0cb704417d2d5896573f8c7e914c6f13a87c557e88924707,512,512,1.0,JPEG,L,Testing
data/Testing/pituitary/Te-pi_2.jpg,pituitary,3,train,4a9639f6b1ba46ab2b5774228777fa7ed9e15e9b9fb75302a11725686dc33f88,512,512,1.0,JPEG,RGB,Testing
data/Testing/pituitary/Te-pi_200.jpg,pituitary,3,train,2be8f20b97892b830d50961368883f799462701cb83d03f95c88047badb69eaa,512,512,1.0,JPEG,L,Testing
data/Testing/pituitary/Te-pi_201.jpg,pituitary,3,train,72ca6166260408f5fd7ffc315bea541356af127ee6c03ffaa456428181b41323,512,512,1.0,JPEG,L,Testing
data/Testing/pituitary/Te-pi_202.jpg,pituitary,3,train,d0b6981f33535e34cf0eb28fbaecfd95c043c5a1e94988c2d447d5724d084398,512,512,1.0,JPEG,L,Testing
data/Testing/pituitary/Te-pi_203.jpg,pituitary,3,train,7f209a785fe3880ec55de44db3a9ad0258f34e0d33a832fdb5e0462ed86e201f,512,512,1.0,JPEG,RGB,Testing
data/Testing/pituitary/Te-pi_204.jpg,pituitary,3,train,2d6625dae5a7f5ea31677b7e77fcc92da44ac693c69fad71b0c51d3adbc0ed4a,512,512,1.0,JPEG,L,Testing
data/Testing/pituitary/Te-pi_205.jpg,pituitary,3,train,b3d4be9964ac47abf0b61be7da900607706abd51e7b8d7218f078b96452b4971,512,512,1.0,JPEG,L,Testing
data/Testing/pituitary/Te-pi_206.jpg,pituitary,3,train,a2bc759c0508e7c3b9006df25f1447d13286d5df6e261f4f6639a188ad78ad83,512,512,1.0,JPEG,RGB,Testing
data/Testing/pituitary/Te-pi_207.jpg,pituitary,3,train,befbd172124a7b3b51bd3d51ef9be9a70c749adbf4843067d4945da97648533b,512,512,1.0,JPEG,L,Testing
data/Testing/pituitary/Te-pi_208.jpg,pituitary,3,train,3dd50c9fa512181b46db623e49286feaced71f7123c931cb1e0d50a235ebeaff,512,512,1.0,JPEG,L,Testing
data/Testing/pituitary/Te-pi_209.jpg,pituitary,3,train,45f1a1147258cde6f221f2f35adb7ef1e8def8f539282778ee7c83fd57b1c62e,512,512,1.0,JPEG,L,Testing
data/Testing/pituitary/Te-pi_21.jpg,pituitary,3,train,a7bc2f922927d1fa9e0fa46bc30dcd515f9de9745e35eea4c9b4712053e8c977,512,512,1.0,JPEG,L,Testing
data/Testing/pituitary/Te-pi_211.jpg,pituitary,3,train,e063dacf195c80858395d8e9e9256c040e5397fd6ed82578a88d1221890840bf,512,512,1.0,JPEG,L,Testing
data/Testing/pituitary/Te-pi_212.jpg,pituitary,3,train,20738bae4c144010ee78c1342403b3f3e32775cc46414c380bba2c1ca49fda05,512,512,1.0,JPEG,RGB,Testing
data/Testing/pituitary/Te-pi_213.jpg,pituitary,3,train,461480be6c88ce756c218f881f2551bff32b5eaf72e4a5e10e7a68e14a38b88a,512,512,1.0,JPEG,L,Testing
data/Testing/pituitary/Te-pi_214.jpg,pituitary,3,train,2f22ea4a90a3d255ab706d013a8169f322abea9c22f25851607b7b05c0b8aef8,512,512,1.0,JPEG,L,Testing
data/Testing/pituitary/Te-pi_215.jpg,pituitary,3,train,b47c9fd75bc043e9f951f1376bb3e6bed4c3c52810f245e702ae07e2812d359e,512,512,1.0,JPEG,L,Testing
data/Testing/pituitary/Te-pi_217.jpg,pituitary,3,train,0832f1075705cec1ea68354dfffa73b824a026dc1307ea3b33be1d32b941c2ac,256,256,1.0,JPEG,L,Testing
data/Testing/pituitary/Te-pi_218.jpg,pituitary,3,train,221feeafdeb709745f0057be4d926f23f23de15cf00ab01bd7e0af6cceed8225,512,512,1.0,JPEG,L,Testing
data/Testing/pituitary/Te-pi_219.jpg,pituitary,3,train,5a1f536310d057541cfdaec738bba678de8bd64a48e1aa7fd3435b64417706fa,512,512,1.0,JPEG,L,Testing
data/Testing/pituitary/Te-pi_220.jpg,pituitary,3,train,48fa72cc6800be053fdc83dabcae1568555dbba1f646183413cf996b474de6a9,512,512,1.0,JPEG,L,Testing
data/Testing/pituitary/Te-pi_221.jpg,pituitary,3,train,52b6d9ae961e40a4e67b532b4b75ce722952fbd100ed8d829f9503fb5c6ac2b6,512,512,1.0,JPEG,L,Testing
data/Testing/pituitary/Te-pi_222.jpg,pituitary,3,train,f43520207d1f3992ca993978e81660f0ed94bfdb6ddddfbab6d3ce70ad32dab6,512,512,1.0,JPEG,L,Testing
data/Testing/pituitary/Te-pi_223.jpg,pituitary,3,train,7b110c247e2771fb9f0791fbf71ff93f963b2c14cdf97f028358728be5b1410f,512,512,1.0,JPEG,L,Testing
data/Testing/pituitary/Te-pi_225.jpg,pituitary,3,train,09465b99883aee963ab625d36ba1ee786424009c4734a3dbf4f16e780d484f04,512,512,1.0,JPEG,L,Testing
data/Testing/pituitary/Te-pi_226.jpg,pituitary,3,train,c9320e0c6fbc956e9caeb78e59e054813a93242239ebe6f12480a3b87ea584d7,512,512,1.0,JPEG,RGB,Testing
data/Testing/pituitary/Te-pi_227.jpg,pituitary,3,train,8389a797678f367e85061f568e26fda849bbd821af054212c13d7ad4705cd530,512,512,1.0,JPEG,L,Testing
data/Testing/pituitary/Te-pi_229.jpg,pituitary,3,train,fac7bb49e5e02e721734007cae7dbe47de0ac976607d3d879caa8928b9ba13d2,512,512,1.0,JPEG,RGB,Testing
data/Testing/pituitary/Te-pi_23.jpg,pituitary,3,train,7866b683c4e06040084f373b54e4dcf099b0c94794ca4121cc812468c0d59160,512,512,1.0,JPEG,L,Testing
data/Testing/pituitary/Te-pi_230.jpg,pituitary,3,train,c21e6b5605d1bb3a22f74c92b74758b4c4602eab86288a456ca9dc01238ee17c,512,512,1.0,JPEG,L,Testing
data/Testing/pituitary/Te-pi_231.jpg,pituitary,3,train,9ceca2b81e225aaa9ad1af670129d4cd9ee81110e7c5494a5be0c4fee617c4a9,512,512,1.0,JPEG,L,Testing
data/Testing/pituitary/Te-pi_232.jpg,pituitary,3,train,bda9c0816f8af6e442ec4f9c06cfa2aef68e7737f4eca1e7688fdb29aea73b73,512,512,1.0,JPEG,L,Testing
data/Testing/pituitary/Te-pi_234.jpg,pituitary,3,train,30335584c3c54e583f02a16db30ba3c361754efb987318d1fce887c746faf29a,512,512,1.0,JPEG,L,Testing
data/Testing/pituitary/Te-pi_235.jpg,pituitary,3,train,9bee71bf7caabf4caf81a942ee31fc1dcf226bafa8654b404ea5d36d2b91156b,512,512,1.0,JPEG,RGB,Testing
data/Testing/pituitary/Te-pi_236.jpg,pituitary,3,train,6730af23a4de2cf499e39a323333f76ffcadc5457b0c9491f1892bdfaf2ffb5b,512,512,1.0,JPEG,L,Testing
data/Testing/pituitary/Te-pi_237.jpg,pituitary,3,train,e268892018ac24d5b20370d1c5481d2ef51b625d4868df575a81ea553a77ca77,512,512,1.0,JPEG,L,Testing
data/Testing/pituitary/Te-pi_238.jpg,pituitary,3,train,f489706868bdfab4f58ab34a44b1d9480df6ba1df7e2c0abf8dfc8cd68e6ffc9,512,512,1.0,JPEG,L,Testing
data/Testing/pituitary/Te-pi_239.jpg,pituitary,3,train,6eb7ad7779d7e7602203c1b73738c1bda07a374de28ecd58563201610c02a1aa,512,512,1.0,JPEG,L,Testing
data/Testing/pituitary/Te-pi_24.jpg,pituitary,3,train,afd7400a0c767db9ad0d65d19bc5fd4c294ed9638a6a79e2a273e068c06cdc1c,512,512,1.0,JPEG,L,Testing
data/Testing/pituitary/Te-pi_240.jpg,pituitary,3,train,5ee30a7b8b5c33c867e400c3897aa3773684bc47438e0f9655488dba846c752a,512,512,1.0,JPEG,RGB,Testing
data/Testing/pituitary/Te-pi_241.jpg,pituitary,3,train,0a04515f98ad5ab8e487037e4949bd12f6109befb18d0f9722541c385daa6781,512,512,1.0,JPEG,L,Testing
data/Testing/pituitary/Te-pi_243.jpg,pituitary,3,train,88ab4280cf86597989074615c3eb397672a7df2a5da9db3f7e4fe30d17ebf103,512,512,1.0,JPEG,L,Testing
data/Testing/pituitary/Te-pi_244.jpg,pituitary,3,train,1321350aa8166a999f8d702f75fc58b575ce55f7d55cc86a76e8a8b2a251e135,512,512,1.0,JPEG,L,Testing
data/Testing/pituitary/Te-pi_246.jpg,pituitary,3,train,cde25645a95e65f734f5e2922adf84ecadf03cd2de98652f26bbc29c460c1aaf,512,512,1.0,JPEG,L,Testing
data/Testing/pituitary/Te-pi_247.jpg,pituitary,3,train,efb2719bdd5bc50f3a24b94976fcd12c3236d96c35bdd89630ce44bff4dbb79a,512,512,1.0,JPEG,L,Testing
data/Testing/pituitary/Te-pi_248.jpg,pituitary,3,train,881e93b381bbdfd6fb623a373e50541fc44863c89a0617dd3725b03a875e3926,512,512,1.0,JPEG,RGB,Testing
data/Testing/pituitary/Te-pi_25.jpg,pituitary,3,train,24e7dc09fdcfa66bd12b397ac7baad153b0e1b89615ab34a71ae00999b7ac2fc,512,512,1.0,JPEG,L,Testing
data/Testing/pituitary/Te-pi_251.jpg,pituitary,3,train,474af51be5fd0e03d0e9a67c6e153f472f0bed176aa2f1febdaa9aa9b122a8bf,512,512,1.0,JPEG,L,Testing
data/Testing/pituitary/Te-pi_252.jpg,pituitary,3,train,9d8c9db3aaa29a15292593b5d2d0f55ee26709d973c7ce2c27e0c5634ac6c227,512,512,1.0,JPEG,L,Testing
data/Testing/pituitary/Te-pi_253.jpg,pituitary,3,train,a9de926c38e63e162c6bc1d2d76b49760c83157114334f725ffe4d76b82c31db,512,512,1.0,JPEG,L,Testing
data/Testing/pituitary/Te-pi_254.jpg,pituitary,3,train,2f72e809e914d76d99b5a6cc239aac567860dcaa6a13af80e16e704a845f3398,512,512,1.0,JPEG,RGB,Testing
data/Testing/pituitary/Te-pi_256.jpg,pituitary,3,train,8d653806f60cbb26da82863535bafa29d3544741f467b6047d55df06350a6b1a,512,512,1.0,JPEG,L,Testing
data/Testing/pituitary/Te-pi_257.jpg,pituitary,3,train,23fb13cdba888c95e962835f5aacdc965adad6a3cbefd74789984e83c6441916,512,512,1.0,JPEG,L,Testing
data/Testing/pituitary/Te-pi_258.jpg,pituitary,3,train,29bcaac4eb1c85c49b35619c91d44dfe0c5b0a2b4e2fa08b0112164db158eb0b,512,512,1.0,JPEG,L,Testing
data/Testing/pituitary/Te-pi_259.jpg,pituitary,3,train,237be53e340baeba5a4ba0953b82e8979b1975b31e18351fd6e131c5c89e95a8,512,512,1.0,JPEG,L,Testing
data/Testing/pituitary/Te-pi_261.jpg,pituitary,3,train,aeefffd2bc0dfd4da407bd153cdc5b59a4f7e083b80b0b0dbe04443d1a857dd4,256,256,1.0,JPEG,L,Testing
data/Testing/pituitary/Te-pi_262.jpg,pituitary,3,train,b5bf50bb0cad6b3c69269bc0a64f73601ff23b36f43c8035ea063ee24a78ac6c,512,512,1.0,JPEG,L,Testing
data/Testing/pituitary/Te-pi_263.jpg,pituitary,3,train,51a635121608d365b22a4028e4af7be8b25b20bb4db8996fe2ef072d8a8cc396,512,512,1.0,JPEG,L,Testing
data/Testing/pituitary/Te-pi_264.jpg,pituitary,3,train,69701a003848f0da19c529e6e1ed0df58403254c6f12f9c1c998343668cce484,512,512,1.0,JPEG,RGB,Testing
data/Testing/pituitary/Te-pi_265.jpg,pituitary,3,train,f891a485b6632bc87ce3c514b2ab942eb4ce0184c656ee33f1dc1f34e9647858,512,512,1.0,JPEG,L,Testing
data/Testing/pituitary/Te-pi_266.jpg,pituitary,3,train,749ddaad87d8e82d858992af1670c37197a432a32930ae7ec407bd34cfd99b73,512,512,1.0,JPEG,RGB,Testing
data/Testing/pituitary/Te-pi_267.jpg,pituitary,3,train,a29077b48186a869e999ee7e4ab1ba258f5d0c8f36e85e0b44aa777f47c6dc9a,512,512,1.0,JPEG,L,Testing
data/Testing/pituitary/Te-pi_268.jpg,pituitary,3,train,aee51f9386540df407fa62adc5854883210099c4d1d3be92027fa33ad8ef6be2,512,512,1.0,JPEG,RGB,Testing
data/Testing/pituitary/Te-pi_27.jpg,pituitary,3,train,f22224ab92bf3ddc1ad91bdaa27aea63ae18367e808c95de0bf63654c737160e,512,512,1.0,JPEG,L,Testing
data/Testing/pituitary/Te-pi_270.jpg,pituitary,3,train,dcf4cfa254f149c88ccde7fa11288d6a8afeeb55611f5178903fcf923b19df36,512,512,1.0,JPEG,L,Testing
data/Testing/pituitary/Te-pi_272.jpg,pituitary,3,train,3e9c90340ddc2573488f3ddcac40e0a4721d95c29e199dd1ee4eee152405d015,512,512,1.0,JPEG,L,Testing
data/Testing/pituitary/Te-pi_273.jpg,pituitary,3,train,4dcb85bc73c8720c3991001fd01e362448f3f95eae3ada110d60911b186d32e1,512,512,1.0,JPEG,RGB,Testing
data/Testing/pituitary/Te-pi_274.jpg,pituitary,3,train,90c6e6802fdb63bb3efe80c0d9a6b97e71f763c68df9a6c37e802722d6c2a6a6,512,512,1.0,JPEG,L,Testing
data/Testing/pituitary/Te-pi_276.jpg,pituitary,3,train,5dc6a0dfd7bbb1306ec55e68e3c23bae77a82cc13fd6898c4f4773864bbb5ffe,512,512,1.0,JPEG,L,Testing
data/Testing/pituitary/Te-pi_277.jpg,pituitary,3,train,b270af876d8ade303b0b6ca197570f3d77ddce8b1cc59c2c81be232be4f995cb,512,512,1.0,JPEG,RGB,Testing
data/Testing/pituitary/Te-pi_278.jpg,pituitary,3,train,0045786acbba70cd646478e00965d54f6fca10099087b792e11ab73894092d58,512,512,1.0,JPEG,L,Testing
data/Testing/pituitary/Te-pi_279.jpg,pituitary,3,train,79f0cd1aafa30b69ecb16a76975404feb8a1f8fe3f500a3c28a7d9a3bbbe7279,512,512,1.0,JPEG,L,Testing
data/Testing/pituitary/Te-pi_280.jpg,pituitary,3,train,b9dfbea5ef7d477a70d827ddc774e0334746feb74796a5ee297176e67202a603,512,512,1.0,JPEG,L,Testing
data/Testing/pituitary/Te-pi_281.jpg,pituitary,3,train,0201863fbcbf9f7f303e5926943f6dde3c0a3e520109268b954bd2e4e71a5fa9,512,512,1.0,JPEG,L,Testing
data/Testing/pituitary/Te-pi_283.jpg,pituitary,3,train,8e8302e206d233d36f9232f0641473883d86fb5a626776b83bcd048ec3fbc429,512,512,1.0,JPEG,L,Testing
data/Testing/pituitary/Te-pi_284.jpg,pituitary,3,train,995668d218ace95be0c2b212b92a4b05dff47dd436ddac4151da3f4ca612a077,512,512,1.0,JPEG,L,Testing
data/Testing/pituitary/Te-pi_285.jpg,pituitary,3,train,b4760d59ae0a64cc0ad248f246351fcdeb43ec6fd49d5c722b4864da7a866524,512,512,1.0,JPEG,L,Testing
data/Testing/pituitary/Te-pi_286.jpg,pituitary,3,train,3c72b2c710711bbfbea0c5690c97b71a0b960ae2f6430a09b8e49fb3381e4213,512,512,1.0,JPEG,RGB,Testing
data/Testing/pituitary/Te-pi_287.jpg,pituitary,3,train,e85efc54331878472ceb8c93f292a0a865933d8229f9f11a10d0d265524e5e02,512,512,1.0,JPEG,L,Testing
data/Testing/pituitary/Te-pi_288.jpg,pituitary,3,train,963472cb02686ce1bcce5da657e47c828b62321bdcaf31e0cb2041deea70043c,512,512,1.0,JPEG,L,Testing
data/Testing/pituitary/Te-pi_289.jpg,pituitary,3,train,9abb67fb2a2dea18c280b34b1941546048e3ce71c40e1130626ff4259f3e512d,512,512,1.0,JPEG,L,Testing
data/Testing/pituitary/Te-pi_29.jpg,pituitary,3,train,4d9366949fafeb548aeaa86fd59a540039a65954f0ca0dfcc43488d4879d9630,512,512,1.0,JPEG,L,Testing
data/Testing/pituitary/Te-pi_290.jpg,pituitary,3,train,8b2f227fb586a0ced6754bfa31f4bbec2b9f14e7389eddfd9c3d59d63e8c2d65,512,512,1.0,JPEG,L,Testing
data/Testing/pituitary/Te-pi_291.jpg,pituitary,3,train,6a50ac2912f6343a30f98d921149facf67845ac205ec4107cd757352ec3eb481,512,512,1.0,JPEG,L,Testing
data/Testing/pituitary/Te-pi_292.jpg,pituitary,3,train,712c64ec2ae5f7fcc168da0ca2a4309c4f97568ea3f62bd970c12e53bb9b169a,512,512,1.0,JPEG,L,Testing
data/Testing/pituitary/Te-pi_293.jpg,pituitary,3,train,ceee08742cdbc607d87a47eb638658fdead1395da1b2b0780cbc55495b25d663,512,512,1.0,JPEG,L,Testing
data/Testing/pituitary/Te-pi_294.jpg,pituitary,3,train,18e4e1323e8b638ff1960ee12204a576823e3cdd2cbcd681370af4779a03737c,512,512,1.0,JPEG,L,Testing
data/Testing/pituitary/Te-pi_296.jpg,pituitary,3,train,dbcf778f4ef9d06d15480a0f7a1689ede94a125e13c6559a6b3e8e5e0c8b5a17,512,512,1.0,JPEG,L,Testing
data/Testing/pituitary/Te-pi_297.jpg,pituitary,3,train,34b708753a3665c4d2d67cfea9799f733896e4678497a9c30b4f3e91baa11dd8,512,512,1.0,JPEG,L,Testing
data/Testing/pituitary/Te-pi_299.jpg,pituitary,3,train,96a71c23cd29142a496e631af6a46f33f0b553e2f3a28a56bd1629ac4089cce2,512,512,1.0,JPEG,L,Testing
data/Testing/pituitary/Te-pi_3.jpg,pituitary,3,train,70e34870a061a836844ea492c60e57635a9e70746236ea705a52222b822c03c0,512,512,1.0,JPEG,RGB,Testing
data/Testing/pituitary/Te-pi_30.jpg,pituitary,3,train,b2e7d7c1a7776c42baaaea410272fb3169ab02dc6acb80b348fcc5fbe510ce33,512,512,1.0,JPEG,RGB,Testing
data/Testing/pituitary/Te-pi_300.jpg,pituitary,3,train,3716df6668a1e7fe322b40f58a704c1d49d0ea80bd6ed4d22f39a3515f29914b,512,512,1.0,JPEG,L,Testing
data/Testing/pituitary/Te-pi_301.jpg,pituitary,3,train,4337a9e01c66e31122af531025cbe6fca827cc2001fb2a47d6c2cc8c259960b4,512,512,1.0,JPEG,RGB,Testing
data/Testing/pituitary/Te-pi_307.jpg,pituitary,3,train,d9691983dfb122ac37b27228fdc8a424449c88880246bb1f48ceb06251d155fa,512,512,1.0,JPEG,L,Testing
data/Testing/pituitary/Te-pi_309.jpg,pituitary,3,train,9b7f705a471943e72796ca52d3bf8558bb7c9485ed79a72b86acc4f15fbdcacb,512,512,1.0,JPEG,L,Testing
data/Testing/pituitary/Te-pi_310.jpg,pituitary,3,train,50b66a2d782748bfb022180891056296e4df844791278006e2b466be42de8670,512,512,1.0,JPEG,L,Testing
data/Testing/pituitary/Te-pi_311.jpg,pituitary,3,train,89b85708d435ef41a3825c94319d550593537da0ef677d7c589c3549f167bb6d,512,512,1.0,JPEG,L,Testing
data/Testing/pituitary/Te-pi_312.jpg,pituitary,3,train,aef0203e936bf953b8f75e9997cf0bb12b8976903558976b7504686bf7d8c090,512,512,1.0,JPEG,L,Testing
data/Testing/pituitary/Te-pi_314.jpg,pituitary,3,train,08c421a0acc2da7f9110a040eee94140e88dfc39c4bf66d07d425298faece2dc,512,512,1.0,JPEG,L,Testing
data/Testing/pituitary/Te-pi_315.jpg,pituitary,3,train,6b4531b861cb7e03e0d3b83a41ece8e60ef8ed7af92e76da7fc32f298b9feef9,512,512,1.0,JPEG,RGB,Testing
data/Testing/pituitary/Te-pi_316.jpg,pituitary,3,train,826b4ec0cb83714740352f35fb8619dedbba06983020c1689052247a454e9023,512,512,1.0,JPEG,L,Testing
data/Testing/pituitary/Te-pi_318.jpg,pituitary,3,train,2bf89da0c9fd0f1a08956d230d3b0c7d2f2696b03f9e383ac76106fec127a1b9,256,256,1.0,JPEG,L,Testing
data/Testing/pituitary/Te-pi_32.jpg,pituitary,3,train,d653dec6a954429f5c9f37a5e3138574528b4852a071ec9fa5ae013f795c553e,512,512,1.0,JPEG,L,Testing
data/Testing/pituitary/Te-pi_320.jpg,pituitary,3,train,6eee00850d745d61b9f30ca2beb06a6cf8b3c2d63ce164c22f85555bb33851c3,512,512,1.0,JPEG,L,Testing
data/Testing/pituitary/Te-pi_321.jpg,pituitary,3,train,5174f1980b54337400d5a16a4e178bcae99f2486ca23f004511079e557594f23,256,256,1.0,JPEG,RGB,Testing
data/Testing/pituitary/Te-pi_322.jpg,pituitary,3,train,51d2b3f8bc520d32b8eaa309955a34673aa8879eea674d7a55aadbb11b9dc152,512,512,1.0,JPEG,L,Testing
data/Testing/pituitary/Te-pi_323.jpg,pituitary,3,train,fbe7af7fc66ecdf65abc3b69eaaea25cb1b44d84cedb7413c1b9888b945858ac,512,512,1.0,JPEG,L,Testing
data/Testing/pituitary/Te-pi_324.jpg,pituitary,3,train,480fb6d96f93cf68a23ced84879e4b16d7c13837c2b5b564b595c8d2bf53930d,512,512,1.0,JPEG,L,Testing
data/Testing/pituitary/Te-pi_326.jpg,pituitary,3,train,f3cd458fb34ee944de1c321d3a6ac8964ae9235bc71b40160e1a352d1250e3a4,512,512,1.0,JPEG,L,Testing
data/Testing/pituitary/Te-pi_327.jpg,pituitary,3,train,984cd19a6f580e18170924f8dedc7d8a5b75a4c53612a77a3ec49405943a5a48,512,512,1.0,JPEG,L,Testing
data/Testing/pituitary/Te-pi_329.jpg,pituitary,3,train,0be2177ba96b190f6786b97c79cb5672846f070daf19b613b8c3d32a16970f80,512,512,1.0,JPEG,L,Testing
data/Testing/pituitary/Te-pi_33.jpg,pituitary,3,train,cb5e230fb59dacb1b5c31a807dac74131f1dd3f9bb5d69529c0edb62a6f0aabb,512,512,1.0,JPEG,L,Testing
data/Testing/pituitary/Te-pi_330.jpg,pituitary,3,train,e02a120fc888af94425747c5485a45a7cc0a94833d4b1b45fdc51385d9d63972,512,512,1.0,JPEG,L,Testing
data/Testing/pituitary/Te-pi_331.jpg,pituitary,3,train,30f9fd775762d0843b6c70d03574813f4708ee9ab35eb21f5838bd24b3879b07,512,512,1.0,JPEG,L,Testing
data/Testing/pituitary/Te-pi_332.jpg,pituitary,3,train,e4b4badec51d68ee3706ce1809cdb23d1a673973ff391f5a3d91beb10b0d3cf5,512,512,1.0,JPEG,L,Testing
data/Testing/pituitary/Te-pi_333.jpg,pituitary,3,train,bed5509610aee52a4b9a9a2e30fceab000961fbd6cd7bbaf21b6da78afea053d,512,512,1.0,JPEG,L,Testing
data/Testing/pituitary/Te-pi_335.jpg,pituitary,3,train,83905add163b680936d02bafd5f7032f2058ce0794ca6c8e3f7f13d5681870a4,512,512,1.0,JPEG,L,Testing
data/Testing/pituitary/Te-pi_336.jpg,pituitary,3,train,08f1f18e93b0bacc33913edf7bed02900ba0cdaf1a4c6ee8de331ae33ed2bfb2,512,512,1.0,JPEG,RGB,Testing
data/Testing/pituitary/Te-pi_337.jpg,pituitary,3,train,9f4d66a444bee87da0bf741fab65c0f287ad9ad1d231da2e5de36345d5090fa0,512,512,1.0,JPEG,L,Testing
data/Testing/pituitary/Te-pi_338.jpg,pituitary,3,train,f70864882621ad183110f3e61284d84ae5afa718e33d28b650a31bc2d581be64,512,512,1.0,JPEG,L,Testing
data/Testing/pituitary/Te-pi_34.jpg,pituitary,3,train,f9d15d41d0d40ae736608ecf22796dda23261f568b2d995c1fc33e2728d8d674,512,512,1.0,JPEG,L,Testing
data/Testing/pituitary/Te-pi_341.jpg,pituitary,3,train,523f656c5195f991d8a2d3494f9162c016fde046c401de9fc6c6b9e3e63646fd,512,512,1.0,JPEG,L,Testing
data/Testing/pituitary/Te-pi_343.jpg,pituitary,3,train,63665e027ddb78f886e7b27dd414158ad37b0bf30a46c7f4df689ad86c6bda44,512,512,1.0,JPEG,L,Testing
data/Testing/pituitary/Te-pi_345.jpg,pituitary,3,train,63c2fed571909833aae117b93af96f23dfa516128020c2d707336428d3195a71,512,512,1.0,JPEG,RGB,Testing
data/Testing/pituitary/Te-pi_346.jpg,pituitary,3,train,a432e12a6fda9cb6a7b73834d89fcd3926623b39cce80796c26567f8da75d0da,512,512,1.0,JPEG,L,Testing
data/Testing/pituitary/Te-pi_347.jpg,pituitary,3,train,6fac059ef176b5f5abd6a7c6e7c25edd47a0f16728265c4bf944a11c26ee6a05,512,512,1.0,JPEG,L,Testing
data/Testing/pituitary/Te-pi_35.jpg,pituitary,3,train,6ed88b2880a88ded1f2cf1844299eaed5f2276840c7ec17ea78cc2662762dea4,512,512,1.0,JPEG,L,Testing
data/Testing/pituitary/Te-pi_352.jpg,pituitary,3,train,bf11398b9eb9491d685e8d1c85315da792b95d5a8234131cc8f962822063c32a,512,512,1.0,JPEG,L,Testing
data/Testing/pituitary/Te-pi_353.jpg,pituitary,3,train,ca40e584a46da75c2f90bb3154ef77999103ec7332c269ac17b1ec213bc2bfc7,512,512,1.0,JPEG,L,Testing
data/Testing/pituitary/Te-pi_354.jpg,pituitary,3,train,f29501053bc3c7333660dbca5189f9c712d89d52856fbcf7204fb40c74a3638f,512,512,1.0,JPEG,L,Testing
data/Testing/pituitary/Te-pi_355.jpg,pituitary,3,train,a39001a02c2c2b1ee57145d2361e3852b0d298c041a6c2c1d636beb0b8f66567,512,512,1.0,JPEG,L,Testing
data/Testing/pituitary/Te-pi_356.jpg,pituitary,3,train,97952d84e8c817ad385c69ba685b3534fb8857456153f56444effa020f1fce31,512,512,1.0,JPEG,RGB,Testing
data/Testing/pituitary/Te-pi_358.jpg,pituitary,3,train,2e6bedf169d65e86f4cd4a58d5fbab53402f9e96da6c03f5f7a5ee7a74881845,512,512,1.0,JPEG,L,Testing
data/Testing/pituitary/Te-pi_36.jpg,pituitary,3,train,a619e1e684a941ca0820c313ad48b1feb084e181f8b4329776c009b7ae3b71c2,512,512,1.0,JPEG,L,Testing
data/Testing/pituitary/Te-pi_360.jpg,pituitary,3,train,206393afa74f2f5a3e6d702f929c13d2230096defdc56d99a6311c58d27b955d,512,512,1.0,JPEG,L,Testing
data/Testing/pituitary/Te-pi_362.jpg,pituitary,3,train,60dab7989ba9c0851fd2f4beb4c6bb3a8a67f328d727e823b70b4ad86a891c0c,512,512,1.0,JPEG,L,Testing
data/Testing/pituitary/Te-pi_364.jpg,pituitary,3,train,b02d225dca2d83d8ee1456182048cc948f32c230be7741de3c800c2c6ef8730a,512,512,1.0,JPEG,RGB,Testing
data/Testing/pituitary/Te-pi_365.jpg,pituitary,3,train,17ba3f39812336f1deb3c157ce63328971e41c3cbd991cbb5a65536561ac1441,512,512,1.0,JPEG,L,Testing
data/Testing/pituitary/Te-pi_367.jpg,pituitary,3,train,0e94cb8e82547a2ef171f2b8882a9f531a1e2edf180c3fd8e0748d64a5746713,512,512,1.0,JPEG,L,Testing
data/Testing/pituitary/Te-pi_368.jpg,pituitary,3,train,5eb3a6a4684c98e520cbc09dd73d926c5fec8c06ced0dd357b1e4deababc20f7,512,512,1.0,JPEG,L,Testing
data/Testing/pituitary/Te-pi_369.jpg,pituitary,3,train,41ad3f5b7e751f6006faa0ceb7d843d3ec6c26e74af754d32baa0f3fa8746f64,512,512,1.0,JPEG,L,Testing
data/Testing/pituitary/Te-pi_37.jpg,pituitary,3,train,ef98664924c7c5416c005bd35e99cb4ae90e6e58aa381c46ca20f370ff2ee26d,512,512,1.0,JPEG,L,Testing
data/Testing/pituitary/Te-pi_370.jpg,pituitary,3,train,11ae878da35f0c9b240e4896ac69198218f97914570d6d2e445d5222bba16e74,512,512,1.0,JPEG,L,Testing
data/Testing/pituitary/Te-pi_371.jpg,pituitary,3,train,9cb0a3efcedf9f340148571171f8240662563243f8a01c09c9902e1543ffc727,512,512,1.0,JPEG,L,Testing
data/Testing/pituitary/Te-pi_373.jpg,pituitary,3,train,b41abd37a3fa9f07f2f12263cba4ce9288b0650a2c0244a7b55c413e0e86b0d3,512,512,1.0,JPEG,L,Testing
data/Testing/pituitary/Te-pi_374.jpg,pituitary,3,train,e0c752d4165f1b2c2e3781238cf28d3562a28aee54de1b0cb915ffbe0305668f,512,512,1.0,JPEG,L,Testing
data/Testing/pituitary/Te-pi_375.jpg,pituitary,3,train,c40a1eaf5b03b87120ccd6313437b68e038b72ab8157cf6afd4bdd13c6e3fa92,512,512,1.0,JPEG,L,Testing
data/Testing/pituitary/Te-pi_376.jpg,pituitary,3,train,f0ccf885a707ee474c7a8f5bd1c79dde8106a1d8a03617aa9ba232449e6b634a,512,512,1.0,JPEG,L,Testing
data/Testing/pituitary/Te-pi_377.jpg,pituitary,3,train,271fb8b4689fd4778b4acc636ad0af1d42be523cbbebcfcc9d9c63fb8e659250,512,512,1.0,JPEG,L,Testing
data/Testing/pituitary/Te-pi_38.jpg,pituitary,3,train,34748a69d5c7db02d0ef31ad194c4346b40c2f3b8d652e00ee84dcb3620e93d9,512,512,1.0,JPEG,L,Testing
data/Testing/pituitary/Te-pi_381.jpg,pituitary,3,train,d7f26d663dfe4f6bd474ddc4e9034f894917185c96b6786b5769629b900b84db,512,512,1.0,JPEG,L,Testing
data/Testing/pituitary/Te-pi_382.jpg,pituitary,3,train,7a149b83f162b51acbbc080738966a8b9f6f12fc25de85e1982b6d604cacbdbf,512,512,1.0,JPEG,RGB,Testing
data/Testing/pituitary/Te-pi_383.jpg,pituitary,3,train,90a4e3504f32a4c7f5e6d8191b4a4b9f7e879151cb571dc66566cbcf29b1e51e,512,512,1.0,JPEG,RGB,Testing
data/Testing/pituitary/Te-pi_385.jpg,pituitary,3,train,5808d15d7826a699aeda628fef10d138fb5d4b862d926672fa5e4e0f0e9f483d,512,512,1.0,JPEG,L,Testing
data/Testing/pituitary/Te-pi_386.jpg,pituitary,3,train,5c772c26e9b8a2315cac3670bb242e24372aa800afe7ae8985ef7d19480baadb,512,512,1.0,JPEG,L,Testing
data/Testing/pituitary/Te-pi_388.jpg,pituitary,3,train,4830aa30ade0dd481c9ae04255c3fe57b46e177e602ee9036a5de4bef7785a5c,512,512,1.0,JPEG,L,Testing
data/Testing/pituitary/Te-pi_389.jpg,pituitary,3,train,fb369d1a9a4ab63e403ab4954c0c505486b3f660d689b37f267c39f88744f69a,512,512,1.0,JPEG,L,Testing
data/Testing/pituitary/Te-pi_39.jpg,pituitary,3,train,7e8b58172a641c20a197691177affcc4ba0624e2cdef8171d706c3875da93fb6,512,512,1.0,JPEG,L,Testing
data/Testing/pituitary/Te-pi_390.jpg,pituitary,3,train,e385c86bef7f53a9997923cc038e3bcec2d5a86d9f5e72a73008e7920e95dcfc,512,512,1.0,JPEG,RGB,Testing
data/Testing/pituitary/Te-pi_391.jpg,pituitary,3,train,db854f94ba5250f27f1d4a7bf0b7e9bcdcdf33ac9462b25613e8850cf35f2657,512,512,1.0,JPEG,RGB,Testing
data/Testing/pituitary/Te-pi_392.jpg,pituitary,3,train,3c6e89c1a671c950e130ee4c27ab189ff405c8043eb103ca7b63846220adaa5d,512,512,1.0,JPEG,L,Testing
data/Testing/pituitary/Te-pi_396.jpg,pituitary,3,train,41973708d2b0948c8baccda014d15a500fb7ffb0d89724be5bf74ab7c12300d8,512,512,1.0,JPEG,L,Testing
data/Testing/pituitary/Te-pi_398.jpg,pituitary,3,train,e0a984d437a21efa349f6e2eb1b80023c7e47da5118ff750bc08d1818ac498c2,512,512,1.0,JPEG,L,Testing
data/Testing/pituitary/Te-pi_41.jpg,pituitary,3,train,0e83fb993f585ca2b09951ec9ae982fe6ff2a630325404e6eb7a019b88e63285,512,512,1.0,JPEG,L,Testing
data/Testing/pituitary/Te-pi_42.jpg,pituitary,3,train,c081aad9c3529c38377a90724c9c4d202a86e0aa41561491a224343a163142bc,512,512,1.0,JPEG,RGB,Testing
data/Testing/pituitary/Te-pi_43.jpg,pituitary,3,train,5e40db2265f4735ad4f05921ebab40c8b3fc7a1cfd305bfcc97f10b4a9f47e20,512,512,1.0,JPEG,RGB,Testing
data/Testing/pituitary/Te-pi_44.jpg,pituitary,3,train,5f0a9e561fbe4cc6d56685c80778c02bac25e1e67cc4efb20ca579d525931adb,512,512,1.0,JPEG,L,Testing
data/Testing/pituitary/Te-pi_45.jpg,pituitary,3,train,abc1c5906b0032ae38f261c5bbb5ceb68e3bb610ac089dddd5e8dd59574a52c1,512,512,1.0,JPEG,L,Testing
data/Testing/pituitary/Te-pi_46.jpg,pituitary,3,train,e34d062c82bc66541828744bc36585bba403b685fdf680a65f85a241db1829c9,512,512,1.0,JPEG,L,Testing
data/Testing/pituitary/Te-pi_47.jpg,pituitary,3,train,6e53eed83a308ee306613441da35a90dcba878730d12c57afa585db7cfe7eadd,512,512,1.0,JPEG,L,Testing
data/Testing/pituitary/Te-pi_48.jpg,pituitary,3,train,a539a0148679ce36d596a325b0aee80f78d9116b4f6ba440e9878d1065a15c0a,512,512,1.0,JPEG,L,Testing
data/Testing/pituitary/Te-pi_49.jpg,pituitary,3,train,42812094c67e18095894b015af688fafbde5213156156404733b2a4c70842b9b,512,512,1.0,JPEG,RGB,Testing
data/Testing/pituitary/Te-pi_5.jpg,pituitary,3,train,f0007be81fc57a2460d0c60de73acba1055f8a13424a0307e51b7f29037e0315,512,512,1.0,JPEG,L,Testing
data/Testing/pituitary/Te-pi_50.jpg,pituitary,3,train,0ead83c8cbdd08548a6e18d96325c140b38287227c0ba1947adfb8defe753f87,512,512,1.0,JPEG,L,Testing
data/Testing/pituitary/Te-pi_52.jpg,pituitary,3,train,7814a5192b7f62330cfb0a69c8db721a954fed520b185583199c377e963073ad,512,512,1.0,JPEG,L,Testing
data/Testing/pituitary/Te-pi_53.jpg,pituitary,3,train,da03387392e49fe54a309bd91c5750efe5f6d9c4e446ff6d248c69c84424fa93,512,512,1.0,JPEG,L,Testing
data/Testing/pituitary/Te-pi_54.jpg,pituitary,3,train,26b815ffca8d68e633c125615369454baa3c68602607945ca4a2b0d2424eb77c,512,512,1.0,JPEG,RGB,Testing
data/Testing/pituitary/Te-pi_57.jpg,pituitary,3,train,7c17cbe163ddb76924a5c046fcbb738cbd9e702d2d0eab0db81f9c69306dcbef,512,512,1.0,JPEG,L,Testing
data/Testing/pituitary/Te-pi_58.jpg,pituitary,3,train,b555a746d98f9a8475f1c0e94d43c2a6e078a4f3cf4e9d17dc9166af44ee46e1,512,512,1.0,JPEG,L,Testing
data/Testing/pituitary/Te-pi_59.jpg,pituitary,3,train,e693821642ff9cbe0e2e349c432ef5c9169a4ef8b99d6d0bf092410c7804bb91,256,256,1.0,JPEG,L,Testing
data/Testing/pituitary/Te-pi_60.jpg,pituitary,3,train,4502c2900a4bf3d66e1b2d6508326b0a0bd942e8dbf2db6a7692ca8230756ffd,512,512,1.0,JPEG,L,Testing
data/Testing/pituitary/Te-pi_62.jpg,pituitary,3,train,b9a49ddf723e4faeff2f27bcfe8c15042a3e0386fabd5d917200ad2cc317b1bb,512,512,1.0,JPEG,L,Testing
data/Testing/pituitary/Te-pi_63.jpg,pituitary,3,train,283b9e73bf63defe2750c8149ca73a96bcc268a7e04ce3426d8f5c021ed7bea9,512,512,1.0,JPEG,L,Testing
data/Testing/pituitary/Te-pi_64.jpg,pituitary,3,train,48c874ea2293b791ef2ab00bf471dad24b84a7bb5652cba9e845ed25d25e824b,512,512,1.0,JPEG,L,Testing
data/Testing/pituitary/Te-pi_65.jpg,pituitary,3,train,99a6939fbaee4293e60cc9e1187d52498462429a6988c3c606ef6c9bccbf8816,512,512,1.0,JPEG,L,Testing
data/Testing/pituitary/Te-pi_66.jpg,pituitary,3,train,da5dcd8e79e588e1c3488a15d6ecc5a1bf65fa25324a0564ad4948aeb316e07f,512,512,1.0,JPEG,L,Testing
data/Testing/pituitary/Te-pi_67.jpg,pituitary,3,train,386e52d322160d533fa9bdea8527402f5450edeb2cfc4d5974118273b307fb4a,512,512,1.0,JPEG,L,Testing
data/Testing/pituitary/Te-pi_68.jpg,pituitary,3,train,8cfbe4e9f7a07032e124f4e1006c1c3cd890f2c64333ccd929bbd475c07f9e51,512,512,1.0,JPEG,L,Testing
data/Testing/pituitary/Te-pi_7.jpg,pituitary,3,train,909459b1bd816fd54a40ff7eb00bf16a682357fad52b1a2a84689d6b02dbe91a,512,512,1.0,JPEG,L,Testing
data/Testing/pituitary/Te-pi_70.jpg,pituitary,3,train,8d2d30719543b168fe77361c584adc7fc0647ed7d06b2850526ee06610d4c4c1,512,512,1.0,JPEG,L,Testing
data/Testing/pituitary/Te-pi_71.jpg,pituitary,3,train,b05e2a868d496723c091aa547a7618ec37a2b89d85e14be5a4d22a130fe35dca,512,512,1.0,JPEG,L,Testing
data/Testing/pituitary/Te-pi_74.jpg,pituitary,3,train,05a2d92a4d3b8fb74159b6d5988789ec0d0b881eef79cb0faa0ab3dabe072173,512,512,1.0,JPEG,RGB,Testing
data/Testing/pituitary/Te-pi_75.jpg,pituitary,3,train,6db4dac9f2b2c511288d2cc4b287d7eaecc9117a5c8fbc133b4597a14e071c9a,512,512,1.0,JPEG,L,Testing
data/Testing/pituitary/Te-pi_77.jpg,pituitary,3,train,9c6620fb1a9c5514d9eaf734b46ce744315db6ceb2f39b087751cf78de500aa0,512,512,1.0,JPEG,L,Testing
data/Testing/pituitary/Te-pi_78.jpg,pituitary,3,train,eb1ed15ac4cea1b1c0f8fa550cd8913c34929d1f41305a23f76238aebba47ac0,512,512,1.0,JPEG,L,Testing
data/Testing/pituitary/Te-pi_79.jpg,pituitary,3,train,901cae916aaaf207579ea86c14656571dec98cb972523d8d58751f3286db3cdb,512,512,1.0,JPEG,L,Testing
data/Testing/pituitary/Te-pi_8.jpg,pituitary,3,train,da3cda9e47d055adcd55a7566ae0357bb96a96dd05b7c129f1104c075a22c964,512,512,1.0,JPEG,RGB,Testing
data/Testing/pituitary/Te-pi_80.jpg,pituitary,3,train,64a651321d08cc1a33974a5d1fb7d21af57043c51515b234f2f0178ada76d849,512,512,1.0,JPEG,RGB,Testing
data/Testing/pituitary/Te-pi_81.jpg,pituitary,3,train,ff8743e5b3cb80c8e432c00d8c09b8535156246e63ec0dfba4147932154d9984,512,512,1.0,JPEG,L,Testing
data/Testing/pituitary/Te-pi_83.jpg,pituitary,3,train,d9ad908588622564efbbd0adbaeb9d7d411b9327673cb2ac7ad00b29db0b59da,512,512,1.0,JPEG,RGB,Testing
data/Testing/pituitary/Te-pi_84.jpg,pituitary,3,train,c6855852c9320e55955a7342dceb728b06fc20f4f9b9ab6f5554cf7bddeb3301,512,512,1.0,JPEG,L,Testing
data/Testing/pituitary/Te-pi_85.jpg,pituitary,3,train,ce29effeda4c4995527f2ae95d33123f8b716326150d255e50225c3a12148b11,512,512,1.0,JPEG,L,Testing
data/Testing/pituitary/Te-pi_86.jpg,pituitary,3,train,e38c1ea49b9c7ade94144e2fc375629035f0c10684f9cab6ce6170b66bbf755d,512,512,1.0,JPEG,L,Testing
data/Testing/pituitary/Te-pi_87.jpg,pituitary,3,train,ed990d22ff247b59ce49d31e6fc521f49216b7b3034ce3f2030ec9dc8c5a4611,512,512,1.0,JPEG,L,Testing
data/Testing/pituitary/Te-pi_89.jpg,pituitary,3,train,01d3823ce8ac19fb497022019b6928474cf22671a20cb6a63c2220d7d24fca76,512,512,1.0,JPEG,RGB,Testing
data/Testing/pituitary/Te-pi_91.jpg,pituitary,3,train,9b6aa7acbceab59f7115d2fd230e6ed8a8e4f640a1961bbfb38641920d060d8f,512,512,1.0,JPEG,L,Testing
data/Testing/pituitary/Te-pi_92.jpg,pituitary,3,train,bf9c6c5e2e4c0b899b5ec4a4c3a470c9e0b717158e98e2d2741338d7fa8e4db0,512,512,1.0,JPEG,RGB,Testing
data/Testing/pituitary/Te-pi_93.jpg,pituitary,3,train,5e37258f3f4bc257339d9fe4db31724a63b57727e6111a65e58d08e3cbba575b,512,512,1.0,JPEG,RGB,Testing
data/Testing/pituitary/Te-pi_95.jpg,pituitary,3,train,9b15159512d82c03c2d3d5888584fb4c457e1fdbe573387ec421433249efa8ec,512,512,1.0,JPEG,RGB,Testing
data/Testing/pituitary/Te-pi_96.jpg,pituitary,3,train,64590547cc1d4b658b41de2c702fd49af94e95644acaa3fd77170fde57f9ff40,256,256,1.0,JPEG,L,Testing
data/Testing/pituitary/Te-pi_97.jpg,pituitary,3,train,d2f821b084843fee43cac4337185d53c58ee1cd4e1a15a65e96137d91b5fa6ac,512,512,1.0,JPEG,L,Testing
data/Testing/pituitary/Te-pi_98.jpg,pituitary,3,train,b359d50f847dfc383aaa178f04d13ac9c795a7f0d11999355ec1d2c4f79eb0f6,512,512,1.0,JPEG,L,Testing
data/Testing/pituitary/Te-pi_99.jpg,pituitary,3,train,6c15e022d3766b7509e64a1a34a25079e9c0dd308202d72f5555980abdbfea60,512,512,1.0,JPEG,RGB,Testing
data/Training/pituitary/Tr-pi_1.jpg,pituitary,3,train,6f5332bbdb310c34763545c93e2161ea7ccaac0a773f0544ba6211b5cd397334,512,512,1.0,JPEG,RGB,Training
data/Training/pituitary/Tr-pi_100.jpg,pituitary,3,train,c22fc364ceb64bd46f2a08f06d3cdf022bd3d972b305c5b35ed940befc768684,512,512,1.0,JPEG,RGB,Training
data/Training/pituitary/Tr-pi_1001.jpg,pituitary,3,train,994711e860d85f7193e129a9fda102f4ba04a7567aa599a533455fcb7df331f7,512,512,1.0,JPEG,RGB,Training
data/Training/pituitary/Tr-pi_1004.jpg,pituitary,3,train,6af62149491b4ce29fec1a612566fc69456c5ea50dc312efee36eaabac3177d4,512,512,1.0,JPEG,L,Training
data/Training/pituitary/Tr-pi_1005.jpg,pituitary,3,train,9943fdcd05b75a35669740cae05c794f2bfcee15bb24b3d6f00fbf1e3b2015ab,512,512,1.0,JPEG,RGB,Training
data/Training/pituitary/Tr-pi_1006.jpg,pituitary,3,train,f9a0b68f8183bfe30ffce54c44471e86d9ae03d6190d7b2d5bac0ea37f6a1fa5,512,512,1.0,JPEG,RGB,Training
data/Training/pituitary/Tr-pi_1008.jpg,pituitary,3,train,f6af1e15f190625a028526d7857ffb5c40d7aad6bcab19b332ceddb3b59ddf6e,512,512,1.0,JPEG,L,Training
data/Training/pituitary/Tr-pi_101.jpg,pituitary,3,train,605b339fe098a4966be643e35ca4b5bc61695be978b92865bf9125dba196891c,512,512,1.0,JPEG,L,Training
data/Training/pituitary/Tr-pi_1011.jpg,pituitary,3,train,61897d94ae23eebd69b26854d161995aa72a80b387871c54645a93289309e5a7,512,512,1.0,JPEG,L,Training
data/Training/pituitary/Tr-pi_1014.jpg,pituitary,3,train,d5e5b7131dd5c6f7e4b91f0b74e6d7720abcc3524ca6466f4ab497e1d1a49d0b,512,512,1.0,JPEG,L,Training
data/Training/pituitary/Tr-pi_1015.jpg,pituitary,3,train,04d86921b4a0e9c7f97d22f65e0b600b26b8c14a386a0f3e81c687397bd33891,512,512,1.0,JPEG,L,Training
data/Training/pituitary/Tr-pi_1016.jpg,pituitary,3,train,53405bf4a9f57a9fa68db086a5779339ca8098cb3f01582dfc4b894089580af8,512,512,1.0,JPEG,RGB,Training
data/Training/pituitary/Tr-pi_1017.jpg,pituitary,3,train,211e7abfe6375f9a6cfca39c6211705c6bd804aa3f8c43f5c3c6c0eea1ac092a,512,512,1.0,JPEG,RGB,Training
data/Training/pituitary/Tr-pi_1018.jpg,pituitary,3,train,ad99ab93d7da2cffc74b4aa66319df08e2e30c1e835eee2ed523565eda24110b,512,512,1.0,JPEG,RGB,Training
data/Training/pituitary/Tr-pi_1019.jpg,pituitary,3,train,68e74f788df3aaf8ea63c1b8f59eea60805b3109bf57c2c65903ee7417ca7529,512,512,1.0,JPEG,L,Training
data/Training/pituitary/Tr-pi_102.jpg,pituitary,3,train,1005128f06c2dacf60a20eefea279c814788c527109e2fa5dd5d85f64a98920d,512,512,1.0,JPEG,RGB,Training
data/Training/pituitary/Tr-pi_1020.jpg,pituitary,3,train,a73abb90e21523ef34f8da86fa93320aadf91a93a2a6d9585457471b320c739d,512,512,1.0,JPEG,L,Training
data/Training/pituitary/Tr-pi_1021.jpg,pituitary,3,train,b68652f6200b14eaa49c51cd66453e38bdd4f01067be8f0afc40e6c3faaed889,512,512,1.0,JPEG,L,Training
data/Training/pituitary/Tr-pi_1024.jpg,pituitary,3,train,3824ae0ac70ae781a7ffbfdcc67dc4824d467cb4eddd377c0df63022ab4c2f7f,512,512,1.0,JPEG,RGB,Training
data/Training/pituitary/Tr-pi_1025.jpg,pituitary,3,train,e3994948d8539c11d45ca545a90861c8f0256bd5cffe1e164c42802dbcb30eb1,512,512,1.0,JPEG,L,Training
data/Training/pituitary/Tr-pi_1026.jpg,pituitary,3,train,b265830de346c71cc20e53f0bb95386d5fc21e80448a05a182d8ce82da873115,512,512,1.0,JPEG,L,Training
data/Training/pituitary/Tr-pi_1027.jpg,pituitary,3,train,85cbba05eb8dda48bf40008418c738a1a10f2a62dcc88112572b5949ce0752f6,512,512,1.0,JPEG,RGB,Training
data/Training/pituitary/Tr-pi_1028.jpg,pituitary,3,train,399e7575df0ea6c17aedd40e32d6f4ccd70519eca62b294b6c181b79bc3565b8,512,512,1.0,JPEG,L,Training
data/Training/pituitary/Tr-pi_1029.jpg,pituitary,3,train,8e7196238107c5837124ab9d4da386eb5a719ec1de0a13e0a3421a587201128c,900,741,1.214574898785425,JPEG,RGB,Training
data/Training/pituitary/Tr-pi_103.jpg,pituitary,3,train,1cc183e9797f874d6fdcd5c20f28237fb2e4c57487bd5eb90af79b37f8dcfa93,512,512,1.0,JPEG,RGB,Training
data/Training/pituitary/Tr-pi_1030.jpg,pituitary,3,train,f5a582d96fe9b34feb8a419e36e20116d92ff7d8ea48bd415fe281e06bd84dd9,512,512,1.0,JPEG,L,Training
data/Training/pituitary/Tr-pi_1034.jpg,pituitary,3,train,50766411b9f848d6220fc9dce8335b16a62f361914f19d008c95ebf16a631034,512,512,1.0,JPEG,L,Training
data/Training/pituitary/Tr-pi_1036.jpg,pituitary,3,train,f507af59a5f2165e806db14a738c85a9797dbbd21d20caa446b02e8159ec1361,512,512,1.0,JPEG,L,Training
data/Training/pituitary/Tr-pi_1037.jpg,pituitary,3,train,4b10fe48c8cb64daa5fa1caba20b46e80dbca4c532a9bd8e6788b84b03d693d0,512,512,1.0,JPEG,L,Training
data/Training/pituitary/Tr-pi_1039.jpg,pituitary,3,train,b9d9238fe8b6d79f6d1369661634a481b3632f1e90e9687083d8ca9282f7a389,512,512,1.0,JPEG,RGB,Training
data/Training/pituitary/Tr-pi_104.jpg,pituitary,3,train,f6ad593e35a0aa6190405bf9576cc06052102d410f91fbc0144d19cca493185e,512,512,1.0,JPEG,L,Training
data/Training/pituitary/Tr-pi_1040.jpg,pituitary,3,train,59cdcecdf72e8cada2c23434a96614c713c4b9ecaf92df8cc17bc1df5d80bab9,512,512,1.0,JPEG,L,Training
data/Training/pituitary/Tr-pi_1041.jpg,pituitary,3,train,e036462e2bb5443a9be46d88223b8cabdd51c608e2a5740609aeca45b391993f,512,512,1.0,JPEG,RGB,Training
data/Training/pituitary/Tr-pi_1042.jpg,pituitary,3,train,0b4f500e5aba72f4242dd1b885ce57676d1c83ec55155f2f05c224bae781f503,512,512,1.0,JPEG,L,Training
data/Training/pituitary/Tr-pi_1043.jpg,pituitary,3,train,41cb50b5bdc1c4a53f56b8bb3c2c7626e287a099e2c916f89710aa6db65e7958,512,512,1.0,JPEG,L,Training
data/Training/pituitary/Tr-pi_1044.jpg,pituitary,3,train,cb4e88a6d6c9c43da4044c23d33c2ba68a0438f48700b7549b5639190c25f720,512,512,1.0,JPEG,L,Training
data/Training/pituitary/Tr-pi_1046.jpg,pituitary,3,train,2f783b20a7ebf3c8b2e7e9b2b02a96da972f9b0515b2456ba380284aa75685ad,512,512,1.0,JPEG,RGB,Training
data/Training/pituitary/Tr-pi_1047.jpg,pituitary,3,train,3eee780d6beb1f3194809c4f09fae57115e60ca6159695a3782d485e36ac68cc,512,512,1.0,JPEG,RGB,Training
data/Training/pituitary/Tr-pi_1048.jpg,pituitary,3,train,81bc2c9109adad0827eae08f2c47f8a9589e8e1dd6ad6349fcfe388752a8753d,512,512,1.0,JPEG,L,Training
data/Training/pituitary/Tr-pi_105.jpg,pituitary,3,train,9e586cdeb7203901ea0c9db967f221c3b67c270fd3930f69e76e6f015134b7c7,512,512,1.0,JPEG,RGB,Training
data/Training/pituitary/Tr-pi_1050.jpg,pituitary,3,train,42e9c01f5e312f37c134a03c873ab7362404500bca398b0318e74c08a341f642,512,512,1.0,JPEG,L,Training
data/Training/pituitary/Tr-pi_1051.jpg,pituitary,3,train,55b8166b6cf221119cc233e04af6285185de23c8b3e0b765f8f5c4731324fc49,512,512,1.0,JPEG,L,Training
data/Training/pituitary/Tr-pi_1052.jpg,pituitary,3,train,4983ab2e1119aee2db87bbf0465b86ad1b105201098a61f88c3c512e6c563380,512,512,1.0,JPEG,L,Training
data/Training/pituitary/Tr-pi_1054.jpg,pituitary,3,train,3b4961d21ec352fc7385c23d4f86bb57fd993d1e40a2e162499074878008e114,512,512,1.0,JPEG,RGB,Training
data/Training/pituitary/Tr-pi_1056.jpg,pituitary,3,train,2521ac461e32d635c3bec3d6189e6b0aa2037781cd9f12be574f4ce6e536395c,512,512,1.0,JPEG,RGB,Training
data/Training/pituitary/Tr-pi_1057.jpg,pituitary,3,train,4d33132d5fb07c7fe5a660f68ade170eb5a73a1038818497b5631e2229acd77f,512,512,1.0,JPEG,L,Training
data/Training/pituitary/Tr-pi_1059.jpg,pituitary,3,train,f2c9941c8592b0d629a82399b0299faa16e7b61696ea01b1b10159fbab5b50c0,512,512,1.0,JPEG,L,Training
data/Training/pituitary/Tr-pi_106.jpg,pituitary,3,train,e08fe9cbac9f2939cbfa098975fa28d80b5623bceeef01c69a94a503cd8d7e9c,512,512,1.0,JPEG,RGB,Training
data/Training/pituitary/Tr-pi_1060.jpg,pituitary,3,train,27c4b511b7e7a0738ba7adce5c20120e24f0839aee9545c5f188c9f1acd4974a,512,512,1.0,JPEG,L,Training
data/Training/pituitary/Tr-pi_1061.jpg,pituitary,3,train,372ac0bb5792f388b6c282438d48cdbd8022fb453e0e2178beb1e7cbc895cd64,512,512,1.0,JPEG,RGB,Training
data/Training/pituitary/Tr-pi_1063.jpg,pituitary,3,train,18d093aca73b177483bdb1e36f10417661c926e248d6370539b7c3bae163a31b,470,432,1.087962962962963,JPEG,RGB,Training
data/Training/pituitary/Tr-pi_1065.jpg,pituitary,3,train,645dcd30dc0812049d58b26e61c284cbea061207609d7ba7794ca8d055b24e8c,512,512,1.0,JPEG,L,Training
data/Training/pituitary/Tr-pi_1066.jpg,pituitary,3,train,cbb021fa39c917fe63ef35d65ecac167fbb34898559115aaa92a8e1d2826aff0,512,512,1.0,JPEG,L,Training
data/Training/pituitary/Tr-pi_1067.jpg,pituitary,3,train,d1c809dee969de4986d7141827e72b1119faf255471b39605a570e76d419e7dc,512,512,1.0,JPEG,RGB,Training
data/Training/pituitary/Tr-pi_1068.jpg,pituitary,3,train,28af22fda81f3ae913bfa1b468668619f543b8b09cb6e6ae2a9c2685aa1b1825,512,512,1.0,JPEG,L,Training
data/Training/pituitary/Tr-pi_1069.jpg,pituitary,3,train,e6dfbc832090c74b009c63376871b4c92848706a1cc0c883daa131d3df798555,512,512,1.0,JPEG,RGB,Training
data/Training/pituitary/Tr-pi_107.jpg,pituitary,3,train,3b2ee559c7dff508ca6284f1d3d45478cf0a61432d563967f159f1a63db388a9,512,512,1.0,JPEG,RGB,Training
data/Training/pituitary/Tr-pi_1070.jpg,pituitary,3,train,4eb6c59bc754bf54052557ecb1b72591d07c6178df2c16c537c87ab06a706922,512,512,1.0,JPEG,L,Training
data/Training/pituitary/Tr-pi_1072.jpg,pituitary,3,train,0ef25d7087c3e3478a8bf0d73c496e7bdfba0198d4d9bdb8aa2345cab23f0fcf,512,512,1.0,JPEG,RGB,Training
data/Training/pituitary/Tr-pi_1073.jpg,pituitary,3,train,2e7793df751ec211fa9c1529a730c0f03dd6dc900bb99b5ed2c22a759bb06c9e,512,512,1.0,JPEG,RGB,Training
data/Training/pituitary/Tr-pi_1075.jpg,pituitary,3,train,70f289b890517225eb95650711c9b785725d4c75643e0de701b23dd6421ba263,512,512,1.0,JPEG,L,Training
data/Training/pituitary/Tr-pi_1077.jpg,pituitary,3,train,518c5ec3cf98c4869bc80ce4af18e374f912e3d1f29986bbc22a7c17b158a4be,512,512,1.0,JPEG,RGB,Training
data/Training/pituitary/Tr-pi_1078.jpg,pituitary,3,train,bc0473de72585158f8fb77e2a1135209d99d06695ba56be391fc0e66e88512a5,512,512,1.0,JPEG,L,Training
data/Training/pituitary/Tr-pi_108.jpg,pituitary,3,train,f7aecda3d2e3782cc0409594f62e7eb83c5a97c7f98404e5975bbff24723ff1f,512,512,1.0,JPEG,RGB,Training
data/Training/pituitary/Tr-pi_1080.jpg,pituitary,3,train,02d259628a9dffd243e1ab787283a8dcdfa501e26f2076237b575a27d265f19f,512,512,1.0,JPEG,RGB,Training
data/Training/pituitary/Tr-pi_1081.jpg,pituitary,3,train,35c72f3fe62818c356c76aac6c4bfe01f0e1b396736bd41d142238024087ae2e,512,512,1.0,JPEG,L,Training
data/Training/pituitary/Tr-pi_1082.jpg,pituitary,3,train,3313003cfe3eea5171fc92a45301b2f7928e95193416673f69be9085b2ae4570,512,512,1.0,JPEG,RGB,Training
data/Training/pituitary/Tr-pi_1083.jpg,pituitary,3,train,1bdca57088f2b5866c9f3634683b51f97fb9b34bfddd347ee4117d74a8cf5862,256,256,1.0,JPEG,RGB,Training
data/Training/pituitary/Tr-pi_1084.jpg,pituitary,3,train,b6b9ef6b3ef34a666db707fd5bfa5401956080a4baad501cd623f04c9d7694fa,512,512,1.0,JPEG,L,Training
data/Training/pituitary/Tr-pi_1086.jpg,pituitary,3,train,5dbbe8ee6cf7a3f53d30cc9e6b2be9759b79a0446625fc510832e18eaf08cda1,512,512,1.0,JPEG,RGB,Training
data/Training/pituitary/Tr-pi_1087.jpg,pituitary,3,train,4b3d9a7fd555d8bddc27acb0aadc5cdf668f61c45c497f6cdca2c0e8d603e022,512,512,1.0,JPEG,RGB,Training
data/Training/pituitary/Tr-pi_1089.jpg,pituitary,3,train,e688fb9f99fed8e1a51264231f03fbba69cdda2d0706026defeca784439b26ee,512,512,1.0,JPEG,RGB,Training
data/Training/pituitary/Tr-pi_109.jpg,pituitary,3,train,35d09060b9e4cfac3c2063f888fd6b1bd38b003ad213ebea30066c4821f4c49f,512,512,1.0,JPEG,RGB,Training
data/Training/pituitary/Tr-pi_1090.jpg,pituitary,3,train,08dd4e7506d069270e976e341ab5da3ccd8c41a1c2a701553602f16a56acfc27,512,512,1.0,JPEG,RGB,Training
data/Training/pituitary/Tr-pi_1091.jpg,pituitary,3,train,1a8366a2d08a46ead48a70cfb021e68ec5f840454f81bc924374386e69cc6ca1,512,512,1.0,JPEG,RGB,Training
data/Training/pituitary/Tr-pi_1096.jpg,pituitary,3,train,ec08894a355ad7892f8183397bb48cf4b24c1ecda81d3fa134fbd88bd91796dd,512,512,1.0,JPEG,L,Training
data/Training/pituitary/Tr-pi_1097.jpg,pituitary,3,train,432f8f1e66ab5dc37279155b328e6d2bf3a45171ba126612dfed43cdd5c2804d,512,512,1.0,JPEG,RGB,Training
data/Training/pituitary/Tr-pi_11.jpg,pituitary,3,train,69dae7de4709adc621d9a16f7425e1d852dce203a86f266863621fbbf49002c4,512,512,1.0,JPEG,RGB,Training
data/Training/pituitary/Tr-pi_110.jpg,pituitary,3,train,02d8b7e7d18c67b35f1f11ce4485030b35f1d877b382ff28c2c31a8c0f5b302b,512,512,1.0,JPEG,RGB,Training
data/Training/pituitary/Tr-pi_1100.jpg,pituitary,3,train,6cde0b35f06e1dbb87ea8b731626f87b8289de21fe7a930cd62a2698d6834e2c,512,512,1.0,JPEG,RGB,Training
data/Training/pituitary/Tr-pi_1101.jpg,pituitary,3,train,b80e7c58aaeaabe1df6d7b4ea0c9c38acda2e83ef39b95958b282fba30a84639,512,512,1.0,JPEG,L,Training
data/Training/pituitary/Tr-pi_1102.jpg,pituitary,3,train,110d30b50861a78b5ac78df62c5c7f6f2915f613e3678f7fc01644333dc5de11,512,512,1.0,JPEG,RGB,Training
data/Training/pituitary/Tr-pi_1103.jpg,pituitary,3,train,bd0b7a78063f5745efb12fbd542206cd6f84e4bfa8b00faa07ca046644245a65,512,512,1.0,JPEG,L,Training
data/Training/pituitary/Tr-pi_1105.jpg,pituitary,3,train,810a7d43cd68b50ad3ee0b4f75365a3b77752aacced5cf70f47f28ee031b1849,512,512,1.0,JPEG,L,Training
data/Training/pituitary/Tr-pi_1106.jpg,pituitary,3,train,f651e448e93bc2ad6d5a6a62de1319dce4fee33c5068a684bf13c39fa7c19444,512,512,1.0,JPEG,L,Training
data/Training/pituitary/Tr-pi_1107.jpg,pituitary,3,train,e298e1cfdac25796d56271d5ff9d213e10108873bc04f4717cb69f14fedef79d,512,512,1.0,JPEG,RGB,Training
data/Training/pituitary/Tr-pi_1108.jpg,pituitary,3,train,99923de50cef29e7f55ee5aa1d7d33b8812c660fd63b5a2b4c4013270614ba49,512,512,1.0,JPEG,L,Training
data/Training/pituitary/Tr-pi_1109.jpg,pituitary,3,train,d7609660b17927aa653474c9e3b61bf4bba0a6e26bf10c4e8671ec42aed28b39,512,512,1.0,JPEG,RGB,Training
data/Training/pituitary/Tr-pi_111.jpg,pituitary,3,train,b1148bfb92b9bb7845111b64487127aa4d26773e3f4b402f660b90f563e73af8,512,512,1.0,JPEG,L,Training
data/Training/pituitary/Tr-pi_1110.jpg,pituitary,3,train,4fd8e1474e74bc86d65bd309e9b3bd5347c8d0131b39e63e36d03acc947cb7b6,512,512,1.0,JPEG,L,Training
data/Training/pituitary/Tr-pi_1111.jpg,pituitary,3,train,d6d443be78159c6f6d9fba4e21acf4a2c22839b4986870e61e5a11fe47f523bf,512,512,1.0,JPEG,L,Training
data/Training/pituitary/Tr-pi_1113.jpg,pituitary,3,train,b26cb3d6441f1e3f37b4e62aff8957ee38a41d66032559a0076e47e6b1a7090d,512,512,1.0,JPEG,RGB,Training
data/Training/pituitary/Tr-pi_1114.jpg,pituitary,3,train,794c8e74d09574af8e955aaa9cff92265b24436b429779a59b404c8f86f6f6fb,512,512,1.0,JPEG,RGB,Training
data/Training/pituitary/Tr-pi_1115.jpg,pituitary,3,train,4e9c50600d6c7b8b3ae5d24bd3acd488144ac4f097dac75be6c9f66f53cbeb16,512,512,1.0,JPEG,L,Training
data/Training/pituitary/Tr-pi_1116.jpg,pituitary,3,train,af6cdba2dda1fc8f6e89a922b509854d4c6375cb0876777d284eef58c48d1b43,512,512,1.0,JPEG,L,Training
data/Training/pituitary/Tr-pi_1118.jpg,pituitary,3,train,17f8cdb52217a93ad04c1df46bf8b413c463b65af8f8a8d292b1f7f92d5599cf,512,512,1.0,JPEG,RGB,Training
data/Training/pituitary/Tr-pi_1119.jpg,pituitary,3,train,db56838b1a401d568a3186f8fbf3839562a31a3262625caa1b560bd0b04761e8,512,512,1.0,JPEG,RGB,Training
data/Training/pituitary/Tr-pi_112.jpg,pituitary,3,train,d65e3105c227c85e176f8e591305215aef0256ed46e9adf0325025a1f3802024,512,512,1.0,JPEG,L,Training
data/Training/pituitary/Tr-pi_1120.jpg,pituitary,3,train,b97de9ac8bf0e21809d034a302048e5218f58a4d87ffaa1f4c9dcbc641ff6524,512,512,1.0,JPEG,RGB,Training
data/Training/pituitary/Tr-pi_1121.jpg,pituitary,3,train,6406c0449142dad093c1dba85041365f536a0d66fd7c60bfb9aa4d082218c0f2,512,512,1.0,JPEG,RGB,Training
data/Training/pituitary/Tr-pi_1122.jpg,pituitary,3,train,9eb3b566bcf27ca7a770114e30e7a2fcdb18198f0f75c6def298eac4098f4e0d,1338,1304,1.0260736196319018,JPEG,RGB,Training
data/Training/pituitary/Tr-pi_1123.jpg,pituitary,3,train,46b14dafd68aadc4635366230a2a917ff719a4a57eadebd6686394275c50fb5b,512,512,1.0,JPEG,L,Training
data/Training/pituitary/Tr-pi_1124.jpg,pituitary,3,train,0fd9f75c5c3c374ac3f135d05b4fbf3cdd487959517f37a53b51638102ab926d,512,512,1.0,JPEG,L,Training
data/Training/pituitary/Tr-pi_1125.jpg,pituitary,3,train,c0e2adfc9cab44f5c496aacd62fd382b7f4bba401927044b32326c40bd595bec,512,512,1.0,JPEG,L,Training
data/Training/pituitary/Tr-pi_1126.jpg,pituitary,3,train,18b1e93ffcd068655f585ba3953f52d7c1ccbb12a360d060e16b35358ee6f789,512,512,1.0,JPEG,RGB,Training
data/Training/pituitary/Tr-pi_1127.jpg,pituitary,3,train,9ad0d4b8cf3ca551b895375e5493f2674a23d672895304522cbfc8bc2b95b6d0,512,512,1.0,JPEG,L,Training
data/Training/pituitary/Tr-pi_1128.jpg,pituitary,3,train,e6aa2aa5723f3360424efae5e6d8e44fba7c251f92379c69cac6c82a0a87e77c,512,512,1.0,JPEG,RGB,Training
data/Training/pituitary/Tr-pi_113.jpg,pituitary,3,train,ccf81f97a4493c9b73819a1f6f5f5b341d02e34c401e81b0d07fea3ef26d08d7,512,512,1.0,JPEG,RGB,Training
data/Training/pituitary/Tr-pi_1130.jpg,pituitary,3,train,36bb54144541aee131be650188b2de709f46de2a862c31d0b52f04a3797afca0,512,512,1.0,JPEG,L,Training
data/Training/pituitary/Tr-pi_1131.jpg,pituitary,3,train,819202039c71a1c6aafcfe8efac15c82db61015d8bba2ad860e964f7a6068aad,512,512,1.0,JPEG,L,Training
data/Training/pituitary/Tr-pi_1133.jpg,pituitary,3,train,ab2656773346cdc1e69c0745c28e5260dc7a5828a2f80c2bbc3acc198abcfdea,512,512,1.0,JPEG,RGB,Training
data/Training/pituitary/Tr-pi_1134.jpg,pituitary,3,train,6186ceea12c3359dc4f4099cf3ca1edfaed63276671e174d93eb588a03856eff,512,512,1.0,JPEG,RGB,Training
data/Training/pituitary/Tr-pi_1137.jpg,pituitary,3,train,0a12d46fa7d24d094e64a4509c35320aa43e9a930d452de223a42bc280324056,512,512,1.0,JPEG,L,Training
data/Training/pituitary/Tr-pi_1138.jpg,pituitary,3,train,161d8a15ffc754be05e5126ffad55fc1aed65a48a75d9b51bd8937d89e5559c1,512,512,1.0,JPEG,RGB,Training
data/Training/pituitary/Tr-pi_114.jpg,pituitary,3,train,fd7940e09f4c7cb991f81c591e5be86a3991ed64f3ea1a2fe528fed8b988c3e0,512,512,1.0,JPEG,L,Training
data/Training/pituitary/Tr-pi_1140.jpg,pituitary,3,train,cd5beccc414f91f4d7c973d390801c81cd812c6a60e3f9319daa2846c18a126a,512,512,1.0,JPEG,RGB,Training
data/Training/pituitary/Tr-pi_1142.jpg,pituitary,3,train,01a803a94f098c0e588942eac7f6059980c61b44860b9669a5a70a6ce9256961,512,512,1.0,JPEG,L,Training
data/Training/pituitary/Tr-pi_1145.jpg,pituitary,3,train,9a78ff9f39e91f72a7e81fd4e4ac015f9cb6bc695e590c4c08847edb92b4c94a,512,512,1.0,JPEG,L,Training
data/Training/pituitary/Tr-pi_1146.jpg,pituitary,3,train,0a9dc8ef9b61e0e8d621757d8f098e93373924fa737a6d74f8b8cca951e35884,512,512,1.0,JPEG,RGB,Training
data/Training/pituitary/Tr-pi_1148.jpg,pituitary,3,train,ee92f13fff06c12e4a04778e692e0dfff0f9f8736b48f7879b58ad3f1add6314,512,512,1.0,JPEG,RGB,Training
data/Training/pituitary/Tr-pi_1149.jpg,pituitary,3,train,c24e159864f570475cd620e7970830f84c3bb0a736fd03b44598bfb08b28ff94,512,512,1.0,JPEG,RGB,Training
data/Training/pituitary/Tr-pi_115.jpg,pituitary,3,train,7efd7aeb265a1fbb09e9fc6511d7c06df36eb8b8f05e0364cbe191484e70a1d6,512,512,1.0,JPEG,L,Training
data/Training/pituitary/Tr-pi_1150.jpg,pituitary,3,train,f886e7a1ca91b82987a89ab69473d13072eeddfceafaf1e09fe521f722c82d87,512,512,1.0,JPEG,RGB,Training
data/Training/pituitary/Tr-pi_1151.jpg,pituitary,3,train,92498e5296eb102b1339dac65476378ed28148d5b78b5bb6a96d8a8390cb1e5c,512,512,1.0,JPEG,RGB,Training
data/Training/pituitary/Tr-pi_1153.jpg,pituitary,3,train,3a86fc4d4f3ebd07f73a19af1a1cbea0219a6527637ea35c22b00fa625965371,512,512,1.0,JPEG,L,Training
data/Training/pituitary/Tr-pi_1154.jpg,pituitary,3,train,67a8b3ee85e9bee199cfcfcf044a14b090ace672c887990e7e4c82b94bca7c42,512,512,1.0,JPEG,RGB,Training
data/Training/pituitary/Tr-pi_1156.jpg,pituitary,3,train,fd19d3bc82921c46beb7062cd496e542161747aadc3f0cea92bb031f5c4191ad,512,512,1.0,JPEG,RGB,Training
data/Training/pituitary/Tr-pi_1157.jpg,pituitary,3,train,f26d8e8f669d2c388d93bc42b55b9f6a8a3c7dfe4c1f7820c83cd35b7b0c9cb6,512,512,1.0,JPEG,L,Training
data/Training/pituitary/Tr-pi_1158.jpg,pituitary,3,train,7a8341d3d667eb78d7546ffc81094a0523229689cd4e307b78303b752d67a919,512,512,1.0,JPEG,RGB,Training
data/Training/pituitary/Tr-pi_116.jpg,pituitary,3,train,b21053839c9dfd7afa764707610650170c6273c7debc125fdded03ce961867b5,512,512,1.0,JPEG,RGB,Training
data/Training/pituitary/Tr-pi_1160.jpg,pituitary,3,train,39bb3f016adf014fbf464d764b9a8fe9be64885d87a21a3962c51108a0666407,512,512,1.0,JPEG,RGB,Training
data/Training/pituitary/Tr-pi_1161.jpg,pituitary,3,train,8426e4d29a48468b9b6ada770d6b91e1c38d3edf912b96cac4ca8490417b07fd,512,512,1.0,JPEG,L,Training
data/Training/pituitary/Tr-pi_1162.jpg,pituitary,3,train,5f1f32a438e0c8add877707ac4ff89b2a58acf48d8ce0bb0d4762eb1a5be714d,512,512,1.0,JPEG,RGB,Training
data/Training/pituitary/Tr-pi_1163.jpg,pituitary,3,train,c3885df660e3406c2c9173d6f8402c0d71002b5f716078d3c5bc0e27e4f3635b,512,512,1.0,JPEG,L,Training
data/Training/pituitary/Tr-pi_1164.jpg,pituitary,3,train,13bac7db25dce14cb031958a23cc79d64285640fd1ee439aa0437c0a01ceb4df,512,512,1.0,JPEG,L,Training
data/Training/pituitary/Tr-pi_1165.jpg,pituitary,3,train,d59a842b79e19273af44ecd59733fdfda123d7b6a638a51952c91428ba3722c2,512,512,1.0,JPEG,L,Training
data/Training/pituitary/Tr-pi_1166.jpg,pituitary,3,train,7c4891f3596399e0e166045d525875c67bcbe9d7a9b13b183b7dc9abbb3d5f90,512,512,1.0,JPEG,L,Training
data/Training/pituitary/Tr-pi_1167.jpg,pituitary,3,train,442c94719a26ee8a2723ad138a603bc345a47e156a7ab7ac18b73810cf9f051c,512,512,1.0,JPEG,RGB,Training
data/Training/pituitary/Tr-pi_1169.jpg,pituitary,3,train,5d6d7aa920bb50de986b6c9c2fd5bdec8e6cb468d23cffbf0316930f9c5df20a,512,512,1.0,JPEG,L,Training
data/Training/pituitary/Tr-pi_117.jpg,pituitary,3,train,a727c94eb2d66fdbfdc4ac4aff96267148342564cd9307478014f96ea0bbe3c0,512,512,1.0,JPEG,L,Training
data/Training/pituitary/Tr-pi_1170.jpg,pituitary,3,train,9b609c0f0af9bf772c51a0c8531b03f95b0e5c29811e6098854fe6264dddabcc,512,512,1.0,JPEG,L,Training
data/Training/pituitary/Tr-pi_1171.jpg,pituitary,3,train,8f7c628796d826d75a5a4dd759763172e4caa50d3999f011065b8e5a177824e0,512,512,1.0,JPEG,RGB,Training
data/Training/pituitary/Tr-pi_1172.jpg,pituitary,3,train,c983b0dab83ef0fc3eb2b1bb6d94171d2e723b46ed1523d6a86391d98333921f,512,512,1.0,JPEG,L,Training
data/Training/pituitary/Tr-pi_1174.jpg,pituitary,3,train,4fa6ac5a1cdc3bfb3253e139d5956258138655c5830598624f37454ac08ed5e0,512,512,1.0,JPEG,RGB,Training
data/Training/pituitary/Tr-pi_1175.jpg,pituitary,3,train,b17229d69485573d8903214c8cf533b822bcf7f5ef8414a3e379a0be4763cb77,512,512,1.0,JPEG,L,Training
data/Training/pituitary/Tr-pi_1178.jpg,pituitary,3,train,251f99184df2cb64d1d10acf5251e85fe72c347744f2259a2cb1bd0e61d5e5c4,512,512,1.0,JPEG,L,Training
data/Training/pituitary/Tr-pi_1179.jpg,pituitary,3,train,7821126b770707eef24942794b4a6836098c7c29fe71f605f9885d71f0e38102,512,512,1.0,JPEG,L,Training
data/Training/pituitary/Tr-pi_1184.jpg,pituitary,3,train,2f9316ec92b1c5bd4e04a7f65525628b701f1e4d2d7902f4153b56331a65f763,512,512,1.0,JPEG,L,Training
data/Training/pituitary/Tr-pi_1185.jpg,pituitary,3,train,e1da2824e76553647c6e7b2a628159b713bed9b209f7aa087b493e1e3d7e03cc,512,512,1.0,JPEG,RGB,Training
data/Training/pituitary/Tr-pi_1186.jpg,pituitary,3,train,12e84aab6e7e01764f4d8b2a6a367c4f93ee3b5aad353c6ac2b8321dc2f47e6e,512,512,1.0,JPEG,RGB,Training
data/Training/pituitary/Tr-pi_1187.jpg,pituitary,3,train,75d7a7d13fb9b0fd39846e0b17b646402a339a9960890dd256e03e80b9998b6e,1335,1302,1.0253456221198156,JPEG,RGB,Training
data/Training/pituitary/Tr-pi_1188.jpg,pituitary,3,train,e9c1b43a9fe9f147208396c52ba06ffe72fdcb730fd2d9f1dcae966e169fb528,512,512,1.0,JPEG,RGB,Training
data/Training/pituitary/Tr-pi_1191.jpg,pituitary,3,train,afba01d9b5410bc74ff605ffaca5338a2594986c738757b714d48d749686e0d0,512,512,1.0,JPEG,L,Training
data/Training/pituitary/Tr-pi_1192.jpg,pituitary,3,train,9d6c85439c56d2272b2a250e3684cef368bcc225508b98f2873c88f077fd9a76,512,512,1.0,JPEG,L,Training
data/Training/pituitary/Tr-pi_1194.jpg,pituitary,3,train,f40fa49df6eceb7b987f5b4ae3d249cd2e7c82c23c4b219ea68255fe25e8d796,512,512,1.0,JPEG,L,Training
data/Training/pituitary/Tr-pi_1195.jpg,pituitary,3,train,475ec1dda5aaebfef89e0917c448e4273c4e3785ad29cfa850761458ce1a67d1,512,512,1.0,JPEG,L,Training
data/Training/pituitary/Tr-pi_1197.jpg,pituitary,3,train,0a499766686776d5a24d3dc6641b20cc2707fc1687637821a7133b3bcf69a451,512,512,1.0,JPEG,RGB,Training
data/Training/pituitary/Tr-pi_1198.jpg,pituitary,3,train,c0e17b2ec76e9fcb30e6fa37e1f513a22cb6f29b7d33a813d1e448360e4efd77,512,512,1.0,JPEG,L,Training
data/Training/pituitary/Tr-pi_1200.jpg,pituitary,3,train,833921f8664cc4701d6bcd58ed80a21aaa3e72c0b427544ef978d0fe0dae4163,512,512,1.0,JPEG,L,Training
data/Training/pituitary/Tr-pi_1202.jpg,pituitary,3,train,3b273008229d59b026375b797d353219fb1e66a23b35f4e7147848b6fa42c706,512,512,1.0,JPEG,RGB,Training
data/Training/pituitary/Tr-pi_1203.jpg,pituitary,3,train,0de6ada0952c391214f7a99ba0e2c7c9aea214acc4969b6cc6558b9005a98a99,512,512,1.0,JPEG,RGB,Training
data/Training/pituitary/Tr-pi_1205.jpg,pituitary,3,train,458667006301318e1d44febd1cdec0352f8c65775e08475b67b4f52e8b2e6fc3,512,512,1.0,JPEG,L,Training
data/Training/pituitary/Tr-pi_1206.jpg,pituitary,3,train,ba2dfb217f586bd5cad810b4eab13c1aa45dfcb526900a1e8c72d11425b8588f,512,512,1.0,JPEG,L,Training
data/Training/pituitary/Tr-pi_1209.jpg,pituitary,3,train,1e63c456fce555e43d771640e08a95c9faceaffece007b5b72c1c003daef7d78,202,202,1.0,JPEG,RGB,Training
data/Training/pituitary/Tr-pi_1210.jpg,pituitary,3,train,be483949fe1e5bc2dcf40eff4515b757e3492b9bf1144035cd64e9b35fa9293c,512,512,1.0,JPEG,L,Training
data/Training/pituitary/Tr-pi_1212.jpg,pituitary,3,train,2c8cd0c349da84f8652a0059fd4c21445e950ddffe4e9113d11af35115715944,512,512,1.0,JPEG,RGB,Training
data/Training/pituitary/Tr-pi_1214.jpg,pituitary,3,train,853fb1b21b34b8d00a512175ece28cc735752e03ccdcb6453c89fdee54f3d9ea,512,512,1.0,JPEG,RGB,Training
data/Training/pituitary/Tr-pi_1215.jpg,pituitary,3,train,910019a63554ee12f663c80e51ca9e5fe888077d5c6e701245a0e9bda2a5be6f,512,512,1.0,JPEG,RGB,Training
data/Training/pituitary/Tr-pi_1216.jpg,pituitary,3,train,8e660d7cfd5fbcfeee4c882a80711b46f7620502dfff5621a224d0cb6740b0b4,512,512,1.0,JPEG,L,Training
data/Training/pituitary/Tr-pi_1217.jpg,pituitary,3,train,325ea282c94d28fc1de5935e648c6426c3706febc69f67200084e491fb825802,512,512,1.0,JPEG,RGB,Training
data/Training/pituitary/Tr-pi_1218.jpg,pituitary,3,train,949a2c0ebc77e4c2db9ce3fef59748286656ef281b65109849a3fc8a3cb42e54,512,512,1.0,JPEG,RGB,Training
data/Training/pituitary/Tr-pi_1219.jpg,pituitary,3,train,8bc4d5e9ee13077f2669ccbc79362b23dd7e55a2a6912f6fad39763021674646,512,512,1.0,JPEG,L,Training
data/Training/pituitary/Tr-pi_1220.jpg,pituitary,3,train,d4c00520d2f4a05707c27d4b767371219243b5704d91e540cb649dcce49d4d8d,512,512,1.0,JPEG,L,Training
data/Training/pituitary/Tr-pi_1222.jpg,pituitary,3,train,1b50c1a8057a135ba0098c8dfbdf22c824ec9747cd9fb851d6bb30868d344b1c,512,512,1.0,JPEG,RGB,Training
data/Training/pituitary/Tr-pi_1223.jpg,pituitary,3,train,6e8fd43df2b99a8a4fe2ff77d27fdf1832ae0417c5c79a6787769c18ff4bd187,512,512,1.0,JPEG,RGB,Training
data/Training/pituitary/Tr-pi_1224.jpg,pituitary,3,train,d27c737d909b1a0857d8f79d5cf0cd674284aeb0c33850e81f59243d408efff1,512,512,1.0,JPEG,RGB,Training
data/Training/pituitary/Tr-pi_1225.jpg,pituitary,3,train,cbc65f0dcf45d5149b4eff8d7e7be3b8c060d5594cc052c047c932e7b8a52bae,512,512,1.0,JPEG,L,Training
data/Training/pituitary/Tr-pi_1228.jpg,pituitary,3,train,214c9534477703229e69178e0f7552d5ff2baad778a555080713fc63fe82a5ca,512,512,1.0,JPEG,RGB,Training
data/Training/pituitary/Tr-pi_123.jpg,pituitary,3,train,283c4410533c534340f1540c117c7d6c5fa9c3d2f72476557ef11743691e72a3,512,512,1.0,JPEG,L,Training
data/Training/pituitary/Tr-pi_1230.jpg,pituitary,3,train,d57f73fba0babea942ff08d73478f678eeedff935db9a2e0e600b7ed9720a2b9,512,512,1.0,JPEG,RGB,Training
data/Training/pituitary/Tr-pi_1231.jpg,pituitary,3,train,336fbc2bc075235300c12c282b603648211408e0d835fab4486c9f4d0bb3846a,512,512,1.0,JPEG,RGB,Training
data/Training/pituitary/Tr-pi_1233.jpg,pituitary,3,train,7db7d64e1e79089c1c66f3a2c9aa36dde197b3e999c919d5c94bb675f6c7b204,512,512,1.0,JPEG,RGB,Training
data/Training/pituitary/Tr-pi_1234.jpg,pituitary,3,train,c2b99d9bebe043ede93a35d218a1bd2e14ef2b7bf1cb0b54f334258ef03a6fc3,512,512,1.0,JPEG,L,Training
data/Training/pituitary/Tr-pi_1235.jpg,pituitary,3,train,5f344613a411926ae28bdcf54f6ed8aaa5bcfc0ab38c86a0a97fd9c8a948d67f,512,512,1.0,JPEG,L,Training
data/Training/pituitary/Tr-pi_1236.jpg,pituitary,3,train,b530d69b40b6946b06699ae549f174e78957602d6ce9baa3f37002b5b0fbf6bb,512,512,1.0,JPEG,L,Training
data/Training/pituitary/Tr-pi_1237.jpg,pituitary,3,train,db60439aa53480621edb5cc41afe5b70752012591bafb774eb1edf8b3e546a15,512,512,1.0,JPEG,RGB,Training
data/Training/pituitary/Tr-pi_1239.jpg,pituitary,3,train,922b3cba02cd987d70463231b4d638def6e7e390b70915ae5e555e6aa75ecf77,512,512,1.0,JPEG,L,Training
data/Training/pituitary/Tr-pi_124.jpg,pituitary,3,train,9da79bc1585c70aa2994f1cfeea49e32e3e528efa2ca3db3c0db8fe332677f16,512,512,1.0,JPEG,RGB,Training
data/Training/pituitary/Tr-pi_1240.jpg,pituitary,3,train,00558f68952a40330352f3ea0cf60acdf06d9437cc0360c68df11790590ae869,512,512,1.0,JPEG,RGB,Training
data/Training/pituitary/Tr-pi_1241.jpg,pituitary,3,train,7319598cc778188ad7ffcdc238ecc7e91d604b80e74e28290e781361aa2f1922,512,512,1.0,JPEG,RGB,Training
data/Training/pituitary/Tr-pi_1242.jpg,pituitary,3,train,fbc4dc39e94d95c5898f52f02c09e3a5d6b89968fbda2ec8ae7be59faf7d889d,512,512,1.0,JPEG,RGB,Training
data/Training/pituitary/Tr-pi_1245.jpg,pituitary,3,train,599566dd6f77662009b7fe1ce169c1d7a017915fff03d37de181c2da636a51d2,512,512,1.0,JPEG,RGB,Training
data/Training/pituitary/Tr-pi_1246.jpg,pituitary,3,train,1785773e17381ccde9ab5f149239851b5e79259ee577badcdc177ce7d9a04f09,512,512,1.0,JPEG,RGB,Training
data/Training/pituitary/Tr-pi_1247.jpg,pituitary,3,train,ca84e6aef531495ba144ff1559d7b4e4bcb057d4934372e89ca2707c13554f77,512,512,1.0,JPEG,RGB,Training
data/Training/pituitary/Tr-pi_1249.jpg,pituitary,3,train,0256f9893ec6c528462ceec12f743ccaeced670ebcd25a5231d577775cc56bba,512,512,1.0,JPEG,RGB,Training
data/Training/pituitary/Tr-pi_1250.jpg,pituitary,3,train,7e34306b080ee9e20d2f871c56986baf200ee4a75b0c43cb8679a8fa1aeee671,512,512,1.0,JPEG,RGB,Training
data/Training/pituitary/Tr-pi_1252.jpg,pituitary,3,train,1f4165196a29895318a1956095631c7d8115829a47dff94e9d0656061de4c1d6,624,607,1.028006589785832,JPEG,RGB,Training
data/Training/pituitary/Tr-pi_1253.jpg,pituitary,3,train,2f7e47931e426f14aef4858bd367b99e434dc0a94a8361426392bfa14948ee8a,512,512,1.0,JPEG,RGB,Training
data/Training/pituitary/Tr-pi_1255.jpg,pituitary,3,train,df245c80cc649b53013838fb2f2b24b2db73ac8b35c069d147d2d1870a3c9a90,512,512,1.0,JPEG,L,Training
data/Training/pituitary/Tr-pi_1257.jpg,pituitary,3,train,f63829177e874437234143aee3efec1fbf3530143e3a9174c4da9095998ca05a,512,512,1.0,JPEG,L,Training
data/Training/pituitary/Tr-pi_1259.jpg,pituitary,3,train,88ff7f2532b4814d368cad46cf73be5d8620533ffebc7723e92f8812d8382882,512,512,1.0,JPEG,RGB,Training
data/Training/pituitary/Tr-pi_1261.jpg,pituitary,3,train,1cf170d48b4692d7307e948b61de434e34965d178bd91a413a4f4213ab735fa1,512,512,1.0,JPEG,L,Training
data/Training/pituitary/Tr-pi_1263.jpg,pituitary,3,train,ddb70d0416ce807a0d58b71c0a39b712bb742d0955996deec72676f86787f101,512,512,1.0,JPEG,RGB,Training
data/Training/pituitary/Tr-pi_1265.jpg,pituitary,3,train,08cc9ffd9b066d77f86f9bcdb6d41a21b860200d38c771bcc9a807848907e33e,512,512,1.0,JPEG,L,Training
data/Training/pituitary/Tr-pi_1267.jpg,pituitary,3,train,0f7499a3fbd2502ddd9e171fd09f51da44c8b8730b167e58a5bed8f129be5bcb,512,512,1.0,JPEG,L,Training
data/Training/pituitary/Tr-pi_1268.jpg,pituitary,3,train,43edb98bbf17ddc286d954320aca60a2f489b0981aa7f4a3da99bdb8bf9d0e70,512,512,1.0,JPEG,RGB,Training
data/Training/pituitary/Tr-pi_1269.jpg,pituitary,3,train,0d2b5410902b5246c319c7922ebd522385f0ae674304201466bd3fa786aabae7,512,512,1.0,JPEG,L,Training
data/Training/pituitary/Tr-pi_127.jpg,pituitary,3,train,098cb6fe68cb7067c923c1e5beb29e5b69a6ea8474c384904275ae234e249084,512,512,1.0,JPEG,RGB,Training
data/Training/pituitary/Tr-pi_1270.jpg,pituitary,3,train,674243177aa7bc2a294ceb57bd2b4dd9b7d489626ddf759f132f0f20b2d3c633,512,512,1.0,JPEG,L,Training
data/Training/pituitary/Tr-pi_1271.jpg,pituitary,3,train,defec169b427cbbd14d948f2cc1ecf4d7cea0869f4e1af960886177d547883e2,512,512,1.0,JPEG,RGB,Training
data/Training/pituitary/Tr-pi_1272.jpg,pituitary,3,train,85ba14da5208494a43f69c48b74c17af31b4c8eacf6b0c2006367bb92845890a,512,512,1.0,JPEG,RGB,Training
data/Training/pituitary/Tr-pi_1274.jpg,pituitary,3,train,3eee7c31159b6df2fbbf815ee20b9b1caf7f918eb1483e6494c2c83765371481,512,512,1.0,JPEG,L,Training
data/Training/pituitary/Tr-pi_1275.jpg,pituitary,3,train,c7aaab65de787077db6a23083064988eca9d1ebea934ffaa000d6bbb2b5bc43e,512,512,1.0,JPEG,RGB,Training
data/Training/pituitary/Tr-pi_1276.jpg,pituitary,3,train,429b3022e47a5cb35dbcfa4ddca307aafc8198a11a766d08eb4711229ff37031,512,512,1.0,JPEG,RGB,Training
data/Training/pituitary/Tr-pi_1277.jpg,pituitary,3,train,1268d20db4ed810fc0e5bb2e0fbbe574ceeffbc8cb70f3fdaaa846f8bd3ff6c7,512,512,1.0,JPEG,L,Training
data/Training/pituitary/Tr-pi_1279.jpg,pituitary,3,train,40e1939f1bcd46c8fb9782211989c3a2440034448399fc2c1d2423c5a6e31448,512,512,1.0,JPEG,L,Training
data/Training/pituitary/Tr-pi_128.jpg,pituitary,3,train,6ee6486fc22fc08eff361fbdf95e6d55101afb700dfcfe07a69a53a9a847d910,512,512,1.0,JPEG,L,Training
data/Training/pituitary/Tr-pi_1280.jpg,pituitary,3,train,5348b58a8f87844a41ff0661bdd61dd4a559289e877466ff180c407c231fce85,512,512,1.0,JPEG,RGB,Training
data/Training/pituitary/Tr-pi_1282.jpg,pituitary,3,train,a5aedd6cf5c443f23c92367a32165e195cc7d0d193f2bcfd9413214f5dd8e42e,512,512,1.0,JPEG,RGB,Training
data/Training/pituitary/Tr-pi_1284.jpg,pituitary,3,train,29cd70eefe6a1df1012438eb3488705d8539fcad2f9c541d88b42931957ab9b2,512,512,1.0,JPEG,L,Training
data/Training/pituitary/Tr-pi_1285.jpg,pituitary,3,train,04c77c21531dceee44d3e2388a368fe969f8395f79479ab9cee54ec52ebcb47f,512,512,1.0,JPEG,RGB,Training
data/Training/pituitary/Tr-pi_1286.jpg,pituitary,3,train,fa2a51b88971304abe02f72c2b8d5649fd89ef906904a3744f3258664742f913,512,512,1.0,JPEG,L,Training
data/Training/pituitary/Tr-pi_1287.jpg,pituitary,3,train,ea2955e2a6a96fb6bfddd4ec086081ca5bbb076207503bb662af8c7ae8bd8d21,512,512,1.0,JPEG,RGB,Training
data/Training/pituitary/Tr-pi_1288.jpg,pituitary,3,train,2ef0dea9d284d1ee7b322bd53d6d5dac39f41096acf8ecf2b10844e240f7ef46,512,512,1.0,JPEG,L,Training
data/Training/pituitary/Tr-pi_1289.jpg,pituitary,3,train,ce3a9719c3546937fc14c0637a6fce0c9ac35322126309eb1e9844e0533297d1,512,512,1.0,JPEG,L,Training
data/Training/pituitary/Tr-pi_129.jpg,pituitary,3,train,17d62a2aef9137336668e6339d1bd124d284a26aa9148714a05351f56135d563,512,512,1.0,JPEG,RGB,Training
data/Training/pituitary/Tr-pi_1291.jpg,pituitary,3,train,320416bb91ec0814992a7b8f969917c2acc1a6ff166d3981f508b7de9981cd09,512,512,1.0,JPEG,RGB,Training
data/Training/pituitary/Tr-pi_1292.jpg,pituitary,3,train,e8b0b3204903252ae5b945a69b317e0291e15c050b2d84faa7c5030ca3c4d129,512,512,1.0,JPEG,RGB,Training
data/Training/pituitary/Tr-pi_1293.jpg,pituitary,3,train,b5e5b6b11baf0ed028dd943032d5815fd01cd880e6ea714e82f1880c45603f01,512,512,1.0,JPEG,L,Training
data/Training/pituitary/Tr-pi_1294.jpg,pituitary,3,train,c694ab37ce408d3a4ae55ad6595bcf5c0238cd0e78799586b46296e54dc4925d,512,512,1.0,JPEG,RGB,Training
data/Training/pituitary/Tr-pi_1295.jpg,pituitary,3,train,da758496ef6b6337d4d2d08565dba1b41b5ed6123334ebbae67548cf77cbb6f3,512,512,1.0,JPEG,RGB,Training
data/Training/pituitary/Tr-pi_1296.jpg,pituitary,3,train,8ccce897b014a90767dfacb1324bd70007691a5327e1f5bdc08e22c7333b7988,512,512,1.0,JPEG,L,Training
data/Training/pituitary/Tr-pi_1297.jpg,pituitary,3,train,0a59dc474437227893b4595cfeb62cb343bb03d873eeef1601ba186a12e52fb8,512,512,1.0,JPEG,L,Training
data/Training/pituitary/Tr-pi_1298.jpg,pituitary,3,train,8f9bd760c6b4d1ff2c5e45ab63a789e0e07dd9dd9fab7251e78e06dd19f42545,512,512,1.0,JPEG,RGB,Training
data/Training/pituitary/Tr-pi_13.jpg,pituitary,3,train,9e3adb70a76740070652f2c89c921fa779d7164b656e652965472a67babe012d,512,512,1.0,JPEG,RGB,Training
data/Training/pituitary/Tr-pi_130.jpg,pituitary,3,train,a00c46562d9a82a25ac51496dadb8bce1fe043577cb6b6c22dc7ef195d0b4549,512,512,1.0,JPEG,L,Training
data/Training/pituitary/Tr-pi_1300.jpg,pituitary,3,train,2d8e480f7b12234c9aac984ead4fe5157b07da273739e8b6af0c70cca3cd57ae,512,512,1.0,JPEG,RGB,Training
data/Training/pituitary/Tr-pi_1301.jpg,pituitary,3,train,dc965a5015894fa583c9e40d87732067d1aaf9e5d92fdc98d7714c7e72653c5d,512,512,1.0,JPEG,RGB,Training
data/Training/pituitary/Tr-pi_1302.jpg,pituitary,3,train,bcd80a60b6fa686b29e2b71504860df6a0ecc7fffdbf86a00e31bed93d28ab95,512,512,1.0,JPEG,RGB,Training
data/Training/pituitary/Tr-pi_1303.jpg,pituitary,3,train,ef23f8ee359c17495a8fbf3eeb1c224200148461f76bb1731e876efde8dc5135,512,512,1.0,JPEG,RGB,Training
data/Training/pituitary/Tr-pi_1304.jpg,pituitary,3,train,04b1ad36d6f563120228dbb3e1583334119a8c1e43c5cf452cb278cc96428904,512,512,1.0,JPEG,RGB,Training
data/Training/pituitary/Tr-pi_1305.jpg,pituitary,3,train,e20dfb314e631c1b22b237e1ed8ed564dff4d704eb95a5e75b7508aa191efd24,512,512,1.0,JPEG,RGB,Training
data/Training/pituitary/Tr-pi_1307.jpg,pituitary,3,train,6eee886c1697d684e262b0ae518bf1436b3ae925ba027b2c04d931d404b332ca,512,512,1.0,JPEG,L,Training
data/Training/pituitary/Tr-pi_131.jpg,pituitary,3,train,febed161b01050dfee1ee0fd8f290a0a589d59d266dc4b673caf12cc183e980b,512,512,1.0,JPEG,RGB,Training
data/Training/pituitary/Tr-pi_1311.jpg,pituitary,3,train,51af84fff3bc7e58b0fb02a1acd273f81dbb1ad25afb8055fbce33cc209d37a1,512,512,1.0,JPEG,L,Training
data/Training/pituitary/Tr-pi_1312.jpg,pituitary,3,train,6085c9765f00c3917fb6fc96c03f29b81fb27149ad3f77a1ab7a31a9f41ed794,512,512,1.0,JPEG,RGB,Training
data/Training/pituitary/Tr-pi_1314.jpg,pituitary,3,train,eb8dc27f93add86829259ed349dfdc128da8937c289e6e3ed1898e4c4f79e5f3,512,512,1.0,JPEG,L,Training
data/Training/pituitary/Tr-pi_1315.jpg,pituitary,3,train,0e73b1537b97d505a02e1d15db15db7fb87df8f1cced1160f712832c7b7b11a4,512,512,1.0,JPEG,L,Training
data/Training/pituitary/Tr-pi_1316.jpg,pituitary,3,train,47216408bc3a8f5a1e4df62fca3d11d9a53558c7e4bd4b431fe6a6a162db6a10,512,512,1.0,JPEG,RGB,Training
data/Training/pituitary/Tr-pi_1317.jpg,pituitary,3,train,980831d2d6a7ea91884745196b6a5965e6a2de791ed8c45b1f8b8c15a7474483,512,512,1.0,JPEG,L,Training
data/Training/pituitary/Tr-pi_1318.jpg,pituitary,3,train,262fd3389cffdd02504586554cf79247ddeea3fc9de154bcde63e17b395e5d1f,512,512,1.0,JPEG,L,Training
data/Training/pituitary/Tr-pi_1319.jpg,pituitary,3,train,72f8756353a975c254d8117935469afb22a683e0696c9864341a5618e55c890b,512,512,1.0,JPEG,L,Training
data/Training/pituitary/Tr-pi_1321.jpg,pituitary,3,train,a29768f93fb9bb05fce2731f4b12ea946f8bd1a083490233e92f3f49b90af166,512,512,1.0,JPEG,RGB,Training
data/Training/pituitary/Tr-pi_1323.jpg,pituitary,3,train,35fe2cbe5963f285076185b48dd29e1be5c710c5a23ffc1dd590a56d6b8f6677,512,512,1.0,JPEG,RGB,Training
data/Training/pituitary/Tr-pi_1324.jpg,pituitary,3,train,33d4382b7f3b6f87266cf818af680f1f2e0f53011817b8b18506b04533e7099a,512,512,1.0,JPEG,RGB,Training
data/Training/pituitary/Tr-pi_1325.jpg,pituitary,3,train,197a43d45ebbf25d5dc5c8bfdcbb83d129f2ecb11d6530c693ee6c009e53fd3e,512,512,1.0,JPEG,RGB,Training
data/Training/pituitary/Tr-pi_1327.jpg,pituitary,3,train,a335e20989c56c51e08921b8459c6b161f937b9c9d4213ceb702761b53f23cf1,512,512,1.0,JPEG,RGB,Training
data/Training/pituitary/Tr-pi_1328.jpg,pituitary,3,train,967313a9a56dae80b3070658019a1bc9769d4f02982dc54212196538b2c02dfe,512,512,1.0,JPEG,L,Training
data/Training/pituitary/Tr-pi_133.jpg,pituitary,3,train,ffdb8a9c09bb0a3bc84d47e1d1e7c3a9a86c0a0904c4323514701bf6902a1996,512,512,1.0,JPEG,RGB,Training
data/Training/pituitary/Tr-pi_1330.jpg,pituitary,3,train,57bff95d94d88120ae58da3ab7ce53dfe2427e12dd38635d52e14a6f54a7ff4f,512,512,1.0,JPEG,L,Training
data/Training/pituitary/Tr-pi_1331.jpg,pituitary,3,train,f35f1975a8479604a626531b3904e11b46d2393ff3d04bdb6dfdad22821d1e97,512,512,1.0,JPEG,RGB,Training
data/Training/pituitary/Tr-pi_1333.jpg,pituitary,3,train,f74ee586d4d6aad9ee4a2daf524252e9ff1fffed8b32c3d3a4d62043d0dfcec2,512,512,1.0,JPEG,L,Training
data/Training/pituitary/Tr-pi_1334.jpg,pituitary,3,train,7ae91b371dde7642ae5f968b0aa7dda8c612b0ce01d1e78c76e0fcfe257eda47,512,512,1.0,JPEG,RGB,Training
data/Training/pituitary/Tr-pi_1336.jpg,pituitary,3,train,7ecb35c514a2ec4f6270d0bb280c5125aaf16bfa00f685b80805c752ceb12c63,512,512,1.0,JPEG,L,Training
data/Training/pituitary/Tr-pi_1337.jpg,pituitary,3,train,1c0bfa276481a72d7c80451abaadea67077ea12d464a9c35978f022f2c01ee7e,512,512,1.0,JPEG,RGB,Training
data/Training/pituitary/Tr-pi_1338.jpg,pituitary,3,train,9381e9e4a81fa614cbba1404963352b9b0f8665924f9721dcf90f901c6e79be6,512,512,1.0,JPEG,RGB,Training
data/Training/pituitary/Tr-pi_1340.jpg,pituitary,3,train,8f04ac6cbb6d692947b96d5b5231f98593fd467f8f9e21e415883268fafd40fd,512,512,1.0,JPEG,RGB,Training
data/Training/pituitary/Tr-pi_1341.jpg,pituitary,3,train,f23ca567f80a676cf6cd9dfa040b5661833e97dc2dec9471c42bc56c3b63c893,512,512,1.0,JPEG,L,Training
data/Training/pituitary/Tr-pi_1342.jpg,pituitary,3,train,a7a4ccc8bb3428d915335546d185e05241620f620019d3b41dfaecabb6ca9dd4,512,512,1.0,JPEG,RGB,Training
data/Training/pituitary/Tr-pi_1343.jpg,pituitary,3,train,204f2be687d81207c9410ee7d08401f0370a5968a070b0b731d3fff6da4abaca,512,512,1.0,JPEG,RGB,Training
data/Training/pituitary/Tr-pi_1345.jpg,pituitary,3,train,0c82c6a6b36b97cca05994ad74c368b29a42a1ad1ee090a63f6e7e6a4660ad49,512,512,1.0,JPEG,RGB,Training
data/Training/pituitary/Tr-pi_1346.jpg,pituitary,3,train,ece0af56ef1fa8804385a4cf6fa6f85a4b0f966477b6fb87b2153d56e87f19f8,512,512,1.0,JPEG,RGB,Training
data/Training/pituitary/Tr-pi_1347.jpg,pituitary,3,train,91c001e2ed9d2e2b58ec62b35134244ce8eb5edfc4a84288637424c7ca8da737,256,256,1.0,JPEG,L,Training
data/Training/pituitary/Tr-pi_1348.jpg,pituitary,3,train,837808c2016db12307674acf852e9b13bf7e61a0e8bcba9722d63559f928cd05,512,512,1.0,JPEG,RGB,Training
data/Training/pituitary/Tr-pi_135.jpg,pituitary,3,train,393a871f9e26ce84a163a893fb7ff8cc1ca86b75d18208e81b920a32129128f4,512,512,1.0,JPEG,RGB,Training
data/Training/pituitary/Tr-pi_1350.jpg,pituitary,3,train,cd60cf8e8a7018dcbc4aa548fe0e64a973a2b0163d807eeeb9b58b68665e5c55,512,512,1.0,JPEG,L,Training
data/Training/pituitary/Tr-pi_1355.jpg,pituitary,3,train,6d2aac4f819e9411a5f00cc7ea595faa5abf73e17eee775786d1afced5cc99bf,512,512,1.0,JPEG,RGB,Training
data/Training/pituitary/Tr-pi_1356.jpg,pituitary,3,train,bec0ecceef619b35624bc7a03774e82dae043b1682d030ff88df54322839464f,512,512,1.0,JPEG,RGB,Training
data/Training/pituitary/Tr-pi_1357.jpg,pituitary,3,train,7186c52b20d115b6d883570c03f9acdf19179a5b82523a109347fcae2506f0f0,512,512,1.0,JPEG,L,Training
data/Training/pituitary/Tr-pi_136.jpg,pituitary,3,train,128e82a3747d2650eb232b72f0b432132528c2a40eb7a22df5ec3951185ada25,512,512,1.0,JPEG,RGB,Training
data/Training/pituitary/Tr-pi_1360.jpg,pituitary,3,train,79d0ad482e3d41bdb1492fa1c46ee548261ee83f374ae6df6f50ec67cca6af87,512,512,1.0,JPEG,RGB,Training
data/Training/pituitary/Tr-pi_1361.jpg,pituitary,3,train,92ffed2fa383678d965e2c1f14dc4de357a52c997e15d56e9486fe7b568a6b69,512,512,1.0,JPEG,RGB,Training
data/Training/pituitary/Tr-pi_1363.jpg,pituitary,3,train,7e37c0af4f0288b06e40a90eceb2ff82b724a0c9202063d6b29b301c99a81df9,512,512,1.0,JPEG,RGB,Training
data/Training/pituitary/Tr-pi_1365.jpg,pituitary,3,train,1e91fe7e059d6019403e547f42e12bc5854e4f5f408a2366b489e311a6003849,512,512,1.0,JPEG,RGB,Training
data/Training/pituitary/Tr-pi_1366.jpg,pituitary,3,train,3523cd33581a32aefc0b9565fc0516863db709c58d4baf7a773a145719fe67b3,512,512,1.0,JPEG,RGB,Training
data/Training/pituitary/Tr-pi_1367.jpg,pituitary,3,train,88cb84fe63f6c6f528b372c784a5a18a8b463b0fc51aded033d10686f8f680c3,512,512,1.0,JPEG,RGB,Training
data/Training/pituitary/Tr-pi_1368.jpg,pituitary,3,train,2f315f1f61ddd842c972c01001080806526d09567702f704e9094303b43e62aa,512,512,1.0,JPEG,RGB,Training
data/Training/pituitary/Tr-pi_1369.jpg,pituitary,3,train,0035ba432174f05827f987b0077efb3ca8cf0261a2229a63bae7836442184fc5,512,512,1.0,JPEG,RGB,Training
data/Training/pituitary/Tr-pi_137.jpg,pituitary,3,train,cb7fbf5c082f68e4ef3efbb49e894e5dfcc95375de38a946f2b247b5b0a3b26c,512,512,1.0,JPEG,RGB,Training
data/Training/pituitary/Tr-pi_1370.jpg,pituitary,3,train,0a9ec7afac04718fc77cb9267a7fb351ba8555188a72fa165b3418f7ddb52bdb,512,512,1.0,JPEG,RGB,Training
data/Training/pituitary/Tr-pi_1371.jpg,pituitary,3,train,c071a7550ee539f2874195956be51c4b8d452dea258ea6700dfd5354c3103dd6,512,512,1.0,JPEG,L,Training
data/Training/pituitary/Tr-pi_1373.jpg,pituitary,3,train,f7f26f535f40b24d5512c24b16d7ae4c816acdf2ccce818eb54a13fd44628902,512,512,1.0,JPEG,L,Training
data/Training/pituitary/Tr-pi_1374.jpg,pituitary,3,train,952495ca35d21a67fc0e568ac7639c2e3ccea9ea4ce73cc7ac34bb58a32686c9,512,512,1.0,JPEG,L,Training
data/Training/pituitary/Tr-pi_1376.jpg,pituitary,3,train,74511397517f284bdd28819f7b0ee0176ca93b44f3a75c834b370f20b41b91ae,512,512,1.0,JPEG,L,Training
data/Training/pituitary/Tr-pi_1377.jpg,pituitary,3,train,484514c84c220cf8c381bf94f569a83b4d88a14274a72157f58b7fb2d95725fe,512,512,1.0,JPEG,RGB,Training
data/Training/pituitary/Tr-pi_1378.jpg,pituitary,3,train,902c23985dfd88a5dbdef45a38c74b401f24caf06a5fcbb19e08020ebcb3baf4,512,512,1.0,JPEG,L,Training
data/Training/pituitary/Tr-pi_1379.jpg,pituitary,3,train,4149d8388ed80868776aed984fd875da206050c558d54e11002ddf708c796257,512,512,1.0,JPEG,L,Training
data/Training/pituitary/Tr-pi_1382.jpg,pituitary,3,train,7822fe504f08a072a4bd1cd9a26269a240db7bb28f9d3d484080ce3fcd35ca49,512,512,1.0,JPEG,RGB,Training
data/Training/pituitary/Tr-pi_1383.jpg,pituitary,3,train,23e0d9532af702dcfd561399b51c244bdf7c92c2a03ea19a3195573347c7a316,512,512,1.0,JPEG,L,Training
data/Training/pituitary/Tr-pi_1385.jpg,pituitary,3,train,4f5ebc01ece48474735008d9c40d222f76628ca26a97ef5ac250fd0eba5dc424,512,512,1.0,JPEG,RGB,Training
data/Training/pituitary/Tr-pi_1386.jpg,pituitary,3,train,671596dae9b0e39a46bfd17ee8bce2fd6e0753bfb993f97d6cf78b31d748b4b6,512,512,1.0,JPEG,L,Training
data/Training/pituitary/Tr-pi_1387.jpg,pituitary,3,train,d92b6501d59e80fd24c40c37aacde782bd468030d60deff29f11d17067a96407,512,512,1.0,JPEG,RGB,Training
data/Training/pituitary/Tr-pi_1388.jpg,pituitary,3,train,14d0285518d360619f6311edf918e9d72ad6cd429089912d6600ea31592558b5,512,512,1.0,JPEG,RGB,Training
data/Training/pituitary/Tr-pi_1390.jpg,pituitary,3,train,dacdd0034b8b68dbc80ed7200a029d875d11847bf6a8fbd1382a481a5d66224e,512,512,1.0,JPEG,L,Training
data/Training/pituitary/Tr-pi_1391.jpg,pituitary,3,train,38f6677d2369fa0bd3bb5313f0c8cddacb648bcc53d500b927c8b8b29ecd7802,512,512,1.0,JPEG,RGB,Training
data/Training/pituitary/Tr-pi_1392.jpg,pituitary,3,train,1234206af9709a35563175978c26c8e35356782553bf0bf60511326d5ec477a5,512,512,1.0,JPEG,RGB,Training
data/Training/pituitary/Tr-pi_1394.jpg,pituitary,3,train,4041362141893fa6138c13f9383df6d16586250264731919f6c5ea45195b01b7,512,512,1.0,JPEG,RGB,Training
data/Training/pituitary/Tr-pi_1396.jpg,pituitary,3,train,196aa3a57991dbdb7e1d5d1f35cc116d7f562afaa7e3c89dd36c0b5646acc97d,512,512,1.0,JPEG,RGB,Training
data/Training/pituitary/Tr-pi_1397.jpg,pituitary,3,train,9af808db522706da354c95c4d0c8efb7ff78588fa6995bbc8f5cc193afbda5d0,512,512,1.0,JPEG,L,Training
data/Training/pituitary/Tr-pi_1398.jpg,pituitary,3,train,f4a908a52a3ccae1dabe225f56b74520ddcc95ebf94f14917637c1645dfffd63,512,512,1.0,JPEG,L,Training
data/Training/pituitary/Tr-pi_1399.jpg,pituitary,3,train,5b53890928f26118d7e44d0b326cab4c6feeff40c46b7fd6bd3085754ee8d5f7,441,429,1.027972027972028,JPEG,RGB,Training
data/Training/pituitary/Tr-pi_14.jpg,pituitary,3,train,4518281b86c1a591d3c1f1a0f68659837b5ca770b634a5bfe4d7563212e706c6,512,512,1.0,JPEG,RGB,Training
data/Training/pituitary/Tr-pi_140.jpg,pituitary,3,train,d34e141a90764c3488b38beb6abf934dfa1d8badf4686532d11607cada1a681f,512,512,1.0,JPEG,RGB,Training
data/Training/pituitary/Tr-pi_1400.jpg,pituitary,3,train,4a8b1a14308ec777bc3f9fbaa1fe30994ded0435629edcaa65084d63805febeb,512,512,1.0,JPEG,RGB,Training
data/Training/pituitary/Tr-pi_142.jpg,pituitary,3,train,3d860b957f17c60f58f1dc2fbce1c34f44e466378e187dff0de027d4a15ee405,512,512,1.0,JPEG,RGB,Training
data/Training/pituitary/Tr-pi_148.jpg,pituitary,3,train,3bbdc6a9f3b24430964370a1d921edbf58680543384a52f278ca5a9a0bc46cae,512,512,1.0,JPEG,L,Training
data/Training/pituitary/Tr-pi_150.jpg,pituitary,3,train,303764f2b78c7a0ea9f3f5874529876a2f0a72d5ac8ef336393c914461e6ec82,512,512,1.0,JPEG,L,Training
data/Training/pituitary/Tr-pi_152.jpg,pituitary,3,train,e856c9da25d5dffaa0d421b801b455d71be61c3ca7fcec7a0300c6c98ff540f7,512,512,1.0,JPEG,L,Training
data/Training/pituitary/Tr-pi_153.jpg,pituitary,3,train,b0ae1da36c5fcaecb58f8d9f031d1165d8cf7a53207a86454c965945e62359bd,512,512,1.0,JPEG,L,Training
data/Training/pituitary/Tr-pi_154.jpg,pituitary,3,train,d30ecc61c20980a260798ea4c9e6a4264bdeaadf80163a1aa2ee3d7f0798e757,512,512,1.0,JPEG,RGB,Training
data/Training/pituitary/Tr-pi_155.jpg,pituitary,3,train,f31f3ad4f58fedb759fe1f3fd1b00f6a18fb6fb53ed832aa9bd055f86d15a0a2,512,512,1.0,JPEG,RGB,Training
data/Training/pituitary/Tr-pi_156.jpg,pituitary,3,train,c1db4173e0e3ae07b60b3ac01749d6f5f779ac43c3a023b9640f7961bcc7c6f6,512,512,1.0,JPEG,L,Training
data/Training/pituitary/Tr-pi_157.jpg,pituitary,3,train,dc2d379c625824e9e27fd6f350ea71c225bcad3183cd8206021dd37c18b9e527,512,512,1.0,JPEG,RGB,Training
data/Training/pituitary/Tr-pi_158.jpg,pituitary,3,train,b7ed555245a405dbbcb90914c59fae92e27fb1f59189109c9d99ecd0aa655afc,512,512,1.0,JPEG,L,Training
data/Training/pituitary/Tr-pi_159.jpg,pituitary,3,train,e0f2db77b131a94e50ee42a1e413c21120d371307f9bb95904ed66af9f91903c,512,512,1.0,JPEG,RGB,Training
data/Training/pituitary/Tr-pi_16.jpg,pituitary,3,train,fb130c578d309eb1d44cb87ededee56706f1e9d55de09531cab4fb6d0553c817,512,512,1.0,JPEG,RGB,Training
data/Training/pituitary/Tr-pi_161.jpg,pituitary,3,train,db6993d6889388fdd9ecf0c9aa81fb8902d91eb7a2531602a6bfe7fc1b80de60,512,512,1.0,JPEG,RGB,Training
data/Training/pituitary/Tr-pi_163.jpg,pituitary,3,train,0b2d08af125b5726fa686d3948d041392b7fcaaa91f83673cc07b6213a6d6af9,512,512,1.0,JPEG,RGB,Training
data/Training/pituitary/Tr-pi_164.jpg,pituitary,3,train,3435e2cfe845f2bfee008cdbd50a4090451059d4cf67add992c3583906f68fcf,512,512,1.0,JPEG,RGB,Training
data/Training/pituitary/Tr-pi_166.jpg,pituitary,3,train,da63c6ca339ee95cef5e8ab89522d5da83151891d6b5540fe46a9c554ff46cd6,512,512,1.0,JPEG,L,Training
data/Training/pituitary/Tr-pi_167.jpg,pituitary,3,train,0ea4ee3c387c3455061b88179f59ccee447c730a2988e4e8fb6add768cdd80e2,512,512,1.0,JPEG,RGB,Training
data/Training/pituitary/Tr-pi_168.jpg,pituitary,3,train,c13dce7c24a5aaf806ff75c2129008bc3a1d93179ffb3f5de9a8cef534d1d440,512,512,1.0,JPEG,RGB,Training
data/Training/pituitary/Tr-pi_169.jpg,pituitary,3,train,55621c3bbdb87489438f2eccb88d7d8dfe6ab0f91a76f04aabf16b256415db7f,512,512,1.0,JPEG,L,Training
data/Training/pituitary/Tr-pi_170.jpg,pituitary,3,train,4e450b23d66dc4783ac8cf51287394e8eb59402320e8140c40fe047dcfd2e611,512,512,1.0,JPEG,L,Training
data/Training/pituitary/Tr-pi_171.jpg,pituitary,3,train,133debe066331812aea235a7209bed324c71797ece5f36289dd9006a9676a9ca,512,512,1.0,JPEG,L,Training
data/Training/pituitary/Tr-pi_173.jpg,pituitary,3,train,8fac0b9586f49e9d00eccb4ec5348bc80b332bae03962ea79fd4db00021d4caa,512,512,1.0,JPEG,RGB,Training
data/Training/pituitary/Tr-pi_174.jpg,pituitary,3,train,7d4a5de4d08075b02bb6bc3b95e987746252cf90c387b5f1f9dfe8a6db362f35,512,512,1.0,JPEG,RGB,Training
data/Training/pituitary/Tr-pi_175.jpg,pituitary,3,train,2048b2e233db7ea0c1248e657f1b811d7ad943446c9d113b39ec646c3e488a38,512,512,1.0,JPEG,L,Training
data/Training/pituitary/Tr-pi_177.jpg,pituitary,3,train,e295ace0f948c27c54dfcf6105175848f5c5d9ea585e78b04f59e640b69628cb,512,512,1.0,JPEG,L,Training
data/Training/pituitary/Tr-pi_178.jpg,pituitary,3,train,968d1c378a22cd54071c7795918b32372e16a4f1813f1996f568afa58357fe73,512,512,1.0,JPEG,RGB,Training
data/Training/pituitary/Tr-pi_179.jpg,pituitary,3,train,8138bacda50885fadc90d4be1287c1e82c893fc2f33e19127c3ba81d47cc983b,512,512,1.0,JPEG,L,Training
data/Training/pituitary/Tr-pi_180.jpg,pituitary,3,train,c39656e782fa69821eedb7fda2141d61554df487868414140ec510408bf587cf,512,512,1.0,JPEG,L,Training
data/Training/pituitary/Tr-pi_181.jpg,pituitary,3,train,47e31b03f201979c396518c652a959dfaa4717c2e3ad1c86b0d11c4c885c9c01,512,512,1.0,JPEG,L,Training
data/Training/pituitary/Tr-pi_183.jpg,pituitary,3,train,259cafb331b503a49414fb93c5e3aab863f57007b238bfea59f4dda632ee030f,512,512,1.0,JPEG,L,Training
data/Training/pituitary/Tr-pi_184.jpg,pituitary,3,train,962e743a43f62570e33a4a8dc4f58c4ef481dc2cca4b4f375832935259ff47a7,512,512,1.0,JPEG,RGB,Training
data/Training/pituitary/Tr-pi_185.jpg,pituitary,3,train,fb440b6b042f20ae9c11fc95f26c78aec9992f73e975c84c601c5c5a2b787334,512,512,1.0,JPEG,RGB,Training
data/Training/pituitary/Tr-pi_187.jpg,pituitary,3,train,85a2eeffe76211811a1722d260e96c8d0157aa1ab8965c4b2b7f52a9befea8b1,512,512,1.0,JPEG,RGB,Training
data/Training/pituitary/Tr-pi_190.jpg,pituitary,3,train,46e3ceee7dc092c9dd02f7c302afd960337c20e6f31dbbaf6090b0cc683c9a33,512,512,1.0,JPEG,RGB,Training
data/Training/pituitary/Tr-pi_192.jpg,pituitary,3,train,d72aadf312d8e5781de41fb248173e611f22335686d3d2e8238a94d5ba9fc4f4,512,512,1.0,JPEG,L,Training
data/Training/pituitary/Tr-pi_193.jpg,pituitary,3,train,e63c3d727b7b10eeb61f54f983f660b3b38031e79033f09348993244ac7fd719,512,512,1.0,JPEG,RGB,Training
data/Training/pituitary/Tr-pi_194.jpg,pituitary,3,train,a655c30588b74fe292f585d35ad0ac576cebbc720b28fd9bea904fd42ba2544e,512,512,1.0,JPEG,L,Training
data/Training/pituitary/Tr-pi_196.jpg,pituitary,3,train,8d74a0f27b4705ce710fd08f336ea997f9e9f9e46fffabf0895049456c276af8,512,512,1.0,JPEG,RGB,Training
data/Training/pituitary/Tr-pi_197.jpg,pituitary,3,train,2003cf0254e6452cd5860ce2aa2f3f4405f384ac31acf76d71f8ffac1e93146e,512,512,1.0,JPEG,L,Training
data/Training/pituitary/Tr-pi_198.jpg,pituitary,3,train,44a7768e8c8cf62814c08ebf633d78c6411b5eba27f69573b979a0473632c818,512,512,1.0,JPEG,L,Training
data/Training/pituitary/Tr-pi_20.jpg,pituitary,3,train,2e667da57ef14e0029ab6e799f23b28c3ea69be341534790c7e8b858d992b8c5,512,512,1.0,JPEG,L,Training
data/Training/pituitary/Tr-pi_200.jpg,pituitary,3,train,78ae717476292120163f2c1f9fa0247980170bed6e3199f3d80037c136bded73,512,512,1.0,JPEG,RGB,Training
data/Training/pituitary/Tr-pi_202.jpg,pituitary,3,train,a420f81df1d0f2f8bed68eade19be66a2adb5165f50b6958b224914fad9beb2f,512,512,1.0,JPEG,L,Training
data/Training/pituitary/Tr-pi_203.jpg,pituitary,3,train,144a4edeccbb3339ee95eff855d5454ae88b8e2158b9653f62cded0973536975,512,512,1.0,JPEG,RGB,Training
data/Training/pituitary/Tr-pi_204.jpg,pituitary,3,train,c00177969f4d0d8b5ffef00b8ae2ec9804e45da45ed7c0284878577d4cf38a24,512,512,1.0,JPEG,L,Training
data/Training/pituitary/Tr-pi_205.jpg,pituitary,3,train,69bcb63c32c12aeedbaf858db8123ace0370f6ac2a1167000055c07ceaf38155,512,512,1.0,JPEG,RGB,Training
data/Training/pituitary/Tr-pi_207.jpg,pituitary,3,train,b727c222a420965e44e22bbdb78e148f67d9c1802f69c37df941ba014c34b61c,512,512,1.0,JPEG,L,Training
data/Training/pituitary/Tr-pi_209.jpg,pituitary,3,train,fff4c23a253572d26c789b8b4150320a8f47f6f0f7fdb685cb0281bce456a362,512,512,1.0,JPEG,RGB,Training
data/Training/pituitary/Tr-pi_21.jpg,pituitary,3,train,763eb4e21e68d9e7ffac6235a58870a5924a81cb87101b66b8fda3451f8b756d,512,512,1.0,JPEG,RGB,Training
data/Training/pituitary/Tr-pi_210.jpg,pituitary,3,train,6e5d63823d2a360d8227e0b0f77b1e82d0174b2b3f2965ba12955b5d00ca2fc8,512,512,1.0,JPEG,RGB,Training
data/Training/pituitary/Tr-pi_211.jpg,pituitary,3,train,2968223505a58ef2abb2e1348b280eb1309cc53ae05970770f76a9e3d183df78,512,512,1.0,JPEG,L,Training
data/Training/pituitary/Tr-pi_212.jpg,pituitary,3,train,53e03787adb0a728c75d0de97b4b3a38c6beea0029485243daa4a8e9cccda5ec,512,512,1.0,JPEG,RGB,Training
data/Training/pituitary/Tr-pi_214.jpg,pituitary,3,train,aa3bab238305345b33422e6b55d2cb0deb127a9453a29803343dcf9c704a6f29,512,512,1.0,JPEG,L,Training
data/Training/pituitary/Tr-pi_215.jpg,pituitary,3,train,deeee721fe7e020b0ee7ed078b3d0e20a7ea43a3b30e43708b720730368741db,512,512,1.0,JPEG,RGB,Training
data/Training/pituitary/Tr-pi_216.jpg,pituitary,3,train,6f2e319af2f78097f9aebfabbb2d0ea00c3e10aeefe301dc95571ffbc732593f,512,512,1.0,JPEG,RGB,Training
data/Training/pituitary/Tr-pi_217.jpg,pituitary,3,train,13e3cee93c99884ba4819147c4a90aa6b14fcc3961300fa7738aea5aae2529a0,512,512,1.0,JPEG,L,Training
data/Training/pituitary/Tr-pi_218.jpg,pituitary,3,train,433b3d78fb1ce5f2016604e6e640ccb3c7f8da9801763699fb57dd29a3b0a5cf,512,512,1.0,JPEG,L,Training
data/Training/pituitary/Tr-pi_219.jpg,pituitary,3,train,6a98b714e9b99ee91a50ce23c2de24024af0016bfbe84b99a90a6fe7c887575f,512,512,1.0,JPEG,RGB,Training
data/Training/pituitary/Tr-pi_220.jpg,pituitary,3,train,3295c0ec0b87433ef6748a70d0099e0b2902c315872cef7212afdc1a4b8f1640,512,512,1.0,JPEG,RGB,Training
data/Training/pituitary/Tr-pi_221.jpg,pituitary,3,train,e45526f8aa850a5f69360c6b23fbcd606eaec18f828826b4475a90e2e0c3b691,512,512,1.0,JPEG,RGB,Training
data/Training/pituitary/Tr-pi_222.jpg,pituitary,3,train,53d025f5b07a53c8e91b97d7bec1478de85a877cd1cf64ab5820565a75e0d27b,512,512,1.0,JPEG,RGB,Training
data/Training/pituitary/Tr-pi_225.jpg,pituitary,3,train,aee83c09c50a25cafa9597a5d9759f21e3fed0f777b05556045f58771c575b0f,512,512,1.0,JPEG,RGB,Training
data/Training/pituitary/Tr-pi_226.jpg,pituitary,3,train,fa575b0af3cf61db060d936050ab647fdf6c63100b6fbf5fb6458d53f1d5c246,512,512,1.0,JPEG,RGB,Training
data/Training/pituitary/Tr-pi_227.jpg,pituitary,3,train,9497a456afc7d08598ab26d9906e8d2865f50c1bce7ec4cbee05947b82bb49c4,512,512,1.0,JPEG,L,Training
data/Training/pituitary/Tr-pi_228.jpg,pituitary,3,train,ccc17a2c4029648c424022220fecd419524910099d482d700d72c44cee6ba231,512,512,1.0,JPEG,RGB,Training
data/Training/pituitary/Tr-pi_229.jpg,pituitary,3,train,f863954eff22e338630d5276c141fa37a2d64b0ae1dfe9513b80faa6792c48f8,512,512,1.0,JPEG,RGB,Training
data/Training/pituitary/Tr-pi_230.jpg,pituitary,3,train,125d93c5bbc4ec2c88650936a6d0c2a5934e046b6e546052771e1b71da8a068a,512,512,1.0,JPEG,L,Training
data/Training/pituitary/Tr-pi_231.jpg,pituitary,3,train,292d4f63b6ea171ef04b60eac8040810f5a62d7e09e286b9097ace844fc8b3b4,512,512,1.0,JPEG,RGB,Training
data/Training/pituitary/Tr-pi_232.jpg,pituitary,3,train,7e490b77f84cfa7c3276864a826082097e5185eb571805e97821cf0a45d1dde8,512,512,1.0,JPEG,RGB,Training
data/Training/pituitary/Tr-pi_233.jpg,pituitary,3,train,3ed5ca93e8904ed33f96b5cdb411134733be8062378c2aee2b172537933112e1,512,512,1.0,JPEG,RGB,Training
data/Training/pituitary/Tr-pi_237.jpg,pituitary,3,train,119ba4742887a71bea52f0b6465ae47f8e0573f584b984ef29eda670682face5,512,512,1.0,JPEG,RGB,Training
data/Training/pituitary/Tr-pi_238.jpg,pituitary,3,train,947d6d9a851e006cb5b01cbe8c8a0de5376f1ec5f215befccb6769aaf3135870,512,512,1.0,JPEG,L,Training
data/Training/pituitary/Tr-pi_24.jpg,pituitary,3,train,04af7f6d5262e8d05b3f80c83b7d48c4fcc5013fbf2f54ec479c472b37607b5a,512,512,1.0,JPEG,RGB,Training
data/Training/pituitary/Tr-pi_240.jpg,pituitary,3,train,e0925f3ed151aec002cec0598f4cfb9e1b326aafb62dee441374b9c8bc27a4ad,512,512,1.0,JPEG,RGB,Training
data/Training/pituitary/Tr-pi_241.jpg,pituitary,3,train,906f5891692ca8095af9632407045c45c78d6627bde4d5e41d4a543e24130963,512,512,1.0,JPEG,RGB,Training
data/Training/pituitary/Tr-pi_243.jpg,pituitary,3,train,b46b250783999faaf51b9b438144be0f66bc987458d7be0f354ac5187b600edf,512,512,1.0,JPEG,RGB,Training
data/Training/pituitary/Tr-pi_247.jpg,pituitary,3,train,a68e6e38e7c63057b7039fbcd3b9562541d9d1522ebf8b2dcc09ec4e403c1c7d,256,256,1.0,JPEG,RGB,Training
data/Training/pituitary/Tr-pi_249.jpg,pituitary,3,train,084d6de0a5ff2de41f1a7f18b383c484554de3d6a681fd21e9089123d28f1b15,512,512,1.0,JPEG,L,Training
data/Training/pituitary/Tr-pi_25.jpg,pituitary,3,train,eb1d80482b1b05c5ea9e0b575ca059476079af7402b3386e6583682ff1f034fc,512,512,1.0,JPEG,RGB,Training
data/Training/pituitary/Tr-pi_250.jpg,pituitary,3,train,786ea667b2defd4c765452820dc9bb9f06321f48d4e6293760ca7270513978b8,512,512,1.0,JPEG,L,Training
data/Training/pituitary/Tr-pi_252.jpg,pituitary,3,train,25072db23517c74b9ac93b8e333fca48bc322a783b25ca367de10c6c3de610f7,512,512,1.0,JPEG,RGB,Training
data/Training/pituitary/Tr-pi_253.jpg,pituitary,3,train,aa5213cac8eaf9e411ab5d422c3d3bf8ee78cc9f21b50e0631e20ebd4f72ac92,512,512,1.0,JPEG,L,Training
data/Training/pituitary/Tr-pi_255.jpg,pituitary,3,train,b0d0a5fbb61ce6dabbc9f191f9c0723531665841d5cdd1dbf87b822548c50b18,512,512,1.0,JPEG,L,Training
data/Training/pituitary/Tr-pi_258.jpg,pituitary,3,train,fa66e0d02e0ee59f8db576c162adfc5b84ab78c51e97155a5d9d446631dc0295,512,512,1.0,JPEG,L,Training
data/Training/pituitary/Tr-pi_259.jpg,pituitary,3,train,8df6568ab0241d4a7063cfba2f73516d8af0cfb02a0b6c47045cab48ee0198f9,512,512,1.0,JPEG,RGB,Training
data/Training/pituitary/Tr-pi_260.jpg,pituitary,3,train,2ac62a89734daa113889779d40136a6d994d7d0dd105b6ceb14155d2454af635,512,512,1.0,JPEG,RGB,Training
data/Training/pituitary/Tr-pi_262.jpg,pituitary,3,train,69972ab01159979346ada3dbdaf3f6a91de0d861485658297556361769d1a503,512,512,1.0,JPEG,L,Training
data/Training/pituitary/Tr-pi_263.jpg,pituitary,3,train,1927bd4bd03d3f78a90940d59c2bd87ad2d6dffc00e843e17545d4b893b1cbd0,512,512,1.0,JPEG,RGB,Training
data/Training/pituitary/Tr-pi_265.jpg,pituitary,3,train,5c0895258c69d52334eeb806082a534de16198427beda70a97e8da31dcd10cc7,512,512,1.0,JPEG,RGB,Training
data/Training/pituitary/Tr-pi_268.jpg,pituitary,3,train,e1e46edd542f370162bbc867fb79b97111cd77ff923cef3a97c41afddcff6bb4,512,512,1.0,JPEG,RGB,Training
data/Training/pituitary/Tr-pi_27.jpg,pituitary,3,train,a50ab0d65098642fc3962edf57e08682331965474aa58517230b84846355fa7a,512,512,1.0,JPEG,L,Training
data/Training/pituitary/Tr-pi_271.jpg,pituitary,3,train,64c8d32c8ed2ce673d0d1ad6fcd49c3c81439d51f8163745be7a9c92ac344ac7,512,512,1.0,JPEG,L,Training
data/Training/pituitary/Tr-pi_273.jpg,pituitary,3,train,48b1be75f8722e0a9ca69b9fb18193bf358587bcd87af2846cb6f7ae58d04a1b,512,512,1.0,JPEG,L,Training
data/Training/pituitary/Tr-pi_274.jpg,pituitary,3,train,c459c111cfb5bcbd816232639925d9fc593f5145921d5a1f8afcf1d7fe2f9a0d,512,512,1.0,JPEG,RGB,Training
data/Training/pituitary/Tr-pi_278.jpg,pituitary,3,train,537c7149c4e77fcc18a3ab8355443c73c4b18750d8590b6a40d7de24affa216a,512,512,1.0,JPEG,RGB,Training
data/Training/pituitary/Tr-pi_279.jpg,pituitary,3,train,12d7bbe2c03ad4ab72647a67355bdbb5ae5d59562638f1d0d7d832c28603df14,512,512,1.0,JPEG,RGB,Training
data/Training/pituitary/Tr-pi_28.jpg,pituitary,3,train,35d58ce99cd7b1228bff02b0781a7e5bb2bcc6b1e590383dc70f3271b066036c,512,512,1.0,JPEG,RGB,Training
data/Training/pituitary/Tr-pi_280.jpg,pituitary,3,train,cd0169ca62193f341e80ad5d83fcade9bf9356165759e5b223b43a1e212b15e6,512,512,1.0,JPEG,L,Training
data/Training/pituitary/Tr-pi_281.jpg,pituitary,3,train,6045fcc4793681d8081eaeb8eaeb39f09339f14aedcbb7819094b3053476c0bc,512,512,1.0,JPEG,L,Training
data/Training/pituitary/Tr-pi_282.jpg,pituitary,3,train,1d373434a2a5f817b566a0f37aa72399a28b98c19fccd53ff7b22a8bc6303221,512,512,1.0,JPEG,L,Training
data/Training/pituitary/Tr-pi_285.jpg,pituitary,3,train,554234b7fe1fa24d49092b0550d60b2887f9efabdd75b97cfa6d933c35dd8144,512,512,1.0,JPEG,RGB,Training
data/Training/pituitary/Tr-pi_287.jpg,pituitary,3,train,684dd2e56ed4500a881b7113fdd244499fd2113a34e08bba5518ddc721316ea8,512,512,1.0,JPEG,RGB,Training
data/Training/pituitary/Tr-pi_288.jpg,pituitary,3,train,fc71d62e457dcbcc1ccbb3412df6893bc227fd270b78c7474cb84532c735218d,512,512,1.0,JPEG,RGB,Training
data/Training/pituitary/Tr-pi_29.jpg,pituitary,3,train,3d8a4d49ae68cd28f20ae2744bf0a970cde4098387f0bfb52e9c5d2fe11714bf,512,512,1.0,JPEG,RGB,Training
data/Training/pituitary/Tr-pi_291.jpg,pituitary,3,train,cc220e922f302638510fb9013273b8fa329bdcdedfdac28270eed1c712b1f22f,512,512,1.0,JPEG,RGB,Training
data/Training/pituitary/Tr-pi_293.jpg,pituitary,3,train,a6380f07b44555988a689869471107e788905f7a1589abfbfc35dc06b4ff2ae1,512,512,1.0,JPEG,L,Training
data/Training/pituitary/Tr-pi_295.jpg,pituitary,3,train,4e64c3fab100ac0eedea402381f3c610d9d966d20eac7417c49fcdde8c44f282,512,512,1.0,JPEG,RGB,Training
data/Training/pituitary/Tr-pi_297.jpg,pituitary,3,train,277966c22b7648111ab864478f77b75434c22d9fdc5c198f8dcc5a3c5925f55c,512,512,1.0,JPEG,L,Training
data/Training/pituitary/Tr-pi_298.jpg,pituitary,3,train,1a5c6bc346f9cd855c47b8f716de4ef59c4e6827a0cd8005cd771e56a78d48a1,512,512,1.0,JPEG,RGB,Training
data/Training/pituitary/Tr-pi_299.jpg,pituitary,3,train,700e17e593a1eaef982d198672b38f4ef00c181b5dfec4a38644f093cfb1be84,512,512,1.0,JPEG,RGB,Training
data/Training/pituitary/Tr-pi_3.jpg,pituitary,3,train,cc169712f55c0e15191668bc16fdfdc50f9b068489a3210f9a7aa63e93e4242f,512,512,1.0,JPEG,L,Training
data/Training/pituitary/Tr-pi_30.jpg,pituitary,3,train,c3f4f3d68c633e255884a67e570d746143e4ad3d310886b3b21f03203a6f2229,512,512,1.0,JPEG,RGB,Training
data/Training/pituitary/Tr-pi_300.jpg,pituitary,3,train,26f8646291a973cca3e3d9dd7076706c544e5b5b23ceae16e2955db925f656c0,512,512,1.0,JPEG,L,Training
data/Training/pituitary/Tr-pi_301.jpg,pituitary,3,train,0ae7d3e07eeff2ce7bb775bf9472f29a5354a3b153eb0bedb59c2e1750950cbf,512,512,1.0,JPEG,RGB,Training
data/Training/pituitary/Tr-pi_303.jpg,pituitary,3,train,f29fa49d74335081874d2a06e5d1010f644faa13218e9ebddd4e7e4fd1df7f14,512,512,1.0,JPEG,RGB,Training
data/Training/pituitary/Tr-pi_304.jpg,pituitary,3,train,b67699c2879a84df10821cc949e90a28b198442eab31f0ea1a8251976bd26822,512,512,1.0,JPEG,RGB,Training
data/Training/pituitary/Tr-pi_305.jpg,pituitary,3,train,975d189a99c2332602193ad2886cdc917057375a86c9b9cf9c72f854ab6b7a11,512,512,1.0,JPEG,RGB,Training
data/Training/pituitary/Tr-pi_307.jpg,pituitary,3,train,ed87502caa722706e702ba3a7cababf545b196c4780bd1f0f3d71e88d3953bbf,512,512,1.0,JPEG,RGB,Training
data/Training/pituitary/Tr-pi_308.jpg,pituitary,3,train,61acf5fc173d472413a7cfb8098ce441c52f325531e64873be75d9db66c62681,512,512,1.0,JPEG,RGB,Training
data/Training/pituitary/Tr-pi_309.jpg,pituitary,3,train,5742f917957312f9a84f18f1653036f35b9c8eb7660495ddc1cfe4ec21f70587,512,512,1.0,JPEG,L,Training
data/Training/pituitary/Tr-pi_31.jpg,pituitary,3,train,778f16a20194d6a5747146bc4960bcd370dc4f2c6f23ee2113d6754fd7de5949,512,512,1.0,JPEG,RGB,Training
data/Training/pituitary/Tr-pi_310.jpg,pituitary,3,train,fde649eb1d82595bef5072edd548da5b743c4d583bb44bf254ca37c27e1b52fd,512,512,1.0,JPEG,L,Training
data/Training/pituitary/Tr-pi_311.jpg,pituitary,3,train,499fa8e15ba3c54d319dda59d3f7209a67ad6a7cb860ea1350c882ffb11abbd2,512,512,1.0,JPEG,RGB,Training
data/Training/pituitary/Tr-pi_312.jpg,pituitary,3,train,2f08e4b08e172499b720c1a48a67750086dfbc49162c86850aeb1bf2717c2df9,512,512,1.0,JPEG,L,Training
data/Training/pituitary/Tr-pi_315.jpg,pituitary,3,train,4392e9502684049ac0af236bd6b60daf72bda6d3f8c9a3a598d85bc44fde999b,512,512,1.0,JPEG,RGB,Training
data/Training/pituitary/Tr-pi_316.jpg,pituitary,3,train,f0415be8734439e60f8b3c9a56e4f86da33f3afa69619ea435ed9328de387996,512,512,1.0,JPEG,RGB,Training
data/Training/pituitary/Tr-pi_317.jpg,pituitary,3,train,515e5ab0727c0e7c01699478edb2b7733b6adda3cf83591ed03dfc056af13bf6,512,512,1.0,JPEG,L,Training
data/Training/pituitary/Tr-pi_319.jpg,pituitary,3,train,a89a22cc8b084b504fda5aa7eebdd8b95d36225af66af3af3ee7406c9352072d,512,512,1.0,JPEG,L,Training
data/Training/pituitary/Tr-pi_32.jpg,pituitary,3,train,44049ff47b6392a1e0240acdf708ce1088bb09445d6083ea19cf3ba9702a1ebf,512,512,1.0,JPEG,L,Training
data/Training/pituitary/Tr-pi_322.jpg,pituitary,3,train,dc27743ebdb989698c13c4ac08d1b16881b31ea3067765fdd2241e81f3f9814e,512,512,1.0,JPEG,RGB,Training
data/Training/pituitary/Tr-pi_324.jpg,pituitary,3,train,982c0ff4342633d8d329cdd716785ceb4030a81e9378cda4a37d11228e4af927,512,512,1.0,JPEG,L,Training
data/Training/pituitary/Tr-pi_326.jpg,pituitary,3,train,578b58da00e75931712920019d761b500fc1a7e526f3eed03f1c03930b0300cb,512,512,1.0,JPEG,RGB,Training
data/Training/pituitary/Tr-pi_327.jpg,pituitary,3,train,3928148d059bb827d13abedd24758f3e6f057374aebf9aee48eb0b5da9ae751d,512,512,1.0,JPEG,L,Training
data/Training/pituitary/Tr-pi_328.jpg,pituitary,3,train,0d2ff743077bdf409717fe9271735b62326619c0f06622ebe6039e77201b1f22,512,512,1.0,JPEG,L,Training
data/Training/pituitary/Tr-pi_329.jpg,pituitary,3,train,cb4f2362a8e844d2a5a57af96ae6321759a2c8e744d821a60927faf13cf3e40a,512,512,1.0,JPEG,L,Training
data/Training/pituitary/Tr-pi_33.jpg,pituitary,3,train,879b5c8d067c51a7f682cd8d8e9ef5c0c3db4609bcf95bf65558ae082bb3a4f7,512,512,1.0,JPEG,RGB,Training
data/Training/pituitary/Tr-pi_332.jpg,pituitary,3,train,9cfe3916980513831b8984ea0fa336fc0db6b73ae7f61f6b4e761c03a683bf95,512,512,1.0,JPEG,L,Training
data/Training/pituitary/Tr-pi_333.jpg,pituitary,3,train,ff63287a98f8230d2392a4ee73d94874e191419e2f809373a10683df87d5e6f5,512,512,1.0,JPEG,RGB,Training
data/Training/pituitary/Tr-pi_334.jpg,pituitary,3,train,b8420a316df57832a635c4c8ba6ba4744378e3192a5715979f914aca8d147296,512,512,1.0,JPEG,RGB,Training
data/Training/pituitary/Tr-pi_335.jpg,pituitary,3,train,5a869f600d5eca883509140292d3dec5bd9f1f4c8a2d346de7b7b62e7e22c21e,512,512,1.0,JPEG,L,Training
data/Training/pituitary/Tr-pi_337.jpg,pituitary,3,train,25935ec873f0759717dd31b44984d360b6b4d74a2454a2a289f8e23faa15c7ea,512,512,1.0,JPEG,L,Training
data/Training/pituitary/Tr-pi_339.jpg,pituitary,3,train,e587c8bf26692af964211c98d1847d144f50a4621b8751b2dff733ca22b3188c,512,512,1.0,JPEG,L,Training
data/Training/pituitary/Tr-pi_34.jpg,pituitary,3,train,ce86f7ae2ed018ad63623a1d9c1bdcc143a3387b4d4246c2640af66e8a3e196b,512,512,1.0,JPEG,RGB,Training
data/Training/pituitary/Tr-pi_340.jpg,pituitary,3,train,bd4ac7e7688522728ddd7a7b7bc59d24a8ccd000495473f11d47acb7c5862006,512,512,1.0,JPEG,RGB,Training
data/Training/pituitary/Tr-pi_342.jpg,pituitary,3,train,cef76d6856cd200d154ffb20177df3ab437498cba44ea49aeae63fe89408918d,512,512,1.0,JPEG,L,Training
data/Training/pituitary/Tr-pi_345.jpg,pituitary,3,train,f733c39c95387e9f5d5fa4fe97238a576cad461f6bd7e6f2a65edc6b0382e0d4,512,512,1.0,JPEG,L,Training
data/Training/pituitary/Tr-pi_346.jpg,pituitary,3,train,5c147f5e9db1c80eb5b28512e1c7c2598e651c3b1f1cc5102e6c6e11073f2e2a,512,512,1.0,JPEG,RGB,Training
data/Training/pituitary/Tr-pi_348.jpg,pituitary,3,train,d775a3ec10bd1870845a04f29dc3bac2000699c22f44245d01c35cfc40b54bd8,512,512,1.0,JPEG,RGB,Training
data/Training/pituitary/Tr-pi_349.jpg,pituitary,3,train,5e011466f3302aad2ff469c65355dde3d234ef490135897ea1cf86bb58f74e14,512,512,1.0,JPEG,L,Training
data/Training/pituitary/Tr-pi_35.jpg,pituitary,3,train,5b2222c322f89bf851f182395fe41f4e671ce32d57d99f75b16e3ef7a9090db6,512,512,1.0,JPEG,RGB,Training
data/Training/pituitary/Tr-pi_352.jpg,pituitary,3,train,e6fb5ab9112d7e58324e07bf5f74078e3f10d037a5e96c2541c7b8948bbe00ec,512,512,1.0,JPEG,RGB,Training
data/Training/pituitary/Tr-pi_353.jpg,pituitary,3,train,ec1efb98942b23d82cce7c907581375cad3991060af1b6fd177306b778142b24,512,512,1.0,JPEG,L,Training
data/Training/pituitary/Tr-pi_355.jpg,pituitary,3,train,d8dc11eafdb147bd7fb0fc84ca2c434d35ef42a26fe624e815edbfd9a75d422e,512,512,1.0,JPEG,L,Training
data/Training/pituitary/Tr-pi_356.jpg,pituitary,3,train,97796b2a849bfd693f2d68411d3ebbbcc409b7c1176d705a5e530ec1744477a0,892,826,1.0799031476997578,JPEG,RGB,Training
data/Training/pituitary/Tr-pi_358.jpg,pituitary,3,train,3b9466b557d3c40a01935c76553b0d8086c5361aee64fa8e936823505d1c8307,512,512,1.0,JPEG,L,Training
data/Training/pituitary/Tr-pi_359.jpg,pituitary,3,train,06d5eed43b9bdfa9159db0faafd6fe9512ef517ef8bddc4364719080b4e93eec,512,512,1.0,JPEG,L,Training
data/Training/pituitary/Tr-pi_36.jpg,pituitary,3,train,6e8c5d62eb35662b3021f3ce0b7c520e6bbc322263f93fe7d9a82d196a9d2b55,512,512,1.0,JPEG,RGB,Training
data/Training/pituitary/Tr-pi_360.jpg,pituitary,3,train,c8c121e65d0be254be5362bec52dabf0b7bfeb80154def5361821be8a040535c,512,512,1.0,JPEG,RGB,Training
data/Training/pituitary/Tr-pi_361.jpg,pituitary,3,train,2b58d4398a297f170e7158fee296a20d630e257a29ae961b153084b794a7fe27,512,512,1.0,JPEG,L,Training
data/Training/pituitary/Tr-pi_362.jpg,pituitary,3,train,a55085e88ae9460f9d06d790d59cdcf0039374e8ca3091abcb10cd9cddbb9eb2,512,512,1.0,JPEG,L,Training
data/Training/pituitary/Tr-pi_365.jpg,pituitary,3,train,f71f6f5f05658cdb1d94501097024999b412dd7a74b4ecada2c223180fb1fd2e,512,512,1.0,JPEG,RGB,Training
data/Training/pituitary/Tr-pi_366.jpg,pituitary,3,train,399da3de0c023850f33a8bc25749ea1a60d1b021d6eb18651ff995d00421fac9,512,512,1.0,JPEG,L,Training
data/Training/pituitary/Tr-pi_367.jpg,pituitary,3,train,d10c82b40a6bbe48e199318a023fc9a133f96970f7043dcd020c7ab95644b6f0,512,512,1.0,JPEG,RGB,Training
data/Training/pituitary/Tr-pi_368.jpg,pituitary,3,train,6a7f25cee2728cbcf1cd999923feb4cbc9267d6685ca61ebf0d25db926ce05ba,512,512,1.0,JPEG,RGB,Training
data/Training/pituitary/Tr-pi_369.jpg,pituitary,3,train,9c822a36b8a0f8c2553ef4ee1a4f188dd76d6d01445489982521579fee201d34,512,512,1.0,JPEG,L,Training
data/Training/pituitary/Tr-pi_37.jpg,pituitary,3,train,55abddb4673bc37c71049636a672b40fa5015c3fa74d5b761fa839a4d9fbc46c,512,512,1.0,JPEG,RGB,Training
data/Training/pituitary/Tr-pi_370.jpg,pituitary,3,train,c98ffad6ab0bf1e15c857370c896a50b199db356988661b62ddd5005c0ca810e,512,512,1.0,JPEG,RGB,Training
data/Training/pituitary/Tr-pi_371.jpg,pituitary,3,train,d6259fcde5545c95d829b5de5cfd0a1725d977f32743c5b70f440147831e5612,512,512,1.0,JPEG,L,Training
data/Training/pituitary/Tr-pi_373.jpg,pituitary,3,train,5feffd86b8cf795e556daf9491f346102b9ca3292acb51892d6dce2960f30159,512,512,1.0,JPEG,L,Training
data/Training/pituitary/Tr-pi_374.jpg,pituitary,3,train,bde0bb9d58e7a311ab72e853e744687a1c39219772d32994e7563a6fec010d8a,512,512,1.0,JPEG,RGB,Training
data/Training/pituitary/Tr-pi_375.jpg,pituitary,3,train,391a9471e727c810a65c35887a59bc7898d5e11987eacb88b42b90ae38984033,512,512,1.0,JPEG,L,Training
data/Training/pituitary/Tr-pi_376.jpg,pituitary,3,train,4b2bc290c2056769c54b33a29d6f952e0a5bf1d661c64c5fd0561b8beaca897f,512,512,1.0,JPEG,L,Training
data/Training/pituitary/Tr-pi_378.jpg,pituitary,3,train,c294c0a898363826989ae70ec7ec2e8fd0570018cec3a9dd1fc0dafc7bcbe76b,512,512,1.0,JPEG,RGB,Training
data/Training/pituitary/Tr-pi_385.jpg,pituitary,3,train,78db6f0c80092591fa8cbd21471daf77dfcbe8291c2a7d10208f47d56e0b1c91,512,512,1.0,JPEG,L,Training
data/Training/pituitary/Tr-pi_386.jpg,pituitary,3,train,9daf74297d9d499d8d740cdbfd8e4fee3941897a99104989f08ec308b4705b15,512,512,1.0,JPEG,RGB,Training
data/Training/pituitary/Tr-pi_387.jpg,pituitary,3,train,25a71e31d3d85224ea04294c49705fff91aa41042fa85f72840a2dad98d3d24b,512,512,1.0,JPEG,L,Training
data/Training/pituitary/Tr-pi_388.jpg,pituitary,3,train,807897bc5e0efa0fc08dba6eea991365caa84dd1f0c0ad55cd440031dbdfd315,512,512,1.0,JPEG,RGB,Training
data/Training/pituitary/Tr-pi_390.jpg,pituitary,3,train,44913702e91069d632c83ccbda580643b804f00bf6cc37a2cbae9bff7c726dc6,512,512,1.0,JPEG,L,Training
data/Training/pituitary/Tr-pi_391.jpg,pituitary,3,train,59e6b9d9593f16ce3febefc9c0d0f464758274cb4bb609f39904ae340c7445d3,512,512,1.0,JPEG,RGB,Training
data/Training/pituitary/Tr-pi_392.jpg,pituitary,3,train,edc17125d83adaeda222f9fdb631448775946e562cdb0bd91236e0bbd5210fbe,512,512,1.0,JPEG,RGB,Training
data/Training/pituitary/Tr-pi_393.jpg,pituitary,3,train,c0b1e943d3c393b87bc0bb774f4a159732c1d5d02563a8cff1ab0a6b920c998e,512,512,1.0,JPEG,RGB,Training
data/Training/pituitary/Tr-pi_396.jpg,pituitary,3,train,01d0b59de8c0a274ef2e2a3c317c437303f59a5592d0befa3fcd0d4421558271,625,603,1.0364842454394694,JPEG,RGB,Training
data/Training/pituitary/Tr-pi_398.jpg,pituitary,3,train,92bac6f95279c0b6c8b61b853d6bbafeb10812fba3e5baae24fe1d6b480d7ddc,512,512,1.0,JPEG,RGB,Training
data/Training/pituitary/Tr-pi_4.jpg,pituitary,3,train,599f375f020e88122b77e7701dc52608de5651e39bcdeba3d328d473f7fecf1e,512,512,1.0,JPEG,L,Training
data/Training/pituitary/Tr-pi_400.jpg,pituitary,3,train,14cb3e8582322ffa3a1d869b09517f01da7dec553fe54cd84ca3a9449c597e6b,512,512,1.0,JPEG,L,Training
data/Training/pituitary/Tr-pi_401.jpg,pituitary,3,train,3b89852ec2453331860fcfd2927565ce9616b679a6392d21cfbdec881af56ef6,512,512,1.0,JPEG,L,Training
data/Training/pituitary/Tr-pi_402.jpg,pituitary,3,train,b7e8907c083b9d3d3447140917952aac2a731206a243ba2220a7454c73ad0263,512,512,1.0,JPEG,L,Training
data/Training/pituitary/Tr-pi_404.jpg,pituitary,3,train,a8c8c0aaa86740e98b3e19b128c7c41bafd2cdfcf943c9401de22bb537f6fabd,512,512,1.0,JPEG,L,Training
data/Training/pituitary/Tr-pi_406.jpg,pituitary,3,train,393acdaa0a200fc4ef88e1b38484fbdb0fc0d130169a564dddbbcea37854aca4,512,512,1.0,JPEG,L,Training
data/Training/pituitary/Tr-pi_407.jpg,pituitary,3,train,69811e0958e9c29ba05ce5202398ec6869102cb11f8610bf4ca81a2983debfc3,512,512,1.0,JPEG,RGB,Training
data/Training/pituitary/Tr-pi_409.jpg,pituitary,3,train,d8712cc89ae71aafc14cb7e4613874c7f70a4067126b977e6d71123f24789a49,512,512,1.0,JPEG,RGB,Training
data/Training/pituitary/Tr-pi_41.jpg,pituitary,3,train,f5a088ff5582c632012c8be5a689792deb5e4e7da346c48bf05a43dcf92e5b20,512,512,1.0,JPEG,L,Training
data/Training/pituitary/Tr-pi_410.jpg,pituitary,3,train,336db9961feb7869f3d5c196c132e15477a62c5dff7c2998dba1c552c9c2d681,512,512,1.0,JPEG,RGB,Training
data/Training/pituitary/Tr-pi_412.jpg,pituitary,3,train,e4c8d4d36ff5255639db24747ac5e80181082909a0bc5d9e5a8715376229ec75,512,512,1.0,JPEG,RGB,Training
data/Training/pituitary/Tr-pi_415.jpg,pituitary,3,train,217893f324434fac81a1b3fff2b19db39f93e780f9d3d2f917341a75b999f0c8,256,256,1.0,JPEG,RGB,Training
data/Training/pituitary/Tr-pi_416.jpg,pituitary,3,train,487f6876b37fdf231332b8a1edd60244721685ccf6c9ce7e2daf4b1c99fe3b2b,512,512,1.0,JPEG,RGB,Training
data/Training/pituitary/Tr-pi_417.jpg,pituitary,3,train,b70ff6745faebea19c7f0ec97f182eb329b20b762dafbb08904c4616a27522af,512,512,1.0,JPEG,L,Training
data/Training/pituitary/Tr-pi_418.jpg,pituitary,3,train,f1228a4878aa9d9173b11f38b9404fedb828732e46eb5052fe8d149f6b214ec2,256,256,1.0,JPEG,L,Training
data/Training/pituitary/Tr-pi_419.jpg,pituitary,3,train,2f7f157868199d91888781a533c40f0f637497438cd881ca51808643561f357a,512,512,1.0,JPEG,L,Training
data/Training/pituitary/Tr-pi_420.jpg,pituitary,3,train,92ad376d4fc7e5cd6fe5589e0a156619c522f0b29f86c72353c75a817be0b779,512,512,1.0,JPEG,L,Training
data/Training/pituitary/Tr-pi_421.jpg,pituitary,3,train,e42cafae995f70d4f0ab0dd6b9e47c44923d08f0df36802d065fc5260f84aa02,512,512,1.0,JPEG,L,Training
data/Training/pituitary/Tr-pi_422.jpg,pituitary,3,train,dbb704f8d5e984310e9ddc170f7178665c81df96c2980ce6dfcb851d86ff4651,512,512,1.0,JPEG,L,Training
data/Training/pituitary/Tr-pi_423.jpg,pituitary,3,train,7fe2ea34d8b4abee8b5c742dfb12201c5397076cc06946dbb3009da0ddf02fed,512,512,1.0,JPEG,L,Training
data/Training/pituitary/Tr-pi_424.jpg,pituitary,3,train,261f1f42650dacf2d09918b51f4fb59181dd5f9ee50e48c55a8c124135cbdee7,512,512,1.0,JPEG,L,Training
data/Training/pituitary/Tr-pi_425.jpg,pituitary,3,train,1d1f123a3644003f657a6a6429c986e2d968873602270fc29d52dbb0f4d1e19d,512,512,1.0,JPEG,RGB,Training
data/Training/pituitary/Tr-pi_426.jpg,pituitary,3,train,9bf29852b782dd4de888a598b9435fe90c29148e8f876009449fd7a98f998cf6,512,512,1.0,JPEG,RGB,Training
data/Training/pituitary/Tr-pi_428.jpg,pituitary,3,train,6d9a41e1caa202d22a1bc4ea1d56127d3ed4b46f334b68cad1e72e154c044d3c,512,512,1.0,JPEG,RGB,Training
data/Training/pituitary/Tr-pi_429.jpg,pituitary,3,train,80d4e20dc506fc5f3006ba45b1d1c6869778e40efc6199df6e70ae6e8c2c0bc1,512,512,1.0,JPEG,L,Training
data/Training/pituitary/Tr-pi_431.jpg,pituitary,3,train,2f882bee5c56b3daa5f263f2cc83710aaf45e28bde02a7e525a5cc87324fcc4c,512,512,1.0,JPEG,L,Training
data/Training/pituitary/Tr-pi_432.jpg,pituitary,3,train,1c2c525947fd59430c641b17c5d1ef5cb2ca1d6f3c2848c8081ba3db45ae61d3,512,512,1.0,JPEG,L,Training
data/Training/pituitary/Tr-pi_433.jpg,pituitary,3,train,97a39e6a40ac38dba231d76ddf75be20d9ee7505b2792b9fc2efa95c0c1035e8,512,512,1.0,JPEG,RGB,Training
data/Training/pituitary/Tr-pi_434.jpg,pituitary,3,train,7e300bbaf7ae48134cf7e2914d895b1bcc166e7a07ff08562d385faf90295400,512,512,1.0,JPEG,RGB,Training
data/Training/pituitary/Tr-pi_435.jpg,pituitary,3,train,8cd2af5fea7dbcdf2f9b8a12f9fd462a81e86ec468a3d5dbda6b8dfc343a975f,512,512,1.0,JPEG,RGB,Training
data/Training/pituitary/Tr-pi_439.jpg,pituitary,3,train,9aa93f98690d06405354ec63dde9fed68956d06f431b780249cd710b0c571815,512,512,1.0,JPEG,RGB,Training
data/Training/pituitary/Tr-pi_44.jpg,pituitary,3,train,151767cef6e524ea9cb8fe23350c1f9df2d3921e4716523a931e3e5fb9d88cf9,512,512,1.0,JPEG,RGB,Training
data/Training/pituitary/Tr-pi_442.jpg,pituitary,3,train,7b06ca11e65f7042aeaa58ba68fd2785b03aedd065679fb5cdd8e6fffcc74cc7,512,512,1.0,JPEG,L,Training
data/Training/pituitary/Tr-pi_444.jpg,pituitary,3,train,6fea066503e85e06a15ca2a287e8425f4922543982e864bfc23ecf8a2c66074b,512,512,1.0,JPEG,RGB,Training
data/Training/pituitary/Tr-pi_446.jpg,pituitary,3,train,85994e9d909204366619b5596f8025c9a5dc41e7a7a707960745cff1b085180b,512,512,1.0,JPEG,RGB,Training
data/Training/pituitary/Tr-pi_447.jpg,pituitary,3,train,f0f2d280190fa5a94aa29e3a54524e520f056c40cd68072721d4b2aaf8fd8cd8,512,512,1.0,JPEG,RGB,Training
data/Training/pituitary/Tr-pi_448.jpg,pituitary,3,train,48d07122aec80ca6afbfc9c5238ff53cacbebc9efcc419a72e1e0505193e2152,512,512,1.0,JPEG,L,Training
data/Training/pituitary/Tr-pi_449.jpg,pituitary,3,train,0c2e3619853bb66675917a6e4c2611a30f1e2184e472e883f0fa3756649c37d0,512,512,1.0,JPEG,RGB,Training
data/Training/pituitary/Tr-pi_45.jpg,pituitary,3,train,e9558247a7bbcb9044f9e0229dc496dc113a01abced44bcb0415dbe087419a54,512,512,1.0,JPEG,L,Training
data/Training/pituitary/Tr-pi_450.jpg,pituitary,3,train,cf93c6a3cd84c4bbfb86c6842300f3aa374abe491959f4bf1fa3f128db25e349,512,512,1.0,JPEG,RGB,Training
data/Training/pituitary/Tr-pi_451.jpg,pituitary,3,train,f8d9d13c5f6ce74090859d78ba683bccb6a8c3ebe12d984446f9e368a4b609db,512,512,1.0,JPEG,RGB,Training
data/Training/pituitary/Tr-pi_452.jpg,pituitary,3,train,971f8d73d49432c02bc53eb9768512f39aa84947805da31219556fb869711902,512,512,1.0,JPEG,L,Training
data/Training/pituitary/Tr-pi_453.jpg,pituitary,3,train,99ac5dcf1a4fb0d4f645051d67aca0adf9ceeb6a1f7afdf660fdcc5eee4bde27,512,512,1.0,JPEG,L,Training
data/Training/pituitary/Tr-pi_455.jpg,pituitary,3,train,15711cbfc91e086aed173d873e7e197d2eba717608e847fdc88237ae9c1d54cc,512,512,1.0,JPEG,L,Training
data/Training/pituitary/Tr-pi_457.jpg,pituitary,3,train,80c342608c5541cef8545bcce804ae0f27c72e9229bce28dccd91741c7e3bd22,512,512,1.0,JPEG,L,Training
data/Training/pituitary/Tr-pi_459.jpg,pituitary,3,train,011c87ffbcd4eef19941b15b6a784b8a6b7b4cf91bfdb566cfa603779fc0861d,512,512,1.0,JPEG,RGB,Training
data/Training/pituitary/Tr-pi_460.jpg,pituitary,3,train,69ecfa7555d6e9b5d784142e829260e5801132d66aa9daf3919f94d778a3344f,512,512,1.0,JPEG,RGB,Training
data/Training/pituitary/Tr-pi_462.jpg,pituitary,3,train,d350a6c2e3ef2442cd3cfc6d23aef345fa6e5829c73cc98f026c67d6d528a449,512,512,1.0,JPEG,L,Training
data/Training/pituitary/Tr-pi_465.jpg,pituitary,3,train,499a6e9b5cfbe52369ee898eb9ff2d4df6aa09f671f8ae16aa6d00ee48a7ade2,512,512,1.0,JPEG,L,Training
data/Training/pituitary/Tr-pi_467.jpg,pituitary,3,train,ac0deeff31545054c621048c1d6e04182c8bcac439cfdf640a0b3e7fce5f8e31,512,512,1.0,JPEG,RGB,Training
data/Training/pituitary/Tr-pi_468.jpg,pituitary,3,train,22242a178a8d4f6d80ac373247594d65ebf07a688e683f12cd9c4536542bbeba,512,512,1.0,JPEG,L,Training
data/Training/pituitary/Tr-pi_469.jpg,pituitary,3,train,a9300c63cd3238fda5f1cd56099695e5f2ca1396a1d662a4e45500f0131aa3c6,512,512,1.0,JPEG,RGB,Training
data/Training/pituitary/Tr-pi_470.jpg,pituitary,3,train,ac075d632add7e307969321000c730203e8a77eda16d33ef34b5e929d9177eb1,512,512,1.0,JPEG,RGB,Training
data/Training/pituitary/Tr-pi_471.jpg,pituitary,3,train,865c2b5bdbc509994c44b84284fb794c890b4f87198482e7767ac3698f6f6b6b,512,512,1.0,JPEG,RGB,Training
data/Training/pituitary/Tr-pi_472.jpg,pituitary,3,train,12e198a84eaa7d1513c1ecee72c35be8f87088ed0204a981cd05aff594a73102,512,512,1.0,JPEG,L,Training
data/Training/pituitary/Tr-pi_473.jpg,pituitary,3,train,cbb59a8f470577f1a1d1a4dcfc5167c13e0307f6f3033ee3dc9d25a72c85db03,512,512,1.0,JPEG,RGB,Training
data/Training/pituitary/Tr-pi_474.jpg,pituitary,3,train,da86f75e0fcf86c9d92898f606a511cbd3425ed7c8c6fbb4fa5ab42dee8ec253,512,512,1.0,JPEG,L,Training
data/Training/pituitary/Tr-pi_475.jpg,pituitary,3,train,58346e5c8ab94782440b5fcf09a2d8c335ad84303383bd4293bf38d6c4f51221,512,512,1.0,JPEG,RGB,Training
data/Training/pituitary/Tr-pi_478.jpg,pituitary,3,train,d9f2b1edbb08e76830bbcab2a151dbe1e5c048334e082019b56b0815e7a235bf,512,512,1.0,JPEG,RGB,Training
data/Training/pituitary/Tr-pi_479.jpg,pituitary,3,train,a96bdd8d93921b391f1cd99781fb2907b2a2caada4f7e9d3034dd4a71b483012,512,512,1.0,JPEG,L,Training
data/Training/pituitary/Tr-pi_48.jpg,pituitary,3,train,66019597fbd337f6f42ba5e1874ccb9508faf5c196acd189f3cb420ce7e7191a,512,512,1.0,JPEG,L,Training
data/Training/pituitary/Tr-pi_480.jpg,pituitary,3,train,a9c471c932936dce5c82e719458983f2c51f3744a2f086351690b62cad663f3a,512,512,1.0,JPEG,RGB,Training
data/Training/pituitary/Tr-pi_482.jpg,pituitary,3,train,c4c59a7b2ffea65de74fb7cb1df2f1f31e021bf035d82d09e03050ef06ca5eef,512,512,1.0,JPEG,L,Training
data/Training/pituitary/Tr-pi_485.jpg,pituitary,3,train,8290415da8f424c0a166373373b101251de0335cc3df688fc30d24b6838b72b4,512,512,1.0,JPEG,L,Training
data/Training/pituitary/Tr-pi_486.jpg,pituitary,3,train,f066d77a643771e1b66662029e3403f6507b38ab3a0da7b0ce1e0eb6b2370b80,512,512,1.0,JPEG,RGB,Training
data/Training/pituitary/Tr-pi_487.jpg,pituitary,3,train,6f6133cc6ba5929ed4acf430caa605e311a5031c644bf9c61f17eaf969507c56,512,512,1.0,JPEG,L,Training
data/Training/pituitary/Tr-pi_488.jpg,pituitary,3,train,0e3ac3b7a1f4f7938d5fdc6ce32f7d6c478c4e0f9d0d8b45dfde9871fe102cf0,512,512,1.0,JPEG,RGB,Training
data/Training/pituitary/Tr-pi_489.jpg,pituitary,3,train,29619aaca04bac6a41ead84718c28fe28acabf82bbf43704a1d4d4ad1b2df2ff,512,512,1.0,JPEG,L,Training
data/Training/pituitary/Tr-pi_49.jpg,pituitary,3,train,0c484ae6fd7f07632a8f32bce073448322414862f970c381555250beef36650b,512,512,1.0,JPEG,L,Training
data/Training/pituitary/Tr-pi_490.jpg,pituitary,3,train,8078b6b1620953214bffabbeabe27292321539dcbd4061cc2cbbea72b3e367c9,512,512,1.0,JPEG,RGB,Training
data/Training/pituitary/Tr-pi_491.jpg,pituitary,3,train,b4b2502087710f5e9256fbad578795c4d83a46691341a65ded9e5b6adfa54e14,512,512,1.0,JPEG,L,Training
data/Training/pituitary/Tr-pi_493.jpg,pituitary,3,train,3559ed8a2224fa4d0bbf6ed3d9c7c8f463c85f2ed4199431cfc81f57957ad507,512,512,1.0,JPEG,RGB,Training
data/Training/pituitary/Tr-pi_494.jpg,pituitary,3,train,c9c683264d4fc21e5608611540ba884aa80d0c0cade8369df798346289a940dd,512,512,1.0,JPEG,RGB,Training
data/Training/pituitary/Tr-pi_496.jpg,pituitary,3,train,7fc975b5b9f8e2f22a8ac4c0941489931a1067a614d2ee03b0a2649e7551412b,512,512,1.0,JPEG,RGB,Training
data/Training/pituitary/Tr-pi_497.jpg,pituitary,3,train,0116466b13c0068374dc9ab98b2bd8db2d8e390f59f9e284a096e4d37e5cf994,512,512,1.0,JPEG,L,Training
data/Training/pituitary/Tr-pi_498.jpg,pituitary,3,train,f449bc4ea1bf72efc3481464bd388101287cefd77e2c5b400d8908f1274df0d5,512,512,1.0,JPEG,L,Training
data/Training/pituitary/Tr-pi_499.jpg,pituitary,3,train,cf59bee589b1e00b7d295941688a5f0484c5529786bc29e772373e0001803e0d,512,512,1.0,JPEG,L,Training
data/Training/pituitary/Tr-pi_5.jpg,pituitary,3,train,0d4a111416f738f8601c359d5679c8351f050271d1a62130d1eafc349e539d22,512,512,1.0,JPEG,L,Training
data/Training/pituitary/Tr-pi_50.jpg,pituitary,3,train,3f4a883e56058f9f91e7a3b16c4e794c545903b02da9d962ae43a75e70bc242d,512,512,1.0,JPEG,L,Training
data/Training/pituitary/Tr-pi_500.jpg,pituitary,3,train,628bb44e32ed1facd5ce661493ade678e66535a80b19b80746ee1cfe4ec24194,512,512,1.0,JPEG,RGB,Training
data/Training/pituitary/Tr-pi_501.jpg,pituitary,3,train,807436cfd78ba4248b18d14ea6336a61975a2f001f6e2e77da558fad76a2befe,512,512,1.0,JPEG,L,Training
data/Training/pituitary/Tr-pi_505.jpg,pituitary,3,train,7e89e4fc9c128b55df0bf77cdcd12de8202e20d8c720cc35e9287f1f8b17fdfd,512,512,1.0,JPEG,RGB,Training
data/Training/pituitary/Tr-pi_506.jpg,pituitary,3,train,f67d7198f11646a4bacd1ea9fb3c59d50f0a174f9b30e1f8ca25333664afb698,474,474,1.0,JPEG,RGB,Training
data/Training/pituitary/Tr-pi_508.jpg,pituitary,3,train,c63fa85ed1a7639e5531050d657c988ae41f84751cd7d5c0876b6544bc666183,512,512,1.0,JPEG,L,Training
data/Training/pituitary/Tr-pi_51.jpg,pituitary,3,train,aae3223a8e282afc0604250890ce097e524141398de5f7298126a0fb285b687a,512,512,1.0,JPEG,RGB,Training
data/Training/pituitary/Tr-pi_510.jpg,pituitary,3,train,3e713d2bec4f35204d1eb19213f808b5380108b6f272e7f648c736185cfc1aec,512,512,1.0,JPEG,RGB,Training
data/Training/pituitary/Tr-pi_513.jpg,pituitary,3,train,87052b27852e691eadd398c262c9947547fa349b139c9543f8d28812dd67f390,512,512,1.0,JPEG,L,Training
data/Training/pituitary/Tr-pi_514.jpg,pituitary,3,train,37907ee2ac5f85e712c81a5451309b72e4e921375ecc8665fc5209d70cd430f9,512,512,1.0,JPEG,L,Training
data/Training/pituitary/Tr-pi_516.jpg,pituitary,3,train,f71a4834bfa57a2284722fed64509a03bde448498ddc10c9f58dffa95b95a3b2,512,512,1.0,JPEG,L,Training
data/Training/pituitary/Tr-pi_518.jpg,pituitary,3,train,c53f919a8d237790af34d8ff9d7ae29067b0a3d7b3ee93ef63c6292fc1fc296e,512,512,1.0,JPEG,L,Training
data/Training/pituitary/Tr-pi_519.jpg,pituitary,3,train,2dffb88fed95cc6d6169c34ec2693db0f56295bfb42e6524414fcdb87efb25f5,512,512,1.0,JPEG,L,Training
data/Training/pituitary/Tr-pi_52.jpg,pituitary,3,train,392b7a3cf9fbefe911a0a55f14081ea7e934f187aca830daeb735a13fb3c3d9b,512,512,1.0,JPEG,L,Training
data/Training/pituitary/Tr-pi_521.jpg,pituitary,3,train,fc239d0df96908d76c693b6ae66d274540e35a10b9281f30324ae1599582c852,512,512,1.0,JPEG,L,Training
data/Training/pituitary/Tr-pi_522.jpg,pituitary,3,train,47c4cea4240243f192f4d0e172f2f2a24054aa7eced739d320c157b48aff6d72,512,512,1.0,JPEG,L,Training
data/Training/pituitary/Tr-pi_523.jpg,pituitary,3,train,a0ffc38c02044331a5306fc68fec45edf303bbda2b7b801f48e8b382513532e9,512,512,1.0,JPEG,L,Training
data/Training/pituitary/Tr-pi_524.jpg,pituitary,3,train,ac8963238b54e86edf0f1dc90cdc2811e53ba70205b28241a20f6fb0159835bc,512,512,1.0,JPEG,L,Training
data/Training/pituitary/Tr-pi_526.jpg,pituitary,3,train,b620343f2cddc1e6c60582693ebeb1ac54589ca3f8f7b296c64c9c3f02ad5fbf,512,512,1.0,JPEG,RGB,Training
data/Training/pituitary/Tr-pi_527.jpg,pituitary,3,train,29fdbe39d56e28b4c1e9a5c4eaddb057cb8355511e7d5de25b8d4252ea98acc6,512,512,1.0,JPEG,L,Training
data/Training/pituitary/Tr-pi_533.jpg,pituitary,3,train,524f90d5533e3eef82df67070f01c0f3bc1530a706a89642a8d4eaddc039120d,512,512,1.0,JPEG,L,Training
data/Training/pituitary/Tr-pi_534.jpg,pituitary,3,train,1198f92652889f7c0277dab835577e1365fb232051c66ba31082a9e87485cef9,512,512,1.0,JPEG,RGB,Training
data/Training/pituitary/Tr-pi_535.jpg,pituitary,3,train,813f00b2109d12998f6ef18107078623ce54858d29394f6e9d3819837bbc3c2a,202,202,1.0,JPEG,RGB,Training
data/Training/pituitary/Tr-pi_536.jpg,pituitary,3,train,ca264e58f625bf9757fbc6e84c5ae0c889ab7e6561e418bf0305f8b8ef73821d,512,512,1.0,JPEG,RGB,Training
data/Training/pituitary/Tr-pi_537.jpg,pituitary,3,train,32b1dfee31af79f066d2388abe12ba497d2ba84246eeee32f0ed791c8a9d63d0,256,256,1.0,JPEG,RGB,Training
data/Training/pituitary/Tr-pi_538.jpg,pituitary,3,train,114a5f6a818bafd8f55b37c8692c9ac7586070ac58b05e2a7644b1b7da5fe8ff,512,512,1.0,JPEG,L,Training
data/Training/pituitary/Tr-pi_539.jpg,pituitary,3,train,ad14130d077a0fd49c844ecc15bc0c16b8bc181f0c4ada4fbe4eec595f1fbea4,512,512,1.0,JPEG,RGB,Training
data/Training/pituitary/Tr-pi_54.jpg,pituitary,3,train,c45b09ee1d00144b625a67ef1af44b8fa42ef50a68b918cd3bf1ec9134eca127,512,512,1.0,JPEG,RGB,Training
data/Training/pituitary/Tr-pi_541.jpg,pituitary,3,train,731083b737f4d336667ca61116618f379928ffcb0fb8495266d25d5d3a2d0299,502,502,1.0,JPEG,RGB,Training
data/Training/pituitary/Tr-pi_543.jpg,pituitary,3,train,8f4aedae66da149758a3417c49822f72c6cda774ea518603bd67becaf3db8b47,512,512,1.0,JPEG,RGB,Training
data/Training/pituitary/Tr-pi_545.jpg,pituitary,3,train,92718e0f88e777314bb15a530fc85646b533bdf3fa82d59f6ecfb96df39802a2,512,512,1.0,JPEG,RGB,Training
data/Training/pituitary/Tr-pi_547.jpg,pituitary,3,train,aaa93ac6c5e0fef8983a0b68d69a6c10bc4ae0e1090f37107f9aff60fdaa7e6a,512,512,1.0,JPEG,L,Training
data/Training/pituitary/Tr-pi_548.jpg,pituitary,3,train,8af462b5e34c730d48b8babbf8116fd90eab109f9016801fd510c8e128db31df,512,512,1.0,JPEG,RGB,Training
data/Training/pituitary/Tr-pi_549.jpg,pituitary,3,train,a4d6d8b76cdc3a15ef183f7f4d703543283f279b31414d062e6ff42f38f78f4b,512,512,1.0,JPEG,RGB,Training
data/Training/pituitary/Tr-pi_55.jpg,pituitary,3,train,ef3b424edc32d56df518e418c81d5f629b27f04766b27d72d63e7e22026ffc73,512,512,1.0,JPEG,L,Training
data/Training/pituitary/Tr-pi_551.jpg,pituitary,3,train,da67850dfb71d29abd4f51b1ce10fdf17a5275338926332773fc6bc460cdc85f,512,512,1.0,JPEG,RGB,Training
data/Training/pituitary/Tr-pi_552.jpg,pituitary,3,train,86f417d0a179137045ff2641fb22975e5bc334783a6538de5595d9e20e4e7bf7,512,512,1.0,JPEG,RGB,Training
data/Training/pituitary/Tr-pi_554.jpg,pituitary,3,train,66c0a89a8b0935bd2b053ce14690d4bef1498933cbec1ee73617edbfae54c36f,512,512,1.0,JPEG,RGB,Training
data/Training/pituitary/Tr-pi_557.jpg,pituitary,3,train,d1eff5c1fea7aca7a3d1fde026c37fd30a738ef72902064ab08e30f256b3648b,512,512,1.0,JPEG,L,Training
data/Training/pituitary/Tr-pi_558.jpg,pituitary,3,train,0b26667cf1a0538d1fccb055fb269cb3f9f47a1f7726866caff3b114a1bdb9c8,512,512,1.0,JPEG,L,Training
data/Training/pituitary/Tr-pi_559.jpg,pituitary,3,train,c4478e2cfd67a48ad63ad25bf3e94f22d31510c32734452d63199281a5a4c5cc,512,512,1.0,JPEG,RGB,Training
data/Training/pituitary/Tr-pi_56.jpg,pituitary,3,train,2582da303010325e613c09780d4437376d339695c72eb576e59121a88a1a69af,512,512,1.0,JPEG,L,Training
data/Training/pituitary/Tr-pi_563.jpg,pituitary,3,train,d8519d437c19405471711857c1d5f82d40ccea256436ca344bf6d8a43c84a598,512,512,1.0,JPEG,L,Training
data/Training/pituitary/Tr-pi_566.jpg,pituitary,3,train,55b84f70a2acd71a2705687f56ccf880a197dd7efc624b549449f09c6db5b153,442,442,1.0,JPEG,RGB,Training
data/Training/pituitary/Tr-pi_57.jpg,pituitary,3,train,04e5a9d889f36f29a1ae7f453573c2cbbcfb8e21af73ee7087806dba03419865,512,512,1.0,JPEG,L,Training
data/Training/pituitary/Tr-pi_571.jpg,pituitary,3,train,f8059c5dc58345dd55e2b788142457ce6b4722016600e27b3b470387ed26ab86,512,512,1.0,JPEG,RGB,Training
data/Training/pituitary/Tr-pi_572.jpg,pituitary,3,train,af43f7444270e3ef11651013a088d05835b2f05e0ad9da6186581e7aec4ec703,512,512,1.0,JPEG,L,Training
data/Training/pituitary/Tr-pi_573.jpg,pituitary,3,train,308265c1dfa366146d9e2e02e9744b68b01e709432a6402b2106a1add155b3d8,512,512,1.0,JPEG,L,Training
data/Training/pituitary/Tr-pi_574.jpg,pituitary,3,train,dd91fa5f75d9427574c7f1199ef0bb660d2cdd96eb80ab04be884c3807c55304,512,512,1.0,JPEG,L,Training
data/Training/pituitary/Tr-pi_579.jpg,pituitary,3,train,ba8e714c1bf7766337a170daa55e71a7839c0f81cbc077978470b4947aaeef67,512,512,1.0,JPEG,L,Training
data/Training/pituitary/Tr-pi_58.jpg,pituitary,3,train,facfbeff0ecd17f3c108210ec8cc651a2ebfb8062ddbad0a6d6a559970786489,512,512,1.0,JPEG,RGB,Training
data/Training/pituitary/Tr-pi_580.jpg,pituitary,3,train,d24281f4bef002294eff3b12ac8731dce5561bb532b321453b6de5afe656fe35,512,512,1.0,JPEG,L,Training
data/Training/pituitary/Tr-pi_582.jpg,pituitary,3,train,241309008883fa068454cff503a91873aef9cf0cb87ad1273709c24d3da4be80,512,512,1.0,JPEG,L,Training
data/Training/pituitary/Tr-pi_584.jpg,pituitary,3,train,2939a034fa69c7a85a0e70e84398800b22a7f0d997498076f6a461ccb3d28ecb,512,512,1.0,JPEG,RGB,Training
data/Training/pituitary/Tr-pi_585.jpg,pituitary,3,train,45e4cef1c959b10f5b4bfc9f87304adf762a67c60951449227754c5f1a69aad2,512,512,1.0,JPEG,RGB,Training
data/Training/pituitary/Tr-pi_586.jpg,pituitary,3,train,d1ceeb8b306106cec494f1b6b98b05df79494254d7f1be48ee09a5c610234a98,512,512,1.0,JPEG,RGB,Training
data/Training/pituitary/Tr-pi_587.jpg,pituitary,3,train,9bbf25bde06903f625e5ecd8da59a6b6fc7cf180e44dbd86b128f17775e601ee,512,512,1.0,JPEG,L,Training
data/Training/pituitary/Tr-pi_588.jpg,pituitary,3,train,aff37c962b21abe8cb0cfa081cff7f9c8059ac0f6b38ada1b36868f253891c1a,512,512,1.0,JPEG,RGB,Training
data/Training/pituitary/Tr-pi_589.jpg,pituitary,3,train,759d30a4f109e63c5966cb28d6af15a0b2a1d87dd5fe68f4b5a72866d8d03019,256,256,1.0,JPEG,RGB,Training
data/Training/pituitary/Tr-pi_59.jpg,pituitary,3,train,9e573ed918951fcd113ffa73f9e158547be9068dbe45e67716828198542a9ddb,512,512,1.0,JPEG,RGB,Training
data/Training/pituitary/Tr-pi_590.jpg,pituitary,3,train,3c11f1a36e96dfa0c0a54d05b815f085d0ff7ef46d11cec62228b69e12b69b24,512,512,1.0,JPEG,RGB,Training
data/Training/pituitary/Tr-pi_592.jpg,pituitary,3,train,662113652b35e22f200d919893b12010276b6f0ffdda49b384b1953fcb454d96,512,512,1.0,JPEG,L,Training
data/Training/pituitary/Tr-pi_593.jpg,pituitary,3,train,198284011900ea80aa2c9cf63eff5435b94b4e1b84c8c092f725973cc58b635c,512,512,1.0,JPEG,RGB,Training
data/Training/pituitary/Tr-pi_594.jpg,pituitary,3,train,e6fe7a99a188fe30e5d879f362dd861da14471f05da60d50617cc7f630a723b1,512,512,1.0,JPEG,L,Training
data/Training/pituitary/Tr-pi_595.jpg,pituitary,3,train,ad8f618f221ae8e79c0457a49d9cbce0aef4f8a808a63b33ec09477b86dc10da,512,512,1.0,JPEG,L,Training
data/Training/pituitary/Tr-pi_597.jpg,pituitary,3,train,8c0dd8892387874bbbbbfc9b8b3fbfb6647f4288c4eedb511166aa74adbb7ef5,512,512,1.0,JPEG,L,Training
data/Training/pituitary/Tr-pi_598.jpg,pituitary,3,train,2492f16738781785d2acc26899036de3c7781cd7f045362a1c67ee0749e8100c,512,512,1.0,JPEG,RGB,Training
data/Training/pituitary/Tr-pi_599.jpg,pituitary,3,train,b5e4f4867b528a8fe1762aed344b39ed0c573a490bcfbfc765ea82dca88c2fcc,512,512,1.0,JPEG,RGB,Training
data/Training/pituitary/Tr-pi_6.jpg,pituitary,3,train,c9476815a240d56f7168b05d78588690a1d14bb9990b781faf6855384bb6fa0e,512,512,1.0,JPEG,RGB,Training
data/Training/pituitary/Tr-pi_600.jpg,pituitary,3,train,334d2635ae1ff50b91a59606ad8129f8419184f99375537d637dd0795c0314b6,512,512,1.0,JPEG,RGB,Training
data/Training/pituitary/Tr-pi_601.jpg,pituitary,3,train,e172aff453cdcfdb81acc405601060f957421696c3eb7d48f32afbae34cfad48,512,512,1.0,JPEG,RGB,Training
data/Training/pituitary/Tr-pi_602.jpg,pituitary,3,train,47a881ee8ff877db2103435006c8db8123c247f93f717106df5b7604db2d9d7a,512,512,1.0,JPEG,RGB,Training
data/Training/pituitary/Tr-pi_603.jpg,pituitary,3,train,287e2607ee49492980e39c59a0c2d730035914318c3ca3fcd70a93d73c8cea79,512,512,1.0,JPEG,L,Training
data/Training/pituitary/Tr-pi_605.jpg,pituitary,3,train,3e0a3fe89638b509a268921849aa35109eaf48f2b55974ea1f7f69d17aef0d7e,512,512,1.0,JPEG,RGB,Training
data/Training/pituitary/Tr-pi_606.jpg,pituitary,3,train,54c3eb2df11fc6b48ee7074f4ab7d5747512806fb543e3715f0ab8e384085dda,512,512,1.0,JPEG,RGB,Training
data/Training/pituitary/Tr-pi_607.jpg,pituitary,3,train,c97b71812aba200f60e6004817ba2631e7b9d5dc61c217a8c14467838b5d6f3c,512,512,1.0,JPEG,RGB,Training
data/Training/pituitary/Tr-pi_608.jpg,pituitary,3,train,c586d037a4e09b76f1fdec99f4f490e28f3eb66ae41db23d43da3a83edcd97e7,512,512,1.0,JPEG,RGB,Training
data/Training/pituitary/Tr-pi_609.jpg,pituitary,3,train,7ae04390cc9d1e1ca784e398526205138117ea5c280cb14b306a6262d1b41798,512,512,1.0,JPEG,RGB,Training
data/Training/pituitary/Tr-pi_61.jpg,pituitary,3,train,0a492cfa6c7ec4da59947d433342281b5a8a7523fad9fd28d8c2c1f18d602dd4,512,512,1.0,JPEG,L,Training
data/Training/pituitary/Tr-pi_610.jpg,pituitary,3,train,e54169fa467b9d39545df14b7deb3448fd8642104532e0bc127eba1cfc5235f7,512,512,1.0,JPEG,L,Training
data/Training/pituitary/Tr-pi_612.jpg,pituitary,3,train,3c552b7569175893a7fabdbb2dfeb0764c110c769a25d10b6e18d5ec6ed43e7a,256,256,1.0,JPEG,RGB,Training
data/Training/pituitary/Tr-pi_613.jpg,pituitary,3,train,f7596b75fffa0fbf76229d35f4a57545bfcee2145c7e9453a47824b3d4a54a20,512,512,1.0,JPEG,L,Training
data/Training/pituitary/Tr-pi_614.jpg,pituitary,3,train,cc6d2df31e508a372b972c1ce2847a31360667dba376559a5c0c82ce374ce1c9,512,512,1.0,JPEG,L,Training
data/Training/pituitary/Tr-pi_615.jpg,pituitary,3,train,a273e4adcf80c16a147bacc8adc559b51fb14e83ff437eac8288cf676c5a5913,512,512,1.0,JPEG,L,Training
data/Training/pituitary/Tr-pi_617.jpg,pituitary,3,train,350e22061f2c700383be2eef9d25976648108a3291cd839a3e2203d38e89ce41,512,512,1.0,JPEG,RGB,Training
data/Training/pituitary/Tr-pi_619.jpg,pituitary,3,train,0ececd2c6b3075591fc33fe291708ff6c6c8daf42a89c5d3ed1b74be689c17de,512,512,1.0,JPEG,RGB,Training
data/Training/pituitary/Tr-pi_62.jpg,pituitary,3,train,01777a8258c057b73ba97737ef05450dbe5b275917fff5780053830840d35ad1,512,512,1.0,JPEG,RGB,Training
data/Training/pituitary/Tr-pi_620.jpg,pituitary,3,train,27b07b2440c1111b2485921c7705f6a3626022e27ce4b634d49fb054781a3b6c,512,512,1.0,JPEG,L,Training
data/Training/pituitary/Tr-pi_625.jpg,pituitary,3,train,f6e87ca9f775f274621df6902858571a0629da2c06d0ad80284f78dbe4728a7f,512,512,1.0,JPEG,L,Training
data/Training/pituitary/Tr-pi_626.jpg,pituitary,3,train,d12e681a988891aa6c22d2387cd89b533fb2644f28deeb9d1ab39ae87bcee6b2,512,512,1.0,JPEG,RGB,Training
data/Training/pituitary/Tr-pi_627.jpg,pituitary,3,train,675b5a029d567e473cd069966c1fefd140effe71f8f2f309b40cfbf867fa12e9,512,512,1.0,JPEG,L,Training
data/Training/pituitary/Tr-pi_628.jpg,pituitary,3,train,9d88af94ec1327e5178611bf8b294b780c081c77d4ccd88869d97ee29685c108,512,512,1.0,JPEG,L,Training
data/Training/pituitary/Tr-pi_629.jpg,pituitary,3,train,585ca7ed6522f413923d22f8293f329f49d1bc5c9dbad1e90cb00b49435e3daf,512,512,1.0,JPEG,RGB,Training
data/Training/pituitary/Tr-pi_632.jpg,pituitary,3,train,ee5e0a21ac66f8ef714ba057de6a300a34eb1f24a6be03f01d556cda0ca7c1e7,512,512,1.0,JPEG,RGB,Training
data/Training/pituitary/Tr-pi_633.jpg,pituitary,3,train,410f55ea52b8cf5a53721cdac51a4ec46d6fc8b14f1afac06ae4b5c71ff55307,512,512,1.0,JPEG,L,Training
data/Training/pituitary/Tr-pi_636.jpg,pituitary,3,train,d9a578067c24b089ce2162dce46fd75182423146858bbd8f25b18232bd4ede9a,512,512,1.0,JPEG,RGB,Training
data/Training/pituitary/Tr-pi_637.jpg,pituitary,3,train,238a62a15d88aa96320210a5dab2040305bbe3b1e6a27bc1d722996d706a4640,512,512,1.0,JPEG,RGB,Training
data/Training/pituitary/Tr-pi_64.jpg,pituitary,3,train,bd625b6f9559f55086c22b39f290133eed8338a565f80c64d652ecaf61b49862,512,512,1.0,JPEG,L,Training
data/Training/pituitary/Tr-pi_641.jpg,pituitary,3,train,d2db0c1883f855e9cb4c139eda48c36e43237549d2d9c1f3ce513e818b509a8f,512,512,1.0,JPEG,RGB,Training
data/Training/pituitary/Tr-pi_642.jpg,pituitary,3,train,8de6fd0236a47282cc3ee1befbe02ca3748b7d869753b2ebc4219503d0d44d6d,512,512,1.0,JPEG,RGB,Training
data/Training/pituitary/Tr-pi_643.jpg,pituitary,3,train,40ce73d9caba19e5c1a7dd8aa3b0e65b152be3ad01eaa4b2238b2bdfedf2218e,512,512,1.0,JPEG,L,Training
data/Training/pituitary/Tr-pi_644.jpg,pituitary,3,train,c2014f6fff5f832d0230a1c55f37586dcb858e74bfb50abbc8fea1d8d2a3b679,512,512,1.0,JPEG,RGB,Training
data/Training/pituitary/Tr-pi_649.jpg,pituitary,3,train,1f64df56f25c10f67f7adf6c62687b82e802d6bf0e6b127f7a68bcf192b52945,512,512,1.0,JPEG,RGB,Training
data/Training/pituitary/Tr-pi_651.jpg,pituitary,3,train,dcd7d2d81df408181f9d9f6cf5cd88225258e5c1ee2d4a030a0eb7fd51e16191,512,512,1.0,JPEG,L,Training
data/Training/pituitary/Tr-pi_653.jpg,pituitary,3,train,728431144c1f7ddc8f612795bb3f43c169a9eb2222e8afab63f6ed6c5f2d7c22,512,512,1.0,JPEG,L,Training
data/Training/pituitary/Tr-pi_654.jpg,pituitary,3,train,7028a6e91cf2482bff90233db69494e94a5ab29c230d9cd6107800e2b73a6f97,512,512,1.0,JPEG,L,Training
data/Training/pituitary/Tr-pi_655.jpg,pituitary,3,train,c08083a872d0cc5911921b2e9482d862f9fdccbc4e98909e68ac52d785fdac76,512,512,1.0,JPEG,L,Training
data/Training/pituitary/Tr-pi_656.jpg,pituitary,3,train,8ce20228e7baf35655721cdb20d18b093ed9fbee962e731552670e714f49a803,512,512,1.0,JPEG,RGB,Training
data/Training/pituitary/Tr-pi_657.jpg,pituitary,3,train,d94307bcdd56c165b9d06acfed88a3d88ca958ef7ac428ea9c41f32c314029bd,512,512,1.0,JPEG,L,Training
data/Training/pituitary/Tr-pi_66.jpg,pituitary,3,train,1a8249d292902f52b833b82d0b850bf54621d6f62eb22cd4f8777fe9c903f988,512,512,1.0,JPEG,L,Training
data/Training/pituitary/Tr-pi_660.jpg,pituitary,3,train,5fa24909fdb7e70be58cfb041e5cda1ed72352075bdd09d64a86dd86b1347dc9,512,512,1.0,JPEG,L,Training
data/Training/pituitary/Tr-pi_662.jpg,pituitary,3,train,c8355c608fb078a355435e69f61a8acb974083f7653779f0a04c861a5f7edbea,512,512,1.0,JPEG,L,Training
data/Training/pituitary/Tr-pi_663.jpg,pituitary,3,train,2681d53034b3b3829f26b2f1190fac102ca9c8f5bd74347cbbb5fa6728c6ee2f,512,512,1.0,JPEG,RGB,Training
data/Training/pituitary/Tr-pi_665.jpg,pituitary,3,train,d254b895a4e05f8024afce0b2087301077ceafde6f218b5d6b9135e97c209e3a,512,512,1.0,JPEG,L,Training
data/Training/pituitary/Tr-pi_666.jpg,pituitary,3,train,b354abd5989c4c90bade53af306b2a518c0d8b464f07ae44ae7ef4ee12f9ac82,512,512,1.0,JPEG,L,Training
data/Training/pituitary/Tr-pi_669.jpg,pituitary,3,train,780a6fbf77f179fb1493adcb6e30fbac80cacd54ec528f0c77a2c06d9d4dde9e,512,512,1.0,JPEG,RGB,Training
data/Training/pituitary/Tr-pi_67.jpg,pituitary,3,train,2538788601e2ada6a075d71196b986b6f090ca9ad17ace8fb7bb8a45f791b941,512,512,1.0,JPEG,L,Training
data/Training/pituitary/Tr-pi_671.jpg,pituitary,3,train,c664f4c1344ace37d1c614539597636380f1475e195c82d3c88e08b065f0ebc3,512,512,1.0,JPEG,RGB,Training
data/Training/pituitary/Tr-pi_672.jpg,pituitary,3,train,1f8f5d911a55a75b1e7bcfc18af7a34f06cca66a7e72cb1424655b7b3260ef88,256,256,1.0,JPEG,L,Training
data/Training/pituitary/Tr-pi_673.jpg,pituitary,3,train,1a38b5c7399ee905f80c18e538bb13d4f9e503be4f60334fbbde58f33dab4ae6,512,512,1.0,JPEG,L,Training
data/Training/pituitary/Tr-pi_675.jpg,pituitary,3,train,5194dc52d05bc747e0c78da14f8e95b85bba58301afd70fcbb7c1f0c612df322,512,512,1.0,JPEG,L,Training
data/Training/pituitary/Tr-pi_677.jpg,pituitary,3,train,3786383cdaf70aaa1a5118d2072d214b53c5af4726f5d7212103a999c741ccb5,512,512,1.0,JPEG,RGB,Training
data/Training/pituitary/Tr-pi_678.jpg,pituitary,3,train,4d7f170261aa16f5d5ac3dfcb3d20571b5b6008add08ade4dde05c4326c8fb3a,512,512,1.0,JPEG,RGB,Training
data/Training/pituitary/Tr-pi_68.jpg,pituitary,3,train,e05d044d305e4b8dded326072f6a19eb9648411c87845042e8336411bdcc4676,512,512,1.0,JPEG,L,Training
data/Training/pituitary/Tr-pi_680.jpg,pituitary,3,train,43f1e71f2469d584f9a3811bbf761c10c460fb2ee8c9e65273b0c5264b1d2a93,512,512,1.0,JPEG,L,Training
data/Training/pituitary/Tr-pi_682.jpg,pituitary,3,train,7bb10fbbdbf7a5540e4dc9d420b2a0671ffc95cad09e8b05116c0806489fa067,512,512,1.0,JPEG,L,Training
data/Training/pituitary/Tr-pi_684.jpg,pituitary,3,train,66b52c8818f914130ec19fa199eae7bb9ce85ad926d0f445c7266f4a69ccce3b,512,512,1.0,JPEG,L,Training
data/Training/pituitary/Tr-pi_686.jpg,pituitary,3,train,1071b78e91a2f91920ee2bd2d530f1aab09f515a2222836bdceb6f717034fa89,512,512,1.0,JPEG,RGB,Training
data/Training/pituitary/Tr-pi_688.jpg,pituitary,3,train,96919ca4e04f2e9f97f6e598524a8eb9c664e0298450d90ebcaddc8517bf9ce4,512,512,1.0,JPEG,RGB,Training
data/Training/pituitary/Tr-pi_689.jpg,pituitary,3,train,815b19e3440ff58c35224e22a617d9be5449ec7ad03d5a62236f8e48ed6c61bf,512,512,1.0,JPEG,RGB,Training
data/Training/pituitary/Tr-pi_69.jpg,pituitary,3,train,a0a937e0496f4a99799e6312f79dcef0ea05bf115f7aed6528031701baf8fff4,512,512,1.0,JPEG,RGB,Training
data/Training/pituitary/Tr-pi_690.jpg,pituitary,3,train,018659bbbdb21a0b1bfc7750950deae8293d19b9b3bf642d4ee05099f66380f4,512,512,1.0,JPEG,L,Training
data/Training/pituitary/Tr-pi_691.jpg,pituitary,3,train,2e45d55163df08ef5475ecb2cc3c50c6065838b5ec0341841b0af8bdd3dbade2,512,512,1.0,JPEG,L,Training
data/Training/pituitary/Tr-pi_692.jpg,pituitary,3,train,e9e2835e878e072609f4d9b7333a8c06a5af285042538bfdc7a80302ce5a69bc,512,512,1.0,JPEG,L,Training
data/Training/pituitary/Tr-pi_693.jpg,pituitary,3,train,695482d5150a3cbdd4705ea1e94724af4ec37d45a507c7894c9953da00d4af00,512,512,1.0,JPEG,L,Training
data/Training/pituitary/Tr-pi_694.jpg,pituitary,3,train,017bcbcc63f7991011b4ecc61ce0b61eaf7f0821475b878f967beb1b027caf1d,512,512,1.0,JPEG,L,Training
data/Training/pituitary/Tr-pi_696.jpg,pituitary,3,train,8f06d40997c408267f7463d2e144393c8804b52acd38c6122496eaa6c5677ec9,512,512,1.0,JPEG,RGB,Training
data/Training/pituitary/Tr-pi_697.jpg,pituitary,3,train,e11b1145699f21a090338848a6c1907798b58ca91504da6faafe2a932cbbf7c8,512,512,1.0,JPEG,RGB,Training
data/Training/pituitary/Tr-pi_699.jpg,pituitary,3,train,5c17d7d0562c5c20c4fbad996e58bca496b3afee90499cd4c68e7afdd295e2dd,512,512,1.0,JPEG,RGB,Training
data/Training/pituitary/Tr-pi_7.jpg,pituitary,3,train,8df8d7292d50d4b9009baca613bfb5b53633b86f31cdbc1df60b2844fd1e94b6,512,512,1.0,JPEG,RGB,Training
data/Training/pituitary/Tr-pi_70.jpg,pituitary,3,train,8846206e0acb3d218d08db8823772e802bafd098de8a1388be37efb9c2408805,512,512,1.0,JPEG,RGB,Training
data/Training/pituitary/Tr-pi_700.jpg,pituitary,3,train,c83b5a0c8f4718acc8be86b9d13f1b77ff976fc612249a4b0f8c3455487e87d5,512,512,1.0,JPEG,L,Training
data/Training/pituitary/Tr-pi_701.jpg,pituitary,3,train,f767897e6ef0d0772267f0ca7ee1c558a3f9adc0785785c65b206f2b1081ce7a,512,512,1.0,JPEG,RGB,Training
data/Training/pituitary/Tr-pi_702.jpg,pituitary,3,train,236b869cb8515ed55a9d2d1d5bb34b2550436734a4dcd73f159956e231b668aa,512,512,1.0,JPEG,L,Training
data/Training/pituitary/Tr-pi_704.jpg,pituitary,3,train,5e37b1f94523adf63d4b4b418fc1d96055c324cab41b1c2723b1a3794e874885,512,512,1.0,JPEG,L,Training
data/Training/pituitary/Tr-pi_706.jpg,pituitary,3,train,293e63a3dfe4014ed153182c343d2ef8a94d63a810cfae0558b6493a4b4ed72c,512,512,1.0,JPEG,L,Training
data/Training/pituitary/Tr-pi_708.jpg,pituitary,3,train,fb37f50cf00abd951f26ff971c3186a9940de27713e78b5171122c16a2c39471,512,512,1.0,JPEG,L,Training
data/Training/pituitary/Tr-pi_71.jpg,pituitary,3,train,15c1e70bc7f9fafc7aae5c25ba178b78b7ec78a52709abc978435ff4b0e3c240,512,512,1.0,JPEG,RGB,Training
data/Training/pituitary/Tr-pi_710.jpg,pituitary,3,train,1adf578fb1ef761b3b15c92f45b288069ea6ff88e1a4a9c90d14c2ae1f51576a,512,512,1.0,JPEG,L,Training
data/Training/pituitary/Tr-pi_711.jpg,pituitary,3,train,a9bb6779fcaff91ca49f1d029c4041c137fa4df8255d5fafd62f7571fb408dae,512,512,1.0,JPEG,RGB,Training
data/Training/pituitary/Tr-pi_712.jpg,pituitary,3,train,63f14680d32a57dea8cb5da42d8257d9181eccaac1240100ae7c8c2f73ccc316,256,256,1.0,JPEG,L,Training
data/Training/pituitary/Tr-pi_715.jpg,pituitary,3,train,eb7f993b33aebf681f2550a9991a9ed229776224fee17fae192bb5bb109d02ad,512,512,1.0,JPEG,RGB,Training
data/Training/pituitary/Tr-pi_716.jpg,pituitary,3,train,ad6371719f403136d8ad8810a06d26476e3fe3e0eefc70d4ba84833f0b445228,512,512,1.0,JPEG,RGB,Training
data/Training/pituitary/Tr-pi_719.jpg,pituitary,3,train,121ac7175bc6cf7d31f5009595a331857a47acb2a68c9d664dffecc9107c8597,512,512,1.0,JPEG,L,Training
data/Training/pituitary/Tr-pi_72.jpg,pituitary,3,train,41a2809c29b9e66e3ba8918abae9f407995828059d7f6336d1d9385db5284ba3,512,512,1.0,JPEG,RGB,Training
data/Training/pituitary/Tr-pi_720.jpg,pituitary,3,train,98a1bcebfe958dbc68ac6718967a529616c7b10d1070964a36fdc99acb562917,512,512,1.0,JPEG,RGB,Training
data/Training/pituitary/Tr-pi_721.jpg,pituitary,3,train,786e67637cf72e62fbe758a4f5c3732eef28f33c174e10876dfbfc7a81268a9e,512,512,1.0,JPEG,L,Training
data/Training/pituitary/Tr-pi_722.jpg,pituitary,3,train,1f62b521c31dc93e490c621b702e7bd679f3f71210c7206f819f01de8090ab29,512,512,1.0,JPEG,RGB,Training
data/Training/pituitary/Tr-pi_723.jpg,pituitary,3,train,498aa9985cad17df03670da7bd0549651ba4fb99cd9d7bb9ac99928bd14f1ec8,512,512,1.0,JPEG,RGB,Training
data/Training/pituitary/Tr-pi_724.jpg,pituitary,3,train,df40b4ffc9a9d5baa1c4f40fae30ceb0bab9d14f89e9083c7338ac60612ebd13,512,512,1.0,JPEG,L,Training
data/Training/pituitary/Tr-pi_725.jpg,pituitary,3,train,059aa257d41f5c30dc85e8eb0080d39c6bb1a8567e20b83afbb94fce4f042dd9,512,512,1.0,JPEG,L,Training
data/Training/pituitary/Tr-pi_726.jpg,pituitary,3,train,469a5f35ba9a93dade4fda8468a39b2a7c619d90a319b61d39c8d847bd1e2193,512,512,1.0,JPEG,RGB,Training
data/Training/pituitary/Tr-pi_727.jpg,pituitary,3,train,1562c0c206a2dd4cf095210fd28e2a47022bdf6e3cedd35907ab5a6a6e7ca910,512,512,1.0,JPEG,L,Training
data/Training/pituitary/Tr-pi_728.jpg,pituitary,3,train,013fa67aab69c959efc362360b6fa6029067b067bb4c27ee4f1b465f1ee8e3fb,512,512,1.0,JPEG,RGB,Training
data/Training/pituitary/Tr-pi_73.jpg,pituitary,3,train,aee7ce86f5d6e1ad211a4136baf12f6e4803389e4b3d95cdd16676bfd5823b99,512,512,1.0,JPEG,L,Training
data/Training/pituitary/Tr-pi_731.jpg,pituitary,3,train,f158db3a98ad7d60b8c7e4442621c4f63bc81a851d6080079e3e24825601f1b6,512,512,1.0,JPEG,RGB,Training
data/Training/pituitary/Tr-pi_733.jpg,pituitary,3,train,9e875389a03388b227c324b13d696e2a4b47b963fad4dc7f44cd152dc5cded43,512,512,1.0,JPEG,RGB,Training
data/Training/pituitary/Tr-pi_735.jpg,pituitary,3,train,9d418f82d2333d10ec040bfa18bf671da3751d14b3a3cc276488bb0ffb62727a,512,512,1.0,JPEG,RGB,Training
data/Training/pituitary/Tr-pi_738.jpg,pituitary,3,train,9c1659f034865c1e4e174442146a20efa07163e737c8efd89e75407781a0a56a,512,512,1.0,JPEG,L,Training
data/Training/pituitary/Tr-pi_740.jpg,pituitary,3,train,78fe7f3b2041e35b3287ea60ac6d20e3174dfd2f027362f1168029f1183f0eec,512,512,1.0,JPEG,L,Training
data/Training/pituitary/Tr-pi_741.jpg,pituitary,3,train,7878df9e65bf8d63ef7ae994bbbecc325608bf1226cf1ba808a05889607b9e0a,512,512,1.0,JPEG,L,Training
data/Training/pituitary/Tr-pi_742.jpg,pituitary,3,train,a5e9ca028a4e4ad44d858be065cda534cb416aa9ff4c1e3c164f00c61f008a61,512,512,1.0,JPEG,RGB,Training
data/Training/pituitary/Tr-pi_745.jpg,pituitary,3,train,609aaa59cedcbb3137b6c1100cd959f5a79ba57fe49997442f8569a20b34d4ec,512,512,1.0,JPEG,L,Training
data/Training/pituitary/Tr-pi_746.jpg,pituitary,3,train,2731a99f0f8950fe97a8ccfd2f1ad26b7c05baa2ffc68e528d311437d1318496,512,512,1.0,JPEG,RGB,Training
data/Training/pituitary/Tr-pi_749.jpg,pituitary,3,train,6d947ca34e4530781f94eabd4f8e91a41cb96552ebfed55b360dda2b8feb443a,512,512,1.0,JPEG,RGB,Training
data/Training/pituitary/Tr-pi_750.jpg,pituitary,3,train,72ba02a530603e8931bb70cc9d455015af6929702b6b6e8b83d2fdc02ad18579,512,512,1.0,JPEG,L,Training
data/Training/pituitary/Tr-pi_751.jpg,pituitary,3,train,e8a31d11ed652dbb6cf0ae84c0396013f5399fba183477549f4ff7bcc5411cfc,512,512,1.0,JPEG,RGB,Training
data/Training/pituitary/Tr-pi_752.jpg,pituitary,3,train,329ec51b073688e812a3d6c813aaddcbfc43053035d825c9972d8a161113412e,512,512,1.0,JPEG,L,Training
data/Training/pituitary/Tr-pi_753.jpg,pituitary,3,train,44404dbff5d3a40299ad7505b3e2a027aff0fcf8747739d51b70cf63be737fe8,512,512,1.0,JPEG,L,Training
data/Training/pituitary/Tr-pi_754.jpg,pituitary,3,train,11760e3845573e0a5783f251398bdb0436f263473944a26532781f5a754a84b2,512,512,1.0,JPEG,L,Training
data/Training/pituitary/Tr-pi_756.jpg,pituitary,3,train,fcd85213aa80c8689a4c2c092c03ec5d5e80b60d1d0216532358355f71382c33,512,512,1.0,JPEG,L,Training
data/Training/pituitary/Tr-pi_757.jpg,pituitary,3,train,f189ed23a43825a05cbda71d0c5d3e4733cf47e6631a34bcd52a1428245853c2,512,512,1.0,JPEG,RGB,Training
data/Training/pituitary/Tr-pi_758.jpg,pituitary,3,train,2768284ba6bf06ef46d5350dada739bf783a1e2a0a12679e3f88687cb0794b7d,512,512,1.0,JPEG,RGB,Training
data/Training/pituitary/Tr-pi_76.jpg,pituitary,3,train,33c8d4c3ab164352b42e370ee67fc6a1b7e314e17f23625c0cdb2efffe5a870e,512,512,1.0,JPEG,RGB,Training
data/Training/pituitary/Tr-pi_760.jpg,pituitary,3,train,42e31de008fb4542b1cb4df80ab60a2ad80b2aad60909915b81419938a1b3b65,512,512,1.0,JPEG,RGB,Training
data/Training/pituitary/Tr-pi_761.jpg,pituitary,3,train,9663618b28c798670d6c1c6002ce7d9b4eac045e4374bc3a567859fb3e50c091,512,512,1.0,JPEG,L,Training
data/Training/pituitary/Tr-pi_762.jpg,pituitary,3,train,2fbfde62c82be713841015a61667062e44cf0968ab75a04f4cdb3bdb4b714981,512,512,1.0,JPEG,L,Training
data/Training/pituitary/Tr-pi_765.jpg,pituitary,3,train,0c34d5181b36cf2d54f8729d1d67b5cfb39658fa8a81dc000f94960ad6c7b259,512,512,1.0,JPEG,L,Training
data/Training/pituitary/Tr-pi_766.jpg,pituitary,3,train,56cb0c50064ff5c7aa5e545108222639c377fd23405d32334e3a601052ffd5f6,512,512,1.0,JPEG,L,Training
data/Training/pituitary/Tr-pi_767.jpg,pituitary,3,train,5ef56b1b6700955876a269ac1ce6360a8dd1149b72e002d7ee63dbe940ed4aa2,512,512,1.0,JPEG,RGB,Training
data/Training/pituitary/Tr-pi_768.jpg,pituitary,3,train,e8b505d60d220c8eacf4241e1a186e2aca49307765d99615ea94ef8c9d8024d9,512,512,1.0,JPEG,L,Training
data/Training/pituitary/Tr-pi_769.jpg,pituitary,3,train,a3c73f3f03e66cfac364b4b3736a008f56dc7d6fb73f91e2e69cb2b41957435f,512,512,1.0,JPEG,L,Training
data/Training/pituitary/Tr-pi_771.jpg,pituitary,3,train,975171a5efd76d06d5446917a9dd6818551ed2ddd57ad937c2d9c30630daf68e,512,512,1.0,JPEG,RGB,Training
data/Training/pituitary/Tr-pi_773.jpg,pituitary,3,train,94306a9ebb87c6391993dbca2f391b67f9cc9569fe3c9813c605afc127e92086,512,512,1.0,JPEG,L,Training
data/Training/pituitary/Tr-pi_774.jpg,pituitary,3,train,31cc0abd7b31b541fdb1ab9a1bbe955c5783421736fe1ffe2732db647338154f,512,512,1.0,JPEG,RGB,Training
data/Training/pituitary/Tr-pi_775.jpg,pituitary,3,train,aa2c6da8f68cbf196a9b28ca23c1eb2e12bb69cb91457e6e3c761d0d4b2ad222,512,512,1.0,JPEG,L,Training
data/Training/pituitary/Tr-pi_777.jpg,pituitary,3,train,ba1ad5d9da70b3429654293126ee636ebde8b314e01843fa0445669c2b7472ff,512,512,1.0,JPEG,RGB,Training
data/Training/pituitary/Tr-pi_778.jpg,pituitary,3,train,7efe089baf3dab05eeaa6c0fe6b0d71d2286b35ee603b044019cabce2703f869,512,512,1.0,JPEG,L,Training
data/Training/pituitary/Tr-pi_779.jpg,pituitary,3,train,aa2df427e8e8160f3307404928a427cef5869c6bda1b702b16242e827795358d,512,512,1.0,JPEG,RGB,Training
data/Training/pituitary/Tr-pi_78.jpg,pituitary,3,train,61eaddbcb514d3c8f3173d58f940e4f09c31728b254f26fe1468215b28417346,512,512,1.0,JPEG,RGB,Training
data/Training/pituitary/Tr-pi_780.jpg,pituitary,3,train,4e9a34a3bdfad628155c3d548662e6a580b835ff392d0e94207b022d027f8feb,512,512,1.0,JPEG,L,Training
data/Training/pituitary/Tr-pi_782.jpg,pituitary,3,train,546577b2145297a02185f89d7a6d1ce2a27615aa6e2c6bb01f448850da68da04,512,512,1.0,JPEG,L,Training
data/Training/pituitary/Tr-pi_784.jpg,pituitary,3,train,d7d836731acbe1d42a92d917aba7329dba66ea83bd6483629b4eff95097ef75d,512,512,1.0,JPEG,RGB,Training
data/Training/pituitary/Tr-pi_787.jpg,pituitary,3,train,90a8903c3a20f8a131649ef4f5ea159b9b47545c0edc262413871ed572c011bd,512,512,1.0,JPEG,RGB,Training
data/Training/pituitary/Tr-pi_788.jpg,pituitary,3,train,c5a6c69211dad0c006a1841d400c51d1e18437d435f03967be3c4583acc1befb,512,512,1.0,JPEG,RGB,Training
data/Training/pituitary/Tr-pi_789.jpg,pituitary,3,train,57554e1073987e0619124485e98e5d7a2612c4867b025006f6f87696777033b2,512,512,1.0,JPEG,L,Training
data/Training/pituitary/Tr-pi_79.jpg,pituitary,3,train,f85e264dd191c5b5942dd15d2addc0f97b3f01278045916aa5b46ce2014f017c,512,512,1.0,JPEG,RGB,Training
data/Training/pituitary/Tr-pi_791.jpg,pituitary,3,train,e3d01c1d67777b1966bcfe4145a88cc3ae0d4f1b1e098474954f20621845e965,512,512,1.0,JPEG,RGB,Training
data/Training/pituitary/Tr-pi_792.jpg,pituitary,3,train,8b71e8c7d9ce0d133b836db229b2d3656fb18a63a892eaa0517a53cb192a82a2,512,512,1.0,JPEG,RGB,Training
data/Training/pituitary/Tr-pi_794.jpg,pituitary,3,train,67fabfa018da9cf75122ebe0e8cad736801ae1bdfc69e8ba118f644ff770e59e,512,512,1.0,JPEG,L,Training
data/Training/pituitary/Tr-pi_795.jpg,pituitary,3,train,90362ff09c8d01ee5eb2e6907080bc913bf9b55dbb5cb4bcbf70d03960a30700,512,512,1.0,JPEG,L,Training
data/Training/pituitary/Tr-pi_796.jpg,pituitary,3,train,acff731a695d3522c97a958e86f6001618422b175bdcb99e4325815756b2e66b,512,512,1.0,JPEG,RGB,Training
data/Training/pituitary/Tr-pi_797.jpg,pituitary,3,train,4359a238470c9736bfcb75a1bb62d3c9080f92587c7cc6a944da8a0af17b6744,512,512,1.0,JPEG,RGB,Training
data/Training/pituitary/Tr-pi_798.jpg,pituitary,3,train,1ceead1879d0bdb5f595afa69b03edc0f765fb901426428aa501f0221e848fc8,512,512,1.0,JPEG,RGB,Training
data/Training/pituitary/Tr-pi_799.jpg,pituitary,3,train,30d8e1e2a7881bf7f45f9974e12b214b3c9f480fe6163a036f913e5027346f39,512,512,1.0,JPEG,RGB,Training
data/Training/pituitary/Tr-pi_8.jpg,pituitary,3,train,fdbf6f0e19aec02820dc2d7af03d97b06b84f2c56a637162d3044d2bd5cb5a26,256,256,1.0,JPEG,L,Training
data/Training/pituitary/Tr-pi_80.jpg,pituitary,3,train,de793b863c33811309b7165574486066059c78233ee3ec30a30abdd4f2a9bf85,512,512,1.0,JPEG,RGB,Training
data/Training/pituitary/Tr-pi_802.jpg,pituitary,3,train,ba25ef8dea885038475e560f3b78eaef8ed9acf3a9e12a35c554622a2b18a719,256,256,1.0,JPEG,L,Training
data/Training/pituitary/Tr-pi_803.jpg,pituitary,3,train,fd247dd60589323c74568fc2631873ac76edc64f788b68bf9246b949c2e5b9ee,512,512,1.0,JPEG,L,Training
data/Training/pituitary/Tr-pi_804.jpg,pituitary,3,train,ad3cc00ae073d8477b8ddd719ec9f872ee6e5fc950fae2031fa88fe944b8f5bd,512,512,1.0,JPEG,L,Training
data/Training/pituitary/Tr-pi_805.jpg,pituitary,3,train,e892d5439f8a770ede8e3dc41ed061bdd21b0d315d53d43e25513e7049360562,442,442,1.0,JPEG,RGB,Training
data/Training/pituitary/Tr-pi_806.jpg,pituitary,3,train,598f024aa7c612ff02585014d1a4b9082c84a8d8205f16f2ddd361e7f4eb183d,512,512,1.0,JPEG,L,Training
data/Training/pituitary/Tr-pi_807.jpg,pituitary,3,train,fb8632dafef0475b0c96eee57c27060a8e0e3bb361f85cc085663065de2c46f7,512,512,1.0,JPEG,RGB,Training
data/Training/pituitary/Tr-pi_809.jpg,pituitary,3,train,e08d9ceb8f9265c9ee0154fc84cf289d13989bdf0e435551ba926651cf92984f,512,512,1.0,JPEG,RGB,Training
data/Training/pituitary/Tr-pi_81.jpg,pituitary,3,train,2292e0f6665be5c806bd800925f3a631ff804f05036abf596bef6bc90aeda08a,512,512,1.0,JPEG,RGB,Training
data/Training/pituitary/Tr-pi_810.jpg,pituitary,3,train,998b2b544adf2e3aaf144fcdaa6fce91cd34a250728afc979054fa51411e6604,256,256,1.0,JPEG,L,Training
data/Training/pituitary/Tr-pi_811.jpg,pituitary,3,train,92b214adf1cd83156496188a5beccaf7f2f90f16d18166d96681ca790f874df0,512,512,1.0,JPEG,RGB,Training
data/Training/pituitary/Tr-pi_813.jpg,pituitary,3,train,51da2fef310a36799e8c6103adb7cba561f04dde4a21fa8f21a366bf985453b8,512,512,1.0,JPEG,L,Training
data/Training/pituitary/Tr-pi_814.jpg,pituitary,3,train,7f5a29afe4b7ebe034dc6d32bbe777c4ff4fce786387cf116c704262aa86c5a6,512,512,1.0,JPEG,RGB,Training
data/Training/pituitary/Tr-pi_815.jpg,pituitary,3,train,4af9c580f5614346bc2b7f6799b9c6fa40d55aaf2282d9f2466f6441ce933690,512,512,1.0,JPEG,L,Training
data/Training/pituitary/Tr-pi_818.jpg,pituitary,3,train,1aa476ac91efac720ca93d6930eecf9e721abe93c07bc1691b12e6b3e805f546,512,512,1.0,JPEG,RGB,Training
data/Training/pituitary/Tr-pi_819.jpg,pituitary,3,train,0ea83dd71d1d7055d863def2da12cb875f2218b00d820957583d88729cd7ee3d,512,512,1.0,JPEG,L,Training
data/Training/pituitary/Tr-pi_820.jpg,pituitary,3,train,af004be6771bf81eefbc790c63d732f2bad8b6bd08d9d4f20efc1f7677d80cae,512,512,1.0,JPEG,RGB,Training
data/Training/pituitary/Tr-pi_822.jpg,pituitary,3,train,b65d794ce1775264662e1025d993341825671cfb09172082f80ea344db9a7cfe,512,512,1.0,JPEG,L,Training
data/Training/pituitary/Tr-pi_823.jpg,pituitary,3,train,89cb7853b0309759f81f423bce337329fcd9da1fba364e2e0d0da694a2f83cd1,512,512,1.0,JPEG,RGB,Training
data/Training/pituitary/Tr-pi_824.jpg,pituitary,3,train,5d3542d3e5e5bde9ab9145068e66764a9489c10332d6c75565477857a0e3a365,512,512,1.0,JPEG,RGB,Training
data/Training/pituitary/Tr-pi_825.jpg,pituitary,3,train,d1f1bf6647734bbaf1bcb495a1bc3c1ccdf2f3aaadfd35bf06588db482b7ecc0,512,512,1.0,JPEG,RGB,Training
data/Training/pituitary/Tr-pi_826.jpg,pituitary,3,train,384bb3e3aac8d2a8abd2d6babe1f3966b5ce9912c70eaf9810bfd414fa171e52,512,512,1.0,JPEG,L,Training
data/Training/pituitary/Tr-pi_827.jpg,pituitary,3,train,74dd5f0ece62f1d85b313fb8e4e0b82599a6b397e59e9f9f4c9139412d36b27e,512,512,1.0,JPEG,L,Training
data/Training/pituitary/Tr-pi_828.jpg,pituitary,3,train,77ffd34b7bcefba6c8e10d2ea262ceda79ed58699946f64bb212c82b7d769f3a,512,512,1.0,JPEG,L,Training
data/Training/pituitary/Tr-pi_829.jpg,pituitary,3,train,f77570c1b2f5b6718580f80a193454165da9a5999eb373ceb848ec98c36af0f1,512,512,1.0,JPEG,RGB,Training
data/Training/pituitary/Tr-pi_831.jpg,pituitary,3,train,b32bf822ae0f9a2930c42148068344fbe950cdab1623ce44446c4e3fed94d9c0,512,512,1.0,JPEG,RGB,Training
data/Training/pituitary/Tr-pi_833.jpg,pituitary,3,train,ee5e752a9ca84270dddcc72bbe6cd66e3cd565098fa7d0c1e3b590c2c949ff67,512,512,1.0,JPEG,RGB,Training
data/Training/pituitary/Tr-pi_834.jpg,pituitary,3,train,37e28a2161546aa74d9178e3d518c6476c19f2b7f01874968524850140c4dfbe,512,512,1.0,JPEG,L,Training
data/Training/pituitary/Tr-pi_835.jpg,pituitary,3,train,2b5a4e066df74d4f8a772352e59f4744d0adb6347601b07182ba68b1f6a3c900,512,512,1.0,JPEG,L,Training
data/Training/pituitary/Tr-pi_836.jpg,pituitary,3,train,03c908c30c189ae70f1542c015d666a25714a2bc53758b64dd4694c9019cd0a1,512,512,1.0,JPEG,L,Training
data/Training/pituitary/Tr-pi_837.jpg,pituitary,3,train,7b8772e31ea41b2d6768dada802d1894c24246725d8487dce95f469f19c9c467,512,512,1.0,JPEG,RGB,Training
data/Training/pituitary/Tr-pi_838.jpg,pituitary,3,train,a2522622e1a3f1fe4b10a21629e739fbff741630d1875a22175d44801cb92e06,512,512,1.0,JPEG,RGB,Training
data/Training/pituitary/Tr-pi_839.jpg,pituitary,3,train,7f962d44446d1d560b0c59eeda8c2eb0cb189040ab8d08a441e30c40d2ed18ba,512,512,1.0,JPEG,L,Training
data/Training/pituitary/Tr-pi_840.jpg,pituitary,3,train,dc91162efa65e2c5157c376e16f0a77e892575cabd8bd530696f517ca4ff9e85,512,512,1.0,JPEG,RGB,Training
data/Training/pituitary/Tr-pi_841.jpg,pituitary,3,train,3901fba869677820f1f9edad8df0428b2c29c9dd6c156f856a1c88209e571944,512,512,1.0,JPEG,L,Training
data/Training/pituitary/Tr-pi_842.jpg,pituitary,3,train,bdb8a3ee771991e2b78c59927c6c4dcf9591a71ef9ee88132065d93ad54deb9a,512,512,1.0,JPEG,RGB,Training
data/Training/pituitary/Tr-pi_844.jpg,pituitary,3,train,c442784199c78fc772fe586eb934ce89fe9e8cc96ee53d70a6f586d5cc45a308,512,512,1.0,JPEG,L,Training
data/Training/pituitary/Tr-pi_845.jpg,pituitary,3,train,e8c7936974d16b6256dcad954ecce68f97e599a5b3030a46e1be8d080ee4f513,512,512,1.0,JPEG,L,Training
data/Training/pituitary/Tr-pi_846.jpg,pituitary,3,train,805a297339a27f31200806e664fe710831fb6eecb35fd9e3a670def7456f42ea,512,512,1.0,JPEG,RGB,Training
data/Training/pituitary/Tr-pi_847.jpg,pituitary,3,train,dc89bb57ea29e6cb15d6158d0b58c37e4d258272431183b475a9f25851f5be37,512,512,1.0,JPEG,L,Training
data/Training/pituitary/Tr-pi_848.jpg,pituitary,3,train,96eb3398341bcd3178165c936cb48981c7488ab3bddbb378b5f129d62aa55716,512,512,1.0,JPEG,L,Training
data/Training/pituitary/Tr-pi_849.jpg,pituitary,3,train,6c85a64ee8cf2a614b925de10d5d30266b8bfd6e645eefb597c1ccb8d8b62732,512,512,1.0,JPEG,L,Training
data/Training/pituitary/Tr-pi_85.jpg,pituitary,3,train,d87410f5cc57592356a1a5ca76c701d4c67b37d2ca96ee304de4aac4a5a6b8ab,512,512,1.0,JPEG,RGB,Training
data/Training/pituitary/Tr-pi_851.jpg,pituitary,3,train,ec97139c87d03a216e43294750a6444d5ea4a83077c8bdeb6d69dcd447e6cfad,512,512,1.0,JPEG,L,Training
data/Training/pituitary/Tr-pi_852.jpg,pituitary,3,train,35f97d4b7211598df9010339e82fa92adc8427bf0aafbc46657ad99d55139c31,512,512,1.0,JPEG,RGB,Training
data/Training/pituitary/Tr-pi_853.jpg,pituitary,3,train,cc403038c6a5a83486d7e94f539511cb58e0a9c3231bf5974e93afff2cea0962,360,378,0.9523809523809523,JPEG,RGB,Training
data/Training/pituitary/Tr-pi_855.jpg,pituitary,3,train,b1b161cc76e6e1d8aee42717f4df87d30529bfa20eada5513214d048e515f974,512,512,1.0,JPEG,RGB,Training
data/Training/pituitary/Tr-pi_856.jpg,pituitary,3,train,727b4fcc46d35a9b86a8314f74d7df5f0725c09f437f53f84ad1e3f2b12c3f85,512,512,1.0,JPEG,RGB,Training
data/Training/pituitary/Tr-pi_858.jpg,pituitary,3,train,5b9d568cbbc361cb01710e2a83dce25c5d418a25337f1f49861b668dca611671,512,512,1.0,JPEG,RGB,Training
data/Training/pituitary/Tr-pi_859.jpg,pituitary,3,train,ac7d942e59882f7922f2b113c066e7ba691456297db2a87dddfdd262282e98e9,512,512,1.0,JPEG,L,Training
data/Training/pituitary/Tr-pi_86.jpg,pituitary,3,train,e074ba1fce71f7de961390d8a6058e03e87cb332bdfa8dbf9af44a936f6bfb95,512,512,1.0,JPEG,L,Training
data/Training/pituitary/Tr-pi_860.jpg,pituitary,3,train,0fca9df908e6112f3d2e881ec434fef7e6d6bb344f2960c8961355404d1e284e,512,512,1.0,JPEG,RGB,Training
data/Training/pituitary/Tr-pi_862.jpg,pituitary,3,train,0c7b291a3b3c4a19a3db3eb9ab6a90e865066d92b161f27367c3d298d0b21528,512,512,1.0,JPEG,RGB,Training
data/Training/pituitary/Tr-pi_865.jpg,pituitary,3,train,bb118f3d241d7b2ef28e67b7614e06ccd134bb0e832d699d4e8c9a80a3a10b4d,512,512,1.0,JPEG,RGB,Training
data/Training/pituitary/Tr-pi_867.jpg,pituitary,3,train,22c65e365ae5db32098662cfef09b29556641adc6452361bb09f139a17c8f416,512,512,1.0,JPEG,L,Training
data/Training/pituitary/Tr-pi_868.jpg,pituitary,3,train,d1462d9bb2393fa34bc90aaeca16953fae7228aa63cb5fd550ef9ce9dff9a884,512,512,1.0,JPEG,RGB,Training
data/Training/pituitary/Tr-pi_869.jpg,pituitary,3,train,8c882480d4ada0a7c2cde2af37d01db2d3e36d985066493f68a988010b65963a,512,512,1.0,JPEG,L,Training
data/Training/pituitary/Tr-pi_87.jpg,pituitary,3,train,a94edafe41a0e44684c37f99216b9e828f915cf214371dade850f044603276c0,512,512,1.0,JPEG,RGB,Training
data/Training/pituitary/Tr-pi_870.jpg,pituitary,3,train,a9c1a4643f490ed0bdd013afb5077d892f6de8c41e642e97822d6e9e727da6a0,512,512,1.0,JPEG,RGB,Training
data/Training/pituitary/Tr-pi_871.jpg,pituitary,3,train,ca8423292a05df19b91c039e2d4c8dbb4208ee4d734a90ba5657bc34954a4ce3,512,512,1.0,JPEG,RGB,Training
data/Training/pituitary/Tr-pi_873.jpg,pituitary,3,train,d1f32ed01e425313572851f535b64583f6308d907236a327c111f2922757a8ed,512,512,1.0,JPEG,RGB,Training
data/Training/pituitary/Tr-pi_874.jpg,pituitary,3,train,b1a7345e009f909ede8a0360740926561fb94912349ce6bf4eb78e57161a196b,512,512,1.0,JPEG,L,Training
data/Training/pituitary/Tr-pi_877.jpg,pituitary,3,train,4bb85087ac232d5f47ab6c80520797ad328c4fe92491382005a038621a780577,512,512,1.0,JPEG,L,Training
data/Training/pituitary/Tr-pi_88.jpg,pituitary,3,train,a0993d459fc4404d799713368593b0ee43a2318f7769cf3e78bf13216760b100,512,512,1.0,JPEG,RGB,Training
data/Training/pituitary/Tr-pi_881.jpg,pituitary,3,train,3cd04de5298d382e5ea6c20a87db3093b1000af9c91ec902ec6eb1e2a8b02525,512,512,1.0,JPEG,RGB,Training
data/Training/pituitary/Tr-pi_882.jpg,pituitary,3,train,9e130869c4b35259f6aba46b7231c10473f50121525a762988a98170308a8f2a,512,512,1.0,JPEG,RGB,Training
data/Training/pituitary/Tr-pi_884.jpg,pituitary,3,train,627c05ed6cd917272eb6d7294b264f42d04f871fb0240a6d1db101b4d02fa198,512,512,1.0,JPEG,L,Training
data/Training/pituitary/Tr-pi_885.jpg,pituitary,3,train,aafc2760f788d70c692a45b5b0dafcf75baa7d7fba8bfbc8dd0df8f01758fbac,512,512,1.0,JPEG,L,Training
data/Training/pituitary/Tr-pi_887.jpg,pituitary,3,train,e5de4bddb867ab606fca65e92ab91758348815a932e5f4f64d83b8920675371d,512,512,1.0,JPEG,L,Training
data/Training/pituitary/Tr-pi_890.jpg,pituitary,3,train,bed73c8d17c3527b6a11b9093cd8deb43b9b2826cf5e8f8109b37c06c00afcba,512,512,1.0,JPEG,L,Training
data/Training/pituitary/Tr-pi_891.jpg,pituitary,3,train,c9fa9bf52957ec19f60cbe4b361fefa993dcae3f0da2c1cfa787dace479e22df,512,512,1.0,JPEG,RGB,Training
data/Training/pituitary/Tr-pi_892.jpg,pituitary,3,train,0bbdf701da578ef34921c101f8cb7ee30e1b5109bc7120e28e3b595b4f9dc38b,512,512,1.0,JPEG,L,Training
data/Training/pituitary/Tr-pi_893.jpg,pituitary,3,train,b2f022d6c2888fcbb8c50f4447d2f80fe2154d6b5d77b9d79b67f1c2a5734083,512,512,1.0,JPEG,RGB,Training
data/Training/pituitary/Tr-pi_894.jpg,pituitary,3,train,14e871366aac7bfd9c5f96cf0a0907ee4638f9e350b929fd65765d5fdc059a03,512,512,1.0,JPEG,L,Training
data/Training/pituitary/Tr-pi_895.jpg,pituitary,3,train,88429251d5e8bba19eb22abbca1fc59956b19514aa403ea63243d7e36bc191bd,512,512,1.0,JPEG,L,Training
data/Training/pituitary/Tr-pi_896.jpg,pituitary,3,train,b5e20dbea11c28008e5830629ddd29a43ed0f50cc3441dcfaabc561149956124,512,512,1.0,JPEG,RGB,Training
data/Training/pituitary/Tr-pi_898.jpg,pituitary,3,train,78336175250c913d2a7cb894519fa9de36e2ac3b6964920fdeb3d52a1a467122,512,512,1.0,JPEG,L,Training
data/Training/pituitary/Tr-pi_9.jpg,pituitary,3,train,608d41e51668999f9391de489b457ccbdb6842cf3d139f6e494d5953baf4117e,512,512,1.0,JPEG,L,Training
data/Training/pituitary/Tr-pi_900.jpg,pituitary,3,train,a540679d21eff1cbe36eb8216a92a79029a45bf92081711c0090e7228041e01f,512,512,1.0,JPEG,RGB,Training
data/Training/pituitary/Tr-pi_902.jpg,pituitary,3,train,0c7770ca7e8955c137aae696757b8b2fdedf3dd862fb3901edce1fd44ca73e78,512,512,1.0,JPEG,RGB,Training
data/Training/pituitary/Tr-pi_903.jpg,pituitary,3,train,683ce24d924ea96f0e4c445e99cb0c7dfb811c40f879e168823c72fd99556920,512,512,1.0,JPEG,L,Training
data/Training/pituitary/Tr-pi_904.jpg,pituitary,3,train,58e85ff3e66c34dae174e23d4fab1d5f24904ef754d9717b96805757e496233b,512,512,1.0,JPEG,RGB,Training
data/Training/pituitary/Tr-pi_905.jpg,pituitary,3,train,4f1b5feca7c671d28c04ea8cf67112a654c6029a70aaa6fa8d58a88b6d0f0011,512,512,1.0,JPEG,L,Training
data/Training/pituitary/Tr-pi_906.jpg,pituitary,3,train,649f5ab582adac49efbd9eae203eaa3295a5f65878d2245c42aeb31c1cbaf446,512,512,1.0,JPEG,RGB,Training
data/Training/pituitary/Tr-pi_907.jpg,pituitary,3,train,986ec7818c1eeedf495d8c0f6b81fbf02248e48b9d993dccfe7799d06b269866,512,512,1.0,JPEG,L,Training
data/Training/pituitary/Tr-pi_908.jpg,pituitary,3,train,8071dd03039a130562636a18414ae9ec677effd875d900ed8ca8e1669ac70259,512,512,1.0,JPEG,L,Training
data/Training/pituitary/Tr-pi_909.jpg,pituitary,3,train,200cebdf8e57f6487ad47f1b77e9c81dd78a93d3c9ce30bbfbf2408eeb70f4cd,512,512,1.0,JPEG,L,Training
data/Training/pituitary/Tr-pi_910.jpg,pituitary,3,train,723c80eeb208085a7313ff980172d2c04084c7700af45c7fda68cf1d67d2ae31,512,512,1.0,JPEG,RGB,Training
data/Training/pituitary/Tr-pi_911.jpg,pituitary,3,train,3eec9c8c8661d71a890fa3e13dbf17cf619905278196aa3259562e39302bc058,512,512,1.0,JPEG,L,Training
data/Training/pituitary/Tr-pi_914.jpg,pituitary,3,train,f04c787109eb36f13397f2d41c09374c297b9a18667883584c8fd5a2ea569520,512,512,1.0,JPEG,RGB,Training
data/Training/pituitary/Tr-pi_915.jpg,pituitary,3,train,baeddc180d3dc2d5fd6b8ea33389e63866a0022fc45228e0c000793c811944fc,512,512,1.0,JPEG,L,Training
data/Training/pituitary/Tr-pi_916.jpg,pituitary,3,train,2116c1128794ac33df35c3ef2c7a76c6d9d928e57b2df646af74c79477f7e035,512,512,1.0,JPEG,L,Training
data/Training/pituitary/Tr-pi_917.jpg,pituitary,3,train,e0719baab688ac87dd5a5821452db1cd01efa5839ccc5d853ad4c031efcb9d5d,512,512,1.0,JPEG,RGB,Training
data/Training/pituitary/Tr-pi_919.jpg,pituitary,3,train,16934a29afc55bb01b6db0d7bf18f97d0ab8cb17ef9f1d61b3739b79c860a826,512,512,1.0,JPEG,L,Training
data/Training/pituitary/Tr-pi_92.jpg,pituitary,3,train,fd2bfc980f9d0dcd812d0b7537333c7d2d650aacb0373602a7ad5fc66e0a4600,512,512,1.0,JPEG,L,Training
data/Training/pituitary/Tr-pi_923.jpg,pituitary,3,train,549b66cd55218fbeed88f2015caf52b3480509dd095f106f89bd8eab0ceadf6e,512,512,1.0,JPEG,RGB,Training
data/Training/pituitary/Tr-pi_924.jpg,pituitary,3,train,48827f6fe14b171e65a42a957a3be28c4e3e26afc986b642ac7d1d60683c88d8,512,512,1.0,JPEG,L,Training
data/Training/pituitary/Tr-pi_925.jpg,pituitary,3,train,8f757aa5ae958aa08b4df7631b1941681a38fad585f59ebb5a0ae616613aa5ab,512,512,1.0,JPEG,RGB,Training
data/Training/pituitary/Tr-pi_926.jpg,pituitary,3,train,986a4a34b5e775ac629198478e644d6c4863084b43088332107bd1fd627bbe1f,512,512,1.0,JPEG,RGB,Training
data/Training/pituitary/Tr-pi_927.jpg,pituitary,3,train,38152e018e661c55848d5202f74dc2ad268ad19e8fa449ea4e50dffffd903117,512,512,1.0,JPEG,L,Training
data/Training/pituitary/Tr-pi_929.jpg,pituitary,3,train,ab0a7674124016804f9ee07bb61c37c5446bb53158a4f4548bd4c3eb6bb26bf0,512,512,1.0,JPEG,RGB,Training
data/Training/pituitary/Tr-pi_930.jpg,pituitary,3,train,21195286e13394140d6804bd332386c22957462783ffdfb9ef55fb386462034e,512,512,1.0,JPEG,L,Training
data/Training/pituitary/Tr-pi_932.jpg,pituitary,3,train,39e983900ea58292b47c8b1393aa7e68cb6f1833201adf74164f038967ec4e8d,512,512,1.0,JPEG,L,Training
data/Training/pituitary/Tr-pi_933.jpg,pituitary,3,train,8859e540e03c2d6e5ee51788702404f4b08a7f0dc6345204a63230b44702230c,512,512,1.0,JPEG,L,Training
data/Training/pituitary/Tr-pi_934.jpg,pituitary,3,train,aaa3cd507f76915c9341070e195ab736e6b9a307acef4e596a3f23616d412053,512,512,1.0,JPEG,L,Training
data/Training/pituitary/Tr-pi_935.jpg,pituitary,3,train,53cf3d9464ea42cd3908c4487ebe9a02308154480e7786b7dd6e637be9603966,512,512,1.0,JPEG,L,Training
data/Training/pituitary/Tr-pi_936.jpg,pituitary,3,train,ad802e51434187627db5c9e2e52c628860b04c2c109bdbe7a5ff929d8f29ee43,940,900,1.0444444444444445,JPEG,RGB,Training
data/Training/pituitary/Tr-pi_938.jpg,pituitary,3,train,1fedef82c5fee73b896e6846e97de7995291f0d27cf2411840e46f1ecd8e9591,512,512,1.0,JPEG,RGB,Training
data/Training/pituitary/Tr-pi_94.jpg,pituitary,3,train,fe914be57f8c3b9ab17e335765a4884337f24e4ecfd4bf05935f1bc86e120d9e,512,512,1.0,JPEG,L,Training
data/Training/pituitary/Tr-pi_941.jpg,pituitary,3,train,56ff2a2185ff9bdafaeda4e75a341df7948faae157907abed9e0a20c4d2abb73,512,512,1.0,JPEG,RGB,Training
data/Training/pituitary/Tr-pi_942.jpg,pituitary,3,train,6e0ae79e2348a36203da2b8b3d5c58fe27cbc015ab83cd92d8c10b1a281b5b51,512,512,1.0,JPEG,RGB,Training
data/Training/pituitary/Tr-pi_944.jpg,pituitary,3,train,7ad06c9f1f6590ea1048df0d7948f776845032b7ebb9c19cf33c4592894ee608,512,512,1.0,JPEG,L,Training
data/Training/pituitary/Tr-pi_945.jpg,pituitary,3,train,86a46a557b4f0c96ff80ed2927f4d11641d404249afe9f93f65597f4b4af5b64,512,512,1.0,JPEG,L,Training
data/Training/pituitary/Tr-pi_946.jpg,pituitary,3,train,38f34dcda286f3454067b350bb24ac45ac48e41845b3b451a6e7584e43ff3278,512,512,1.0,JPEG,RGB,Training
data/Training/pituitary/Tr-pi_947.jpg,pituitary,3,train,63216ea379216eb779cc7dd9b9b3c6728430bb2544604012ecffee4084aa4328,512,512,1.0,JPEG,RGB,Training
data/Training/pituitary/Tr-pi_95.jpg,pituitary,3,train,c714f93f571af005e086a9800adb2834d8cf9b4c9cc7744447320f18d9b86fa0,512,512,1.0,JPEG,RGB,Training
data/Training/pituitary/Tr-pi_950.jpg,pituitary,3,train,05c1a5d3858fcc78460149e27ca5922b91bc177eb6a1fe46828d3564913feff6,512,512,1.0,JPEG,RGB,Training
data/Training/pituitary/Tr-pi_951.jpg,pituitary,3,train,5dd12f884b4b3a8a51ad1ed87caef9a619fd548b7ae23775243583bb665b0d01,512,512,1.0,JPEG,RGB,Training
data/Training/pituitary/Tr-pi_952.jpg,pituitary,3,train,3caa921dea4f4c5706ea2b24c95a800cd58029d6ee9a3218f13b0b09674bfb25,512,512,1.0,JPEG,RGB,Training
data/Training/pituitary/Tr-pi_955.jpg,pituitary,3,train,d4434b5d6d45fd29713ec997073021741123af648c77dbd8cd370768283af85e,512,512,1.0,JPEG,RGB,Training
data/Training/pituitary/Tr-pi_956.jpg,pituitary,3,train,f06a23313f56c2bed27e83888f34427ef8119d2e25ec9655a1f3338e3a4812cd,512,512,1.0,JPEG,L,Training
data/Training/pituitary/Tr-pi_959.jpg,pituitary,3,train,e867ab0209fd71aefd4540fe3b47637d9abcc2e1da556f7c03973295716e4ee1,512,512,1.0,JPEG,L,Training
data/Training/pituitary/Tr-pi_96.jpg,pituitary,3,train,ec32fd5c5605c8161a52a2015abdc077e59d57c81d44a4023ef3610281847b82,512,512,1.0,JPEG,L,Training
data/Training/pituitary/Tr-pi_961.jpg,pituitary,3,train,80b62d055914afdbe79b5c8e002a777a3569eea9da4e17202fb9f7992b0fcd17,512,512,1.0,JPEG,L,Training
data/Training/pituitary/Tr-pi_963.jpg,pituitary,3,train,52e2d5efb67148de4798698200ad5d57196b493130c23f53a8361725f6c8c259,512,512,1.0,JPEG,RGB,Training
data/Training/pituitary/Tr-pi_964.jpg,pituitary,3,train,f58cd7b89d9f4dc645d4e7455fd3b1d4b0857909873e31f678d65dee0a262553,512,512,1.0,JPEG,L,Training
data/Training/pituitary/Tr-pi_965.jpg,pituitary,3,train,9fa69d3a08f89187d5297202621976706edf0914bfaa3f000de69c0338214622,512,512,1.0,JPEG,RGB,Training
data/Training/pituitary/Tr-pi_967.jpg,pituitary,3,train,ec20d60e9bd47e70a91d10b9aab100241882d0ed3acd1e889f1c2be9b4edb130,512,512,1.0,JPEG,L,Training
data/Training/pituitary/Tr-pi_968.jpg,pituitary,3,train,8897ec3f5ebf5ef09e579978f5100073e95c63a1b0fbcd87c3d0ff710792702d,512,512,1.0,JPEG,L,Training
data/Training/pituitary/Tr-pi_97.jpg,pituitary,3,train,9fbc2e7443589cf207dec5df3c1480088f1de70fc418cb0a191cd4a10c7beaa7,512,512,1.0,JPEG,L,Training
data/Training/pituitary/Tr-pi_970.jpg,pituitary,3,train,a16a10628fd521f52a967aeccac1921ce09af89f471528c44f838e4b4a691fa0,512,512,1.0,JPEG,RGB,Training
data/Training/pituitary/Tr-pi_971.jpg,pituitary,3,train,5953636741b8b0dcc139bee73cc516a5847c852bdf0a35abc6ddafbf47879941,512,512,1.0,JPEG,RGB,Training
data/Training/pituitary/Tr-pi_972.jpg,pituitary,3,train,9ee932148f23432ab97a825ef9760aaad9699e2e8322e73a8903aea82aa20f99,512,512,1.0,JPEG,L,Training
data/Training/pituitary/Tr-pi_973.jpg,pituitary,3,train,9f9dab3bfdfa40116515175310a71c6caa0a07f6c4253e04aa7a09779e287ddf,512,512,1.0,JPEG,L,Training
data/Training/pituitary/Tr-pi_974.jpg,pituitary,3,train,e81a0a8ef14da3cfd77bf42b188dc7411870fbe3f1a292cc99d2406c4257a0a1,512,512,1.0,JPEG,RGB,Training
data/Training/pituitary/Tr-pi_976.jpg,pituitary,3,train,47bbecfa1e7f8670d6ad3141aede86028833bb01e7c1d5c677314be5c3994e26,512,512,1.0,JPEG,L,Training
data/Training/pituitary/Tr-pi_978.jpg,pituitary,3,train,6c51a495b80d74197e68197dfd27d5a2353f02d9e587cfe35d4471084a07f823,512,512,1.0,JPEG,RGB,Training
data/Training/pituitary/Tr-pi_979.jpg,pituitary,3,train,1b6aeed124d0105bf0fdc325dba19e3f43c5e881b0df838eb144df9b6304a3a3,512,512,1.0,JPEG,RGB,Training
data/Training/pituitary/Tr-pi_980.jpg,pituitary,3,train,f68ffe04eccef8177bf82bd9db8c9b944e896aac1e7bd6f93facc600048394ce,512,512,1.0,JPEG,L,Training
data/Training/pituitary/Tr-pi_981.jpg,pituitary,3,train,451681a94364923e56900711f6ae202e2d7155c9f9ca118821063502ba2aabc6,512,512,1.0,JPEG,L,Training
data/Training/pituitary/Tr-pi_982.jpg,pituitary,3,train,dbaaf44388cb54560ed8d5e602b5ada84932c93d94244fdaf0aa253726a15314,512,512,1.0,JPEG,L,Training
data/Training/pituitary/Tr-pi_983.jpg,pituitary,3,train,b9410278bfb9a3a1ea54c47cd4ab5f2242975de3db6f94363b8436e0c554f174,721,903,0.7984496124031008,JPEG,RGB,Training
data/Training/pituitary/Tr-pi_985.jpg,pituitary,3,train,94cca3c038eef0b97e83cde28c4f459b59aa7e53b83965f15cd9275aceaf7cc2,512,512,1.0,JPEG,RGB,Training
data/Training/pituitary/Tr-pi_986.jpg,pituitary,3,train,177c692d2638a7efada6549b78a80122bc51dee6247e54dee186d40df7f5def7,256,256,1.0,JPEG,RGB,Training
data/Training/pituitary/Tr-pi_987.jpg,pituitary,3,train,1a01da30eb1d6b15935328c230db080d4674a2947ad65dae223045b843e43eb9,512,512,1.0,JPEG,RGB,Training
data/Training/pituitary/Tr-pi_988.jpg,pituitary,3,train,cc9311f27f219e78e643b1b7ce37a72d28b30327cf813c217d95c9fbdbe28a19,512,512,1.0,JPEG,L,Training
data/Training/pituitary/Tr-pi_99.jpg,pituitary,3,train,5697f6408c1331a7532c07302dfed3c3d1888c1538e06f3ff1fea07cb4565ae1,512,512,1.0,JPEG,RGB,Training
data/Training/pituitary/Tr-pi_994.jpg,pituitary,3,train,26d6e32ca6e55215a1837c18fa8fd995ba1cabc9b6ae1371ee9b6dfade0d6e8c,512,512,1.0,JPEG,RGB,Training
data/Training/pituitary/Tr-pi_996.jpg,pituitary,3,train,52586e33b3743b72ea79c3578eaed577b0723ab55d16721d279808d7c1a09168,512,512,1.0,JPEG,RGB,Training
data/Training/pituitary/Tr-pi_997.jpg,pituitary,3,train,8697df0097d29adf36732fe4b7faa5267e77ea9e9342d15e50c7e5a43b6f1983,256,256,1.0,JPEG,L,Training
data/Training/pituitary/Tr-pi_998.jpg,pituitary,3,train,f59bad9f034933670b5fb680677c2efd7dcf11408eb745b4e7d8d459af850432,512,512,1.0,JPEG,L,Training
data/Training/pituitary/Tr-pi_999.jpg,pituitary,3,train,78b411dafb3d7b6a87782076d3d9b0bad392b7855167e10d6b54066a461377ba,512,512,1.0,JPEG,L,Training
